{
"type": "FeatureCollection",
"crs": { "type": "name", "properties": { "name": "urn:ogc:def:crs:EPSG::32718" } },
"features": [
{ "type": "Feature", "properties": { "name": "reference shoreline 1" }, "geometry": { "type": "LineString", "coordinates": [ [ 788566.644122956786305, 6237695.001440609805286 ], [ 788567.486015103175305, 6237695.541373844258487 ], [ 788568.327907255850732, 6237696.081307094544172 ], [ 788569.169799414696172, 6237696.621240355074406 ], [ 788570.011691577266902, 6237697.161173628643155 ], [ 788570.853583746124059, 6237697.701106914319098 ], [ 788571.69547592010349, 6237698.241040213033557 ], [ 788572.537368098972365, 6237698.780973523855209 ], [ 788573.379260284127668, 6237699.320906851440668 ], [ 788574.221152474172413, 6237699.860840186476707 ], [ 788575.063044669572264, 6237700.400773534551263 ], [ 788575.904936869628727, 6237700.940706897526979 ], [ 788576.746829075971618, 6237701.480640271678567 ], [ 788577.588721287203953, 6237702.020573657937348 ], [ 788578.430613503791392, 6237702.56050705909729 ], [ 788579.272505726432428, 6237703.100440469570458 ], [ 788580.114397953962907, 6237703.640373894944787 ], [ 788580.956290186615661, 6237704.180307330563664 ], [ 788581.798182424390689, 6237704.720240782946348 ], [ 788582.640074668219313, 6237705.260174243710935 ], [ 788583.481966917170212, 6237705.800107721239328 ], [ 788584.323859171010554, 6237706.340041208080947 ], [ 788585.165751431137323, 6237706.87997470702976 ], [ 788586.007643695222214, 6237707.419908219948411 ], [ 788586.84953596512787, 6237707.959841744974256 ], [ 788587.691428241552785, 6237708.499775283038616 ], [ 788588.533320522867143, 6237709.039708832278848 ], [ 788589.375212808139622, 6237709.579642394557595 ], [ 788590.217105100629851, 6237710.119575969874859 ], [ 788591.058997397078201, 6237710.659509560093284 ], [ 788591.900889699812979, 6237711.199443159624934 ], [ 788592.742782007320784, 6237711.739376774057746 ], [ 788593.584674320183694, 6237712.279310401529074 ], [ 788594.426566638867371, 6237712.819244038313627 ], [ 788595.268458961509168, 6237713.359177688136697 ], [ 788596.110351291717961, 6237713.899111350998282 ], [ 788596.95224362553563, 6237714.439045028761029 ], [ 788597.794135965756141, 6237714.978978715837002 ], [ 788598.63602831098251, 6237715.518912417814136 ], [ 788599.477920660981908, 6237716.058846130035818 ], [ 788600.319813017500564, 6237716.598779857158661 ], [ 788601.161705377628095, 6237717.13871359732002 ], [ 788602.003597744042054, 6237717.67864734865725 ], [ 788602.845490116626024, 6237718.218581113964319 ], [ 788603.687382492935285, 6237718.758514888584614 ], [ 788604.529274875763804, 6237719.29844867810607 ], [ 788605.371167264413089, 6237719.838382479734719 ], [ 788606.213059657253325, 6237720.378316294401884 ], [ 788607.054952056030743, 6237720.918250121176243 ], [ 788607.896844459930435, 6237721.45818396192044 ], [ 788608.738736868835986, 6237721.998117813840508 ], [ 788609.580629284027964, 6237722.53805167786777 ], [ 788610.422521704109386, 6237723.077985554933548 ], [ 788611.264414129196666, 6237723.617919445037842 ], [ 788612.106306559406221, 6237724.157853348180652 ], [ 788612.948198995785788, 6237724.697787263430655 ], [ 788613.790091437054798, 6237725.237721189856529 ], [ 788614.631983883678913, 6237725.777655131183565 ], [ 788615.473876336123794, 6237726.317589082755148 ], [ 788616.31576879392378, 6237726.857523049227893 ], [ 788617.157661256496795, 6237727.397457025945187 ], [ 788617.999553724192083, 6237727.937391016632318 ], [ 788618.841446198057383, 6237728.477325019426644 ], [ 788619.683338676928543, 6237729.017259036190808 ], [ 788620.525231160805561, 6237729.55719306319952 ], [ 788621.367123650969006, 6237730.097127106040716 ], [ 788622.209016144741327, 6237730.637061158195138 ], [ 788623.050908646197058, 6237731.176995225250721 ], [ 788623.892801151261665, 6237731.71692930161953 ], [ 788624.734693662729114, 6237732.2568633928895 ], [ 788625.576586177805439, 6237732.796797496266663 ], [ 788626.418478700565174, 6237733.336731612682343 ], [ 788627.260371226817369, 6237733.876665741205215 ], [ 788628.102263759588823, 6237734.416599880903959 ], [ 788628.94415629724972, 6237734.956534036435187 ], [ 788629.786048839567229, 6237735.496468203142285 ], [ 788630.627941388636827, 6237736.036402381956577 ], [ 788631.469833942479454, 6237736.576336572878063 ], [ 788632.311726501444355, 6237737.116270776838064 ], [ 788633.153619065415114, 6237737.656204993836582 ], [ 788633.99551163543947, 6237738.196139223873615 ], [ 788634.837404210586101, 6237738.736073466017842 ], [ 788635.67929679073859, 6237739.276007720269263 ], [ 788636.521189377061091, 6237739.815941986627877 ], [ 788637.363081968389452, 6237740.355876266956329 ], [ 788638.20497456472367, 6237740.89581055752933 ], [ 788639.046867166180164, 6237741.435744864866138 ], [ 788639.888759773690253, 6237741.975679179653525 ], [ 788640.730652386439033, 6237742.51561351120472 ], [ 788641.572545004077256, 6237743.055547853931785 ], [ 788642.414437626721337, 6237743.595482207834721 ], [ 788643.256330255651847, 6237744.135416574776173 ], [ 788644.098222889471799, 6237744.675350956618786 ], [ 788644.940115529578179, 6237745.215285347774625 ], [ 788645.782008173409849, 6237745.75521975569427 ], [ 788646.623900823527947, 6237746.295154171995819 ], [ 788647.465793478768319, 6237746.835088603198528 ], [ 788648.307686140062287, 6237747.375023044645786 ], [ 788649.149578805197962, 6237747.914957500994205 ], [ 788649.991471476620063, 6237748.454891968518496 ], [ 788650.480818567215465, 6237748.768726942129433 ], [ 788651.354580785613507, 6237749.255401495844126 ], [ 788652.228343011578545, 6237749.742076061666012 ], [ 788653.102105243480764, 6237750.228750638663769 ], [ 788653.97586748294998, 6237750.715425226837397 ], [ 788654.84962972975336, 6237751.202099826186895 ], [ 788655.723391982726753, 6237751.6887744423002 ], [ 788656.597154243150726, 6237752.175449065864086 ], [ 788657.470916509744711, 6237752.662123700603843 ], [ 788658.344678783672862, 6237753.148798350244761 ], [ 788659.218441064935178, 6237753.635473010130227 ], [ 788660.092203352600336, 6237754.122147681191564 ], [ 788660.965965646202676, 6237754.608822364360094 ], [ 788661.839727947255597, 6237755.095497058704495 ], [ 788662.713490255759098, 6237755.582171767018735 ], [ 788663.587252571713179, 6237756.068846485577524 ], [ 788664.46101489267312, 6237756.555521217174828 ], [ 788665.334777222014964, 6237757.042195959016681 ], [ 788666.208539557643235, 6237757.528870712965727 ], [ 788667.082301899557933, 6237758.015545479953289 ], [ 788667.956064248690382, 6237758.502220256254077 ], [ 788668.829826605273411, 6237758.988895046524704 ], [ 788669.703588968026452, 6237759.475569849833846 ], [ 788670.577351338230073, 6237759.962244662456214 ], [ 788671.451113714603707, 6237760.448919488117099 ], [ 788672.324876098195091, 6237760.935594322159886 ], [ 788673.198638489469886, 6237761.42226917296648 ], [ 788674.072400886798277, 6237761.908944034017622 ], [ 788674.94616329157725, 6237762.395618906244636 ], [ 788675.819925702409819, 6237762.88229378964752 ], [ 788676.6936881194124, 6237763.36896868608892 ], [ 788677.567450545029715, 6237763.855643594637513 ], [ 788678.441212977049872, 6237764.342318514361978 ], [ 788679.314975415007211, 6237764.828993445262313 ], [ 788680.188737860415131, 6237765.315668390132487 ], [ 788681.062500313157216, 6237765.802343346178532 ], [ 788681.936262772302143, 6237766.289018311537802 ], [ 788682.810025237500668, 6237766.775693289935589 ], [ 788683.68378771119751, 6237767.262368282303214 ], [ 788684.557550191180781, 6237767.749043283984065 ], [ 788685.431312677450478, 6237768.235718298703432 ], [ 788686.305075170937926, 6237768.72239332459867 ], [ 788687.1788376707118, 6237769.209068361669779 ], [ 788688.052600177703425, 6237769.695743411779404 ], [ 788688.926362692378461, 6237770.182418473996222 ], [ 788689.800125213107094, 6237770.669093545526266 ], [ 788690.673887741053477, 6237771.155768631026149 ], [ 788691.547650275402702, 6237771.642443728633225 ], [ 788692.421412816969678, 6237772.129118835553527 ], [ 788693.295175366103649, 6237772.615793956443667 ], [ 788694.168937921291217, 6237773.102469091303647 ], [ 788695.042700482648797, 6237773.589144233614206 ], [ 788695.916463052737527, 6237774.075819389894605 ], [ 788696.790225627599284, 6237774.562494557350874 ], [ 788697.663988211192191, 6237775.049169737845659 ], [ 788698.537750799790956, 6237775.535844928584993 ], [ 788699.411513397004455, 6237776.022520130500197 ], [ 788700.285276000387967, 6237776.509195348247886 ], [ 788701.159038609825075, 6237776.9958705753088 ], [ 788702.032801226712763, 6237777.482545812614262 ], [ 788702.906563851167448, 6237777.969221062958241 ], [ 788703.780326481675729, 6237778.455896325409412 ], [ 788704.654089119518176, 6237778.9425716008991 ], [ 788705.527851764811203, 6237779.429246885702014 ], [ 788706.401614414993674, 6237779.915922184474766 ], [ 788707.275377073907293, 6237780.402597492560744 ], [ 788708.14913973887451, 6237780.889272814616561 ], [ 788709.022902411175892, 6237781.375948147848248 ], [ 788709.896665089996532, 6237781.862623493187129 ], [ 788710.770427775802091, 6237782.349298850633204 ], [ 788711.644190468126908, 6237782.835974218323827 ], [ 788712.517953167669475, 6237783.322649598121643 ], [ 788713.39171587349847, 6237783.809324990957975 ], [ 788714.265478586545214, 6237784.296000394970179 ], [ 788715.139241307042539, 6237784.782675810158253 ], [ 788716.013004033826292, 6237785.269351239316165 ], [ 788716.886766767827794, 6237785.756026675924659 ], [ 788717.760529508115724, 6237786.242702130228281 ], [ 788718.634292255854234, 6237786.729377591982484 ], [ 788719.508055009879172, 6237787.216053068637848 ], [ 788720.38181777112186, 6237787.702728554606438 ], [ 788721.255580538418144, 6237788.189404051750898 ], [ 788722.129343314561993, 6237788.67607956379652 ], [ 788723.003106095595285, 6237789.16275508608669 ], [ 788723.876868883962743, 6237789.649430619552732 ], [ 788724.750631679780781, 6237790.136106165125966 ], [ 788725.624394482932985, 6237790.622781723737717 ], [ 788726.498157291091047, 6237791.109457292594016 ], [ 788727.371920107747428, 6237791.596132872626185 ], [ 788728.245682930806652, 6237792.082808466628194 ], [ 788729.119445761200041, 6237792.569484072737396 ], [ 788729.993208597647026, 6237793.056159689091146 ], [ 788730.866971440380439, 6237793.54283531755209 ], [ 788731.740734291728586, 6237794.029510957188904 ], [ 788732.614497149246745, 6237794.516186609864235 ], [ 788733.4882600128185, 6237795.002862272784114 ], [ 788733.889177693519741, 6237795.226168720051646 ], [ 788734.636558925034478, 6237795.890801004134119 ], [ 788735.383940157946199, 6237796.555433301255107 ], [ 788736.131321392720565, 6237797.220065611414611 ], [ 788736.878702627727762, 6237797.884697934612632 ], [ 788737.626083864481188, 6237798.549330273643136 ], [ 788738.373465101467445, 6237799.213962623849511 ], [ 788739.120846340199932, 6237799.878594988025725 ], [ 788739.868227580562234, 6237800.5432273671031 ], [ 788740.61560882255435, 6237801.207859759218991 ], [ 788741.362990064779297, 6237801.872492164373398 ], [ 788742.110371308750473, 6237802.537124583497643 ], [ 788742.857752553187311, 6237803.201757015660405 ], [ 788743.605133800301701, 6237803.866389463655651 ], [ 788744.352515047881752, 6237804.53102192375809 ], [ 788745.099896295927465, 6237805.195654397830367 ], [ 788745.847277545486577, 6237805.860286884941161 ], [ 788746.594658796675503, 6237806.524919384159148 ], [ 788747.342040049377829, 6237807.189551900140941 ], [ 788748.089421302662231, 6237807.854184426367283 ], [ 788748.836802557576448, 6237808.518816970288754 ], [ 788749.584183813887648, 6237809.18344952352345 ], [ 788750.331565070780925, 6237809.848082093521953 ], [ 788751.078946329071186, 6237810.512714674696326 ], [ 788751.826327588176355, 6237811.177347272634506 ], [ 788752.573708849726245, 6237811.841979881748557 ], [ 788753.321090111741796, 6237812.506612505763769 ], [ 788754.068471374455839, 6237813.171245142817497 ], [ 788754.815852639614604, 6237813.835877792909741 ], [ 788755.563233905355446, 6237814.500510457903147 ], [ 788756.310615171445534, 6237815.165143134072423 ], [ 788757.057996440213174, 6237815.829775827005506 ], [ 788757.805377709679306, 6237816.494408531114459 ], [ 788758.552758979378268, 6237817.159041250124574 ], [ 788759.300140251871198, 6237817.823673982173204 ], [ 788760.047521524946205, 6237818.488306727260351 ], [ 788760.794902798254043, 6237819.152939486317337 ], [ 788761.542284074472263, 6237819.817572260275483 ], [ 788762.289665351156145, 6237820.482205047272146 ], [ 788763.037046628072858, 6237821.146837846376002 ], [ 788763.784427907783538, 6237821.811470661312342 ], [ 788764.53180918795988, 6237822.476103488355875 ], [ 788765.279190469766036, 6237823.14073633030057 ], [ 788766.026571752037853, 6237823.805369183421135 ], [ 788766.773953035939485, 6237824.470002055168152 ], [ 788767.521334321470931, 6237825.134634934365749 ], [ 788768.268715607118793, 6237825.799267829395831 ], [ 788769.0160968946293, 6237826.463900738395751 ], [ 788769.763478183769621, 6237827.128533662296832 ], [ 788770.510859473142773, 6237827.793166598305106 ], [ 788771.258240764262155, 6237828.457799548283219 ], [ 788772.005622057011351, 6237829.122432511299849 ], [ 788772.753003351273946, 6237829.787065489217639 ], [ 788773.500384646002203, 6237830.451698479242623 ], [ 788774.247765941079706, 6237831.116331484168768 ], [ 788774.995147238951176, 6237831.780964502133429 ], [ 788775.742528537171893, 6237832.445597533136606 ], [ 788776.489909837255254, 6237833.110230578109622 ], [ 788777.237291137687862, 6237833.774863637052476 ], [ 788777.984672439633869, 6237834.439496710896492 ], [ 788778.732053743093275, 6237835.104129795916378 ], [ 788779.47943504829891, 6237835.768762896768749 ], [ 788780.226816353853792, 6237836.43339600879699 ], [ 788780.974197661038488, 6237837.09802913479507 ], [ 788781.72157896857243, 6237837.762662276625633 ], [ 788782.468960277852602, 6237838.42729543056339 ], [ 788783.216341588762589, 6237839.091928599402308 ], [ 788783.963722901069559, 6237839.75656178034842 ], [ 788784.711104213725775, 6237840.421194974333048 ], [ 788785.458485528244637, 6237841.085828183218837 ], [ 788786.20586684322916, 6237841.750461405143142 ], [ 788786.953248160658404, 6237842.415094641968608 ], [ 788787.700629478902556, 6237843.07972789183259 ], [ 788788.057694495888427, 6237843.397259624674916 ], [ 788788.660216865479015, 6237844.195559701882303 ], [ 788789.262739231693558, 6237844.993859789334238 ], [ 788789.865261594415642, 6237845.792159892618656 ], [ 788790.467783951433375, 6237846.590460008010268 ], [ 788791.070306304725818, 6237847.388760136440396 ], [ 788791.672828654525802, 6237848.187060276046395 ], [ 788792.275350999785587, 6237848.985360432416201 ], [ 788792.877873341552913, 6237849.783660599961877 ], [ 788793.480395678663626, 6237850.581960778683424 ], [ 788794.082918010884896, 6237851.380260972306132 ], [ 788794.68544034101069, 6237852.178561178967357 ], [ 788795.287962665315717, 6237852.976861397735775 ], [ 788795.890484986128286, 6237853.775161629542708 ], [ 788796.49300730205141, 6237854.573461877182126 ], [ 788797.095529614714906, 6237855.371762135066092 ], [ 788797.698051923885942, 6237856.170062405988574 ], [ 788798.300574228167534, 6237856.968362689949572 ], [ 788798.903096528025344, 6237857.766662988811731 ], [ 788799.505618824157864, 6237858.564963296987116 ], [ 788800.108141115866601, 6237859.36326362285763 ], [ 788800.710663403850049, 6237860.161563957110047 ], [ 788801.313185687176883, 6237860.959864308126271 ], [ 788801.915707967244089, 6237861.75816467218101 ], [ 788802.518230242654681, 6237862.556465047411621 ], [ 788803.120752514339983, 6237863.354765437543392 ], [ 788803.723274781368673, 6237864.153065837919712 ], [ 788804.325797043740749, 6237864.951366252265871 ], [ 788804.928319302736782, 6237865.749666680581868 ], [ 788805.530841558240354, 6237866.547967122867703 ], [ 788806.133363808970898, 6237867.34626757632941 ], [ 788806.73588605527766, 6237868.144568044692278 ], [ 788807.338408297742717, 6237868.942868522368371 ], [ 788807.940930536948144, 6237869.741169015876949 ], [ 788808.543452771380544, 6237870.53946952149272 ], [ 788809.14597500115633, 6237871.337770042009652 ], [ 788809.748497227439657, 6237872.136070571839809 ], [ 788810.351019449066371, 6237872.934371117502451 ], [ 788810.953541667200625, 6237873.732671677134931 ], [ 788811.556063880678266, 6237874.530972247943282 ], [ 788812.158586090663448, 6237875.329272832721472 ], [ 788812.761108295992017, 6237876.127573430538177 ], [ 788813.363630497828126, 6237876.925874039530754 ], [ 788813.966152694774792, 6237877.724174663424492 ], [ 788814.568674888578244, 6237878.522475300356746 ], [ 788815.171197077492252, 6237879.32077594846487 ], [ 788815.773719262913801, 6237880.119076611474156 ], [ 788816.376241443795152, 6237880.917377287521958 ], [ 788816.978763619903475, 6237881.715677973814309 ], [ 788817.581285792635754, 6237882.513978676870465 ], [ 788818.183807961759157, 6237883.312279391102493 ], [ 788818.786330126225948, 6237884.110580118373036 ], [ 788819.388852285919711, 6237884.908880858682096 ], [ 788819.991374442353845, 6237885.707181613892317 ], [ 788820.59389659401495, 6237886.505482379347086 ], [ 788821.196418742183596, 6237887.303783159703016 ], [ 788821.798940885579214, 6237888.102083951234818 ], [ 788822.401463025715202, 6237888.900384758599102 ], [ 788823.0039851621259, 6237889.698685577139258 ], [ 788823.606507292715833, 6237890.496986407786608 ], [ 788824.209029420977458, 6237891.295287252403796 ], [ 788824.811551543651149, 6237892.093588110990822 ], [ 788825.414073662599549, 6237892.891888983547688 ], [ 788826.016595778055489, 6237893.690189866349101 ], [ 788826.619117888971232, 6237894.488490762189031 ], [ 788827.2216399962781, 6237895.286791674792767 ], [ 788827.824162098928355, 6237896.085092596709728 ], [ 788828.426684196921997, 6237896.883393531665206 ], [ 788829.029206292587332, 6237897.681694481521845 ], [ 788829.631728382315487, 6237898.479995442554355 ], [ 788830.234250468900427, 6237899.278296418488026 ], [ 788830.836772550363094, 6237900.07659740652889 ], [ 788831.439294628566131, 6237900.874898407608271 ], [ 788832.041816703276709, 6237901.673199421726167 ], [ 788832.644338773214258, 6237902.47150044888258 ], [ 788833.246860838495195, 6237903.269801490008831 ], [ 788833.849382900400087, 6237904.068102543242276 ], [ 788834.451904957531951, 6237904.866403609514236 ], [ 788835.054427011171356, 6237905.664704688824713 ], [ 788835.656949060154147, 6237906.463005781173706 ], [ 788836.259471105644479, 6237907.261306887492537 ], [ 788836.861993146594614, 6237908.059608003124595 ], [ 788837.464515183819458, 6237908.857909137383103 ], [ 788838.06703721662052, 6237909.656210280954838 ], [ 788838.669559244532138, 6237910.454511438496411 ], [ 788839.272081270231865, 6237911.2528126090765 ], [ 788839.874603289994411, 6237912.051113792695105 ], [ 788840.477125306380913, 6237912.849414989352226 ], [ 788841.079647319158539, 6237913.647716199979186 ], [ 788841.682169327395968, 6237914.446017423644662 ], [ 788842.284691330743954, 6237915.244318656623363 ], [ 788842.88721333083231, 6237916.042619908228517 ], [ 788843.489735326264054, 6237916.840921168215573 ], [ 788844.092257317854092, 6237917.63922244310379 ], [ 788844.6947793061845, 6237918.437523731030524 ], [ 788845.297301290091127, 6237919.235825031995773 ], [ 788845.899823268991895, 6237920.034126345999539 ], [ 788846.502345244400203, 6237920.832427673041821 ], [ 788847.104867215268314, 6237921.630729013122618 ], [ 788847.707389182643965, 6237922.429030366241932 ], [ 788848.309911145363003, 6237923.227331731468439 ], [ 788848.912433104356751, 6237924.025633109733462 ], [ 788849.514955058926716, 6237924.823934504762292 ], [ 788850.117477008723654, 6237925.622235908173025 ], [ 788850.719998956192285, 6237926.420537324622273 ], [ 788851.322520897956565, 6237927.218838756904006 ], [ 788851.925042835995555, 6237928.017140200361609 ], [ 788852.5275647706585, 6237928.815441658720374 ], [ 788853.130086700664833, 6237929.613743129186332 ], [ 788853.732608625898138, 6237930.412044612690806 ], [ 788854.335130547638983, 6237931.210346109233797 ], [ 788854.937652466120198, 6237932.008647618815303 ], [ 788855.540174379711971, 6237932.806949140504003 ], [ 788856.14269628864713, 6237933.605250675231218 ], [ 788856.74521819408983, 6237934.403552223928273 ], [ 788857.347740094875917, 6237935.201853785663843 ], [ 788857.950261992169544, 6237936.000155358575284 ], [ 788858.552783885970712, 6237936.798456946387887 ], [ 788859.155305773951113, 6237937.596758550032973 ], [ 788859.757827659603208, 6237938.395060162991285 ], [ 788860.360349539434537, 6237939.193361789919436 ], [ 788860.962871416821145, 6237939.991663428023458 ], [ 788861.565393288386986, 6237940.789965081959963 ], [ 788862.167915156576782, 6237941.588266745209694 ], [ 788862.77043702127412, 6237942.386568425223231 ], [ 788863.372958881082013, 6237943.184870117343962 ], [ 788863.975480737630278, 6237943.983171820640564 ], [ 788864.57800258952193, 6237944.78147353976965 ], [ 788865.180524437688291, 6237945.579775271005929 ], [ 788865.783046281314455, 6237946.378077015280724 ], [ 788866.385568120284006, 6237947.176378771662712 ], [ 788866.988089955644682, 6237947.974680541083217 ], [ 788867.583184858085588, 6237948.763142133131623 ], [ 788868.15629873634316, 6237949.582812059670687 ], [ 788868.729412608896382, 6237950.402482002973557 ], [ 788869.302526477142237, 6237951.222151959314942 ], [ 788869.875640338519588, 6237952.041821924969554 ], [ 788870.448754196520895, 6237952.861491904594004 ], [ 788871.021868049050681, 6237953.68116189725697 ], [ 788871.594981895876117, 6237954.50083190202713 ], [ 788872.168095738277771, 6237955.320501918904483 ], [ 788872.741209576372057, 6237956.140171950682998 ], [ 788873.314323408761993, 6237956.95984199270606 ], [ 788873.887437235331163, 6237957.779512047767639 ], [ 788874.460551057592966, 6237958.599182118661702 ], [ 788875.033664875314571, 6237959.41885219886899 ], [ 788875.606778687564656, 6237960.238522293046117 ], [ 788876.179892494110391, 6237961.05819240026176 ], [ 788876.753006296115927, 6237961.877862518653274 ], [ 788877.326120092766359, 6237962.697532651945949 ], [ 788877.899233884643763, 6237963.517202796414495 ], [ 788878.4723476722138, 6237964.336872953921556 ], [ 788879.045461454195902, 6237965.156543122604489 ], [ 788879.618575230473652, 6237965.976213304325938 ], [ 788880.191689002327621, 6237966.795883500948548 ], [ 788880.764802768593654, 6237967.615553709678352 ], [ 788881.337916530435905, 6237968.435223931446671 ], [ 788881.91103028669022, 6237969.254894164390862 ], [ 788882.484144038287923, 6237970.074564411304891 ], [ 788883.057257785461843, 6237970.894234671257436 ], [ 788883.630371525883675, 6237971.713904942385852 ], [ 788884.203485263162293, 6237972.533575227484107 ], [ 788884.776598993455991, 6237973.35324552282691 ], [ 788885.349712720606476, 6237974.172915834002197 ], [ 788885.92282644205261, 6237974.992586156353354 ], [ 788886.49594015814364, 6237975.812256489880383 ], [ 788887.069053869345225, 6237976.631926839239895 ], [ 788887.642167575191706, 6237977.451597198843956 ], [ 788888.21528127649799, 6237978.271267571486533 ], [ 788888.788394972216338, 6237979.090937959030271 ], [ 788889.361508663278073, 6237979.910608356818557 ], [ 788889.934622348984703, 6237980.730278767645359 ], [ 788890.507736030267552, 6237981.549949192442 ], [ 788891.080849705846049, 6237982.369619630277157 ], [ 788891.65396337560378, 6237983.189290078356862 ], [ 788892.227077042218298, 6237984.008960541337729 ], [ 788892.800190702080727, 6237984.828631015494466 ], [ 788893.373304358683527, 6237985.648301504552364 ], [ 788893.946418008301407, 6237986.467972002923489 ], [ 788894.519531653728336, 6237987.287642515264452 ], [ 788895.092645294498652, 6237988.10731304064393 ], [ 788895.665758929797448, 6237988.926983580924571 ], [ 788896.238872560439631, 6237989.746654130518436 ], [ 788896.811986185610294, 6237990.566324695944786 ], [ 788897.38509980624076, 6237991.385995272547007 ], [ 788897.958213421399705, 6237992.205665860325098 ], [ 788898.5313270308543, 6237993.025336463004351 ], [ 788899.10444063693285, 6237993.845007076859474 ], [ 788899.677554236375727, 6237994.664677705615759 ], [ 788900.250667831161991, 6237995.484348343685269 ], [ 788900.823781421640888, 6237996.304018996655941 ], [ 788901.396895006415434, 6237997.123689662665129 ], [ 788901.970008586766198, 6237997.943360339850187 ], [ 788902.543122161529027, 6237998.763031031005085 ], [ 788903.11623573070392, 6237999.582701735198498 ], [ 788903.689349295338616, 6238000.402372448705137 ], [ 788904.262462855549529, 6238001.222043179906905 ], [ 788904.835576410056092, 6238002.041713921353221 ], [ 788905.408689958974719, 6238002.861384676769376 ], [ 788905.981803503585979, 6238003.681055441498756 ], [ 788906.554917043540627, 6238004.500726221129298 ], [ 788907.128030577907339, 6238005.320397014729679 ], [ 788907.701144107966684, 6238006.140067817643285 ], [ 788908.274257632438093, 6238006.959738636389375 ], [ 788908.847371150972322, 6238007.779409466311336 ], [ 788909.420484665199183, 6238008.599080309271812 ], [ 788909.993598175002262, 6238009.418751166202128 ], [ 788910.566711679217406, 6238010.238422034308314 ], [ 788911.139825177844614, 6238011.058092916384339 ], [ 788911.712938671815209, 6238011.877763809636235 ], [ 788912.286052161478437, 6238012.697434714064002 ], [ 788912.859165644273162, 6238013.517105634324253 ], [ 788913.432279123808257, 6238014.336776565760374 ], [ 788914.005392597755417, 6238015.156447512097657 ], [ 788914.578506065998226, 6238015.97611846961081 ], [ 788915.151619529817253, 6238016.795789439231157 ], [ 788915.724732989212498, 6238017.61546042189002 ], [ 788916.297846443019807, 6238018.435131415724754 ], [ 788916.870959891122766, 6238019.254802426323295 ], [ 788917.444073334801942, 6238020.074473446235061 ], [ 788918.017186772776768, 6238020.894144479185343 ], [ 788918.590300206327811, 6238021.713815525174141 ], [ 788919.163413635455072, 6238022.533486584201455 ], [ 788919.736527058994398, 6238023.353157656267285 ], [ 788920.309640476945788, 6238024.172828740440309 ], [ 788920.882753890240565, 6238024.992499837651849 ], [ 788921.455867298180237, 6238025.812170946970582 ], [ 788922.028980701346882, 6238026.631842069327831 ], [ 788922.602094100322574, 6238027.451513204723597 ], [ 788923.175207492429763, 6238028.27118435036391 ], [ 788923.748320881277323, 6238029.090855513699353 ], [ 788924.321434264420532, 6238029.910526685416698 ], [ 788924.894547641975805, 6238030.730197872966528 ], [ 788925.467661015107296, 6238031.549869070760906 ], [ 788926.040774382418022, 6238032.3695402815938 ], [ 788926.61388774542138, 6238033.189211506396532 ], [ 788927.187001102836803, 6238034.008882742375135 ], [ 788927.760114455712028, 6238034.828553992323577 ], [ 788928.333227804163471, 6238035.64822525344789 ], [ 788928.906341145979241, 6238036.467896528542042 ], [ 788929.479454484302551, 6238037.287567815743387 ], [ 788930.05256781692151, 6238038.107239115983248 ], [ 788930.625681143952534, 6238038.926910428330302 ], [ 788931.19879446667619, 6238039.746581754647195 ], [ 788931.631891914410517, 6238040.366001253947616 ], [ 788932.182785435114056, 6238041.200768476352096 ], [ 788932.733678949531168, 6238042.035535713657737 ], [ 788933.284572457894683, 6238042.870302961207926 ], [ 788933.835465961601585, 6238043.705070223659277 ], [ 788934.386359459254891, 6238044.539837496355176 ], [ 788934.937252950738184, 6238045.374604782089591 ], [ 788935.488146436051466, 6238046.209372078068554 ], [ 788936.039039916824549, 6238047.044139389880002 ], [ 788936.589933391311206, 6238047.878906713798642 ], [ 788937.140826859860681, 6238048.713674048893154 ], [ 788937.691720323404297, 6238049.548441395163536 ], [ 788938.242613781010732, 6238050.383208755403757 ], [ 788938.79350723256357, 6238051.217976128682494 ], [ 788939.344400678062811, 6238052.052743513137102 ], [ 788939.895294118672609, 6238052.887510910630226 ], [ 788940.446187553461641, 6238053.722278321161866 ], [ 788940.997080981964245, 6238054.557045741938055 ], [ 788941.547974404413253, 6238055.391813177615404 ], [ 788942.098867822089233, 6238056.226580623537302 ], [ 788942.649761233711615, 6238057.061348082497716 ], [ 788943.200654639280401, 6238057.896115556359291 ], [ 788943.751548039959744, 6238058.730883039534092 ], [ 788944.302441434701905, 6238059.565650535747409 ], [ 788944.853334823390469, 6238060.400418044999242 ], [ 788945.404228205909021, 6238061.235185567289591 ], [ 788945.955121582373977, 6238062.069953098893166 ], [ 788946.506014954065904, 6238062.904720646329224 ], [ 788947.056908320868388, 6238063.739488204941154 ], [ 788947.607801680453122, 6238064.574255774728954 ], [ 788948.158695035148412, 6238065.409023359417915 ], [ 788948.709588383790106, 6238066.243790954351425 ], [ 788949.260481726378202, 6238067.078558564186096 ], [ 788949.811375063029118, 6238067.913326183333993 ], [ 788950.36226839479059, 6238068.748093816451728 ], [ 788950.91316172061488, 6238069.58286146260798 ], [ 788951.464055041316897, 6238070.417629120871425 ], [ 788952.014948354801163, 6238071.25239679031074 ], [ 788952.565841663512401, 6238072.087164473719895 ], [ 788953.116734966286458, 6238072.921932166442275 ], [ 788953.667628264054656, 6238073.756699876859784 ], [ 788954.218521554605104, 6238074.591467594727874 ], [ 788954.769414840266109, 6238075.426235327497125 ], [ 788955.320308121154085, 6238076.261003071442246 ], [ 788955.871201394940726, 6238077.095770829357207 ], [ 788956.422094663605094, 6238077.930538600310683 ], [ 788956.97298792633228, 6238078.765306380577385 ], [ 788957.523881183005869, 6238079.600074176676571 ], [ 788958.074774435022846, 6238080.434841982088983 ], [ 788958.625667680753395, 6238081.269609802402556 ], [ 788959.176560920430347, 6238082.104377632960677 ], [ 788959.727454155217856, 6238082.939145476557314 ], [ 788960.278347383020446, 6238083.773913333192468 ], [ 788960.829240605700761, 6238084.608681201934814 ], [ 788961.38013382232748, 6238085.443449083715677 ], [ 788961.93102703418117, 6238086.278216976672411 ], [ 788962.481920239981264, 6238087.112984883598983 ], [ 788963.032813439844176, 6238087.947752801701427 ], [ 788963.583706633653492, 6238088.782520731911063 ], [ 788964.134599822340533, 6238089.617288674227893 ], [ 788964.685493005206808, 6238090.452056631445885 ], [ 788965.236386182019487, 6238091.286824598908424 ], [ 788965.787279352778569, 6238092.12159257940948 ], [ 788966.338172518531792, 6238092.956360572949052 ], [ 788966.889065678347833, 6238093.791128576733172 ], [ 788967.439958832110278, 6238094.625896595418453 ], [ 788967.99085198098328, 6238095.460664626210928 ], [ 788968.541745123802684, 6238096.295432670041919 ], [ 788969.092638260684907, 6238097.130200723186135 ], [ 788969.643531391397119, 6238097.964968789368868 ], [ 788970.194424517219886, 6238098.799736870452762 ], [ 788970.745317637221888, 6238099.634504960849881 ], [ 788971.296210751053877, 6238100.469273066148162 ], [ 788971.847103858599439, 6238101.304041184484959 ], [ 788972.397996961604804, 6238102.138809313066304 ], [ 788972.948890058440156, 6238102.973577454686165 ], [ 788973.499783149338327, 6238103.808345610275865 ], [ 788974.05067623523064, 6238104.64311377517879 ], [ 788974.601569315069355, 6238105.477881955914199 ], [ 788975.152462388970889, 6238106.312650145962834 ], [ 788975.703355456702411, 6238107.147418349981308 ], [ 788976.254248519660905, 6238107.982186565175653 ], [ 788976.805141576565802, 6238108.816954793408513 ], [ 788977.356034627300687, 6238109.65172303467989 ], [ 788977.906927673262544, 6238110.486491288989782 ], [ 788978.457820712006651, 6238111.321259554475546 ], [ 788979.008713745861314, 6238112.156027832999825 ], [ 788979.559606774942949, 6238112.990796124562621 ], [ 788980.110499796690419, 6238113.825564426369965 ], [ 788980.661392813664861, 6238114.66033274307847 ], [ 788981.212285824469291, 6238115.495101070031524 ], [ 788981.763178830500692, 6238116.329869410023093 ], [ 788982.314071829314344, 6238117.164637763053179 ], [ 788982.864964823238552, 6238117.999406128190458 ], [ 788983.415857810992748, 6238118.834174506366253 ], [ 788983.966750793973915, 6238119.668942896649241 ], [ 788984.517643770901486, 6238120.503711298108101 ], [ 788985.068536741891876, 6238121.338479712605476 ], [ 788985.619429706712253, 6238122.173248139210045 ], [ 788986.170322666643187, 6238123.008016579784453 ], [ 788986.72121562063694, 6238123.842785029672086 ], [ 788987.272108568460681, 6238124.677553495392203 ], [ 788987.823001510463655, 6238125.512321971356869 ], [ 788988.37389444722794, 6238126.347090462222695 ], [ 788988.924787378171459, 6238127.181858962401748 ], [ 788989.475680303294212, 6238128.016627479344606 ], [ 788990.026573223178275, 6238128.851396003738046 ], [ 788990.577466135844588, 6238129.686164543032646 ], [ 788991.128359044902027, 6238130.520933091640472 ], [ 788991.679251946974546, 6238131.355701657012105 ], [ 788992.230144842644222, 6238132.190470231696963 ], [ 788992.781037733657286, 6238133.025238821282983 ], [ 788993.33193061966449, 6238133.860007423907518 ], [ 788993.88282349857036, 6238134.69477603584528 ], [ 788994.433716372586787, 6238135.529544660821557 ], [ 788994.984609240549617, 6238136.364313300698996 ], [ 788995.53550210245885, 6238137.199081951752305 ], [ 788996.086394959478639, 6238138.03385061211884 ], [ 788996.637287810444832, 6238138.868619288317859 ], [ 788997.188180655357428, 6238139.703387976624072 ], [ 788997.739073494216427, 6238140.538156676106155 ], [ 788998.289966328185983, 6238141.372925387695432 ], [ 788998.840859156218357, 6238142.207694112323225 ], [ 788999.39175197808072, 6238143.042462849989533 ], [ 788999.942644794005901, 6238143.877231599763036 ], [ 789000.493537605041638, 6238144.712000364437699 ], [ 789001.044430409790948, 6238145.546769136562943 ], [ 789001.595323208719492, 6238146.381537923589349 ], [ 789002.146216002758592, 6238147.216306722722948 ], [ 789002.697108790744096, 6238148.051075536757708 ], [ 789003.248001572676003, 6238148.885844358243048 ], [ 789003.798894348670729, 6238149.720613195560873 ], [ 789004.34978711954318, 6238150.55538204498589 ], [ 789004.90067988447845, 6238151.390150906518102 ], [ 789005.451572643592954, 6238152.224919779226184 ], [ 789006.002465397468768, 6238153.059688666835427 ], [ 789006.553358145407401, 6238153.894457563757896 ], [ 789007.104250887525268, 6238154.729226475581527 ], [ 789007.655143623473123, 6238155.563995397649705 ], [ 789008.206036354415119, 6238156.398764334619045 ], [ 789008.756929079303518, 6238157.233533281832933 ], [ 789009.307821798371151, 6238158.068302243947983 ], [ 789009.858714511152357, 6238158.903071217238903 ], [ 789010.409607219160534, 6238159.737840201705694 ], [ 789010.960499921115115, 6238160.572609202936292 ], [ 789011.511392617132515, 6238161.40737821161747 ], [ 789012.06228530802764, 6238162.242147233337164 ], [ 789012.613177993101999, 6238163.076916269026697 ], [ 789013.164070672122762, 6238163.911685316823423 ], [ 789013.714963345089927, 6238164.746454376727343 ], [ 789014.265856013051234, 6238165.581223447807133 ], [ 789014.816748674958944, 6238166.415992533788085 ], [ 789015.367641330929473, 6238167.250761630013585 ], [ 789015.918533982010558, 6238168.085530739277601 ], [ 789016.469426626921631, 6238168.920299863442779 ], [ 789017.020319266011938, 6238169.755068996921182 ], [ 789017.571211898932233, 6238170.589838142506778 ], [ 789018.12210452684667, 6238171.424607302062213 ], [ 789018.672997148823924, 6238172.259376473724842 ], [ 789019.223889764863998, 6238173.094145658425987 ], [ 789019.774782374734059, 6238173.928914854303002 ], [ 789020.180658580036834, 6238174.543940276838839 ], [ 789020.402513709617779, 6238175.519185168668628 ], [ 789020.624368828139268, 6238176.494430067948997 ], [ 789020.846223934087902, 6238177.469674971885979 ], [ 789021.068079027463682, 6238178.444919881410897 ], [ 789021.289934108266607, 6238179.420164795592427 ], [ 789021.511789176613092, 6238180.395409718155861 ], [ 789021.733644232619554, 6238181.370654643513262 ], [ 789021.95549927582033, 6238182.345899574458599 ], [ 789022.177354306681082, 6238183.321144511923194 ], [ 789022.399209325201809, 6238184.296389454975724 ], [ 789022.621064331149682, 6238185.27163440361619 ], [ 789022.84291932429187, 6238186.246879357844591 ], [ 789023.064774305094033, 6238187.222124317660928 ], [ 789023.286629274487495, 6238188.197369280271232 ], [ 789023.50848423037678, 6238189.172614254057407 ], [ 789023.73033917369321, 6238190.147859229706228 ], [ 789023.95219410432037, 6238191.123104210942984 ], [ 789024.174049023655243, 6238192.098349197767675 ], [ 789024.395903929485939, 6238193.073594192042947 ], [ 789024.617758822860196, 6238194.048839189112186 ], [ 789024.839613704592921, 6238195.024084193632007 ], [ 789025.061468572821468, 6238195.999329203739762 ], [ 789025.283323428477161, 6238196.974574217572808 ], [ 789025.505178272840567, 6238197.949819238856435 ], [ 789025.727033103583381, 6238198.925064265727997 ], [ 789025.948887922801077, 6238199.900309298187494 ], [ 789026.170742728514597, 6238200.875554334372282 ], [ 789026.392597522819415, 6238201.85079937800765 ], [ 789026.614452304551378, 6238202.826044427230954 ], [ 789026.836307072779164, 6238203.801289482042193 ], [ 789027.058161829365417, 6238204.7765345396474 ], [ 789027.280016573728062, 6238205.751779606565833 ], [ 789027.501871304353699, 6238206.727024676278234 ], [ 789027.723726023570634, 6238207.702269754372537 ], [ 789027.945580730214715, 6238208.677514835260808 ], [ 789028.167435423238203, 6238209.652759922668338 ], [ 789028.389290104969405, 6238210.628005016595125 ], [ 789028.611144774127752, 6238211.603250115178525 ], [ 789028.832999430829659, 6238212.578495218418539 ], [ 789029.054854074958712, 6238213.553740329109132 ], [ 789029.27670870651491, 6238214.528985443525016 ], [ 789029.498563325731084, 6238215.504230564460158 ], [ 789029.720417932374403, 6238216.479475690983236 ], [ 789029.942272526561283, 6238217.454720823094249 ], [ 789030.164127108058892, 6238218.429965960793197 ], [ 789030.385981677100062, 6238219.405211104080081 ], [ 789030.607836233684793, 6238220.3804562529549 ], [ 789030.829690777813084, 6238221.355701407417655 ], [ 789031.051545309368521, 6238222.330946566537023 ], [ 789031.273399828467518, 6238223.306191733106971 ], [ 789031.495254335924983, 6238224.281436903402209 ], [ 789031.717108830111101, 6238225.256682079285383 ], [ 789031.938963311607949, 6238226.231927262619138 ], [ 789032.160817780531943, 6238227.207172451540828 ], [ 789032.38267223816365, 6238228.182417643256485 ], [ 789032.60452668229118, 6238229.157662842422724 ], [ 789032.826381113613024, 6238230.132908047176898 ], [ 789033.048235533758998, 6238231.108153256587684 ], [ 789033.270089940167964, 6238232.083398472517729 ], [ 789033.49194433412049, 6238233.058643693104386 ], [ 789033.713798716664314, 6238234.033888919278979 ], [ 789033.935653085354716, 6238235.009134151041508 ], [ 789034.157507443102077, 6238235.984379388391972 ], [ 789034.379361788043752, 6238236.959624631330371 ], [ 789034.601216119481251, 6238237.934869881719351 ], [ 789034.823070439510047, 6238238.910115136764944 ], [ 789035.044924745801836, 6238239.885360395535827 ], [ 789035.266779040684924, 6238240.860605660825968 ], [ 789035.488633323227987, 6238241.835850932635367 ], [ 789035.710487592034042, 6238242.811096210032701 ], [ 789035.932341849431396, 6238243.786341491155326 ], [ 789036.154196094488725, 6238244.761586779728532 ], [ 789036.376050326740369, 6238245.736832073889673 ], [ 789036.597904546651989, 6238246.712077372707427 ], [ 789036.819758754223585, 6238247.687322678044438 ], [ 789037.041612947825342, 6238248.662567986175418 ], [ 789037.263467130251229, 6238249.637813303619623 ], [ 789037.485321299987845, 6238250.613058623857796 ], [ 789037.707175457384437, 6238251.588303950615227 ], [ 789037.929029602208175, 6238252.563549283891916 ], [ 789038.150883734459057, 6238253.538794619962573 ], [ 789038.372737854253501, 6238254.51403996348381 ], [ 789038.594591962755658, 6238255.489285313524306 ], [ 789038.816446057520807, 6238256.464530667290092 ], [ 789039.038300139829516, 6238257.43977602571249 ], [ 789039.260154209565371, 6238258.415021392516792 ], [ 789039.482008266728371, 6238259.390266763977706 ], [ 789039.703862311434932, 6238260.365512141026556 ], [ 789039.925716344732791, 6238261.340757523663342 ], [ 789040.147570364410058, 6238262.316002911888063 ], [ 789040.3694243717473, 6238263.291248304769397 ], [ 789040.59127836744301, 6238264.266493704169989 ], [ 789040.813132349634543, 6238265.241739109158516 ], [ 789041.034986319369636, 6238266.216984519734979 ], [ 789041.256840277463198, 6238267.192229934968054 ], [ 789041.478694222168997, 6238268.167475355789065 ], [ 789041.700548155466095, 6238269.142720783129334 ], [ 789041.922402075026184, 6238270.117966216057539 ], [ 789042.144255983177572, 6238271.093211654573679 ], [ 789042.366109877824783, 6238272.068457096815109 ], [ 789042.587963761063293, 6238273.04370254650712 ], [ 789042.809817631728947, 6238274.018948001787066 ], [ 789043.031671488657594, 6238274.994193462654948 ], [ 789043.253525334410369, 6238275.96943892724812 ], [ 789043.47537916759029, 6238276.944684400223196 ], [ 789043.697232988197356, 6238277.919929876923561 ], [ 789043.91908679518383, 6238278.895175359211862 ], [ 789044.140940590761602, 6238279.870420847088099 ], [ 789044.362794373882934, 6238280.845666339620948 ], [ 789044.584648144431412, 6238281.820911839604378 ], [ 789044.806501902639866, 6238282.796157345175743 ], [ 789045.028355648042634, 6238283.771402854472399 ], [ 789045.250209381105378, 6238284.746648371219635 ], [ 789045.472063101595268, 6238285.721893891692162 ], [ 789045.693916809628718, 6238286.697139419615269 ], [ 789045.915770505205728, 6238287.672384953126311 ], [ 789046.137624188093469, 6238288.647630490362644 ], [ 789046.359477858641185, 6238289.622876034118235 ], [ 789046.581331516616046, 6238290.598121583461761 ], [ 789046.803185162134469, 6238291.573367139324546 ], [ 789047.025038795080036, 6238292.548612698912621 ], [ 789047.246892416500486, 6238293.523858264088631 ], [ 789047.468746024533175, 6238294.499103836715221 ], [ 789047.690599619876593, 6238295.474349413067102 ], [ 789047.912453202763572, 6238296.449594996869564 ], [ 789048.13430677424185, 6238297.424840585328639 ], [ 789048.356160331983119, 6238298.400086177513003 ], [ 789048.578013878664933, 6238299.375331778079271 ], [ 789048.799867411376908, 6238300.35057738237083 ], [ 789049.02172093174886, 6238301.325822994112968 ], [ 789049.243574440712109, 6238302.301068609580398 ], [ 789049.465427935938351, 6238303.276314230635762 ], [ 789049.687281419872306, 6238304.251559857279062 ], [ 789049.82089528045617, 6238304.838912994600832 ], [ 789049.737610792508349, 6238305.835600858554244 ], [ 789049.654326291289181, 6238306.832288721576333 ], [ 789049.571041775867343, 6238307.828976580873132 ], [ 789049.487757248338312, 6238308.825664438307285 ], [ 789049.404472707537934, 6238309.822352293878794 ], [ 789049.321188152418472, 6238310.819040143862367 ], [ 789049.237903583911248, 6238311.815727992914617 ], [ 789049.154619002249092, 6238312.812415838241577 ], [ 789049.071334407315589, 6238313.809103682637215 ], [ 789048.988049799343571, 6238314.805791523307562 ], [ 789048.904765177983791, 6238315.802479362115264 ], [ 789048.82148054218851, 6238316.799167199060321 ], [ 789048.738195893121883, 6238317.795855031348765 ], [ 789048.654911232180893, 6238318.792542863637209 ], [ 789048.571626556804404, 6238319.789230689406395 ], [ 789048.488341866759583, 6238320.785918513312936 ], [ 789048.4050571648404, 6238321.782606337219477 ], [ 789048.32177244964987, 6238322.779294157400727 ], [ 789048.238487720140256, 6238323.775981973856688 ], [ 789048.155202978523448, 6238324.772669788450003 ], [ 789048.07191822247114, 6238325.769357601180673 ], [ 789047.988633453263901, 6238326.766045410186052 ], [ 789047.905348669504747, 6238327.762733215466142 ], [ 789047.822063873754814, 6238328.759421020746231 ], [ 789047.73877906484995, 6238329.75610882230103 ], [ 789047.655494241509587, 6238330.752796621061862 ], [ 789047.572209404781461, 6238331.749484417028725 ], [ 789047.488924555014819, 6238332.746172211132944 ], [ 789047.40563969197683, 6238333.742860001511872 ], [ 789047.322354815667495, 6238334.739547790959477 ], [ 789047.239069926086813, 6238335.73623557575047 ], [ 789047.155785022187047, 6238336.732923358678818 ], [ 789047.072500106180087, 6238337.729611137881875 ], [ 789046.989215175854042, 6238338.726298915222287 ], [ 789046.905930232140236, 6238339.722986691631377 ], [ 789046.822645275387913, 6238340.719674463383853 ], [ 789046.739360305247828, 6238341.716362233273685 ], [ 789046.656075320788659, 6238342.713049998506904 ], [ 789046.572790324105881, 6238343.709737764671445 ], [ 789046.489505313220434, 6238344.706425525248051 ], [ 789046.406220288947225, 6238345.703113285824656 ], [ 789046.322935252683237, 6238346.699801040813327 ], [ 789046.239650200819597, 6238347.696488795801997 ], [ 789046.156365136848763, 6238348.693176547065377 ], [ 789046.073080059839413, 6238349.689864294603467 ], [ 789045.989794968394563, 6238350.686552042141557 ], [ 789045.906509863678366, 6238351.683239784091711 ], [ 789045.82322474673856, 6238352.679927523247898 ], [ 789045.73993961547967, 6238353.676615264266729 ], [ 789045.656654469901696, 6238354.673302996903658 ], [ 789045.573369312100112, 6238355.669990729540586 ], [ 789045.490084141260013, 6238356.666678461246192 ], [ 789045.406798955867998, 6238357.663366188295186 ], [ 789045.323513757204637, 6238358.660053912550211 ], [ 789045.240228546550497, 6238359.656741634011269 ], [ 789045.156943321693689, 6238360.653429355472326 ], [ 789045.073658082168549, 6238361.650117071345448 ], [ 789044.990372830652632, 6238362.646804784424603 ], [ 789044.907087566098198, 6238363.643492497503757 ], [ 789044.823802286759019, 6238364.640180204994977 ], [ 789044.740516994497739, 6238365.636867911554873 ], [ 789044.657231688965112, 6238366.633555613458157 ], [ 789044.573946370044723, 6238367.630243314430118 ], [ 789044.490661037852988, 6238368.626931013539433 ], [ 789044.407375691458583, 6238369.623618708923459 ], [ 789044.324090332956985, 6238370.620306402444839 ], [ 789044.240804960019886, 6238371.61699409224093 ], [ 789044.15751957509201, 6238372.613681780174375 ], [ 789044.074234175612219, 6238373.610369465313852 ], [ 789043.990948761813343, 6238374.607057148590684 ], [ 789043.907663336023688, 6238375.603744828142226 ], [ 789043.824377896962687, 6238376.600432505831122 ], [ 789043.741092443466187, 6238377.597120180726051 ], [ 789043.657806977862492, 6238378.593807850964367 ], [ 789043.574521497939713, 6238379.590495521202683 ], [ 789043.491236004745588, 6238380.587183186784387 ], [ 789043.407950498396531, 6238381.583870850503445 ], [ 789043.324664977495559, 6238382.580558512359858 ], [ 789043.241379444487393, 6238383.57724617049098 ], [ 789043.158093897276558, 6238384.57393382769078 ], [ 789043.07480833795853, 6238385.570621480233967 ], [ 789042.991522764205001, 6238386.567309129983187 ], [ 789042.908237177180126, 6238387.563996778801084 ], [ 789042.824951575719751, 6238388.560684424825013 ], [ 789042.741665962385014, 6238389.557372067123652 ], [ 789042.658380335662514, 6238390.554059707559645 ], [ 789042.57509469462093, 6238391.550747344270349 ], [ 789042.491809040191583, 6238392.547434979118407 ], [ 789042.408523372607306, 6238393.54412261210382 ], [ 789042.325237691868097, 6238394.54081024043262 ], [ 789042.241951997857541, 6238395.537497867830098 ], [ 789042.158666290575638, 6238396.534185491502285 ], [ 789042.075380568974651, 6238397.53087311424315 ], [ 789041.992094833985902, 6238398.527560733258724 ], [ 789041.908809087006375, 6238399.524248348549008 ], [ 789041.825523325707763, 6238400.52093596290797 ], [ 789041.74223755125422, 6238401.517623574472964 ], [ 789041.658951762132347, 6238402.514311181381345 ], [ 789041.575665961252525, 6238403.510998789221048 ], [ 789041.492380145704374, 6238404.507686390541494 ], [ 789041.409094318165444, 6238405.504373989999294 ], [ 789041.325808476423845, 6238406.501061590388417 ], [ 789041.242522621061653, 6238407.497749185189605 ], [ 789041.197577426908538, 6238408.035611368715763 ], [ 789041.602935296017677, 6238408.94994593411684 ], [ 789042.008293155580759, 6238409.864280508831143 ], [ 789042.413651005132124, 6238410.778615092858672 ], [ 789042.819008846301585, 6238411.692949688062072 ], [ 789043.224366677459329, 6238412.607284290716052 ], [ 789043.629724498838186, 6238413.521618906408548 ], [ 789044.035082310438156, 6238414.435953528620303 ], [ 789044.440440113190562, 6238415.35028816293925 ], [ 789044.845797906396911, 6238416.264622806571424 ], [ 789045.251155690988526, 6238417.178957460448146 ], [ 789045.656513465568423, 6238418.093292122706771 ], [ 789046.061871230253018, 6238419.007626797072589 ], [ 789046.467228985158727, 6238419.921961478888988 ], [ 789046.872586731566116, 6238420.836296171881258 ], [ 789047.277944468194619, 6238421.750630875118077 ], [ 789047.683302195975557, 6238422.664965588599443 ], [ 789048.088659912813455, 6238423.579300310462713 ], [ 789048.494017621036619, 6238424.493635041639209 ], [ 789048.899375320761465, 6238425.407969784922898 ], [ 789049.304733009310439, 6238426.322304537519813 ], [ 789049.710090689361095, 6238427.236639300361276 ], [ 789050.115448359400034, 6238428.150974069721997 ], [ 789050.520806020824239, 6238429.065308852121234 ], [ 789050.926163672469556, 6238429.979643644765019 ], [ 789051.331521314452402, 6238430.89397844299674 ], [ 789051.736878946539946, 6238431.808313257060945 ], [ 789052.14223656989634, 6238432.72264807857573 ], [ 789052.547594183357432, 6238433.636982908472419 ], [ 789052.952951788436621, 6238434.551317750476301 ], [ 789053.358309382339939, 6238435.465652598999441 ], [ 789053.763666968676262, 6238436.379987459629774 ], [ 789054.169024544069543, 6238437.294322330504656 ], [ 789054.574382110964507, 6238438.208657212555408 ], [ 789054.979739666800015, 6238439.122992100194097 ], [ 789055.385097215184942, 6238440.037327000871301 ], [ 789055.790454752510414, 6238440.951661912724376 ], [ 789056.195812281221151, 6238441.865996831096709 ], [ 789056.601169800036587, 6238442.78033175971359 ], [ 789057.006527310353704, 6238443.694666700437665 ], [ 789057.411884810775518, 6238444.609001649543643 ], [ 789057.817242301302031, 6238445.523336610756814 ], [ 789058.222599782049656, 6238446.437671577557921 ], [ 789058.627957254182547, 6238447.352006556466222 ], [ 789059.033314716536552, 6238448.266341544687748 ], [ 789059.438672170042992, 6238449.180676543153822 ], [ 789059.844029612839222, 6238450.095011552795768 ], [ 789060.249387046904303, 6238451.009346570819616 ], [ 789060.654744472238235, 6238451.923681599088013 ], [ 789061.060101886629127, 6238452.838016636669636 ], [ 789061.46545929228887, 6238453.752351686358452 ], [ 789061.870816689450294, 6238454.666686743497849 ], [ 789062.276174075552262, 6238455.581021811813116 ], [ 789062.681531452923082, 6238456.495356888510287 ], [ 789063.08688882063143, 6238457.409691977314651 ], [ 789063.492246179492213, 6238458.324027072638273 ], [ 789063.897603528690524, 6238459.238362180069089 ], [ 789064.302960867993534, 6238460.152697297744453 ], [ 789064.708318197517656, 6238461.067032424733043 ], [ 789065.113675518427044, 6238461.981367561034858 ], [ 789065.51903282944113, 6238462.895702708512545 ], [ 789065.924390130676329, 6238463.810037864372134 ], [ 789066.329747423296794, 6238464.724373031407595 ], [ 789066.735104706021957, 6238465.638708207756281 ], [ 789067.140461978851818, 6238466.553043393418193 ], [ 789067.54581924318336, 6238467.467378590255976 ], [ 789067.951176497619599, 6238468.381713794544339 ], [ 789068.356533742276952, 6238469.296049010008574 ], [ 789068.76189097831957, 6238470.210384236648679 ], [ 789069.167248204466887, 6238471.12471947260201 ], [ 789069.572605420835316, 6238472.039054717868567 ], [ 789069.977962627308443, 6238472.953389972448349 ], [ 789070.383319825166836, 6238473.867725238204002 ], [ 789070.788677013246343, 6238474.782060512341559 ], [ 789071.1940341925947, 6238475.696395797654986 ], [ 789071.59939136216417, 6238476.610731091350317 ], [ 789072.004748521954753, 6238477.525066397152841 ], [ 789072.410105671966448, 6238478.439401711337268 ], [ 789072.81546281313058, 6238479.353737034834921 ], [ 789073.220819944748655, 6238480.268072370439768 ], [ 789073.626177066238597, 6238481.182407712563872 ], [ 789074.031534179346636, 6238482.096743067726493 ], [ 789074.436891282442957, 6238483.011078432202339 ], [ 789074.842248375760391, 6238483.925413804128766 ], [ 789075.247605460579507, 6238484.839749189093709 ], [ 789075.652962534222752, 6238485.754084581509233 ], [ 789076.058319600531831, 6238486.668419984169304 ], [ 789076.46367665566504, 6238487.582755398005247 ], [ 789076.86903370229993, 6238488.497090820223093 ], [ 789077.274390739155933, 6238489.41142625361681 ], [ 789077.679747767280787, 6238490.32576169539243 ], [ 789078.085104784346186, 6238491.240097148343921 ], [ 789078.49046179279685, 6238492.154432609677315 ], [ 789078.895818792632781, 6238493.068768081255257 ], [ 789079.301175781409256, 6238493.983103564940393 ], [ 789079.706532761687413, 6238494.897439056076109 ], [ 789080.11188973323442, 6238495.811774557456374 ], [ 789080.517246693838388, 6238496.72611007001251 ], [ 789080.922603645594791, 6238497.640445590950549 ], [ 789081.327960588852875, 6238498.554781122133136 ], [ 789081.733317521051504, 6238499.469116665422916 ], [ 789082.138674444635399, 6238500.383452216163278 ], [ 789082.544031358440407, 6238501.297787776216865 ], [ 789082.94938826339785, 6238502.212123347446322 ], [ 789083.354745158925653, 6238503.126458927989006 ], [ 789083.760102044325322, 6238504.040794517844915 ], [ 789084.165458919946104, 6238504.955130119808018 ], [ 789084.570815786952153, 6238505.869465730153024 ], [ 789084.976172644179314, 6238506.783801349811256 ], [ 789085.381529492558911, 6238507.698136979714036 ], [ 789085.786886330228299, 6238508.612472620792687 ], [ 789086.192243159050122, 6238509.526808269321918 ], [ 789086.597599979257211, 6238510.441143929958344 ], [ 789087.00295678852126, 6238511.355479599907994 ], [ 789087.408313588937744, 6238512.269815277308226 ], [ 789087.81367038085591, 6238513.184150967746973 ], [ 789088.219027161947452, 6238514.098486667498946 ], [ 789088.624383934191428, 6238515.0128223747015 ], [ 789089.029740696540102, 6238515.927158094011247 ], [ 789089.435097450390458, 6238516.84149382263422 ], [ 789089.840454194461927, 6238517.755829561501741 ], [ 789090.245810928521678, 6238518.670165308751166 ], [ 789090.651167653966695, 6238519.584501069039106 ], [ 789091.056524368585087, 6238520.498836835846305 ], [ 789091.461881075520068, 6238521.413172613829374 ], [ 789091.867237771628425, 6238522.327508401125669 ], [ 789091.910787175409496, 6238522.425739860162139 ], [ 789092.594921896234155, 6238523.155317601747811 ], [ 789093.279056616476737, 6238523.884895358234644 ], [ 789093.963191334158182, 6238524.614473128691316 ], [ 789094.647326051490381, 6238525.344050914049149 ], [ 789095.331460768356919, 6238526.07362870965153 ], [ 789096.015595482429489, 6238526.803206522017717 ], [ 789096.699730196152814, 6238527.532784346491098 ], [ 789097.383864908246323, 6238528.262362184002995 ], [ 789098.067999619990587, 6238528.991940036416054 ], [ 789098.752134329057299, 6238529.721517901867628 ], [ 789099.436269037774764, 6238530.451095782220364 ], [ 789100.120403744862415, 6238531.18067367374897 ], [ 789100.804538450436667, 6238531.91025158111006 ], [ 789101.488673155545257, 6238532.639829499647021 ], [ 789102.172807859024033, 6238533.369407434016466 ], [ 789102.85694256122224, 6238534.098985381424427 ], [ 789103.541077262954786, 6238534.828563343733549 ], [ 789104.225211961893365, 6238535.558141315355897 ], [ 789104.909346660249867, 6238536.287719303742051 ], [ 789105.593481357209384, 6238537.017297305166721 ], [ 789106.277616053819656, 6238537.746875321492553 ], [ 789106.961750747635961, 6238538.476453349925578 ], [ 789107.645885441219434, 6238539.206031392328441 ], [ 789108.330020133173093, 6238539.935609448701143 ], [ 789109.014154824661091, 6238540.665187519043684 ], [ 789109.698289514519274, 6238541.394765601493418 ], [ 789110.382424202980474, 6238542.124343700706959 ], [ 789111.066558889695443, 6238542.853921808302402 ], [ 789111.750693575013429, 6238543.583499933592975 ], [ 789112.434828259982169, 6238544.313078070059419 ], [ 789113.118962943204679, 6238545.042656221427023 ], [ 789113.803097624913789, 6238545.772234385833144 ], [ 789114.487232306273654, 6238546.501812565140426 ], [ 789115.17136698612012, 6238547.231390757486224 ], [ 789115.855501664453186, 6238547.960968961939216 ], [ 789116.539636341156438, 6238548.690547183156013 ], [ 789117.22377101611346, 6238549.420125415548682 ], [ 789117.907905690954067, 6238550.149703660979867 ], [ 789118.592040364164859, 6238550.879281922243536 ], [ 789119.27617503690999, 6238551.60886019654572 ], [ 789119.960309706977569, 6238552.338438482023776 ], [ 789120.644444376695901, 6238553.068016784265637 ], [ 789121.328579044668004, 6238553.797595098614693 ], [ 789122.012713711359538, 6238554.527173427864909 ], [ 789122.69684837735258, 6238555.256751768290997 ], [ 789123.380983042065054, 6238555.986330123618245 ], [ 789124.065117705147713, 6238556.715908492915332 ], [ 789124.749252366600558, 6238557.445486875250936 ], [ 789125.433387027587742, 6238558.175065271556377 ], [ 789126.117521687177941, 6238558.904643679969013 ], [ 789126.801656345138326, 6238559.634222102351487 ], [ 789127.485791001468897, 6238560.363800541497767 ], [ 789128.169925657566637, 6238561.093378990888596 ], [ 789128.854060312034562, 6238561.822957456111908 ], [ 789129.538194964872673, 6238562.552535932511091 ], [ 789130.222329617361538, 6238563.282114425674081 ], [ 789130.906464267172851, 6238564.011692930012941 ], [ 789131.590598916518502, 6238564.74127144832164 ], [ 789132.274733565514907, 6238565.470849979668856 ], [ 789132.95886821183376, 6238566.200428526848555 ], [ 789133.643002857570536, 6238566.930007085204124 ], [ 789134.327137501910329, 6238567.659585660323501 ], [ 789135.011272144736722, 6238568.389164246618748 ], [ 789135.695406785933301, 6238569.118742846883833 ], [ 789136.379541426664218, 6238569.848321460187435 ], [ 789137.063676065998152, 6238570.577900087460876 ], [ 789137.747810704750009, 6238571.307478729635477 ], [ 789138.431945340940729, 6238572.03705738298595 ], [ 789139.116079976549372, 6238572.766636051237583 ], [ 789139.800214610644616, 6238573.496214734390378 ], [ 789140.484349243342876, 6238574.225793430581689 ], [ 789141.16848387545906, 6238574.955372137948871 ], [ 789141.852618506061845, 6238575.684950862079859 ], [ 789142.53675313515123, 6238576.414529597386718 ], [ 789143.220887762727216, 6238577.144108347594738 ], [ 789143.905022389953956, 6238577.873687112703919 ], [ 789144.589157015434466, 6238578.603265888988972 ], [ 789145.273291639285162, 6238579.33284467831254 ], [ 789145.957426261855289, 6238580.06242348253727 ], [ 789146.64156088384334, 6238580.79200230166316 ], [ 789147.325695504434407, 6238581.521581132896245 ], [ 789148.009830123279244, 6238582.25115997903049 ], [ 789148.693964740494266, 6238582.980738837271929 ], [ 789149.378099357476458, 6238583.710317710414529 ], [ 789150.062233973061666, 6238584.439896596595645 ], [ 789150.746368586784229, 6238585.169475493952632 ], [ 789151.430503200273961, 6238585.899054408073425 ], [ 789152.114637810969725, 6238586.628633336164057 ], [ 789152.798772421199828, 6238587.358212276361883 ], [ 789153.482907031313516, 6238588.087791230529547 ], [ 789154.167041638400406, 6238588.817370197735727 ], [ 789154.851176245138049, 6238589.546949179843068 ], [ 789155.535310850595124, 6238590.276528174057603 ], [ 789156.219445454189554, 6238591.006107183173299 ], [ 789156.903580057434738, 6238591.735686204396188 ], [ 789157.587714658002369, 6238592.465265238657594 ], [ 789158.271849258220755, 6238593.194844290614128 ], [ 789158.955983858089894, 6238593.924423351883888 ], [ 789159.640118455048651, 6238594.654002429917455 ], [ 789160.324253051774576, 6238595.383581519126892 ], [ 789161.008387646870688, 6238596.113160623237491 ], [ 789161.692522241501138, 6238596.842739740386605 ], [ 789162.376656833454035, 6238597.572318871505558 ], [ 789163.060791425057687, 6238598.301898015663028 ], [ 789163.744926015031524, 6238599.031477173790336 ], [ 789164.429060604656115, 6238599.76105634495616 ], [ 789165.113195191603154, 6238600.490635531023145 ], [ 789165.797329778084531, 6238601.220214728266001 ], [ 789166.481464362819679, 6238601.949793942272663 ], [ 789167.165598947554827, 6238602.679373169317842 ], [ 789167.849733530543745, 6238603.408952407538891 ], [ 789168.533868111902848, 6238604.138531661592424 ], [ 789169.218002691748552, 6238604.868110928684473 ], [ 789169.902137269964442, 6238605.597690209746361 ], [ 789170.150670418166555, 6238605.86273256316781 ], [ 789170.649516403442249, 6238606.729611305519938 ], [ 789171.148362381034531, 6238607.596490059047937 ], [ 789171.647208351176232, 6238608.463368825614452 ], [ 789172.146054315147921, 6238609.330247600562871 ], [ 789172.644900270504877, 6238610.19712639041245 ], [ 789173.143746219575405, 6238611.0640051914379 ], [ 789173.642592161195353, 6238611.930884004570544 ], [ 789174.141438095131889, 6238612.797762826085091 ], [ 789174.640284023014829, 6238613.664641662500799 ], [ 789175.139129943447188, 6238614.531520510092378 ], [ 789175.637975855264813, 6238615.398399367928505 ], [ 789176.136821761960164, 6238616.265278238803148 ], [ 789176.635667660157196, 6238617.132157120853662 ], [ 789177.134513551834971, 6238617.999036015942693 ], [ 789177.633359435014427, 6238618.865914919413626 ], [ 789178.13220531179104, 6238619.732793834991753 ], [ 789178.631051182514057, 6238620.599672765471041 ], [ 789179.129897044389509, 6238621.466551705263555 ], [ 789179.628742900211364, 6238622.333430657163262 ], [ 789180.127588748466223, 6238623.200309619307518 ], [ 789180.626434589270502, 6238624.067188593558967 ], [ 789181.125280422624201, 6238624.934067580848932 ], [ 789181.624126249691471, 6238625.800946580246091 ], [ 789182.122972068027593, 6238626.667825588025153 ], [ 789182.621817880310118, 6238627.534704610705376 ], [ 789183.120663686073385, 6238628.401583641767502 ], [ 789183.619509483338334, 6238629.268462687730789 ], [ 789184.118355274316855, 6238630.135341743007302 ], [ 789184.617201057844795, 6238631.002220811322331 ], [ 789185.116046833922155, 6238631.869099890813231 ], [ 789185.614892602548935, 6238632.735978981480002 ], [ 789186.113738364772871, 6238633.602858085185289 ], [ 789186.612584118614905, 6238634.469737199135125 ], [ 789187.111429866170511, 6238635.336616324260831 ], [ 789187.610275607090443, 6238636.203495463356376 ], [ 789188.109121339628473, 6238637.070374611765146 ], [ 789188.607967065880075, 6238637.93725377228111 ], [ 789189.106812783516943, 6238638.804132943972945 ], [ 789189.605658496031538, 6238639.671012128703296 ], [ 789190.104504199931398, 6238640.537891324609518 ], [ 789190.603349896380678, 6238641.404770530760288 ], [ 789191.10219558654353, 6238642.271649748086929 ], [ 789191.601041269255802, 6238643.138528981246054 ], [ 789192.099886944517493, 6238644.005408223718405 ], [ 789192.598732613492757, 6238644.872287476435304 ], [ 789193.097578273853287, 6238645.739166741259396 ], [ 789193.59642392792739, 6238646.606046019122005 ], [ 789194.095269574550912, 6238647.472925307229161 ], [ 789194.594115214888006, 6238648.339804606512189 ], [ 789195.092960846610367, 6238649.206683918833733 ], [ 789195.591806471929885, 6238650.07356324326247 ], [ 789196.090652089915238, 6238650.940442577935755 ], [ 789196.589497700450011, 6238651.807321923784912 ], [ 789197.088343303650618, 6238652.674201283603907 ], [ 789197.587188900448382, 6238653.54108065366745 ], [ 789198.086034489795566, 6238654.407960033975542 ], [ 789198.584880071692169, 6238655.274839429184794 ], [ 789199.083725645905361, 6238656.141718829981983 ], [ 789199.582571214181371, 6238657.008598247542977 ], [ 789200.081416773609817, 6238657.87547767534852 ], [ 789200.580262326984666, 6238658.742357116192579 ], [ 789201.079107873840258, 6238659.609236566349864 ], [ 789201.57795341219753, 6238660.476116029545665 ], [ 789202.076798944268376, 6238661.342995503917336 ], [ 789202.575644467724487, 6238662.209874989464879 ], [ 789203.074489984894171, 6238663.076754488050938 ], [ 789203.573335495661013, 6238663.943633997812867 ], [ 789204.072180997929536, 6238664.810513518750668 ], [ 789204.571026494028047, 6238665.677393049001694 ], [ 789205.069871982443146, 6238666.544272594153881 ], [ 789205.568717463407665, 6238667.411152150481939 ], [ 789206.067562936805189, 6238668.278031716123223 ], [ 789206.566408404381946, 6238669.144911296665668 ], [ 789207.065253864042461, 6238670.011790886521339 ], [ 789207.564099316601641, 6238670.878670489415526 ], [ 789208.062944761477411, 6238671.745550102554262 ], [ 789208.561790200183168, 6238672.612429728731513 ], [ 789209.060635630274191, 6238673.479309365153313 ], [ 789209.559481053962372, 6238674.346189014613628 ], [ 789210.058326471480541, 6238675.213068675249815 ], [ 789210.55717188026756, 6238676.079948345199227 ], [ 789211.056017282884568, 6238676.946828029118478 ], [ 789211.554862676770426, 6238677.8137077242136 ], [ 789212.053708065650426, 6238678.680587431415915 ], [ 789212.552553445799276, 6238679.547467150725424 ], [ 789213.051398818613961, 6238680.414346879348159 ], [ 789213.550244185025804, 6238681.281226621940732 ], [ 789214.049089544103481, 6238682.148106375709176 ], [ 789214.547934895614162, 6238683.014986139722168 ], [ 789215.046780240954831, 6238683.881865914911032 ], [ 789215.545625577564351, 6238684.748745705001056 ], [ 789216.044470907771029, 6238685.615625504404306 ], [ 789216.543316230876371, 6238686.48250531591475 ], [ 789217.042161546181887, 6238687.349385138601065 ], [ 789217.541006855433807, 6238688.21626497246325 ], [ 789218.039852157002315, 6238689.083144819363952 ], [ 789218.538697451353073, 6238689.950024677440524 ], [ 789219.037542738253251, 6238690.816904546692967 ], [ 789219.150449573877268, 6238691.013111000880599 ], [ 789219.935566895408556, 6238691.632722280919552 ], [ 789220.720684220083058, 6238692.252333573997021 ], [ 789221.50580154825002, 6238692.871944881975651 ], [ 789222.290918878745288, 6238693.491556201130152 ], [ 789223.076036212267354, 6238694.111167535185814 ], [ 789223.861153548117727, 6238694.730778884142637 ], [ 789224.646270887227729, 6238695.350390244275331 ], [ 789225.431388228433207, 6238695.970001617446542 ], [ 789226.216505573014729, 6238696.589613005518913 ], [ 789227.001622919691727, 6238697.209224406629801 ], [ 789227.786740269744769, 6238697.828835820779204 ], [ 789228.57185762305744, 6238698.448447247967124 ], [ 789229.356974978465587, 6238699.06805868819356 ], [ 789230.142092337366194, 6238699.687670143321157 ], [ 789230.927209698245861, 6238700.307281611487269 ], [ 789231.712327062617987, 6238700.926893094554543 ], [ 789232.497444430133328, 6238701.546504586935043 ], [ 789233.282561799860559, 6238702.166116095148027 ], [ 789234.067679171683267, 6238702.785727614536881 ], [ 789234.852796546882018, 6238703.40533914975822 ], [ 789235.637913925340399, 6238704.024950698018074 ], [ 789236.423031306127086, 6238704.644562259316444 ], [ 789237.208148689940572, 6238705.264173833653331 ], [ 789237.993266076082364, 6238705.883785421960056 ], [ 789238.7783834656002, 6238706.503397023305297 ], [ 789239.56350085826125, 6238707.123008637689054 ], [ 789240.348618253134191, 6238707.742620267905295 ], [ 789241.133735650219023, 6238708.362231908366084 ], [ 789241.918853050563484, 6238708.981843561865389 ], [ 789242.703970454167575, 6238709.601455232128501 ], [ 789243.489087860099971, 6238710.221066912636161 ], [ 789244.274205269175582, 6238710.840678608044982 ], [ 789245.059322681510821, 6238711.460290315560997 ], [ 789245.844440096174367, 6238712.079902039840817 ], [ 789246.629557512933388, 6238712.699513774365187 ], [ 789247.414674933068454, 6238713.319125521928072 ], [ 789248.199792356346734, 6238713.938737284392118 ], [ 789248.98490978195332, 6238714.558349060826004 ], [ 789249.77002721070312, 6238715.17796084843576 ], [ 789250.55514464166481, 6238715.797572651877999 ], [ 789251.340262076002546, 6238716.417184465564787 ], [ 789252.125379513483495, 6238717.036796293221414 ], [ 789252.910496953409165, 6238717.656408136710525 ], [ 789253.695614395197481, 6238718.276019992306828 ], [ 789254.480731840478256, 6238718.895631861872971 ], [ 789255.265849289018661, 6238719.51524374447763 ], [ 789256.050966739654541, 6238720.134855641052127 ], [ 789256.836084193666466, 6238720.754467548802495 ], [ 789257.621201650938019, 6238721.374079471454024 ], [ 789258.406319110421464, 6238721.99369140714407 ], [ 789259.191436572000384, 6238722.613303355872631 ], [ 789259.976554036838934, 6238723.232915317639709 ], [ 789260.761671505169943, 6238723.852527293376625 ], [ 789261.546788975596428, 6238724.472139284014702 ], [ 789262.331906449282542, 6238725.091751286759973 ], [ 789263.117023925064132, 6238725.711363303475082 ], [ 789263.902141404338181, 6238726.330975331366062 ], [ 789264.687258885474876, 6238726.950587373226881 ], [ 789265.47237637010403, 6238727.570199430920184 ], [ 789266.257493858109228, 6238728.18981150072068 ], [ 789267.042611348209903, 6238728.809423582628369 ], [ 789267.827728841570206, 6238729.42903567943722 ], [ 789268.612846337025985, 6238730.048647789284587 ], [ 789269.397963835974224, 6238730.668259913101792 ], [ 789270.183081337017938, 6238731.287872049957514 ], [ 789270.968198841321282, 6238731.907484198920429 ], [ 789271.753316348884255, 6238732.527096362784505 ], [ 789272.538433858659118, 6238733.146708537824452 ], [ 789273.323551371693611, 6238733.766320728696883 ], [ 789274.108668886939995, 6238734.385932931676507 ], [ 789274.893786404281855, 6238735.005545146763325 ], [ 789275.678903926163912, 6238735.625157379545271 ], [ 789276.464021450141445, 6238736.244769621640444 ], [ 789277.249138976447284, 6238736.864381877705455 ], [ 789278.034256505779922, 6238737.483994150534272 ], [ 789278.819374038605019, 6238738.103606432676315 ], [ 789279.604491573642008, 6238738.723218730650842 ], [ 789280.389609110541642, 6238739.342831037938595 ], [ 789281.174726652097888, 6238739.962443361990154 ], [ 789281.959844195866026, 6238740.582055700011551 ], [ 789282.744961741729639, 6238741.201668050140142 ], [ 789283.530079290969297, 6238741.82128041330725 ], [ 789284.315196842188016, 6238742.440892791375518 ], [ 789285.100314396899194, 6238743.06050518155098 ], [ 789285.885431954753585, 6238743.680117586627603 ], [ 789286.670549514936283, 6238744.299730003811419 ], [ 789287.455667078262195, 6238744.919342434033751 ], [ 789288.240784643916413, 6238745.538954878225923 ], [ 789288.367059002281167, 6238745.638610227033496 ], [ 789288.907548279385082, 6238746.48015674110502 ], [ 789289.448037550318986, 6238747.32170326821506 ], [ 789289.988526815082878, 6238748.163249806500971 ], [ 789290.529016073327512, 6238749.004796357825398 ], [ 789291.069505325518548, 6238749.846342921257019 ], [ 789291.609994572587311, 6238750.687889497727156 ], [ 789292.150483813369647, 6238751.529436083510518 ], [ 789292.690973047865555, 6238752.370982684195042 ], [ 789293.231462276075035, 6238753.212529296055436 ], [ 789293.771951499162242, 6238754.054075921885669 ], [ 789294.312440714798868, 6238754.895622558891773 ], [ 789294.852929925429635, 6238755.737169208005071 ], [ 789295.393419129773974, 6238756.578715870156884 ], [ 789295.93390832899604, 6238757.420262543484569 ], [ 789296.474397520767525, 6238758.261809229850769 ], [ 789297.01488670730032, 6238759.103355926461518 ], [ 789297.555375887779519, 6238759.944902636110783 ], [ 789298.09586506197229, 6238760.786449361592531 ], [ 789298.636354229878634, 6238761.627996096387506 ], [ 789299.176843392662704, 6238762.469542842358351 ], [ 789299.717332547996193, 6238763.311089603230357 ], [ 789300.257821698207408, 6238764.152636375278234 ], [ 789300.798310842132196, 6238764.994183158501983 ], [ 789301.338799981051125, 6238765.835729954764247 ], [ 789301.879289112519473, 6238766.677276764065027 ], [ 789302.419778238749132, 6238767.518823582679033 ], [ 789302.960267358808778, 6238768.360370418056846 ], [ 789303.500756472698413, 6238769.201917262747884 ], [ 789304.041245580185205, 6238770.043464120477438 ], [ 789304.581734682666138, 6238770.885010991245508 ], [ 789305.122223778744228, 6238771.726557873189449 ], [ 789305.662712868768722, 6238772.568104766309261 ], [ 789306.203201952390373, 6238773.409651673398912 ], [ 789306.743691029609181, 6238774.251198591664433 ], [ 789307.284180101938546, 6238775.092745522037148 ], [ 789307.824669167981483, 6238775.934292467311025 ], [ 789308.36515822657384, 6238776.775839423760772 ], [ 789308.90564728109166, 6238777.61738639138639 ], [ 789309.4461363281589, 6238778.458933372050524 ], [ 789309.986625370336697, 6238779.300480363890529 ], [ 789310.527114405063912, 6238780.142027366906404 ], [ 789311.067603434552439, 6238780.983574385754764 ], [ 789311.608092458918691, 6238781.825121413916349 ], [ 789312.148581475950778, 6238782.666668455116451 ], [ 789312.68907048786059, 6238783.508215511217713 ], [ 789313.229559493600391, 6238784.349762577563524 ], [ 789313.770048492820933, 6238785.191309656016529 ], [ 789314.310537485871464, 6238786.032856745645404 ], [ 789314.851026472868398, 6238786.874403849244118 ], [ 789315.391515454510227, 6238787.71595096308738 ], [ 789315.932004429982044, 6238788.557498089969158 ], [ 789316.472493399167433, 6238789.399045230820775 ], [ 789317.012982362182811, 6238790.240592382848263 ], [ 789317.553471319843084, 6238791.082139546051621 ], [ 789318.093960270285606, 6238791.923686724156141 ], [ 789318.634449215605855, 6238792.765233911573887 ], [ 789319.174938154406846, 6238793.606781113892794 ], [ 789319.715427088318393, 6238794.448328325524926 ], [ 789320.255916014895774, 6238795.28987555205822 ], [ 789320.796404936234467, 6238796.131422789767385 ], [ 789321.336893851403147, 6238796.97297003865242 ], [ 789321.877382760168985, 6238797.814517303369939 ], [ 789322.41787166276481, 6238798.656064577400684 ], [ 789322.958360560238361, 6238799.497611864469945 ], [ 789323.49884945130907, 6238800.339159162715077 ], [ 789324.039338336326182, 6238801.180706474930048 ], [ 789324.579827214824036, 6238802.022253798320889 ], [ 789325.120316087268293, 6238802.863801134750247 ], [ 789325.660804954590276, 6238803.705348482355475 ], [ 789326.201293815625831, 6238804.54689584299922 ], [ 789326.741782670258544, 6238805.388443215750158 ], [ 789327.282271518837661, 6238806.229990601539612 ], [ 789327.822760361013934, 6238807.071537996642292 ], [ 789328.363249198067933, 6238807.913085407577455 ], [ 789328.903738028835505, 6238808.754632830619812 ], [ 789329.44422685331665, 6238809.596180262044072 ], [ 789329.984715671744198, 6238810.437727709300816 ], [ 789330.525204483652487, 6238811.279275167733431 ], [ 789331.065693290438503, 6238812.120822640135884 ], [ 789331.606182091170922, 6238812.962370121851563 ], [ 789332.146670885500498, 6238813.803917618468404 ], [ 789332.687159673543647, 6238814.645465126261115 ], [ 789333.227648456580937, 6238815.487012643367052 ], [ 789333.768137232167646, 6238816.328560177236795 ], [ 789334.308626002632082, 6238817.17010772228241 ], [ 789334.849114766693674, 6238818.011655277572572 ], [ 789335.389603525749408, 6238818.853202845901251 ], [ 789335.930092277354561, 6238819.694750430062413 ], [ 789336.470581023953855, 6238820.536298022605479 ], [ 789337.011069764266722, 6238821.37784562818706 ], [ 789337.551558498176746, 6238822.219393244944513 ], [ 789338.092047225916758, 6238823.060940874740481 ], [ 789338.632535948534496, 6238823.902488517574966 ], [ 789339.173024664865807, 6238824.744036172516644 ], [ 789339.713513375027105, 6238825.585583840496838 ], [ 789340.254002078669146, 6238826.427131519652903 ], [ 789340.794490776257589, 6238827.268679210916162 ], [ 789341.334979468607344, 6238828.110226914286613 ], [ 789341.875468154787086, 6238828.951774632558227 ], [ 789342.415956834563985, 6238829.793322359211743 ], [ 789342.956445508170873, 6238830.634870098903775 ], [ 789343.496934175607748, 6238831.476417852565646 ], [ 789344.037422837689519, 6238832.317965617403388 ], [ 789344.577911493717693, 6238833.159513394348323 ], [ 789345.118400143459439, 6238834.001061183400452 ], [ 789345.658888786798343, 6238834.842608985491097 ], [ 789346.199377425247803, 6238835.684156800620258 ], [ 789346.739866056013852, 6238836.525704625993967 ], [ 789347.280354681657627, 6238837.367252465337515 ], [ 789347.820843301247805, 6238838.208800315856934 ], [ 789348.361331914318725, 6238839.050348181277514 ], [ 789348.901820522500202, 6238839.891896055079997 ], [ 789349.442309124395251, 6238840.733443943783641 ], [ 789349.982797720003873, 6238841.574991841800511 ], [ 789350.523286309209652, 6238842.416539754718542 ], [ 789351.063774892245419, 6238843.258087679743767 ], [ 789351.604263470275328, 6238844.099635615944862 ], [ 789352.14475204073824, 6238844.941183566115797 ], [ 789352.685240606078878, 6238845.782731525599957 ], [ 789353.225729166297242, 6238846.6242795009166 ], [ 789353.766217719065025, 6238847.465827487409115 ], [ 789354.306706266943365, 6238848.3073754850775 ], [ 789354.847194807138294, 6238849.148923495784402 ], [ 789355.387683342327364, 6238849.990471518598497 ], [ 789355.928171872394159, 6238850.832019552588463 ], [ 789356.46866039512679, 6238851.673567598685622 ], [ 789357.009148912504315, 6238852.515115659683943 ], [ 789357.549637422664091, 6238853.356663730926812 ], [ 789358.09012592874933, 6238854.198211815208197 ], [ 789358.630614427500404, 6238855.039759911596775 ], [ 789359.171102919848636, 6238855.881308019161224 ], [ 789359.711591407191008, 6238856.72285613976419 ], [ 789360.252079888363369, 6238857.564404273405671 ], [ 789360.792568363249302, 6238858.405952419154346 ], [ 789361.009997382992879, 6238858.744492461904883 ], [ 789361.340540914214216, 6238859.688458595424891 ], [ 789361.67108443332836, 6238860.632424741983414 ], [ 789362.001627942780033, 6238861.576390892267227 ], [ 789362.332171440590173, 6238862.520357050001621 ], [ 789362.662714927457273, 6238863.464323217980564 ], [ 789362.993258403614163, 6238864.408289394341409 ], [ 789363.323801869060844, 6238865.352255579084158 ], [ 789363.654345323797315, 6238866.296221770346165 ], [ 789363.984888766543008, 6238867.240187970921397 ], [ 789364.315432199742645, 6238868.18415417894721 ], [ 789364.645975620951504, 6238869.128120396286249 ], [ 789364.976519031450152, 6238870.072086621075869 ], [ 789365.307062431238592, 6238871.016052855178714 ], [ 789365.637605820200406, 6238871.960019095800817 ], [ 789365.968149198452011, 6238872.903985344804823 ], [ 789366.298692565993406, 6238873.847951604053378 ], [ 789366.629235921544023, 6238874.791917869821191 ], [ 789366.959779267432168, 6238875.735884143970907 ], [ 789367.290322601562366, 6238876.679850427433848 ], [ 789367.620865924865939, 6238877.623816718347371 ], [ 789367.951409237459302, 6238878.567783016711473 ], [ 789368.28195253922604, 6238879.511749326251447 ], [ 789368.612495829118416, 6238880.455715640448034 ], [ 789368.94303910958115, 6238881.399681964889169 ], [ 789369.273582377936691, 6238882.343648296780884 ], [ 789369.604125635465607, 6238883.28761463612318 ], [ 789369.934668883564882, 6238884.231580985710025 ], [ 789370.265212119789794, 6238885.175547340884805 ], [ 789370.595755344023928, 6238886.119513707235456 ], [ 789370.92629855859559, 6238887.063480080105364 ], [ 789371.256841762457043, 6238888.007446460425854 ], [ 789371.587384954560548, 6238888.951412852853537 ], [ 789371.917928135721013, 6238889.89537924900651 ], [ 789372.248471306171268, 6238890.839345655404031 ], [ 789372.579014465911314, 6238891.783312070183456 ], [ 789372.909557614708319, 6238892.727278491482139 ], [ 789373.240100753027946, 6238893.671244921162724 ], [ 789373.570643880520947, 6238894.615211362019181 ], [ 789373.901186995906755, 6238895.559177808463573 ], [ 789374.231730100698769, 6238896.503144266083837 ], [ 789374.562273195944726, 6238897.44711072742939 ], [ 789374.892816279199906, 6238898.391077198088169 ], [ 789375.223359350580722, 6238899.335043678991497 ], [ 789375.553902412299067, 6238900.279010168276727 ], [ 789375.884445463307202, 6238901.222976664081216 ], [ 789376.214988502440974, 6238902.166943170130253 ], [ 789376.54553153202869, 6238903.110909681767225 ], [ 789376.876074549509212, 6238904.054876203648746 ], [ 789377.206617556512356, 6238904.998842732980847 ], [ 789377.537160552456044, 6238905.942809268832207 ], [ 789377.867703537922353, 6238906.886775815859437 ], [ 789378.198246511281468, 6238907.830742370337248 ], [ 789378.528789475094527, 6238908.774708932265639 ], [ 789378.859332427033223, 6238909.718675501644611 ], [ 789379.189875368145294, 6238910.662642082199454 ], [ 789379.520418298547156, 6238911.606608669273555 ], [ 789379.850961218238808, 6238912.550575264729559 ], [ 789380.181504127103835, 6238913.494541867636144 ], [ 789380.512047025142238, 6238914.438508479855955 ], [ 789380.842589911422692, 6238915.382475100457668 ], [ 789381.173132788157091, 6238916.32644172757864 ], [ 789381.503675652900711, 6238917.270408362150192 ], [ 789381.834218506817706, 6238918.214375007897615 ], [ 789382.164761350024492, 6238919.158341660164297 ], [ 789382.495304182404652, 6238920.102308320812881 ], [ 789382.825847004074603, 6238921.046274991706014 ], [ 789383.156389813986607, 6238921.990241669118404 ], [ 789383.486932614119723, 6238922.934208353981376 ], [ 789383.817475402262062, 6238923.878175048157573 ], [ 789384.148018179927021, 6238924.822141748853028 ], [ 789384.478560946532525, 6238925.766108460724354 ], [ 789384.80910370266065, 6238926.710075179114938 ], [ 789385.13964644796215, 6238927.654041905887425 ], [ 789385.470189181272872, 6238928.598008640110493 ], [ 789385.800731905037537, 6238929.541975384578109 ], [ 789386.131274616811424, 6238930.485942133702338 ], [ 789386.461817319039255, 6238931.429908895865083 ], [ 789386.792360009392723, 6238932.373875661753118 ], [ 789387.122902687871829, 6238933.317842438817024 ], [ 789387.453445356688462, 6238934.261809222400188 ], [ 789387.783988014794886, 6238935.205776016227901 ], [ 789388.114530660910532, 6238936.149742816574872 ], [ 789388.445073297480121, 6238937.093709626235068 ], [ 789388.775615921942517, 6238938.037676442414522 ], [ 789389.106158535927534, 6238938.981643267907202 ], [ 789389.436701138969511, 6238939.925610101781785 ], [ 789389.767243731301278, 6238940.869576942175627 ], [ 789390.097786313155666, 6238941.813543793745339 ], [ 789390.428328882786445, 6238942.757510651834309 ], [ 789390.758871442871168, 6238943.70147751737386 ], [ 789391.089413991081528, 6238944.645444394089282 ], [ 789391.419956528581679, 6238945.589411275461316 ], [ 789391.750499055138789, 6238946.533378167077899 ], [ 789392.08104157098569, 6238947.477345067076385 ], [ 789392.411584076238796, 6238948.421311974525452 ], [ 789392.742126569384709, 6238949.365278890356421 ], [ 789393.072669052984565, 6238950.309245814569294 ], [ 789393.40321152494289, 6238951.253212746232748 ], [ 789393.733753985958174, 6238952.197179687209427 ], [ 789394.064296436030418, 6238953.141146635636687 ], [ 789394.394838875625283, 6238954.085113593377173 ], [ 789394.725381304277107, 6238955.029080557636917 ], [ 789395.055923722218722, 6238955.973047532141209 ], [ 789395.386466128285974, 6238956.917014513164759 ], [ 789395.717008524690755, 6238957.860981504432857 ], [ 789396.047550909221172, 6238958.804948501288891 ], [ 789396.246072626672685, 6238959.371889279223979 ], [ 789396.726362790679559, 6238960.249188166111708 ], [ 789397.206652945489623, 6238961.126487062312663 ], [ 789397.686943093547598, 6238962.003785973414779 ], [ 789398.167233232408762, 6238962.881084891967475 ], [ 789398.647523365681991, 6238963.758383825421333 ], [ 789399.127813489874825, 6238964.63568276911974 ], [ 789399.608103607431985, 6238965.512981722131371 ], [ 789400.08839371567592, 6238966.39028068818152 ], [ 789400.568683817284182, 6238967.267579665407538 ], [ 789401.048973911907524, 6238968.144878653809428 ], [ 789401.529263997683302, 6238969.022177652455866 ], [ 789402.00955407647416, 6238969.899476664140821 ], [ 789402.489844147348776, 6238970.776775686070323 ], [ 789402.970134210423566, 6238971.654074719175696 ], [ 789403.450424265349284, 6238972.531373764388263 ], [ 789403.930714313639328, 6238973.408672819845378 ], [ 789404.41100435401313, 6238974.285971887409687 ], [ 789404.89129438623786, 6238975.163270966149867 ], [ 789405.371584410779178, 6238976.04057005699724 ], [ 789405.851874427171424, 6238976.917869158089161 ], [ 789406.332164436811581, 6238977.795168270356953 ], [ 789406.812454438535497, 6238978.672467394731939 ], [ 789407.29274443234317, 6238979.549766530282795 ], [ 789407.773034419398755, 6238980.4270656760782 ], [ 789408.253324397373945, 6238981.304364834912121 ], [ 789408.73361436848063, 6238982.181664003059268 ], [ 789409.213904331671074, 6238983.058963184244931 ], [ 789409.694194286945276, 6238983.936262375675142 ], [ 789410.174484235350974, 6238984.813561577349901 ], [ 789410.65477417584043, 6238985.690860792994499 ], [ 789411.135064108297229, 6238986.568160017021 ], [ 789411.615354032954201, 6238987.445459255948663 ], [ 789412.095643949694932, 6238988.322758503258228 ], [ 789412.575933859567158, 6238989.20005776360631 ], [ 789413.056223761523142, 6238990.07735703419894 ], [ 789413.53651365544647, 6238990.954656315967441 ], [ 789414.016803541569971, 6238991.831955608911812 ], [ 789414.497093420824967, 6238992.709254913032055 ], [ 789414.977383292280138, 6238993.586554229259491 ], [ 789415.45767315546982, 6238994.463853556662798 ], [ 789415.937963010976091, 6238995.341152896173298 ], [ 789416.418252859730273, 6238996.21845224685967 ], [ 789416.89854269917123, 6238997.095751607790589 ], [ 789417.378832531976514, 6238997.973050978034735 ], [ 789417.85912235674914, 6238998.850350363180041 ], [ 789418.339412174886093, 6238999.727649757638574 ], [ 789418.819701983593404, 6239000.604949165135622 ], [ 789419.299991786014289, 6239001.482248582877219 ], [ 789419.78028158005327, 6239002.359548011794686 ], [ 789420.260571367456578, 6239003.236847451888025 ], [ 789420.74086114577949, 6239004.114146905019879 ], [ 789421.221150917233899, 6239004.991446366533637 ], [ 789421.701440680888481, 6239005.868745841085911 ], [ 789422.181730436393991, 6239006.746045327745378 ], [ 789422.662020184099674, 6239007.623344822786748 ], [ 789423.142309925053269, 6239008.500644329935312 ], [ 789423.622599657974206, 6239009.377943850122392 ], [ 789424.102889382978901, 6239010.255243381485343 ], [ 789424.583179101231508, 6239011.132542924955487 ], [ 789425.06346881040372, 6239012.009842477738857 ], [ 789425.543758512707427, 6239012.887142042629421 ], [ 789426.024048207094893, 6239013.764441617764533 ], [ 789426.504337893566117, 6239014.641741205006838 ], [ 789426.984627573052421, 6239015.519040804356337 ], [ 789427.464917243691161, 6239016.396340413950384 ], [ 789427.945206907344982, 6239017.273640034720302 ], [ 789428.425496564479545, 6239018.150939667597413 ], [ 789428.905786212300882, 6239019.02823930978775 ], [ 789429.38607585337013, 6239019.905538965947926 ], [ 789429.866365486639552, 6239020.782838634215295 ], [ 789430.346655111643486, 6239021.660138309933245 ], [ 789430.826944729080424, 6239022.537438000552356 ], [ 789431.307234338251874, 6239023.41473769955337 ], [ 789431.787523940671235, 6239024.292037410661578 ], [ 789432.26781353529077, 6239025.169337133876979 ], [ 789432.748103121994063, 6239026.046636868268251 ], [ 789433.228392701828852, 6239026.923936612904072 ], [ 789433.708682273747399, 6239027.801236372441053 ], [ 789434.188971836352721, 6239028.678536139428616 ], [ 789434.669261393602937, 6239029.555835917592049 ], [ 789435.149550941539928, 6239030.433135708793998 ], [ 789435.629840482724831, 6239031.310435511171818 ], [ 789436.110130015062168, 6239032.187735324725509 ], [ 789436.590419540414587, 6239033.065035148523748 ], [ 789437.070709058898501, 6239033.942334985360503 ], [ 789437.55099856830202, 6239034.819634831510484 ], [ 789438.031288071069866, 6239035.696934688836336 ], [ 789438.511577565921471, 6239036.574234561063349 ], [ 789438.991867052624002, 6239037.451534440740943 ], [ 789439.472156532574445, 6239038.328834335319698 ], [ 789439.952446003444493, 6239039.206134238280356 ], [ 789440.432735467678867, 6239040.083434153348207 ], [ 789440.913024923764169, 6239040.960734078660607 ], [ 789441.393314373213798, 6239041.838034015148878 ], [ 789441.873603813350201, 6239042.715333964675665 ], [ 789442.353893246967345, 6239043.592633925378323 ], [ 789442.834182672319002, 6239044.469933895394206 ], [ 789443.314472089987248, 6239045.347233880311251 ], [ 789443.79476150078699, 6239046.224533874541521 ], [ 789444.275050903554074, 6239047.101833879947662 ], [ 789444.755340298521332, 6239047.979133897460997 ], [ 789445.235629685455933, 6239048.856433923356235 ], [ 789445.715919064590707, 6239049.733733963221312 ], [ 789446.196208436740562, 6239050.611034015193582 ], [ 789446.676497800974175, 6239051.488334076479077 ], [ 789447.156787157291546, 6239052.365634148940444 ], [ 789447.63707650557626, 6239053.242934233509004 ], [ 789448.117365847225301, 6239054.12023433111608 ], [ 789448.597655179677531, 6239054.99753443710506 ], [ 789449.077944505261257, 6239055.874834555201232 ], [ 789449.558233824325725, 6239056.752134684473276 ], [ 789450.038523134076968, 6239057.629434827715158 ], [ 789450.518812437076122, 6239058.506734978407621 ], [ 789450.999101732159033, 6239059.384035141207278 ], [ 789451.479391019092873, 6239060.26133531704545 ], [ 789451.959680298343301, 6239061.138635503128171 ], [ 789452.43996957060881, 6239062.015935700386763 ], [ 789452.920258835190907, 6239062.89323591068387 ], [ 789453.400548091623932, 6239063.770536131225526 ], [ 789453.880837340140715, 6239064.647836361080408 ], [ 789454.36112658190541, 6239065.525136604905128 ], [ 789454.841415814356878, 6239066.402436858043075 ], [ 789455.321705040289089, 6239067.279737124219537 ], [ 789455.801994259352796, 6239068.15703740157187 ], [ 789456.282283469219692, 6239069.034337688237429 ], [ 789456.762572672450915, 6239069.911637987941504 ], [ 789457.242861867649481, 6239070.788938298821449 ], [ 789457.723151054931805, 6239071.666238620877266 ], [ 789458.203440234065056, 6239072.543538954108953 ], [ 789458.683729406679049, 6239073.420839297585189 ], [ 789459.16401857114397, 6239074.298139654099941 ], [ 789459.644307727809064, 6239075.175440020859241 ], [ 789460.124596876441501, 6239076.052740398794413 ], [ 789460.604886018438265, 6239076.9300407897681 ], [ 789461.085175151005387, 6239077.807341190055013 ], [ 789461.565464277053252, 6239078.684641603380442 ], [ 789462.045753396349028, 6239079.561942026950419 ], [ 789462.526042506331578, 6239080.439242461696267 ], [ 789463.006331609562039, 6239081.316542907617986 ], [ 789463.486620704992674, 6239082.193843364715576 ], [ 789463.966909792390652, 6239083.07114383392036 ], [ 789464.447198871755973, 6239083.948444313369691 ], [ 789464.92748794448562, 6239084.825744805857539 ], [ 789465.407777009299025, 6239085.703045307658613 ], [ 789465.888066066079773, 6239086.58034582156688 ], [ 789466.368355114827864, 6239087.457646345719695 ], [ 789466.848644156707451, 6239088.334946883842349 ], [ 789467.328933190787211, 6239089.212247433140874 ], [ 789467.809222216950729, 6239090.089547991752625 ], [ 789468.289511235198006, 6239090.966848562471569 ], [ 789468.76980024529621, 6239091.844149142503738 ], [ 789469.250089248875156, 6239092.721449738368392 ], [ 789469.730378244188614, 6239093.598750341683626 ], [ 789470.173567351652309, 6239094.40828394703567 ], [ 789470.884977407520637, 6239095.111298620700836 ], [ 789471.596387462923303, 6239095.814313307404518 ], [ 789472.307797517860308, 6239096.517328006215394 ], [ 789473.019207572680898, 6239097.220342718996108 ], [ 789473.730617627035826, 6239097.92335744574666 ], [ 789474.442027682205662, 6239098.626372186467052 ], [ 789475.153437735978514, 6239099.329386940225959 ], [ 789475.864847790449858, 6239100.032401708886027 ], [ 789476.576257844688371, 6239100.735416490584612 ], [ 789477.287667898461223, 6239101.438431287184358 ], [ 789477.999077952001244, 6239102.141446094959974 ], [ 789478.710488005075604, 6239102.844460917636752 ], [ 789479.421898057917133, 6239103.547475755214691 ], [ 789480.133308110293001, 6239104.250490603968501 ], [ 789480.844718163600191, 6239104.95350546669215 ], [ 789481.556128215510398, 6239105.656520344316959 ], [ 789482.267538267886266, 6239106.359535234048963 ], [ 789482.978948318981566, 6239107.062550138682127 ], [ 789483.690358371008188, 6239107.765565059147775 ], [ 789484.401768422452733, 6239108.468579990789294 ], [ 789485.113178473780863, 6239109.171594935469329 ], [ 789485.824588524526916, 6239109.874609895050526 ], [ 789486.535998576320708, 6239110.577624868601561 ], [ 789487.247408626484685, 6239111.280639854259789 ], [ 789487.958818676299416, 6239111.983654854819179 ], [ 789488.670228726929054, 6239112.686669869348407 ], [ 789489.381638777209446, 6239113.389684897847474 ], [ 789490.093048827257007, 6239114.092699937522411 ], [ 789490.804458875674754, 6239114.795714993029833 ], [ 789491.515868926187977, 6239115.49873006157577 ], [ 789492.227278975071386, 6239116.201745143160224 ], [ 789492.938689023605548, 6239116.904760239645839 ], [ 789493.65009907190688, 6239117.60777534916997 ], [ 789494.361509121023118, 6239118.310790471732616 ], [ 789495.072919168509543, 6239119.01380561105907 ], [ 789495.78432921692729, 6239119.716820759698749 ], [ 789496.495739264879376, 6239120.419835924170911 ], [ 789497.207149311550893, 6239121.122851103544235 ], [ 789497.918559358804487, 6239121.825866293162107 ], [ 789498.62996940582525, 6239122.528881497681141 ], [ 789499.34137945366092, 6239123.231896718032658 ], [ 789500.052789499983191, 6239123.934911949560046 ], [ 789500.764199545839801, 6239124.637927196919918 ], [ 789501.475609592627734, 6239125.340942455455661 ], [ 789502.187019638018683, 6239126.043957729823887 ], [ 789502.898429683991708, 6239126.74697301723063 ], [ 789503.609839729731902, 6239127.449988317675889 ], [ 789504.321249775122851, 6239128.153003633022308 ], [ 789505.032659820280969, 6239128.856018961407244 ], [ 789505.744069864973426, 6239129.559034302830696 ], [ 789506.455479909316637, 6239130.262049659155309 ], [ 789507.16688995459117, 6239130.965065028518438 ], [ 789507.878299998235889, 6239131.668080409988761 ], [ 789508.589710042695515, 6239132.371095807291567 ], [ 789509.301120087038726, 6239133.07411121763289 ], [ 789510.012530129519291, 6239133.777126641944051 ], [ 789510.723940172931179, 6239134.480142079293728 ], [ 789511.435350216110237, 6239135.183157529681921 ], [ 789512.146760258940049, 6239135.886172994971275 ], [ 789512.858170302468352, 6239136.589188473299146 ], [ 789513.569580344483256, 6239137.292203962802887 ], [ 789514.280990386148915, 6239137.995219469070435 ], [ 789514.992400428745896, 6239138.698234990239143 ], [ 789515.703810471110046, 6239139.401250523515046 ], [ 789516.415220511611551, 6239140.104266070760787 ], [ 789517.126630553277209, 6239140.807281631976366 ], [ 789517.838040594477206, 6239141.510297205299139 ], [ 789518.549450635211542, 6239142.213312792591751 ], [ 789519.260860676877201, 6239142.916328393854201 ], [ 789519.972270717145875, 6239143.619344010017812 ], [ 789520.683680756716058, 6239144.322359637357295 ], [ 789521.395090797333978, 6239145.025375281460583 ], [ 789522.106500836322084, 6239145.72839093580842 ], [ 789522.817910876357928, 6239146.431406606920063 ], [ 789523.52932091592811, 6239147.134422289207578 ], [ 789524.240730955265462, 6239147.837437987327576 ], [ 789524.952140994137153, 6239148.54045369848609 ], [ 789525.663551032659598, 6239149.243469423614442 ], [ 789526.374961070716381, 6239149.946485160849988 ], [ 789527.086371109820902, 6239150.649500913918018 ], [ 789527.797781147295609, 6239151.352516676299274 ], [ 789528.509191185701638, 6239152.055532457306981 ], [ 789529.220601223642007, 6239152.758548250421882 ], [ 789529.932011261349544, 6239153.461564056575298 ], [ 789530.643421298475005, 6239154.164579875767231 ], [ 789531.354831335367635, 6239154.867595709860325 ], [ 789532.066241371911019, 6239155.570611556991935 ], [ 789532.777651408221573, 6239156.273627419024706 ], [ 789533.489061444066465, 6239156.97664329316467 ], [ 789534.200471480726264, 6239157.679659180343151 ], [ 789534.911881517153233, 6239158.382675083354115 ], [ 789535.623291551950388, 6239159.085690999403596 ], [ 789536.334701587678865, 6239159.788706928491592 ], [ 789537.046111623058096, 6239160.491722870618105 ], [ 789537.757521657971665, 6239161.194738827645779 ], [ 789538.468931692652404, 6239161.897754798643291 ], [ 789539.180341726867482, 6239162.600770783610642 ], [ 789539.891751762013882, 6239163.303786779753864 ], [ 789540.246609775815159, 6239163.654457775875926 ], [ 789540.993986222427338, 6239164.319111223332584 ], [ 789541.741362669272348, 6239164.983764687553048 ], [ 789542.488739117630757, 6239165.648418162949383 ], [ 789543.236115567618981, 6239166.31307165324688 ], [ 789543.983492017840035, 6239166.977725155651569 ], [ 789544.730868469690904, 6239167.64237867295742 ], [ 789545.478244923055172, 6239168.307032203301787 ], [ 789546.225621376885101, 6239168.97168574668467 ], [ 789546.972997833392583, 6239169.636339305900037 ], [ 789547.720374290365726, 6239170.300992876291275 ], [ 789548.467750747455284, 6239170.965646460652351 ], [ 789549.21512720733881, 6239171.630300059914589 ], [ 789549.962503667687997, 6239172.294953672215343 ], [ 789550.709880129434168, 6239172.959607297554612 ], [ 789551.457256591646001, 6239173.624260937795043 ], [ 789552.204633056535386, 6239174.28891459107399 ], [ 789552.952009521890432, 6239174.95356825646013 ], [ 789553.699385988642462, 6239175.618221935816109 ], [ 789554.446762455860153, 6239176.282875631004572 ], [ 789555.194138924591243, 6239176.947529338300228 ], [ 789555.941515394952148, 6239177.612183059565723 ], [ 789556.688891866710037, 6239178.276836793869734 ], [ 789557.436268338817172, 6239178.941490542143583 ], [ 789558.183644812554121, 6239179.606144303455949 ], [ 789558.931021287804469, 6239180.270798079669476 ], [ 789559.678397764451802, 6239180.935451868921518 ], [ 789560.425774241681211, 6239181.600105671212077 ], [ 789561.173150720424019, 6239182.264759488403797 ], [ 789561.920527200563811, 6239182.929413316771388 ], [ 789562.667903681169264, 6239183.594067160971463 ], [ 789563.41528016445227, 6239184.258721018210053 ], [ 789564.162656648200937, 6239184.923374890349805 ], [ 789564.910033132066019, 6239185.588028771802783 ], [ 789565.657409618841484, 6239186.25268267095089 ], [ 789566.404786106082611, 6239186.917336583137512 ], [ 789567.152162594604306, 6239187.581990508362651 ], [ 789567.899539083708078, 6239188.246644446626306 ], [ 789568.646915574325249, 6239188.911298399791121 ], [ 789569.394292066339403, 6239189.575952365994453 ], [ 789570.141668559983373, 6239190.240606345236301 ], [ 789570.889045053860173, 6239190.905260337516665 ], [ 789571.636421550647356, 6239191.569914343766868 ], [ 789572.383798047667369, 6239192.234568365849555 ], [ 789573.131174545036629, 6239192.899222400039434 ], [ 789573.878551044152118, 6239193.563876446336508 ], [ 789574.625927545828745, 6239194.228530508466065 ], [ 789575.373304046690464, 6239194.893184583634138 ], [ 789576.120680550229736, 6239195.557838671840727 ], [ 789576.868057054234669, 6239196.222492774948478 ], [ 789577.615433559753001, 6239196.887146891094744 ], [ 789578.362810066668317, 6239197.551801018416882 ], [ 789579.110186574282125, 6239198.216455161571503 ], [ 789579.857563083176501, 6239198.881109319627285 ], [ 789580.604939593467861, 6239199.545763488858938 ], [ 789581.352316105738282, 6239200.210417672991753 ], [ 789582.099692618008703, 6239200.875071870163083 ], [ 789582.847069131908938, 6239201.53972608037293 ], [ 789583.594445647322573, 6239202.204380305483937 ], [ 789584.341822163201869, 6239202.869034543633461 ], [ 789585.089198681758717, 6239203.533688794821501 ], [ 789585.836575200548396, 6239204.198343060910702 ], [ 789586.583951719803736, 6239204.862997340038419 ], [ 789587.331328241853043, 6239205.527651634067297 ], [ 789588.078704764135182, 6239206.192305939272046 ], [ 789588.826081288047135, 6239206.856960259377956 ], [ 789589.573457812424749, 6239207.521614593453705 ], [ 789590.320834339247085, 6239208.18626894056797 ], [ 789591.068210866535082, 6239208.850923301652074 ], [ 789591.815587394288741, 6239209.515577675774693 ], [ 789592.562963924603537, 6239210.180232062935829 ], [ 789593.310340455383994, 6239210.844886464998126 ], [ 789594.05771698767785, 6239211.509540879167616 ], [ 789594.805093521485105, 6239212.17419530916959 ], [ 789595.552470055641606, 6239212.838849749416113 ], [ 789596.299846591427922, 6239213.503504208289087 ], [ 789597.047223128727637, 6239214.168158677406609 ], [ 789597.794599667424336, 6239214.83281316049397 ], [ 789598.541976206703112, 6239215.497467657551169 ], [ 789599.289352747378871, 6239216.162122167646885 ], [ 789600.036729289684445, 6239216.826776691712439 ], [ 789600.784105832222849, 6239217.491431228816509 ], [ 789601.531482376391068, 6239218.156085779890418 ], [ 789602.278858922189102, 6239218.820740344002843 ], [ 789603.026235469267704, 6239219.485394923947752 ], [ 789603.773612016928382, 6239220.150049515999854 ], [ 789604.52098856610246, 6239220.814704122021794 ], [ 789605.268365116673522, 6239221.479358742013574 ], [ 789606.015741668874398, 6239222.144013373181224 ], [ 789606.76311822142452, 6239222.808668020181358 ], [ 789607.510494775604457, 6239223.473322680220008 ], [ 789608.257871331181377, 6239224.137977354228497 ], [ 789609.005247887223959, 6239224.802632041275501 ], [ 789609.752624444663525, 6239225.467286742292345 ], [ 789610.500001003732905, 6239226.131941457279027 ], [ 789611.247377564432099, 6239226.796596186235547 ], [ 789611.994754125364125, 6239227.461250926367939 ], [ 789612.742130687925965, 6239228.125905683264136 ], [ 789613.489507251884788, 6239228.790560450404882 ], [ 789614.236883817589842, 6239229.45521523617208 ], [ 789614.984260383527726, 6239230.119870031252503 ], [ 789615.731636950979009, 6239230.784524839371443 ], [ 789616.479013518895954, 6239231.449179664254189 ], [ 789617.226390089490451, 6239232.11383450217545 ], [ 789617.973766660317779, 6239232.778489351272583 ], [ 789618.721143232891336, 6239233.443144218064845 ], [ 789619.468519806745462, 6239234.107799094170332 ], [ 789620.215896381181665, 6239234.772453986108303 ], [ 789620.963272957014851, 6239235.43710889108479 ], [ 789621.710649534594268, 6239236.101763810962439 ], [ 789622.458026112290099, 6239236.766418743878603 ], [ 789623.205402692896314, 6239237.431073687970638 ], [ 789623.952779273735359, 6239238.09572864882648 ], [ 789624.700155854923651, 6239238.760383620858192 ], [ 789625.44753243890591, 6239239.425038607791066 ], [ 789626.19490902335383, 6239240.089693608693779 ], [ 789626.942285609082319, 6239240.754348624497652 ], [ 789627.689662195276469, 6239241.419003652408719 ], [ 789628.437038784148172, 6239242.08365869242698 ], [ 789629.184415373485535, 6239242.748313747346401 ], [ 789629.931791964452714, 6239243.412968815304339 ], [ 789630.679168555419892, 6239244.077623898163438 ], [ 789631.426545148249716, 6239244.742278994992375 ], [ 789632.173921742476523, 6239245.406934102997184 ], [ 789632.921298338333145, 6239246.071589225903153 ], [ 789633.668674935586751, 6239246.736244361847639 ], [ 789634.416051533306018, 6239247.400899511761963 ], [ 789635.163428132538684, 6239248.065554677508771 ], [ 789635.910804732004181, 6239248.730209852568805 ], [ 789636.658181334496476, 6239249.394865045323968 ], [ 789637.405557936988771, 6239250.059520250186324 ], [ 789638.152934540179558, 6239250.724175468087196 ], [ 789638.900311145931482, 6239251.38883070088923 ], [ 789639.647687752032652, 6239252.053485945798457 ], [ 789640.395064359530807, 6239252.718141205608845 ], [ 789640.8446447547758, 6239253.117961021140218 ], [ 789641.408503981307149, 6239253.94403680972755 ], [ 789641.972363203531131, 6239254.770112609490752 ], [ 789642.536222418770194, 6239255.596188424155116 ], [ 789643.10008162970189, 6239256.422264251857996 ], [ 789643.663940836209804, 6239257.248340090736747 ], [ 789644.227800035732798, 6239258.074415942654014 ], [ 789644.791659230832011, 6239258.900491805747151 ], [ 789645.355518420226872, 6239259.726567681878805 ], [ 789645.919377605314367, 6239260.552643571048975 ], [ 789646.483236783416942, 6239261.378719473257661 ], [ 789647.04709595721215, 6239262.204795388504863 ], [ 789647.610955126350746, 6239263.030871314927936 ], [ 789648.174814288970083, 6239263.856947254389524 ], [ 789648.738673446932808, 6239264.683023206889629 ], [ 789649.302532599074766, 6239265.50909917242825 ], [ 789649.86639174586162, 6239266.335175149142742 ], [ 789650.430250887991861, 6239267.16125113889575 ], [ 789650.994110023370013, 6239267.987327139824629 ], [ 789651.557969154324383, 6239268.813403156585991 ], [ 789652.121828280738555, 6239269.639479183591902 ], [ 789652.685687400400639, 6239270.465555225498974 ], [ 789653.24954651563894, 6239271.291631277650595 ], [ 789653.813405625056475, 6239272.117707342840731 ], [ 789654.377264730166644, 6239272.943783421069384 ], [ 789654.941123828291893, 6239273.769859512336552 ], [ 789655.50498292199336, 6239274.595935614779592 ], [ 789656.068842010106891, 6239275.422011728398502 ], [ 789656.632701093796641, 6239276.248087858781219 ], [ 789657.196560171782039, 6239277.074163999408484 ], [ 789657.760419244179502, 6239277.900240153074265 ], [ 789658.324278310872614, 6239278.726316319778562 ], [ 789658.888137371977791, 6239279.552392498590052 ], [ 789659.45199642854277, 6239280.378468690440059 ], [ 789660.015855479519814, 6239281.204544893465936 ], [ 789660.579714524792507, 6239282.03062110953033 ], [ 789661.143573565641418, 6239282.856697337701917 ], [ 789661.707432600785978, 6239283.682773580774665 ], [ 789662.271291630342603, 6239284.508849834091961 ], [ 789662.835150654194877, 6239285.334926101379097 ], [ 789663.399009673623368, 6239286.161002380773425 ], [ 789663.962868687463924, 6239286.987078674137592 ], [ 789664.526727695483714, 6239287.813154975883663 ], [ 789665.0905866981484, 6239288.639231293462217 ], [ 789665.654445696040057, 6239289.465307623147964 ], [ 789666.218304688460194, 6239290.291383966803551 ], [ 789666.78216367517598, 6239291.117460321635008 ], [ 789667.346022657351568, 6239291.943536689504981 ], [ 789667.909881634172052, 6239292.76961306668818 ], [ 789668.473740604938939, 6239293.595689459703863 ], [ 789669.037599570350721, 6239294.421765865758061 ], [ 789669.601458529941738, 6239295.247842283919454 ], [ 789670.165317485108972, 6239296.073918713256717 ], [ 789670.72917643468827, 6239296.899995157495141 ], [ 789671.293035379843786, 6239297.726071612909436 ], [ 789671.856894318130799, 6239298.552148081362247 ], [ 789672.420753251877613, 6239299.37822456099093 ], [ 789672.984612180036493, 6239300.204301053658128 ], [ 789673.548471103655174, 6239301.030377559363842 ], [ 789674.112330020638183, 6239301.856454078108072 ], [ 789674.676188932964578, 6239302.682530608028173 ], [ 789675.240047840867192, 6239303.508607152849436 ], [ 789675.803906742017716, 6239304.334683707915246 ], [ 789676.367765638744459, 6239305.160760277882218 ], [ 789676.931624529650435, 6239305.986836859956384 ], [ 789677.495483414968476, 6239306.81291345320642 ], [ 789678.059342295862734, 6239307.638990059494972 ], [ 789678.623201170936227, 6239308.465066676959395 ], [ 789679.187060040654615, 6239309.291143310256302 ], [ 789679.750918904552236, 6239310.117219952866435 ], [ 789680.314777764026076, 6239310.943296610377729 ], [ 789680.87863661791198, 6239311.769373281858861 ], [ 789681.442495465977117, 6239312.595449961721897 ], [ 789682.00635430845432, 6239313.421526657417417 ], [ 789682.57021314650774, 6239314.247603364288807 ], [ 789683.134071978740394, 6239315.073680084198713 ], [ 789683.697930805617943, 6239315.899756815284491 ], [ 789684.26178962783888, 6239316.725833561271429 ], [ 789684.825648443307728, 6239317.551910319365561 ], [ 789685.389507255516946, 6239318.377987087704241 ], [ 789685.953366060857661, 6239319.204063871875405 ], [ 789686.51722486061044, 6239320.03014066722244 ], [ 789687.081083655823022, 6239320.856217473745346 ], [ 789687.644942445214838, 6239321.682294295169413 ], [ 789688.208801230415702, 6239322.508371127769351 ], [ 789688.772660008631647, 6239323.334447974339128 ], [ 789688.987480306765065, 6239323.649168757721782 ], [ 789689.760824565542862, 6239324.283422932960093 ], [ 789690.534168825717643, 6239324.917677123099566 ], [ 789691.30751308822073, 6239325.551931325346231 ], [ 789692.080857353284955, 6239326.186185542494059 ], [ 789692.854201619513333, 6239326.820439771749079 ], [ 789693.627545889467001, 6239327.454694014042616 ], [ 789694.400890160584822, 6239328.088948270305991 ], [ 789695.174234434263781, 6239328.723202539607882 ], [ 789695.947578710620292, 6239329.35745682567358 ], [ 789696.720922989072278, 6239329.991711121052504 ], [ 789697.494267270201817, 6239330.625965433195233 ], [ 789698.267611553659663, 6239331.260219755582511 ], [ 789699.040955838630907, 6239331.894474092870951 ], [ 789699.814300127211027, 6239332.528728445060551 ], [ 789700.5876444169553, 6239333.162982810288668 ], [ 789701.360988709377125, 6239333.797237186692655 ], [ 789702.134333004010841, 6239334.431491579860449 ], [ 789702.907677301205695, 6239335.065745983272791 ], [ 789703.681021600728855, 6239335.700000401586294 ], [ 789704.454365901765414, 6239336.334254834800959 ], [ 789705.227710206410848, 6239336.968509281054139 ], [ 789706.00105451210402, 6239337.602763738483191 ], [ 789706.774398820591159, 6239338.237018210813403 ], [ 789707.54774313129019, 6239338.871272696182132 ], [ 789708.321087444550358, 6239339.505527193658054 ], [ 789709.094431760371663, 6239340.13978170696646 ], [ 789709.867776077357121, 6239340.774036232382059 ], [ 789710.641120398184285, 6239341.40829077269882 ], [ 789711.414464720059186, 6239342.042545324191451 ], [ 789712.187809044495225, 6239342.676799892447889 ], [ 789712.961153371375985, 6239343.31105447281152 ], [ 789713.734497700701468, 6239343.945309065282345 ], [ 789714.507842032588087, 6239344.579563673585653 ], [ 789715.281186365755275, 6239345.213818293996155 ], [ 789716.054530702531338, 6239345.848072925582528 ], [ 789716.827875040471554, 6239346.482327573932707 ], [ 789717.601219380972907, 6239347.116582235321403 ], [ 789718.374563724035397, 6239347.750836908817291 ], [ 789719.147908069426194, 6239348.385091597214341 ], [ 789719.921252417378128, 6239349.019346298649907 ], [ 789720.694596766494215, 6239349.653601013123989 ], [ 789721.467941119335592, 6239350.287855740636587 ], [ 789722.241285473341122, 6239350.922110483050346 ], [ 789723.01462983014062, 6239351.556365238502622 ], [ 789723.787974189035594, 6239352.190620005130768 ], [ 789724.561318550724536, 6239352.82487478852272 ], [ 789725.334662914741784, 6239353.459129584953189 ], [ 789726.108007280039601, 6239354.093384392559528 ], [ 789726.881351648946293, 6239354.727639215067029 ], [ 789727.654696019133553, 6239355.361894050613046 ], [ 789728.428040391765535, 6239355.996148899197578 ], [ 789729.201384766842239, 6239356.63040376175195 ], [ 789729.974729144480079, 6239357.26465863827616 ], [ 789730.748073524562642, 6239357.898913527838886 ], [ 789731.521417905925773, 6239358.53316843137145 ], [ 789732.294762291014194, 6239359.167423348873854 ], [ 789733.068106677150354, 6239359.801678279414773 ], [ 789733.841451066080481, 6239360.435933222994208 ], [ 789734.614795457106084, 6239361.07018817961216 ], [ 789735.388139851042069, 6239361.704443151131272 ], [ 789736.161484247189946, 6239362.338698134757578 ], [ 789736.934828645782545, 6239362.9729531314224 ], [ 789737.708173045655712, 6239363.607208143919706 ], [ 789738.481517447857186, 6239364.241463167592883 ], [ 789739.254861854016781, 6239364.875718206167221 ], [ 789740.028206261340529, 6239365.509973257780075 ], [ 789740.801550670992583, 6239366.144228322431445 ], [ 789741.574895082158037, 6239366.778483401052654 ], [ 789742.34823949681595, 6239367.412738492712379 ], [ 789743.121583914035, 6239368.046993598341942 ], [ 789743.894928332418203, 6239368.681248717010021 ], [ 789744.668272753478959, 6239369.315503848716617 ], [ 789745.441617176868021, 6239369.949758997187018 ], [ 789746.21496160258539, 6239370.584014153108001 ], [ 789746.988306030980311, 6239371.218269325792789 ], [ 789747.761650460539386, 6239371.852524511516094 ], [ 789748.534994893707335, 6239372.486779711209238 ], [ 789749.308339328505099, 6239373.121034925803542 ], [ 789750.081683766562492, 6239373.755290150642395 ], [ 789750.855028206016868, 6239374.389545392245054 ], [ 789751.628372648032382, 6239375.02380064688623 ], [ 789752.401717091095634, 6239375.658055910840631 ], [ 789753.175061538000591, 6239376.292311193421483 ], [ 789753.94840598735027, 6239376.926566486246884 ], [ 789754.721750437980518, 6239377.560821793973446 ], [ 789755.495094891055487, 6239378.195077115669847 ], [ 789756.268439346458763, 6239378.829332450404763 ], [ 789757.041783804656006, 6239379.463587796315551 ], [ 789757.815128265065141, 6239380.09784316085279 ], [ 789758.588472727918997, 6239380.732098530977964 ], [ 789759.361817192169838, 6239381.366353920660913 ], [ 789760.135161660029553, 6239382.000609323382378 ], [ 789760.908506129169837, 6239382.634864739142358 ], [ 789761.681850600871257, 6239383.269120167009532 ], [ 789762.455195074900985, 6239383.903375608846545 ], [ 789763.228539551491849, 6239384.537631063722074 ], [ 789764.001884029246867, 6239385.171886533498764 ], [ 789764.775228510610759, 6239385.806142017245293 ], [ 789765.548572994535789, 6239386.440397512167692 ], [ 789766.321917479857802, 6239387.074653020128608 ], [ 789767.095261967508122, 6239387.708908542990685 ], [ 789767.868606457719579, 6239388.3431640798226 ], [ 789768.641950950492173, 6239388.977419629693031 ], [ 789769.41529544419609, 6239389.611675193533301 ], [ 789770.188639941858128, 6239390.245930770412087 ], [ 789770.961984441848472, 6239390.880186362192035 ], [ 789771.7353289432358, 6239391.514441965147853 ], [ 789772.508673446835019, 6239392.148697581142187 ], [ 789773.28201795311179, 6239392.782953212969005 ], [ 789774.055362461833283, 6239393.417208857834339 ], [ 789774.828706972999498, 6239394.051464514806867 ], [ 789775.602051485329866, 6239394.68572018481791 ], [ 789776.375396001385525, 6239395.31997586786747 ], [ 789777.148740518838167, 6239395.954231567680836 ], [ 789777.922085038735531, 6239396.588487280532718 ], [ 789778.695429561077617, 6239397.222743004560471 ], [ 789779.468774085631594, 6239397.85699874162674 ], [ 789780.242118613095954, 6239398.491254495456815 ], [ 789781.015463141491637, 6239399.125510260462761 ], [ 789781.78880767361261, 6239399.759766038507223 ], [ 789782.562152207130566, 6239400.394021832384169 ], [ 789783.335496744257398, 6239401.028277638368309 ], [ 789784.10884128138423, 6239401.662533456459641 ], [ 789784.882185822119936, 6239402.296789288520813 ], [ 789785.655530365533195, 6239402.931045135483146 ], [ 789786.428874911274761, 6239403.565300993621349 ], [ 789787.202219458296895, 6239404.199556868523359 ], [ 789787.975564009044319, 6239404.833812755532563 ], [ 789788.748908560955897, 6239405.468068655580282 ], [ 789789.157281213789247, 6239405.802994100376964 ], [ 789790.043546362547204, 6239406.266541792079806 ], [ 789790.929811518639326, 6239406.73008949495852 ], [ 789791.816076681716368, 6239407.193637209013104 ], [ 789792.702341853524558, 6239407.657184935174882 ], [ 789793.588607031153515, 6239408.120732672512531 ], [ 789794.474872217397206, 6239408.584280421957374 ], [ 789795.361137410975061, 6239409.047828184440732 ], [ 789796.247402612818405, 6239409.511375956237316 ], [ 789797.13366782059893, 6239409.974923739209771 ], [ 789798.019933036877774, 6239410.438471533358097 ], [ 789798.906198260607198, 6239410.902019340544939 ], [ 789799.792463491437957, 6239411.365567155182362 ], [ 789800.678728729486465, 6239411.829114985652268 ], [ 789801.564993974869139, 6239412.292662827298045 ], [ 789802.451259228633717, 6239412.756210679188371 ], [ 789803.337524489499629, 6239413.219758542254567 ], [ 789804.223789757816121, 6239413.68330641835928 ], [ 789805.110055033350363, 6239414.146854305639863 ], [ 789805.996320317266509, 6239414.610402202233672 ], [ 789806.882585607236251, 6239415.073950111865997 ], [ 789807.768850905587897, 6239415.537498032674193 ], [ 789808.655116211273707, 6239416.00104596465826 ], [ 789809.541381525341421, 6239416.464593907818198 ], [ 789810.427646845462732, 6239416.928141862154007 ], [ 789811.313912173965946, 6239417.391689828597009 ], [ 789812.20017750991974, 6239417.855237808078527 ], [ 789813.086442852858454, 6239418.318785796873271 ], [ 789813.972708203247748, 6239418.782333796843886 ], [ 789814.858973560854793, 6239419.245881808921695 ], [ 789815.745238926727325, 6239419.709429833106697 ], [ 789816.631504300050437, 6239420.172977868467569 ], [ 789817.517769680358469, 6239420.63652591407299 ], [ 789818.404035068117082, 6239421.100073972716928 ], [ 789819.290300464257598, 6239421.563622041605413 ], [ 789820.17656586645171, 6239422.027170123532414 ], [ 789821.062831277027726, 6239422.490718213841319 ], [ 789821.949096695054322, 6239422.954266319051385 ], [ 789822.835362120065838, 6239423.417814433574677 ], [ 789823.721627553692088, 6239423.881362559273839 ], [ 789824.607892993255518, 6239424.344910698011518 ], [ 789825.494158441433683, 6239424.808458847925067 ], [ 789826.380423896713182, 6239425.272007009014487 ], [ 789827.266689359210432, 6239425.735555181279778 ], [ 789828.152954830089584, 6239426.199103364720941 ], [ 789829.039220307138748, 6239426.662651558406651 ], [ 789829.925485792686231, 6239427.126199766993523 ], [ 789830.811751285335049, 6239427.589747985824943 ], [ 789831.698016785318032, 6239428.053296214900911 ], [ 789832.584282293566503, 6239428.51684445515275 ], [ 789833.470547808101401, 6239428.980392709374428 ], [ 789834.356813330901787, 6239429.443940970115364 ], [ 789835.243078861036338, 6239429.907489247620106 ], [ 789836.129344398388639, 6239430.371037533506751 ], [ 789837.015609944122843, 6239430.834585830569267 ], [ 789837.901875495910645, 6239431.298134139738977 ], [ 789838.788141056196764, 6239431.761682461947203 ], [ 789839.674406623817049, 6239432.225230794399977 ], [ 789840.560672198422253, 6239432.688779138028622 ], [ 789841.446937781758606, 6239433.152327492833138 ], [ 789842.333203370915726, 6239433.615875860676169 ], [ 789843.219468968687579, 6239434.079424237832427 ], [ 789844.105734573444352, 6239434.542972628027201 ], [ 789844.992000185884535, 6239435.006521029397845 ], [ 789845.878265805076808, 6239435.470069441013038 ], [ 789846.764531433000229, 6239435.93361786659807 ], [ 789847.650797068141401, 6239436.397166302427649 ], [ 789848.537062710383907, 6239436.860714746639132 ], [ 789849.423328360076994, 6239437.324263205751777 ], [ 789850.309594016755, 6239437.787811676040292 ], [ 789851.19585968204774, 6239438.251360156573355 ], [ 789852.082125353394076, 6239438.71490864828229 ], [ 789852.968391033238731, 6239439.178457155823708 ], [ 789853.854656720301136, 6239439.642005668953061 ], [ 789854.740922415512614, 6239440.105554195120931 ], [ 789855.627188117010519, 6239440.569102734327316 ], [ 789856.513453826890327, 6239441.032651284709573 ], [ 789857.399719543987885, 6239441.496199844405055 ], [ 789858.285985268419608, 6239441.959748419001698 ], [ 789859.172251000069082, 6239442.423297002911568 ], [ 789860.058516740216874, 6239442.886845597997308 ], [ 789860.944782487466, 6239443.350394205190241 ], [ 789861.831048242049292, 6239443.813942822627723 ], [ 789862.717314003850333, 6239444.277491452172399 ], [ 789863.60357977298554, 6239444.741040093824267 ], [ 789864.489845549222082, 6239445.204588746652007 ], [ 789864.827497259713709, 6239445.381192650645971 ], [ 789865.746705098543316, 6239445.775402449071407 ], [ 789866.665912946686149, 6239446.169612253084779 ], [ 789867.585120802861638, 6239446.563822070136666 ], [ 789868.504328669514507, 6239446.958031897433102 ], [ 789869.423536545364186, 6239447.352241733111441 ], [ 789870.342744429130107, 6239447.746451579965651 ], [ 789871.261952323489822, 6239448.140661437064409 ], [ 789872.18116022599861, 6239448.534871302545071 ], [ 789873.100368137471378, 6239448.929081180132926 ], [ 789874.019576059421524, 6239449.323291067034006 ], [ 789874.938783989637159, 6239449.717500965110958 ], [ 789875.857991928933188, 6239450.11171087436378 ], [ 789876.777199877542444, 6239450.505920791067183 ], [ 789877.696407834300771, 6239450.900130718946457 ], [ 789878.615615801420063, 6239451.294340657070279 ], [ 789879.534823777619749, 6239451.688550606369972 ], [ 789880.454031761968508, 6239452.082760563120246 ], [ 789881.373239756794646, 6239452.476970531046391 ], [ 789882.292447759653442, 6239452.871180510148406 ], [ 789883.211655772989616, 6239453.265390500426292 ], [ 789884.130863794358447, 6239453.659600498154759 ], [ 789885.050071824924089, 6239454.05381050799042 ], [ 789885.969279864802957, 6239454.448020527139306 ], [ 789886.888487913878635, 6239454.842230556532741 ], [ 789887.807695972267538, 6239455.236440597102046 ], [ 789888.726904039736837, 6239455.630650646984577 ], [ 789889.646112115355209, 6239456.024860706180334 ], [ 789890.565320201450959, 6239456.419070776551962 ], [ 789891.484528296859935, 6239456.813280858099461 ], [ 789892.403736400185153, 6239457.20749094709754 ], [ 789893.322944512823597, 6239457.60170104727149 ], [ 789894.242152635823004, 6239457.995911159552634 ], [ 789895.161360766971484, 6239458.390121280215681 ], [ 789896.080568907316774, 6239458.784331411123276 ], [ 789896.99977705674246, 6239459.178541552275419 ], [ 789897.918985215597786, 6239459.572751704603434 ], [ 789898.838193383766338, 6239459.966961866244674 ], [ 789899.757401561131701, 6239460.36117203719914 ], [ 789900.676609746413305, 6239460.755382218398154 ], [ 789901.595817942288704, 6239461.149592412635684 ], [ 789902.515026146080345, 6239461.543802613392472 ], [ 789903.43423436046578, 6239461.938012825325131 ], [ 789904.353442582767457, 6239462.332223049364984 ], [ 789905.272650814382359, 6239462.726433282718062 ], [ 789906.191859055194072, 6239463.120643524453044 ], [ 789907.111067305319011, 6239463.514853777363896 ], [ 789908.03027556464076, 6239463.90906404145062 ], [ 789908.949483833275735, 6239464.303274315781891 ], [ 789909.868692110991105, 6239464.697484598495066 ], [ 789910.787900398019701, 6239465.091694891452789 ], [ 789911.70710869319737, 6239465.485905194655061 ], [ 789912.626316998852417, 6239465.880115510895848 ], [ 789913.545525312423706, 6239466.274325834587216 ], [ 789914.464733636355959, 6239466.668536165729165 ], [ 789915.383941968437284, 6239467.062746511772275 ], [ 789916.30315030971542, 6239467.456956866197288 ], [ 789917.222358660306782, 6239467.851167231798172 ], [ 789918.141567020211369, 6239468.245377607643604 ], [ 789919.060775389196351, 6239468.63958799187094 ], [ 789919.979983767494559, 6239469.033798387274146 ], [ 789920.899192154058255, 6239469.428008791990578 ], [ 789921.8184005508665, 6239469.822219207882881 ], [ 789922.737608956871554, 6239470.216429634951055 ], [ 789923.656817370792851, 6239470.61064006946981 ], [ 789924.576025794376619, 6239471.00485051702708 ], [ 789925.49523422808852, 6239471.399060970172286 ], [ 789926.414442669833079, 6239471.793271438218653 ], [ 789927.333651121007279, 6239472.187481915578246 ], [ 789928.252859581378289, 6239472.581692403182387 ], [ 789929.172068050946109, 6239472.975902898237109 ], [ 789930.09127652971074, 6239473.370113405399024 ], [ 789931.010485017788596, 6239473.764323923736811 ], [ 789931.929693514015526, 6239474.158534451387823 ], [ 789932.848902020487003, 6239474.552744986489415 ], [ 789933.768110535107553, 6239474.946955536492169 ], [ 789934.687319060089067, 6239475.341166093945503 ], [ 789935.606527593452483, 6239475.735376664437354 ], [ 789936.525736135663465, 6239476.129587238654494 ], [ 789937.444944688351825, 6239476.523797827772796 ], [ 789938.364153249189258, 6239476.918008427135646 ], [ 789939.283361819339916, 6239477.312219036743045 ], [ 789940.202570397406816, 6239477.706429654732347 ], [ 789941.121778986067511, 6239478.100640282966197 ], [ 789942.040987583808601, 6239478.494850922375917 ], [ 789942.960196190979332, 6239478.889061572030187 ], [ 789943.879404806066304, 6239479.283272230997682 ], [ 789944.798613431630656, 6239479.677482900209725 ], [ 789945.71782206511125, 6239480.071693579666317 ], [ 789946.6370307081379, 6239480.465904272161424 ], [ 789947.556239360244945, 6239480.86011497117579 ], [ 789948.475448021432385, 6239481.254325680434704 ], [ 789949.394656692165881, 6239481.648536400869489 ], [ 789950.313865371979773, 6239482.042747132480145 ], [ 789951.23307406110689, 6239482.436957871541381 ], [ 789952.152282759314403, 6239482.831168623641133 ], [ 789953.071491466951557, 6239483.225379385054111 ], [ 789953.990700182621367, 6239483.619590156711638 ], [ 789954.909908908535726, 6239484.013800936751068 ], [ 789955.829117642715573, 6239484.408011727966368 ], [ 789956.748326386092231, 6239484.802222529426217 ], [ 789957.667535138782114, 6239485.196433342061937 ], [ 789958.586743901832961, 6239485.590644164010882 ], [ 789959.505952672800049, 6239485.984854996204376 ], [ 789960.425161453196779, 6239486.379065839573741 ], [ 789961.344370241626166, 6239486.773276691325009 ], [ 789962.263579040416516, 6239487.167487553320825 ], [ 789963.182787848520093, 6239487.561698427423835 ], [ 789964.101996664656326, 6239487.955909308977425 ], [ 789965.021205491269939, 6239488.350120203569531 ], [ 789965.940414325799793, 6239488.744331106543541 ], [ 789966.859623170923442, 6239489.138542019762099 ], [ 789967.778832023963332, 6239489.532752944156528 ], [ 789968.698040886316448, 6239489.926963876932859 ], [ 789969.61724975798279, 6239490.321174819022417 ], [ 789970.536458638962358, 6239490.715385774150491 ], [ 789971.455667529022321, 6239491.10959673859179 ], [ 789972.37487642839551, 6239491.503807714208961 ], [ 789973.29408533568494, 6239491.898018696345389 ], [ 789974.21329425345175, 6239492.292229693382978 ], [ 789975.1325031806482, 6239492.686440698802471 ], [ 789976.051712115760893, 6239493.080651712603867 ], [ 789976.970921060303226, 6239493.474862737581134 ], [ 789977.890130013809539, 6239493.869073772802949 ], [ 789978.809338977909647, 6239494.263284818269312 ], [ 789979.728547950042412, 6239494.657495874911547 ], [ 789980.647756931371987, 6239495.051706939935684 ], [ 789981.566965922014788, 6239495.445918016135693 ], [ 789982.486174921737984, 6239495.840129101648927 ], [ 789983.405383929726668, 6239496.234340198338032 ], [ 789984.324592948076315, 6239496.628551304340363 ], [ 789985.214799557346851, 6239497.010324472561479 ], [ 789986.197635923977941, 6239497.195743832737207 ], [ 789987.180472304113209, 6239497.381163203157485 ], [ 789988.163308696355671, 6239497.566582575440407 ], [ 789989.146145101985894, 6239497.752001954242587 ], [ 789990.128981519956142, 6239497.937421336770058 ], [ 789991.111817950149998, 6239498.122840724885464 ], [ 789992.094654392567463, 6239498.30826012045145 ], [ 789993.077490848256275, 6239498.493679519742727 ], [ 789994.060327316634357, 6239498.67909892462194 ], [ 789995.043163796886802, 6239498.86451833602041 ], [ 789996.026000289362855, 6239499.049937751144171 ], [ 789997.008836795343086, 6239499.235357170924544 ], [ 789997.991673313546926, 6239499.420776597224176 ], [ 789998.974509845138527, 6239499.606196029111743 ], [ 789999.957346387906, 6239499.791615466587245 ], [ 790000.940182944061235, 6239499.977034909650683 ], [ 790001.923019512556493, 6239500.162454357370734 ], [ 790002.905856094206683, 6239500.347873809747398 ], [ 790003.888692688196898, 6239500.533293267711997 ], [ 790004.87152929441072, 6239500.718712732195854 ], [ 790005.854365912848152, 6239500.904132201336324 ], [ 790006.837202544906177, 6239501.08955167606473 ], [ 790007.820039188954979, 6239501.274971154518425 ], [ 790008.802875845460221, 6239501.460390640422702 ], [ 790009.78571251523681, 6239501.645810129120946 ], [ 790010.768549197237007, 6239501.831229625269771 ], [ 790011.751385891693644, 6239502.016649126075208 ], [ 790012.734222598141059, 6239502.202068632468581 ], [ 790013.717059318209067, 6239502.387488145381212 ], [ 790014.699896050267853, 6239502.572907660156488 ], [ 790015.682732796063647, 6239502.75832718424499 ], [ 790016.665569552686065, 6239502.943746712058783 ], [ 790017.648406322812662, 6239503.12916624546051 ], [ 790018.631243105162866, 6239503.314585783518851 ], [ 790019.614079900900833, 6239503.500005326233804 ], [ 790020.596916707698256, 6239503.685424875468016 ], [ 790021.579753529047593, 6239503.87084442935884 ], [ 790022.562590361572802, 6239504.056263989768922 ], [ 790023.545427207602188, 6239504.241683554835618 ], [ 790024.528264064574614, 6239504.427103124558926 ], [ 790025.51110093598254, 6239504.612522700801492 ], [ 790026.493937818799168, 6239504.797942280769348 ], [ 790027.476774714770727, 6239504.983361869119108 ], [ 790028.45961162308231, 6239505.168781459331512 ], [ 790029.442448543617502, 6239505.35420105792582 ], [ 790030.42528547742404, 6239505.539620659314096 ], [ 790031.408122423570603, 6239505.725040266290307 ], [ 790032.390959382290021, 6239505.910459878854454 ], [ 790033.373796354047954, 6239506.095879497937858 ], [ 790034.356633338145912, 6239506.281299120746553 ], [ 790035.339470334467478, 6239506.466718749143183 ], [ 790036.322307343012653, 6239506.652138384059072 ], [ 790037.305144365178421, 6239506.837558024562895 ], [ 790038.287981399334967, 6239507.022977668792009 ], [ 790039.270818445831537, 6239507.208397320471704 ], [ 790040.253655505832285, 6239507.393816974945366 ], [ 790041.236492577940226, 6239507.579236635006964 ], [ 790042.219329662388191, 6239507.764656303450465 ], [ 790043.202166758943349, 6239507.950075972825289 ], [ 790044.185003869002685, 6239508.135495649650693 ], [ 790045.16784099128563, 6239508.320915333926678 ], [ 790046.150678125908598, 6239508.506335020065308 ], [ 790047.133515273802914, 6239508.691754713654518 ], [ 790048.116352434037253, 6239508.877174410969019 ], [ 790049.099189606378786, 6239509.062594114802778 ], [ 790050.082026791176759, 6239509.248013824224472 ], [ 790051.064863989362493, 6239509.433433540165424 ], [ 790052.047701199771836, 6239509.618853257969022 ], [ 790053.030538422288373, 6239509.8042729832232 ], [ 790054.013375658309087, 6239509.989692714065313 ], [ 790054.996212906436995, 6239510.175112448632717 ], [ 790055.979050167137757, 6239510.360532190650702 ], [ 790056.961887439712882, 6239510.545951936393976 ], [ 790057.944724726025015, 6239510.731371687725186 ], [ 790058.927562024444342, 6239510.916791445575655 ], [ 790059.910399334970862, 6239511.102211205288768 ], [ 790060.893236659117974, 6239511.287630973383784 ], [ 790061.87607399537228, 6239511.473050746135414 ], [ 790062.858911343966611, 6239511.658470524474978 ], [ 790063.841748705948703, 6239511.843890309333801 ], [ 790064.824586080154404, 6239512.029310097917914 ], [ 790065.807423466700129, 6239512.214729892089963 ], [ 790066.790260865353048, 6239512.400149691849947 ], [ 790067.773098277393728, 6239512.585569496266544 ], [ 790068.755935701890849, 6239512.770989307202399 ], [ 790069.738773138495162, 6239512.956409122794867 ], [ 790070.721610587323084, 6239513.141828943043947 ], [ 790071.704448049655184, 6239513.327248769812286 ], [ 790072.687285524327308, 6239513.51266860216856 ], [ 790073.670123012270778, 6239513.698088437318802 ], [ 790074.652960511157289, 6239513.883508279919624 ], [ 790075.635798023547977, 6239514.068928128108382 ], [ 790076.618635548395105, 6239514.254347981885076 ], [ 790077.601473086397164, 6239514.439767838455737 ], [ 790078.584310636855662, 6239514.625187703408301 ], [ 790079.567148199304938, 6239514.810607573017478 ], [ 790080.54998577432707, 6239514.996027446351945 ], [ 790081.532823362387717, 6239515.181447323411703 ], [ 790082.515660963021219, 6239515.366867210716009 ], [ 790083.498498575529084, 6239515.55228709988296 ], [ 790084.481336201890372, 6239515.73770699556917 ], [ 790085.464173840242438, 6239515.923126896843314 ], [ 790086.447011490934528, 6239516.108546802774072 ], [ 790087.429849153850228, 6239516.29396671615541 ], [ 790088.412686830037273, 6239516.479386631399393 ], [ 790089.395524518680759, 6239516.664806554093957 ], [ 790090.378362219547853, 6239516.850226481445134 ], [ 790091.361199933802709, 6239517.035646414384246 ], [ 790092.344037659000605, 6239517.221066353842616 ], [ 790093.326875399099663, 6239517.406486296094954 ], [ 790094.30971314990893, 6239517.591906245797873 ], [ 790095.29255091433879, 6239517.777326198294759 ], [ 790096.275388690875843, 6239517.962746157310903 ], [ 790097.258226479752921, 6239518.148166121914983 ], [ 790098.241064282134175, 6239518.333586093038321 ], [ 790099.223902095574886, 6239518.519006069749594 ], [ 790100.206739922286943, 6239518.704426050186157 ], [ 790101.189577762503177, 6239518.889846036210656 ], [ 790102.17241561494302, 6239519.075266027823091 ], [ 790103.155253479722887, 6239519.26068602502346 ], [ 790103.889377695275471, 6239519.399184261448681 ], [ 790104.820452687097713, 6239519.764492690563202 ], [ 790105.751527688698843, 6239520.129801131784916 ], [ 790106.682602700195275, 6239520.495109580457211 ], [ 790107.613677720422857, 6239520.860418040305376 ], [ 790108.544752751477063, 6239521.225726508535445 ], [ 790109.475827791495249, 6239521.591034986078739 ], [ 790110.406902842456475, 6239521.956343474797904 ], [ 790111.337977902032435, 6239522.321651973761618 ], [ 790112.269052971620113, 6239522.686960478313267 ], [ 790113.200128050986677, 6239523.052268995903432 ], [ 790114.13120314036496, 6239523.417577521875501 ], [ 790115.062278239522129, 6239523.782886058092117 ], [ 790115.993353348458186, 6239524.148194604553282 ], [ 790116.924428467289545, 6239524.513503158465028 ], [ 790117.855503594735637, 6239524.878811721689999 ], [ 790118.786578733474016, 6239525.244120296090841 ], [ 790119.717653880594298, 6239525.609428878873587 ], [ 790120.648729039006867, 6239525.974737472832203 ], [ 790121.579804206034169, 6239526.340046075172722 ], [ 790122.510879382723942, 6239526.705354686826468 ], [ 790123.441954569658265, 6239527.070663307793438 ], [ 790124.373029766255058, 6239527.435971938073635 ], [ 790125.30410497286357, 6239527.801280580461025 ], [ 790126.235180189018138, 6239528.166589230298996 ], [ 790127.166255415417254, 6239528.531897890381515 ], [ 790128.097330650198273, 6239528.89720655977726 ], [ 790129.028405896155164, 6239529.262515237554908 ], [ 790129.959481150843203, 6239529.627823927439749 ], [ 790130.890556415426545, 6239529.993132626637816 ], [ 790131.821631690952927, 6239530.358441334217787 ], [ 790132.752706975210458, 6239530.723750051110983 ], [ 790133.683782269363292, 6239531.089058780111372 ], [ 790134.614857573295012, 6239531.454367514699697 ], [ 790135.54593288723845, 6239531.819676259532571 ], [ 790136.477008209796622, 6239532.18498501740396 ], [ 790137.408083543297835, 6239532.55029378272593 ], [ 790138.339158886694349, 6239532.915602557361126 ], [ 790139.270234238938428, 6239533.280911343172193 ], [ 790140.201309600961395, 6239533.646220134571195 ], [ 790141.132384974043816, 6239534.011528939008713 ], [ 790142.063460355740972, 6239534.376837752759457 ], [ 790142.99453574733343, 6239534.742146573960781 ], [ 790143.92561114882119, 6239535.107455408200622 ], [ 790144.856686560204253, 6239535.472764248028398 ], [ 790145.787761981366202, 6239535.838073099963367 ], [ 790146.718837411375716, 6239536.203381961211562 ], [ 790147.649912852328271, 6239536.568690831772983 ], [ 790148.580988303176127, 6239536.93399971164763 ], [ 790149.512063762755133, 6239537.299308601766825 ], [ 790150.443139232113026, 6239537.664617500267923 ], [ 790151.374214711366221, 6239538.029926408082247 ], [ 790152.305290201678872, 6239538.395235327072442 ], [ 790153.236365700606257, 6239538.760544255375862 ], [ 790154.167441209428944, 6239539.125853192061186 ], [ 790155.098516728379764, 6239539.491162140853703 ], [ 790156.029592255712487, 6239539.856471095234156 ], [ 790156.960667794104666, 6239540.221780061721802 ], [ 790157.891743342508562, 6239540.587089037522674 ], [ 790158.822818899527192, 6239540.952398023568094 ], [ 790159.753894467605278, 6239541.317707019858062 ], [ 790160.684970044530928, 6239541.683016024529934 ], [ 790161.616045631002635, 6239542.048325036652386 ], [ 790162.547121227486059, 6239542.413634059950709 ], [ 790163.478196833864786, 6239542.778943093493581 ], [ 790164.409272450138815, 6239543.144252138212323 ], [ 790165.340348076308146, 6239543.509561190381646 ], [ 790166.271423712256365, 6239543.874870251864195 ], [ 790167.202499356935732, 6239544.240179322659969 ], [ 790168.133575012674555, 6239544.60548840276897 ], [ 790169.064650677144527, 6239544.970797494053841 ], [ 790169.995726351393387, 6239545.336106594651937 ], [ 790170.926802036585286, 6239545.70141570456326 ], [ 790171.85787773062475, 6239546.066724821925163 ], [ 790172.788953434443101, 6239546.432033950462937 ], [ 790173.72002914827317, 6239546.797343090176582 ], [ 790174.651104872114956, 6239547.162652239203453 ], [ 790175.582180605502799, 6239547.527961395680904 ], [ 790176.513256347738206, 6239547.893270563334227 ], [ 790177.444332100916654, 6239548.258579738438129 ], [ 790178.37540786282625, 6239548.623888926580548 ], [ 790179.306483635911718, 6239548.98919812310487 ], [ 790180.237559417379089, 6239549.354507327079773 ], [ 790181.168635209091008, 6239549.719816543161869 ], [ 790182.099711010348983, 6239550.085125767625868 ], [ 790183.030786821618676, 6239550.450434999540448 ], [ 790183.961862642783672, 6239550.815744244493544 ], [ 790184.892938473843969, 6239551.181053496897221 ], [ 790185.824014314683154, 6239551.546362760476768 ], [ 790186.755090164253488, 6239551.911672033369541 ], [ 790187.686166024766862, 6239552.27698131557554 ], [ 790188.617241894127801, 6239552.642290606163442 ], [ 790189.54831777443178, 6239553.007599906995893 ], [ 790190.479393663583323, 6239553.372909218072891 ], [ 790191.410469562513754, 6239553.738218538463116 ], [ 790192.341545471223071, 6239554.103527869097888 ], [ 790193.272621389827691, 6239554.468837207183242 ], [ 790194.203697318444028, 6239554.834146555513144 ], [ 790195.134773256722838, 6239555.199455914087594 ], [ 790196.065849205013365, 6239555.564765282906592 ], [ 790196.996925161918625, 6239555.930074660107493 ], [ 790197.928001129999757, 6239556.295384047552943 ], [ 790198.859077106695622, 6239556.660693444311619 ], [ 790199.790153093170375, 6239557.02600285038352 ], [ 790200.721229090937413, 6239557.39131226669997 ], [ 790201.490210230229422, 6239557.693023465573788 ], [ 790202.48867534135934, 6239557.634534573182464 ], [ 790203.487140465527773, 6239557.576045679859817 ], [ 790204.485605603666045, 6239557.517556784674525 ], [ 790205.484070754959248, 6239557.459067888557911 ], [ 790206.482535920338705, 6239557.400578990578651 ], [ 790207.481001098873094, 6239557.342090094462037 ], [ 790208.479466291493736, 6239557.283601194620132 ], [ 790209.477931497036479, 6239557.225112292915583 ], [ 790210.476396716665477, 6239557.166623391211033 ], [ 790211.474861950613558, 6239557.108134487643838 ], [ 790212.473327197600156, 6239557.049645584076643 ], [ 790213.471792457392439, 6239556.99115667771548 ], [ 790214.470257731387392, 6239556.932667770422995 ], [ 790215.468723019701429, 6239556.874178862199187 ], [ 790216.467188320821151, 6239556.815689953044057 ], [ 790217.465653636259958, 6239556.757201042957604 ], [ 790218.464118964737281, 6239556.698712130077183 ], [ 790219.462584307184443, 6239556.640223218128085 ], [ 790220.461049662670121, 6239556.581734303385019 ], [ 790221.459515032358468, 6239556.523245388641953 ], [ 790222.457980415085331, 6239556.464756472036242 ], [ 790223.456445812014863, 6239556.406267553567886 ], [ 790224.454911221750081, 6239556.34777863509953 ], [ 790225.453376645804383, 6239556.289289714768529 ], [ 790226.451842082780786, 6239556.230800792574883 ], [ 790227.450307533959858, 6239556.172311869449914 ], [ 790228.4487729993416, 6239556.113822946324944 ], [ 790229.447238477645442, 6239556.055334020406008 ], [ 790230.4457039689878, 6239555.996845094487071 ], [ 790231.444169474532828, 6239555.938356166705489 ], [ 790232.442634994164109, 6239555.879867237992585 ], [ 790233.441100526717491, 6239555.821378308348358 ], [ 790234.43956607230939, 6239555.762889377772808 ], [ 790235.438031632220373, 6239555.704400444403291 ], [ 790236.436497206334025, 6239555.645911511033773 ], [ 790237.434962793253362, 6239555.587422575801611 ], [ 790238.433428394375369, 6239555.528933638706803 ], [ 790239.431894008535892, 6239555.470444702543318 ], [ 790240.430359636782669, 6239555.411955764517188 ], [ 790241.428825278067961, 6239555.35346682369709 ], [ 790242.427290933555923, 6239555.294977882876992 ], [ 790243.425756603130139, 6239555.236488940194249 ], [ 790244.424222284695134, 6239555.177999995648861 ], [ 790245.422687981510535, 6239555.11951105389744 ], [ 790246.421153691131622, 6239555.061022106558084 ], [ 790247.419619414024055, 6239555.002533160150051 ], [ 790248.418085150886327, 6239554.944044211879373 ], [ 790249.416550901951268, 6239554.885555261746049 ], [ 790250.415016666287556, 6239554.827066311612725 ], [ 790251.413482443196699, 6239554.768577359616756 ], [ 790252.411948234541342, 6239554.710088406689465 ], [ 790253.410414039972238, 6239554.651599451899529 ], [ 790254.408879858325236, 6239554.593110495246947 ], [ 790255.407345690997317, 6239554.534621538594365 ], [ 790256.4058115365915, 6239554.476132581010461 ], [ 790257.404277396388352, 6239554.417643621563911 ], [ 790258.40274326922372, 6239554.359154660254717 ], [ 790259.401209156028926, 6239554.300665699876845 ], [ 790260.399675055872649, 6239554.242176737636328 ], [ 790261.398140970035456, 6239554.183687772601843 ], [ 790262.396606897003949, 6239554.125198807567358 ], [ 790263.395072838291526, 6239554.066709840670228 ], [ 790264.393538793781772, 6239554.008220872841775 ], [ 790265.392004762077704, 6239553.949731903150678 ], [ 790266.390470743644983, 6239553.891242932528257 ], [ 790267.3889367391821, 6239553.832753963768482 ], [ 790268.387402747641318, 6239553.774264990352094 ], [ 790269.385868771700189, 6239553.715776016004384 ], [ 790270.384334807284176, 6239553.65728704072535 ], [ 790271.382800857303664, 6239553.598798064514995 ], [ 790272.381266921409406, 6239553.540309088304639 ], [ 790273.379732998320833, 6239553.481820108368993 ], [ 790274.378199089551345, 6239553.423331128433347 ], [ 790275.376665193820372, 6239553.364842147566378 ], [ 790276.375131312292069, 6239553.306353165768087 ], [ 790277.373597443569452, 6239553.247864182107151 ], [ 790278.372063589282334, 6239553.189375197514892 ], [ 790279.370529747800902, 6239553.130886210128665 ], [ 790280.368995920522138, 6239553.072397223673761 ], [ 790281.367462106281891, 6239553.013908235356212 ], [ 790282.365928306127898, 6239552.95541924610734 ], [ 790283.364394519012421, 6239552.896930254995823 ], [ 790284.362860746099614, 6239552.838441262021661 ], [ 790285.36132698727306, 6239552.779952269978821 ], [ 790286.359793241485022, 6239552.721463274210691 ], [ 790287.358259508619085, 6239552.662974279373884 ], [ 790288.356725790072232, 6239552.604485282674432 ], [ 790289.355192085611634, 6239552.545996284112334 ], [ 790290.353658394189551, 6239552.487507283687592 ], [ 790291.352124715805985, 6239552.429018283262849 ], [ 790292.350591051392257, 6239552.370529280975461 ], [ 790293.349057401297614, 6239552.312040278688073 ], [ 790294.347523764241487, 6239552.253551273606718 ], [ 790295.345990141271614, 6239552.195062268525362 ], [ 790296.344456531340256, 6239552.136573262512684 ], [ 790297.342922935495153, 6239552.078084254637361 ], [ 790298.341389352688566, 6239552.019595245830715 ], [ 790299.339855784084648, 6239551.961106235161424 ], [ 790300.338322228519246, 6239551.90261722356081 ], [ 790301.336788687040098, 6239551.844128210097551 ], [ 790302.335255158599466, 6239551.785639196634293 ], [ 790303.333721644245088, 6239551.727150181308389 ], [ 790304.332188144093379, 6239551.668661165051162 ], [ 790305.330654657096602, 6239551.610172146931291 ], [ 790306.32912118290551, 6239551.551683127880096 ], [ 790307.327587723033503, 6239551.493194108828902 ], [ 790308.326054277364165, 6239551.43470508698374 ], [ 790309.324520844384097, 6239551.376216065138578 ], [ 790310.322987424675375, 6239551.317727040499449 ], [ 790311.142112107248977, 6239551.269743657670915 ], [ 790312.086269368417561, 6239551.599779408425093 ], [ 790313.03042663866654, 6239551.929815166629851 ], [ 790313.974583919276483, 6239552.25985093601048 ], [ 790314.918741210363805, 6239552.589886710047722 ], [ 790315.862898512976244, 6239552.919922495260835 ], [ 790316.807055824901909, 6239553.249958289787173 ], [ 790317.751213147304952, 6239553.579994091764092 ], [ 790318.695370481233113, 6239553.910029903054237 ], [ 790319.639527824474499, 6239554.240065723657608 ], [ 790320.583685177844018, 6239554.570101551711559 ], [ 790321.527842543204315, 6239554.900137390941381 ], [ 790322.471999917528592, 6239555.230173235759139 ], [ 790323.416157303494401, 6239555.560209091752768 ], [ 790324.360314699937589, 6239555.890244957059622 ], [ 790325.304472105577588, 6239556.220280829817057 ], [ 790326.248629522859119, 6239556.550316711887717 ], [ 790327.192786949453875, 6239556.880352603271604 ], [ 790328.136944387340918, 6239557.210388502106071 ], [ 790329.081101835938171, 6239557.540424412116408 ], [ 790330.025259293615818, 6239557.870460328646004 ], [ 790330.969416762934998, 6239558.200496254488826 ], [ 790331.913574242731556, 6239558.530532188713551 ], [ 790332.857731733005494, 6239558.860568132251501 ], [ 790333.80188923352398, 6239559.190604085102677 ], [ 790334.746046744519845, 6239559.520640045404434 ], [ 790335.690204265993088, 6239559.850676015019417 ], [ 790336.634361796546727, 6239560.18071199581027 ], [ 790337.578519338741899, 6239560.510747982189059 ], [ 790338.522676891414449, 6239560.840783979743719 ], [ 790339.466834454447962, 6239561.17081998474896 ], [ 790340.410992027958855, 6239561.500855997204781 ], [ 790341.355149612994865, 6239561.830892020836473 ], [ 790342.2993072073441, 6239562.160928051918745 ], [ 790343.243464812054299, 6239562.490964092314243 ], [ 790344.187622427125461, 6239562.821000143885612 ], [ 790345.131780052674003, 6239563.151036200113595 ], [ 790346.075937688699923, 6239563.481072265654802 ], [ 790347.020095335086808, 6239563.811108344234526 ], [ 790347.964252992998809, 6239564.14114442653954 ], [ 790348.908410660340451, 6239564.471180522814393 ], [ 790349.852568337926641, 6239564.801216622814536 ], [ 790350.796726027270779, 6239565.13125273399055 ], [ 790351.740883725578897, 6239565.461288852617145 ], [ 790352.685041435644962, 6239565.79132498241961 ], [ 790353.629199154907838, 6239566.121361117810011 ], [ 790354.573356884764507, 6239566.451397264376283 ], [ 790355.517514626029879, 6239566.78143342025578 ], [ 790356.461672376608476, 6239567.111469584517181 ], [ 790357.40583013871219, 6239567.441505757160485 ], [ 790358.349987911293283, 6239567.771541938185692 ], [ 790359.294145693071187, 6239568.101578127592802 ], [ 790360.238303486490622, 6239568.431614326313138 ], [ 790361.182461288990453, 6239568.761650536209345 ], [ 790362.126619103131816, 6239569.091686751693487 ], [ 790363.070776927983388, 6239569.421722976490855 ], [ 790364.014934762846678, 6239569.751759212464094 ], [ 790364.959092607256025, 6239570.081795454956591 ], [ 790365.903250463190489, 6239570.411831706762314 ], [ 790366.8474083293695, 6239570.74186796694994 ], [ 790367.791566206142306, 6239571.071904236450791 ], [ 790368.735724093392491, 6239571.401940515264869 ], [ 790369.679881990887225, 6239571.731976803392172 ], [ 790370.624039898859337, 6239572.06201309710741 ], [ 790371.568197817192413, 6239572.39204940199852 ], [ 790372.512355746002868, 6239572.722085716202855 ], [ 790373.456513685174286, 6239573.052122039720416 ], [ 790374.400671634823084, 6239573.38215836789459 ], [ 790375.34482959494926, 6239573.712194710969925 ], [ 790376.288987565319985, 6239574.04223105777055 ], [ 790377.233145546284504, 6239574.372267415747046 ], [ 790378.177303537493572, 6239574.702303781174123 ], [ 790379.121461539296433, 6239575.032340157777071 ], [ 790380.065619552507997, 6239575.362376540899277 ], [ 790381.009777575032786, 6239575.692412933334708 ], [ 790381.953935608034953, 6239576.022449335083365 ], [ 790382.8980936515145, 6239576.352485748007894 ], [ 790383.842251706402749, 6239576.682522164657712 ], [ 790384.786409770604223, 6239577.012558592483401 ], [ 790385.730567845283076, 6239577.342595031484962 ], [ 790386.674725931370631, 6239577.672631476074457 ], [ 790387.618884026887827, 6239578.002667929977179 ], [ 790388.563042134046555, 6239578.332704393193126 ], [ 790389.507200250402093, 6239578.662740865722299 ], [ 790390.451358378166333, 6239578.992777347564697 ], [ 790391.395516515360214, 6239579.322813836857677 ], [ 790392.339674663962796, 6239579.652850335463881 ], [ 790393.283832823159173, 6239579.982886843383312 ], [ 790394.227990991668776, 6239580.312923357822001 ], [ 790395.17214917158708, 6239580.642959883436561 ], [ 790396.116307361982763, 6239580.972996417433023 ], [ 790397.060465561458841, 6239581.303032958880067 ], [ 790398.004623772809282, 6239581.633069511502981 ], [ 790398.948781994404271, 6239581.963106070645154 ], [ 790399.89294022647664, 6239582.293142640963197 ], [ 790400.837098467745818, 6239582.623179218731821 ], [ 790401.00484231999144, 6239582.681815158575773 ], [ 790401.99340165941976, 6239582.833832889795303 ], [ 790402.98196101305075, 6239582.985850625671446 ], [ 790403.97052037960384, 6239583.13786836527288 ], [ 790404.959079757682048, 6239583.289886111393571 ], [ 790405.947639149962924, 6239583.441903861239552 ], [ 790406.936198555165902, 6239583.593921613879502 ], [ 790407.924757973174565, 6239583.745939372107387 ], [ 790408.913317403988913, 6239583.897957133129239 ], [ 790409.901876846794039, 6239584.04997490067035 ], [ 790410.890436303336173, 6239584.20199267193675 ], [ 790411.878995772916824, 6239584.354010446928442 ], [ 790412.867555255419575, 6239584.506028227508068 ], [ 790413.856114750728011, 6239584.65804601367563 ], [ 790414.844674258958548, 6239584.81006380263716 ], [ 790415.833233780227602, 6239584.962081597186625 ], [ 790416.82179331430234, 6239585.114099394530058 ], [ 790417.810352861182764, 6239585.266117196530104 ], [ 790418.798912420985289, 6239585.418135004118085 ], [ 790419.787471993709914, 6239585.570152815431356 ], [ 790420.776031579356641, 6239585.722170632332563 ], [ 790421.764591177809052, 6239585.874188452959061 ], [ 790422.75315078929998, 6239586.026206277310848 ], [ 790423.741710413480178, 6239586.178224107250571 ], [ 790424.730270050698891, 6239586.330241941846907 ], [ 790425.71882970072329, 6239586.482259779237211 ], [ 790426.707389364950359, 6239586.634277623146772 ], [ 790427.695949040818959, 6239586.786295469850302 ], [ 790428.684508729493245, 6239586.938313322141767 ], [ 790429.673068431206048, 6239587.090331178158522 ], [ 790430.661628146888688, 6239587.242349039763212 ], [ 790431.650187874212861, 6239587.394366903230548 ], [ 790432.63874761457555, 6239587.546384773217142 ], [ 790433.627307367743924, 6239587.698402647860348 ], [ 790434.615867134998553, 6239587.850420525297523 ], [ 790435.604426914011128, 6239588.0024384111166 ], [ 790436.592986707109958, 6239588.154456296935678 ], [ 790437.58154651185032, 6239588.306474190205336 ], [ 790438.570106329629198, 6239588.458492085337639 ], [ 790439.558666161261499, 6239588.6105099869892 ], [ 790440.547226004768163, 6239588.762527892366052 ], [ 790441.535785862244666, 6239588.914545803330839 ], [ 790442.524345731479116, 6239589.066563716158271 ], [ 790443.512905614683405, 6239589.218581637367606 ], [ 790444.501465509645641, 6239589.370599558576941 ], [ 790445.490025418694131, 6239589.522617487236857 ], [ 790446.478585340781137, 6239589.674635418690741 ], [ 790447.46714527439326, 6239589.82665335573256 ], [ 790448.455705222208053, 6239589.97867129649967 ], [ 790449.444265181664377, 6239590.130689242854714 ], [ 790450.432825155323371, 6239590.282707193866372 ], [ 790451.421385141671635, 6239590.43472514860332 ], [ 790452.409945139661431, 6239590.586743105202913 ], [ 790453.398505152086727, 6239590.738761069253087 ], [ 790454.387065177084878, 6239590.890779038891196 ], [ 790455.37562521500513, 6239591.042797010391951 ], [ 790456.364185264799744, 6239591.194814986549318 ], [ 790457.352745328564197, 6239591.346832967363298 ], [ 790458.341305405367166, 6239591.498850954696536 ], [ 790459.32986549497582, 6239591.650868943892419 ], [ 790460.31842559739016, 6239591.802886940538883 ], [ 790461.306985712843016, 6239591.954904939047992 ], [ 790462.295545840985142, 6239592.106922941282392 ], [ 790463.284105982165784, 6239592.258940950036049 ], [ 790464.272666134987958, 6239592.410958962514997 ], [ 790465.261226301779971, 6239592.56297698058188 ], [ 790466.249786481726915, 6239592.714995002374053 ], [ 790467.238346674479544, 6239592.867013027891517 ], [ 790468.226906880037859, 6239593.019031058065593 ], [ 790469.215467098518275, 6239593.171049093827605 ], [ 790470.20402733120136, 6239593.32306713424623 ], [ 790471.192587575409561, 6239593.4750851765275 ], [ 790472.181147832656279, 6239593.627103224396706 ], [ 790473.169708102708682, 6239593.779121277853847 ], [ 790474.158268385683186, 6239593.9311393359676 ], [ 790475.146828681579791, 6239594.083157397806644 ], [ 790476.135388990282081, 6239594.235175464302301 ], [ 790477.123949311906472, 6239594.387193534523249 ], [ 790478.112509647617117, 6239594.539211610332131 ], [ 790479.101069995202124, 6239594.691229689866304 ], [ 790480.089630355359986, 6239594.843247773125768 ], [ 790481.078190728789195, 6239594.995265862904489 ], [ 790482.066751114791259, 6239595.147283954545856 ], [ 790483.055311514995992, 6239595.299302050843835 ], [ 790484.043871926842257, 6239595.451320154592395 ], [ 790485.032432352891192, 6239595.603338262066245 ], [ 790486.020992790581658, 6239595.755356373265386 ], [ 790487.009553241077811, 6239595.907374488189816 ], [ 790487.998113705776632, 6239596.059392606839538 ], [ 790488.986674182233401, 6239596.211410732939839 ], [ 790489.975234671495855, 6239596.363428860902786 ], [ 790490.963795174844563, 6239596.515446994453669 ], [ 790491.952355689834803, 6239596.667465131729841 ], [ 790492.940916219027713, 6239596.819483272731304 ], [ 790493.929476759745739, 6239596.971501419320703 ], [ 790494.918037314899266, 6239597.123519571498036 ], [ 790495.906597881345078, 6239597.275537727400661 ], [ 790496.895158462226391, 6239597.427555887028575 ], [ 790497.883719054516405, 6239597.579574052244425 ], [ 790498.872279661009088, 6239597.73159221932292 ], [ 790499.860840280423872, 6239597.883610394783318 ], [ 790500.849400911596604, 6239598.035628573969007 ], [ 790501.837961556855589, 6239598.187646754086018 ], [ 790502.826522214803845, 6239598.339664941653609 ], [ 790503.815082884626463, 6239598.491683132946491 ], [ 790504.631540957139805, 6239598.617235855199397 ], [ 790505.465409443713725, 6239599.169526648707688 ], [ 790506.29927793587558, 6239599.721817455254495 ], [ 790507.133146433974616, 6239600.274108277633786 ], [ 790507.967014935566112, 6239600.826399110257626 ], [ 790508.80088344309479, 6239601.378689955919981 ], [ 790509.63475195528008, 6239601.930980815552175 ], [ 790510.468620473286137, 6239602.483271688222885 ], [ 790511.302488994784653, 6239603.035562572069466 ], [ 790512.136357522336766, 6239603.587853468954563 ], [ 790512.970226054312661, 6239604.140144379809499 ], [ 790513.804094591178, 6239604.692435300908983 ], [ 790514.637963133631274, 6239605.244726235978305 ], [ 790515.471831680973992, 6239605.797017183154821 ], [ 790516.305700232973322, 6239606.349308146163821 ], [ 790517.13956878951285, 6239606.901599119417369 ], [ 790517.973437352105975, 6239607.453890103846788 ], [ 790518.807305919239298, 6239608.006181104108691 ], [ 790519.641174491262063, 6239608.558472115546465 ], [ 790520.475043067708611, 6239609.1107631418854 ], [ 790521.308911649975926, 6239609.66305417753756 ], [ 790522.142780237249099, 6239610.215345226228237 ], [ 790522.976648828946054, 6239610.767636288888752 ], [ 790523.810517425299622, 6239611.319927364587784 ], [ 790524.644386027706787, 6239611.872218453325331 ], [ 790525.478254634654149, 6239612.424509554170072 ], [ 790526.312123246258125, 6239612.976800665259361 ], [ 790527.145991863915697, 6239613.529091794043779 ], [ 790527.979860484832898, 6239614.081382931210101 ], [ 790528.813729111803696, 6239614.633674083277583 ], [ 790529.647597743314691, 6239615.185965247452259 ], [ 790530.481466380646452, 6239615.738256422802806 ], [ 790531.315335022984073, 6239616.290547615848482 ], [ 790532.149203668464907, 6239616.842838816344738 ], [ 790532.98307232116349, 6239617.395130034536123 ], [ 790533.816940977238119, 6239617.947421261109412 ], [ 790534.650809639366344, 6239618.499712501652539 ], [ 790535.484678305918351, 6239619.052003754302859 ], [ 790536.318546977243386, 6239619.604295020923018 ], [ 790537.15241565334145, 6239620.156586300581694 ], [ 790537.986284335260279, 6239620.70887759141624 ], [ 790538.820153021835722, 6239621.261168896220624 ], [ 790539.654021713184193, 6239621.813460213132203 ], [ 790540.487890410237014, 6239622.365751542150974 ], [ 790541.321759112062864, 6239622.91804288700223 ], [ 790542.155627818428911, 6239623.470334240235388 ], [ 790542.989496529800817, 6239624.022625608369708 ], [ 790543.82336524548009, 6239624.574916988611221 ], [ 790544.65723396721296, 6239625.127208383753896 ], [ 790545.491102693602443, 6239625.679499790072441 ], [ 790546.324971424648538, 6239626.231791207566857 ], [ 790547.1588401615154, 6239626.784082639031112 ], [ 790547.992708903038874, 6239627.336374083533883 ], [ 790548.826577649335377, 6239627.88866554107517 ], [ 790549.660446400404908, 6239628.440957011654973 ], [ 790550.494315157178789, 6239628.993248494341969 ], [ 790551.328183917445131, 6239629.545539988204837 ], [ 790552.162052683765069, 6239630.097831496037543 ], [ 790552.995921455789357, 6239630.65012301877141 ], [ 790553.829790231306106, 6239631.202414551749825 ], [ 790554.66365901264362, 6239631.754706096835434 ], [ 790555.497527798637748, 6239632.306997654959559 ], [ 790556.331396590569057, 6239632.859289227053523 ], [ 790557.165265385992825, 6239633.411580810323358 ], [ 790557.999134187353775, 6239633.963872410356998 ], [ 790558.833002993371338, 6239634.516164018772542 ], [ 790559.666871803929098, 6239635.068455640226603 ], [ 790560.500740620540455, 6239635.620747276581824 ], [ 790561.334609441575594, 6239636.173038924112916 ], [ 790562.168478267500177, 6239636.725330586545169 ], [ 790563.002347097964957, 6239637.277622258290648 ], [ 790563.836215934483334, 6239637.829913945868611 ], [ 790564.670084775425494, 6239638.382205644622445 ], [ 790565.503953621257097, 6239638.93449735455215 ], [ 790566.337822471745312, 6239639.486789079383016 ], [ 790567.171691328054294, 6239640.039080816321075 ], [ 790568.005560189019889, 6239640.591372565366328 ], [ 790568.839429054642096, 6239641.143664330244064 ], [ 790569.673297926201485, 6239641.695956103503704 ], [ 790570.507166801369749, 6239642.24824789352715 ], [ 790571.341035682242364, 6239642.800539693795145 ], [ 790572.174904567655176, 6239643.3528315089643 ], [ 790573.00877345900517, 6239643.905123332515359 ], [ 790573.842642353964038, 6239644.457415170967579 ], [ 790574.676511254860088, 6239645.00970702432096 ], [ 790575.510380161460489, 6239645.561998886987567 ], [ 790576.344249071553349, 6239646.114290764555335 ], [ 790577.178117987583391, 6239646.666582655161619 ], [ 790578.011986908270046, 6239647.218874556012452 ], [ 790578.845855833613314, 6239647.771166471764445 ], [ 790579.679724763613194, 6239648.323458400554955 ], [ 790580.513593699550256, 6239648.875750342383981 ], [ 790581.347462640143931, 6239649.428042295388877 ], [ 790582.181331585277803, 6239649.980334259569645 ], [ 790583.015200536465272, 6239650.532626239582896 ], [ 790583.849069491028786, 6239651.084918231703341 ], [ 790584.682938452810049, 6239651.637210235930979 ], [ 790585.516807417850941, 6239652.189502252265811 ], [ 790586.350676387664862, 6239652.741794282570481 ], [ 790587.184545363299549, 6239653.294086324982345 ], [ 790588.018414343707263, 6239653.846378380432725 ], [ 790588.852283328771591, 6239654.398670447990298 ], [ 790589.686152319656685, 6239654.950962528586388 ], [ 790590.520021315198392, 6239655.503254622220993 ], [ 790591.353890315513127, 6239656.055546728894114 ], [ 790592.187759320484474, 6239656.607838846743107 ], [ 790593.021628331160173, 6239657.16013097949326 ], [ 790593.855497345444746, 6239657.712423123419285 ], [ 790594.689366365666501, 6239658.26471527852118 ], [ 790595.523235391592607, 6239658.817007450386882 ], [ 790596.20732708601281, 6239659.270098379813135 ], [ 790597.049227033974603, 6239659.810069410130382 ], [ 790597.891126986825839, 6239660.350040450692177 ], [ 790598.733026944799349, 6239660.890011504292488 ], [ 790599.574926908826455, 6239661.42998256906867 ], [ 790600.416826877743006, 6239661.969953647814691 ], [ 790601.258726851665415, 6239662.509924738667905 ], [ 790602.100626830593683, 6239663.049895843490958 ], [ 790602.942526815808378, 6239663.589866960421205 ], [ 790603.784426805796102, 6239664.129838086664677 ], [ 790604.626326801953837, 6239664.669809228740633 ], [ 790605.468226802069694, 6239665.209780382923782 ], [ 790606.310126808239147, 6239665.749751549214125 ], [ 790607.152026820462197, 6239666.289722729474306 ], [ 790607.993926837807521, 6239666.829693920910358 ], [ 790608.835826860042289, 6239667.369665125384927 ], [ 790609.677726887282915, 6239667.909636342898011 ], [ 790610.519626920577139, 6239668.449607570655644 ], [ 790611.361526958877221, 6239668.989578815177083 ], [ 790612.203427002299577, 6239669.529550068080425 ], [ 790613.04532705177553, 6239670.069521335884929 ], [ 790613.887227106140926, 6239670.609492614865303 ], [ 790614.729127165628597, 6239671.149463908746839 ], [ 790615.571027231169865, 6239671.689435213804245 ], [ 790616.412927301833406, 6239672.229406530037522 ], [ 790617.254827377269976, 6239672.769377860240638 ], [ 790618.096727458760142, 6239673.30934920348227 ], [ 790618.938627545488998, 6239673.849320558831096 ], [ 790619.780527637107298, 6239674.389291926287115 ], [ 790620.622427734779194, 6239674.92926330678165 ], [ 790621.464327837573364, 6239675.469234699383378 ], [ 790622.306227945256978, 6239676.009206105023623 ], [ 790623.148128057946451, 6239676.549177523702383 ], [ 790623.99002817668952, 6239677.089148953557014 ], [ 790624.831928300554864, 6239677.629120394587517 ], [ 790625.673828430357389, 6239678.169091852381825 ], [ 790626.515728565398604, 6239678.709063320420682 ], [ 790627.357628705212846, 6239679.249034803360701 ], [ 790628.199528851313516, 6239679.789006294682622 ], [ 790629.041429001023062, 6239680.32897780276835 ], [ 790629.883329157019034, 6239680.868949320167303 ], [ 790630.725229319185019, 6239681.408920852467418 ], [ 790631.567129486240447, 6239681.948892395943403 ], [ 790632.409029658418149, 6239682.488863952457905 ], [ 790633.250929835252464, 6239683.028835520148277 ], [ 790634.092830018606037, 6239683.568807100877166 ], [ 790634.934730206616223, 6239684.108778696507215 ], [ 790635.776630400912836, 6239684.648750303313136 ], [ 790636.61853059916757, 6239685.188721921294928 ], [ 790637.460430803475901, 6239685.72869355417788 ], [ 790638.302331013837829, 6239686.268665199168026 ], [ 790639.1442312290892, 6239686.808636855334044 ], [ 790639.986131449462846, 6239687.348608525469899 ], [ 790640.828031674725935, 6239687.888580208644271 ], [ 790641.669931906275451, 6239688.428551902994514 ], [ 790642.511832142714411, 6239688.968523610383272 ], [ 790643.353732384042814, 6239689.508495328947902 ], [ 790644.195632630493492, 6239690.04846706148237 ], [ 790645.037532882997766, 6239690.588438807986677 ], [ 790645.879433141672052, 6239691.128410566598177 ], [ 790646.721333404071629, 6239691.668382337316871 ], [ 790647.563233672757633, 6239692.208354118280113 ], [ 790648.405133947497234, 6239692.748325914144516 ], [ 790649.24703422607854, 6239693.288297722116113 ], [ 790650.088934510946274, 6239693.82826954126358 ], [ 790650.93083480047062, 6239694.368241375312209 ], [ 790651.77273509639781, 6239694.908213219605386 ], [ 790652.614635397214442, 6239695.448185078799725 ], [ 790653.456535703036934, 6239695.988156949169934 ], [ 790654.298436013632454, 6239696.528128832578659 ], [ 790655.140336330630817, 6239697.068100728094578 ], [ 790655.982236652402207, 6239697.608072638511658 ], [ 790656.824136980460025, 6239698.148044560104609 ], [ 790657.666037313523702, 6239698.688016491942108 ], [ 790658.507937651593238, 6239699.227988438680768 ], [ 790659.349837994319387, 6239699.767960397526622 ], [ 790660.191738343448378, 6239700.307932369410992 ], [ 790661.033638697350398, 6239700.847904352471232 ], [ 790661.87553905765526, 6239701.387876348569989 ], [ 790662.717439421685413, 6239701.927848357707262 ], [ 790663.559339791769162, 6239702.467820379883051 ], [ 790664.401240168139338, 6239703.007792414166033 ], [ 790665.243140549398959, 6239703.547764461487532 ], [ 790666.085040935664438, 6239704.087736520916224 ], [ 790666.926941326935776, 6239704.627708593383431 ], [ 790667.76884172426071, 6239705.167680677957833 ], [ 790668.610742126591504, 6239705.70765277557075 ], [ 790669.452642533928156, 6239706.247624883428216 ], [ 790670.294542947318405, 6239706.787597006186843 ], [ 790671.136443365830928, 6239707.327569141983986 ], [ 790671.978343789232895, 6239707.867541288957 ], [ 790672.820244218688458, 6239708.407513447105885 ], [ 790673.66214465314988, 6239708.947485621087253 ], [ 790674.504045092733577, 6239709.487457806244493 ], [ 790675.345945537090302, 6239710.027430004440248 ], [ 790676.187845987733454, 6239710.567402214743197 ], [ 790677.029746444663033, 6239711.107374439015985 ], [ 790677.871646905085072, 6239711.64734667353332 ], [ 790678.713547371793538, 6239712.187318922951818 ], [ 790679.555447843391448, 6239712.72729118168354 ], [ 790680.044799467315897, 6239713.041148122400045 ], [ 790680.647316017188132, 6239713.839484071359038 ], [ 790681.249832562403753, 6239714.637820031493902 ], [ 790681.852349103894085, 6239715.436156006529927 ], [ 790682.454865641891956, 6239716.234491992741823 ], [ 790683.057382175000384, 6239717.032827995717525 ], [ 790683.6598987034522, 6239717.831164006143808 ], [ 790684.262415228178725, 6239718.629500035196543 ], [ 790684.86493174941279, 6239719.427836073562503 ], [ 790685.467448265757412, 6239720.226172126829624 ], [ 790686.069964778609574, 6239721.024508193135262 ], [ 790686.672481287736446, 6239721.822844271548092 ], [ 790687.274997792206705, 6239722.621180362068117 ], [ 790687.877514291903935, 6239723.419516467489302 ], [ 790688.48003078927286, 6239724.217852586880326 ], [ 790689.082547280238941, 6239725.016188717447221 ], [ 790689.685063769225962, 6239725.81452486012131 ], [ 790690.28758025332354, 6239726.612861018627882 ], [ 790690.890096732531674, 6239727.411197187379003 ], [ 790691.492613208247349, 6239728.209533371031284 ], [ 790692.095129680354148, 6239729.007869567722082 ], [ 790692.697646147687919, 6239729.806205776520073 ], [ 790693.300162610132247, 6239730.604541998356581 ], [ 790693.902679070248269, 6239731.402878234162927 ], [ 790694.505195525474846, 6239732.201214481145144 ], [ 790695.107711975928396, 6239732.999550743028522 ], [ 790695.710228422889486, 6239733.797887017019093 ], [ 790696.312744865077548, 6239734.596223304979503 ], [ 790696.915261304820888, 6239735.394559605978429 ], [ 790697.517777738510631, 6239736.192895919084549 ], [ 790698.120294168707915, 6239736.991232245229185 ], [ 790698.722810595179908, 6239737.789568584412336 ], [ 790699.325327018043026, 6239738.587904935702682 ], [ 790699.927843436249532, 6239739.386241302825511 ], [ 790700.530359849683009, 6239740.18457768112421 ], [ 790701.132876259507611, 6239740.982914073392749 ], [ 790701.735392665723339, 6239741.781250476837158 ], [ 790702.337909067049623, 6239742.579586894251406 ], [ 790702.940425464883447, 6239743.377923326566815 ], [ 790703.542941857827827, 6239744.176259769126773 ], [ 790704.145458247279748, 6239744.974596226587892 ], [ 790704.747974633006379, 6239745.772932697087526 ], [ 790705.350491013959982, 6239746.571269178763032 ], [ 790705.953007390256971, 6239747.369605675339699 ], [ 790706.555523764109239, 6239748.167942183092237 ], [ 790707.15804013190791, 6239748.966278707608581 ], [ 790707.76055649749469, 6239749.76461524143815 ], [ 790708.363072857959196, 6239750.562951788306236 ], [ 790708.965589213883504, 6239751.361288349144161 ], [ 790709.568105566082522, 6239752.159624923020601 ], [ 790710.170621914789081, 6239752.957961509935558 ], [ 790710.773138258606195, 6239753.756298111751676 ], [ 790711.375654598930851, 6239754.554634721949697 ], [ 790711.978170934482478, 6239755.352971351705492 ], [ 790712.580687266308814, 6239756.151307988911867 ], [ 790713.183203594526276, 6239756.949644641950727 ], [ 790713.785719918087125, 6239757.747981308028102 ], [ 790714.38823623675853, 6239758.546317985281348 ], [ 790714.990752551937476, 6239759.344654677435756 ], [ 790715.593268863391131, 6239760.142991380766034 ], [ 790716.195785170071758, 6239760.941328097134829 ], [ 790716.798301473143511, 6239761.739664828404784 ], [ 790717.400817772722803, 6239762.538001570850611 ], [ 790718.003334067412652, 6239763.336338329128921 ], [ 790718.605850357329473, 6239764.134675098583102 ], [ 790719.208366644917987, 6239764.933011882007122 ], [ 790719.810882926452905, 6239765.731348676607013 ], [ 790720.413399205543101, 6239766.529685486108065 ], [ 790721.015915479976684, 6239767.328022306784987 ], [ 790721.618431749520823, 6239768.126359141431749 ], [ 790722.220948015339673, 6239768.924695989117026 ], [ 790722.823464277898893, 6239769.723032848909497 ], [ 790723.425980535335839, 6239770.521369723603129 ], [ 790724.028496788232587, 6239771.319706611335278 ], [ 790724.631013038568199, 6239772.118043510243297 ], [ 790725.233529284130782, 6239772.916380424052477 ], [ 790725.836045524920337, 6239773.714717349037528 ], [ 790726.438561761984602, 6239774.51305428892374 ], [ 790727.041077995672822, 6239775.311391241848469 ], [ 790727.643594224471599, 6239776.109728205017745 ], [ 790728.246110448613763, 6239776.908065184950829 ], [ 790728.84862667019479, 6239777.70640217512846 ], [ 790729.451142886886373, 6239778.504739178344607 ], [ 790730.053659098921344, 6239779.303076196461916 ], [ 790730.656175307463855, 6239780.101413227617741 ], [ 790731.258691512048244, 6239780.899750269949436 ], [ 790731.861207712208852, 6239781.698087325319648 ], [ 790732.463723907363601, 6239782.496424395591021 ], [ 790733.066240100190043, 6239783.294761478900909 ], [ 790733.668756288243458, 6239784.093098572455347 ], [ 790734.271272471523844, 6239784.89143568277359 ], [ 790734.873788651078939, 6239785.689772803336382 ], [ 790735.476304827141576, 6239786.488109938800335 ], [ 790736.078820998547599, 6239787.286447085440159 ], [ 790736.681337164831348, 6239788.084784246049821 ], [ 790737.283853329019621, 6239788.883121420629323 ], [ 790737.886369488202035, 6239789.681458606384695 ], [ 790738.488885642727837, 6239790.479795806109905 ], [ 790739.091401793528348, 6239791.278133017942309 ], [ 790739.6939179408364, 6239792.076470244675875 ], [ 790740.296434083255008, 6239792.874807483516634 ], [ 790740.898950221017003, 6239793.673144735395908 ], [ 790741.501466356217861, 6239794.471481999382377 ], [ 790742.103982485597953, 6239795.269819278270006 ], [ 790742.706498612416908, 6239796.068156568333507 ], [ 790743.30901473457925, 6239796.866493873298168 ], [ 790743.664582918398082, 6239797.337623757310212 ], [ 790744.13982135662809, 6239798.21768999285996 ], [ 790744.615059786010534, 6239799.097756238654256 ], [ 790745.090298207825981, 6239799.977822497487068 ], [ 790745.565536621958017, 6239800.857888765633106 ], [ 790746.040775028523058, 6239801.737955047748983 ], [ 790746.516013427404687, 6239802.61802134104073 ], [ 790746.991251817555167, 6239803.498087642714381 ], [ 790747.466490201186389, 6239804.378153957426548 ], [ 790747.941728576086462, 6239805.258220283314586 ], [ 790748.416966943186708, 6239806.138286618515849 ], [ 790748.892205302836373, 6239807.018352964892983 ], [ 790749.367443654686213, 6239807.898419324308634 ], [ 790749.842681997921318, 6239808.778485694900155 ], [ 790750.317920334637165, 6239809.658552076667547 ], [ 790750.793158662389033, 6239810.53861846961081 ], [ 790751.268396982806735, 6239811.418684873729944 ], [ 790751.74363529542461, 6239812.298751289024949 ], [ 790752.218873600359075, 6239813.17881771363318 ], [ 790752.694111897726543, 6239814.058884151279926 ], [ 790753.169350186362863, 6239814.938950600102544 ], [ 790753.644588468363509, 6239815.819017060101032 ], [ 790754.119826741749421, 6239816.699083531275392 ], [ 790754.595065007451922, 6239817.579150013625622 ], [ 790755.070303265471011, 6239818.459216508083045 ], [ 790755.54554151580669, 6239819.33928301371634 ], [ 790756.020779757411219, 6239820.219349529594183 ], [ 790756.496017992612906, 6239821.099416056647897 ], [ 790756.971256218850613, 6239821.979482594877481 ], [ 790757.446494437637739, 6239822.859549144282937 ], [ 790757.921732648741454, 6239823.739615704864264 ], [ 790758.396970852161758, 6239824.619682278484106 ], [ 790758.872209048015065, 6239825.499748861417174 ], [ 790759.347447234904394, 6239826.379815453663468 ], [ 790759.82268541562371, 6239827.259882060810924 ], [ 790760.29792358726263, 6239828.139948678202927 ], [ 790760.773161751450971, 6239829.020015304908156 ], [ 790761.248399908072315, 6239829.900081945583224 ], [ 790761.723638056777418, 6239830.780148595571518 ], [ 790762.198876196867786, 6239831.660215256735682 ], [ 790762.674114330438897, 6239832.540281930938363 ], [ 790763.149352455278859, 6239833.420348614454269 ], [ 790763.624590572551824, 6239834.300415311008692 ], [ 790764.099828681908548, 6239835.180482018738985 ], [ 790764.575066783931106, 6239836.060548734851182 ], [ 790765.050304878270254, 6239836.940615465864539 ], [ 790765.525542963529006, 6239837.820682204328477 ], [ 790766.000781042734161, 6239838.700748957693577 ], [ 790766.476019112858921, 6239839.580815718509257 ], [ 790766.951257175533101, 6239840.460882494226098 ], [ 790767.426495230291039, 6239841.340949278324842 ], [ 790767.901733277714811, 6239842.22101607453078 ], [ 790768.376971316291019, 6239843.101082881912589 ], [ 790768.852209348347969, 6239843.981149700470269 ], [ 790769.32744737144094, 6239844.861216530203819 ], [ 790769.802685386966914, 6239845.741283370181918 ], [ 790770.277923395158723, 6239846.621350225061178 ], [ 790770.75316139543429, 6239847.501417087391019 ], [ 790771.228399388259277, 6239848.381483963690698 ], [ 790771.703637373168021, 6239849.261550848372281 ], [ 790772.178875349578448, 6239850.141617747023702 ], [ 790772.654113318189047, 6239851.021684655919671 ], [ 790773.129351279232651, 6239851.901751575060189 ], [ 790773.604589232709259, 6239852.781818505376577 ], [ 790774.079827178269625, 6239853.661885447800159 ], [ 790774.55506511637941, 6239854.541952401399612 ], [ 790775.030303045758046, 6239855.422019366174936 ], [ 790775.505540968617424, 6239856.302086341194808 ], [ 790775.980778882512823, 6239857.182153329253197 ], [ 790776.456016788957641, 6239858.062220326624811 ], [ 790776.931254687951878, 6239858.942287337034941 ], [ 790777.40649257786572, 6239859.822354357689619 ], [ 790777.881730461376719, 6239860.702421388588846 ], [ 790778.356968336040154, 6239861.582488430663943 ], [ 790778.832206204300746, 6239862.462555486708879 ], [ 790779.307444063713774, 6239863.342622551135719 ], [ 790779.782681915676221, 6239864.222689628601074 ], [ 790780.257919759606011, 6239865.102756716310978 ], [ 790780.733157595153898, 6239865.982823815196753 ], [ 790781.208395424066111, 6239866.862890927121043 ], [ 790781.68363324413076, 6239867.742958047427237 ], [ 790782.158871057792567, 6239868.623025180771947 ], [ 790782.634108862606809, 6239869.503092325292528 ], [ 790783.109346659854054, 6239870.383159480057657 ], [ 790783.584584448253736, 6239871.263226645998657 ], [ 790784.059822230134159, 6239872.14329382404685 ], [ 790784.535060003283434, 6239873.023361012339592 ], [ 790785.010297770029865, 6239873.90342821367085 ], [ 790785.485535527928732, 6239874.783495424315333 ], [ 790785.960773278260604, 6239875.663562647998333 ], [ 790786.436011020792648, 6239876.543629880994558 ], [ 790786.911248755641282, 6239877.4236971270293 ], [ 790787.386486481875181, 6239878.303764382377267 ], [ 790787.86172420042567, 6239879.183831648901105 ], [ 790788.3369619124569, 6239880.063898928463459 ], [ 790788.812199615756981, 6239880.943966219201684 ], [ 790789.287437311373651, 6239881.824033519253135 ], [ 790789.76267499930691, 6239882.704100831411779 ], [ 790790.237912678509019, 6239883.584168153814971 ], [ 790790.713150351308286, 6239884.464235487394035 ], [ 790791.188388015143573, 6239885.344302836805582 ], [ 790791.66362567152828, 6239886.22437019366771 ], [ 790792.138863320229575, 6239887.104437561705709 ], [ 790792.614100961247459, 6239887.984504941850901 ], [ 790793.089338594581932, 6239888.864572331309319 ], [ 790793.564576220232993, 6239889.744639733806252 ], [ 790794.039813837152906, 6239890.624707147479057 ], [ 790794.515051446622238, 6239891.504774570465088 ], [ 790794.990289049455896, 6239892.384842006489635 ], [ 790795.46552664344199, 6239893.264909453690052 ], [ 790795.94076422858052, 6239894.14497691206634 ], [ 790796.416001807432622, 6239895.025044379755855 ], [ 790796.891239378601313, 6239895.90511186234653 ], [ 790797.366476940922439, 6239896.785179354250431 ], [ 790797.841714495560154, 6239897.665246854536235 ], [ 790798.316952042747289, 6239898.545314371585846 ], [ 790798.792189582134597, 6239899.425381895154715 ], [ 790799.267427113954909, 6239900.305449431762099 ], [ 790799.74266463809181, 6239901.185516979545355 ], [ 790800.217902153497562, 6239902.065584538504481 ], [ 790800.693139662384056, 6239902.945652107708156 ], [ 790801.168377162422985, 6239903.825719691812992 ], [ 790801.258697420824319, 6239903.99297907948494 ], [ 790801.837481967639178, 6239904.808686192147434 ], [ 790802.41626650840044, 6239905.624393318779767 ], [ 790802.995051045203581, 6239906.440100457519293 ], [ 790803.573835576884449, 6239907.255807610228658 ], [ 790804.152620103443041, 6239908.071514772251248 ], [ 790804.731404624995776, 6239908.887221951037645 ], [ 790805.310189141426235, 6239909.702929140999913 ], [ 790805.888973652850837, 6239910.518636344000697 ], [ 790806.467758160317317, 6239911.334343558177352 ], [ 790807.046542662661523, 6239912.150050787255168 ], [ 790807.625327160116285, 6239912.965758028440177 ], [ 790808.204111652332358, 6239913.781465280801058 ], [ 790808.782896140706725, 6239914.597172548994422 ], [ 790809.361680622911081, 6239915.412879830226302 ], [ 790809.9404651010409, 6239916.228587120771408 ], [ 790810.519249574281275, 6239917.044294426217675 ], [ 790811.098034042282961, 6239917.860001744702458 ], [ 790811.676818505395204, 6239918.675709075294435 ], [ 790812.25560296443291, 6239919.491416417993605 ], [ 790812.83438741741702, 6239920.307123774662614 ], [ 790813.413171866210178, 6239921.122831143438816 ], [ 790813.991956309997477, 6239921.938538523390889 ], [ 790814.570740748895332, 6239922.754245918244123 ], [ 790815.149525182554498, 6239923.569953326135874 ], [ 790815.728309612371959, 6239924.385660745203495 ], [ 790816.307094036019407, 6239925.201368179172277 ], [ 790816.885878455708735, 6239926.017075624316931 ], [ 790817.464662870275788, 6239926.832783084362745 ], [ 790818.043447279836982, 6239927.648490553721786 ], [ 790818.622231684392318, 6239928.464198037981987 ], [ 790819.201016084756702, 6239929.279905534349382 ], [ 790819.779800480348058, 6239930.095613043755293 ], [ 790820.358584869652987, 6239930.911320565268397 ], [ 790820.937369254883379, 6239931.727028099820018 ], [ 790821.516153636388481, 6239932.542735646478832 ], [ 790822.094938011374325, 6239933.358443208038807 ], [ 790822.673722382634878, 6239934.174150781705976 ], [ 790823.25250674772542, 6239934.989858366549015 ], [ 790823.83129110885784, 6239935.805565966293216 ], [ 790824.410075464984402, 6239936.621273577213287 ], [ 790824.988859817152843, 6239937.436981201171875 ], [ 790825.567644162918441, 6239938.252688836306334 ], [ 790826.146428503794596, 6239939.068396487273276 ], [ 790826.725212840712629, 6239939.884104150347412 ], [ 790827.303997172508389, 6239940.699811826460063 ], [ 790827.882781499298289, 6239941.515519514679909 ], [ 790828.461565822130069, 6239942.331227215006948 ], [ 790829.040350138791837, 6239943.146934928372502 ], [ 790829.619134451495484, 6239943.962642654776573 ], [ 790830.197918759193271, 6239944.77835039421916 ], [ 790830.776703060488217, 6239945.594058146700263 ], [ 790831.355487359222025, 6239946.409765912219882 ], [ 790831.93427165155299, 6239947.225473688915372 ], [ 790832.513055938878097, 6239948.041181478649378 ], [ 790833.091840222361498, 6239948.856889279559255 ], [ 790833.670624500606209, 6239949.672597095370293 ], [ 790834.249408773961477, 6239950.488304926082492 ], [ 790834.828193042194471, 6239951.304012767039239 ], [ 790835.406977306585759, 6239952.119720622897148 ], [ 790835.985761564574204, 6239952.935428488999605 ], [ 790836.564545818604529, 6239953.751136367209256 ], [ 790837.143330067861825, 6239954.566844260320067 ], [ 790837.722114311764017, 6239955.382552166469395 ], [ 790838.300898550776765, 6239956.198260082863271 ], [ 790838.879682785831392, 6239957.013968013226986 ], [ 790839.458467014483176, 6239957.829675957560539 ], [ 790840.037251239293255, 6239958.645383913069963 ], [ 790840.616035459097475, 6239959.461091883480549 ], [ 790841.194819673895836, 6239960.276799865067005 ], [ 790841.773603884619661, 6239961.092507859691978 ], [ 790842.352388089173473, 6239961.908215866424143 ], [ 790842.931172289769165, 6239962.723923886194825 ], [ 790843.509956485358998, 6239963.539631919935346 ], [ 790844.088740675826557, 6239964.355339964851737 ], [ 790844.667524861288257, 6239965.171048023737967 ], [ 790845.246309041744098, 6239965.986756095662713 ], [ 790845.825093218125403, 6239966.802464179694653 ], [ 790846.403877389384434, 6239967.618172274902463 ], [ 790846.982661554589868, 6239968.433880385942757 ], [ 790847.561445717001334, 6239969.2495885072276 ], [ 790848.140229873126373, 6239970.065296644344926 ], [ 790848.719014024129137, 6239970.881004789844155 ], [ 790849.297798171290196, 6239971.696712952107191 ], [ 790849.876582313328981, 6239972.512421125546098 ], [ 790850.455366450361907, 6239973.328129310160875 ], [ 790851.034150582272559, 6239974.143837508745492 ], [ 790851.612934709060937, 6239974.959545720368624 ], [ 790852.191718832007609, 6239975.775253945030272 ], [ 790852.770502948667854, 6239976.590962180867791 ], [ 790853.349287061486393, 6239977.406670432537794 ], [ 790853.928071169182658, 6239978.222378694452345 ], [ 790854.506855271756649, 6239979.038086969405413 ], [ 790855.08563937060535, 6239979.853795258328319 ], [ 790855.664423462934792, 6239980.669503560289741 ], [ 790856.243207551538944, 6239981.485211873427033 ], [ 790856.821991635020822, 6239982.300920199602842 ], [ 790857.400775713380426, 6239983.116628538817167 ], [ 790857.979559786734171, 6239983.932336892001331 ], [ 790858.558343856129795, 6239984.748045256361365 ], [ 790859.137127919355407, 6239985.563753633759916 ], [ 790859.715911978622898, 6239986.379462025128305 ], [ 790860.294696032768115, 6239987.195170428603888 ], [ 790860.873480081907474, 6239988.010878842324018 ], [ 790861.452264125924557, 6239988.826587270945311 ], [ 790862.031048166099936, 6239989.642295714467764 ], [ 790862.60983220115304, 6239990.458004168234766 ], [ 790863.188616230036132, 6239991.273712635040283 ], [ 790863.767400254728273, 6239992.089421115815639 ], [ 790864.346184275811538, 6239992.905129606835544 ], [ 790864.924968290608376, 6239993.72083811275661 ], [ 790865.503752301447093, 6239994.536546631716192 ], [ 790866.082536305999383, 6239995.352255161851645 ], [ 790866.661320306593552, 6239996.167963705025613 ], [ 790867.240104302298278, 6239996.983672263100743 ], [ 790867.818888293928467, 6239997.799380831420422 ], [ 790868.397672279388644, 6239998.615089412778616 ], [ 790868.976456261007115, 6239999.430798009037971 ], [ 790869.555240237386897, 6240000.246506616473198 ], [ 790870.134024207480252, 6240001.062215235084295 ], [ 790870.712808175012469, 6240001.877923868596554 ], [ 790871.291592136258259, 6240002.693632515147328 ], [ 790871.870376092381775, 6240003.509341172873974 ], [ 790872.449160044663586, 6240004.325049844570458 ], [ 790873.027943991823122, 6240005.140758527442813 ], [ 790873.606727933743969, 6240005.956467226147652 ], [ 790874.185511870775372, 6240006.772175934165716 ], [ 790874.764295803848654, 6240007.587884658947587 ], [ 790875.343079730751924, 6240008.403593393042684 ], [ 790875.921863653697073, 6240009.219302142038941 ], [ 790876.500647571403533, 6240010.035010901279747 ], [ 790877.079431484220549, 6240010.850719675421715 ], [ 790877.658215391915292, 6240011.666428461670876 ], [ 790878.236999295884743, 6240012.482137260958552 ], [ 790878.81578319449909, 6240013.297846073284745 ], [ 790879.39456708682701, 6240014.113554896786809 ], [ 790879.973350975429639, 6240014.929263733327389 ], [ 790880.552134860074148, 6240015.74497258476913 ], [ 790881.130918738432229, 6240016.560681447386742 ], [ 790881.211440537008457, 6240016.67416481859982 ], [ 790881.652805500430986, 6240017.571699615567923 ], [ 790882.094170454307459, 6240018.469234424643219 ], [ 790882.535535399802029, 6240019.36676924303174 ], [ 790882.976900335634127, 6240020.26430407166481 ], [ 790883.41826526413206, 6240021.161838911473751 ], [ 790883.859630183083937, 6240022.059373763389885 ], [ 790884.30099509365391, 6240022.9569086227566 ], [ 790884.742359995609149, 6240023.854443494230509 ], [ 790885.183724889298901, 6240024.751978377811611 ], [ 790885.625089774606749, 6240025.649513268843293 ], [ 790886.066454650135711, 6240026.547048173844814 ], [ 790886.507819518446922, 6240027.444583087228239 ], [ 790886.949184377212077, 6240028.342118010856211 ], [ 790887.390549227595329, 6240029.239652946591377 ], [ 790887.831914069363847, 6240030.137187892571092 ], [ 790888.273278901586309, 6240031.034722847864032 ], [ 790888.714643726591021, 6240031.932257814332843 ], [ 790889.156008541933261, 6240032.82979279384017 ], [ 790889.597373348893598, 6240033.727327780798078 ], [ 790890.038738147355616, 6240034.624862779863179 ], [ 790890.480102937435731, 6240035.522397788241506 ], [ 790890.921467717736959, 6240036.419932808727026 ], [ 790891.362832490820438, 6240037.317467840388417 ], [ 790891.80419725459069, 6240038.215002879500389 ], [ 790892.245562009513378, 6240039.112537931650877 ], [ 790892.686926756286994, 6240040.010072994045913 ], [ 790893.128291494445875, 6240040.90760806761682 ], [ 790893.569656223175116, 6240041.805143149569631 ], [ 790894.011020943289623, 6240042.702678243629634 ], [ 790894.452385656069964, 6240043.600213347002864 ], [ 790894.893750359420665, 6240044.497748462483287 ], [ 790895.335115054389462, 6240045.395283587276936 ], [ 790895.776479739695787, 6240046.2928187251091 ], [ 790896.217844417667948, 6240047.190353870391846 ], [ 790896.659209085977636, 6240048.08788902964443 ], [ 790897.100573746021837, 6240048.985424196347594 ], [ 790897.541938397451304, 6240049.882959373295307 ], [ 790897.983303040498868, 6240050.780494565144181 ], [ 790898.424667675164528, 6240051.678029766306281 ], [ 790898.866032300167717, 6240052.575564976781607 ], [ 790899.307396916672587, 6240053.473100196570158 ], [ 790899.74876152491197, 6240054.37063542753458 ], [ 790900.190126124536619, 6240055.268170670606196 ], [ 790900.631490715779364, 6240056.165705922991037 ], [ 790901.072855298640206, 6240057.063241185620427 ], [ 790901.514219871838577, 6240057.960776459425688 ], [ 790901.955584436422214, 6240058.858311743475497 ], [ 790902.396948992740363, 6240059.755847038701177 ], [ 790902.838313540793024, 6240060.653382344171405 ], [ 790903.279678080230951, 6240061.550917660817504 ], [ 790903.72104261117056, 6240062.448452988639474 ], [ 790904.162407132796943, 6240063.34598832577467 ], [ 790904.603771645575762, 6240064.243523672223091 ], [ 790905.045136149972677, 6240065.141059031710029 ], [ 790905.486500646104105, 6240066.038594400510192 ], [ 790905.927865133853629, 6240066.936129782348871 ], [ 790906.369229611940682, 6240067.833665171638131 ], [ 790906.810594082577154, 6240068.731200572103262 ], [ 790907.2519585439004, 6240069.628735983744264 ], [ 790907.693322996492498, 6240070.526271406561136 ], [ 790908.134687440702692, 6240071.423806838691235 ], [ 790908.576051876414567, 6240072.321342280134559 ], [ 790909.017416302813217, 6240073.218877735547721 ], [ 790909.458780720597133, 6240074.116413201205432 ], [ 790909.900145129882731, 6240075.013948677107692 ], [ 790910.341509531950578, 6240075.911484161391854 ], [ 790910.782873923191801, 6240076.80901965778321 ], [ 790911.224238307215273, 6240077.706555163487792 ], [ 790911.66560268169269, 6240078.604090681299567 ], [ 790912.106967048719525, 6240079.501626210287213 ], [ 790912.548331406200305, 6240080.39916174672544 ], [ 790912.989695755299181, 6240081.296697296202183 ], [ 790913.431060096016154, 6240082.194232858717442 ], [ 790913.87242442695424, 6240083.091768425889313 ], [ 790914.313788750674576, 6240083.989304007962346 ], [ 790914.75515306496527, 6240084.886839600279927 ], [ 790915.196517370641232, 6240085.784375202842057 ], [ 790915.637881667818874, 6240086.681910814717412 ], [ 790916.079245956614614, 6240087.579446438699961 ], [ 790916.520610235864297, 6240088.476982071995735 ], [ 790916.961974507663399, 6240089.374517716467381 ], [ 790917.403338770149276, 6240090.272053373046219 ], [ 790917.844703023904003, 6240091.169589037075639 ], [ 790918.286067269276828, 6240092.067124713212252 ], [ 790918.727431506384164, 6240092.964660400524735 ], [ 790919.168795733712614, 6240093.86219609901309 ], [ 790919.61015995265916, 6240094.759731805883348 ], [ 790920.051524164387956, 6240095.657267524860799 ], [ 790920.492888366337866, 6240096.554803255014122 ], [ 790920.934252560022287, 6240097.452338993549347 ], [ 790921.375616743927822, 6240098.349874742329121 ], [ 790921.816980920732021, 6240099.24741050414741 ], [ 790922.258345087873749, 6240100.144946277141571 ], [ 790922.699709246633574, 6240101.042482057586312 ], [ 790923.141073396778665, 6240101.940017852932215 ], [ 790923.582437538541853, 6240102.837553653866053 ], [ 790924.023801672039554, 6240103.735089469701052 ], [ 790924.465165795758367, 6240104.632625294849277 ], [ 790924.906529912026599, 6240105.530161128379405 ], [ 790925.347894018981606, 6240106.427696973085403 ], [ 790925.789258117321879, 6240107.325232829898596 ], [ 790926.230622207396664, 6240108.222768696025014 ], [ 790926.671986287692562, 6240109.120304575189948 ], [ 790927.113350360887125, 6240110.017840461805463 ], [ 790927.554714424302801, 6240110.915376361459494 ], [ 790927.996078479336575, 6240111.81291227042675 ], [ 790928.437442525988445, 6240112.710448190569878 ], [ 790928.878806564025581, 6240113.607984119094908 ], [ 790929.320170593797229, 6240114.5055200625211 ], [ 790929.761534613789991, 6240115.40305601246655 ], [ 790930.202898625517264, 6240116.300591975450516 ], [ 790930.644262628629804, 6240117.19812794867903 ], [ 790931.085626623476855, 6240118.095663930289447 ], [ 790931.526990609709173, 6240118.993199925869703 ], [ 790931.968354587676004, 6240119.890735929831862 ], [ 790932.409718555980362, 6240120.788271945901215 ], [ 790932.851082515669987, 6240121.685807970352471 ], [ 790933.292446467094123, 6240122.58334400691092 ], [ 790933.733810411184095, 6240123.480880053713918 ], [ 790934.175174344563857, 6240124.378416111692786 ], [ 790934.616538270493038, 6240125.275952178053558 ], [ 790935.057902186876163, 6240126.173488257452846 ], [ 790935.4992660949938, 6240127.071024347096682 ], [ 790935.940629994496703, 6240127.968560446053743 ], [ 790936.381993885617703, 6240128.866096557117999 ], [ 790936.823357768240385, 6240129.763632678426802 ], [ 790937.264721642481163, 6240130.661168809048831 ], [ 790937.70608550705947, 6240131.558704951778054 ], [ 790938.147449363255873, 6240132.456241103820503 ], [ 790938.588813210837543, 6240133.353777267038822 ], [ 790939.03017705027014, 6240134.251313442364335 ], [ 790939.471540880971588, 6240135.148849625140429 ], [ 790939.912904703407548, 6240136.046385820955038 ], [ 790940.354268516181037, 6240136.943922026082873 ], [ 790940.795632320456207, 6240137.841458243317902 ], [ 790941.236996116349474, 6240138.738994469866157 ], [ 790941.678359903860837, 6240139.636530706658959 ], [ 790942.119723682757467, 6240140.534066955558956 ], [ 790942.56108745210804, 6240141.431603213772178 ], [ 790943.002451214357279, 6240142.329139482229948 ], [ 790943.443814966827631, 6240143.226675762794912 ], [ 790943.885178710799664, 6240144.124212051741779 ], [ 790944.32654244650621, 6240145.021748353727162 ], [ 790944.767906172317453, 6240145.919284665957093 ], [ 790945.209269891260192, 6240146.81682098750025 ], [ 790945.650633600307629, 6240147.714357320219278 ], [ 790946.091997300973162, 6240148.611893664114177 ], [ 790946.533360993140377, 6240149.509430018253624 ], [ 790946.974724676809274, 6240150.406966384500265 ], [ 790947.416088352212682, 6240151.304502758197486 ], [ 790947.828180422540754, 6240152.142513801343739 ], [ 790948.199406137340702, 6240153.071257538162172 ], [ 790948.570631843060255, 6240154.000001282431185 ], [ 790948.941857538651675, 6240154.928745036944747 ], [ 790949.313083223765716, 6240155.857488799840212 ], [ 790949.684308898868039, 6240156.786232572048903 ], [ 790950.055534563725814, 6240157.714976353570819 ], [ 790950.426760218339041, 6240158.643720144405961 ], [ 790950.797985862707719, 6240159.572463946416974 ], [ 790951.169211497996002, 6240160.501207755878568 ], [ 790951.540437121875584, 6240161.429951572790742 ], [ 790951.911662735510617, 6240162.358695399947464 ], [ 790952.282888338901103, 6240163.287439236417413 ], [ 790952.654113933327608, 6240164.216183083131909 ], [ 790953.025339517509565, 6240165.144926937296987 ], [ 790953.396565090166405, 6240166.073670802637935 ], [ 790953.76779065397568, 6240167.002414675429463 ], [ 790954.139016206143424, 6240167.931158557534218 ], [ 790954.510241749463603, 6240168.859902448020875 ], [ 790954.881467282539234, 6240169.788646349683404 ], [ 790955.252692805253901, 6240170.717390257865191 ], [ 790955.623918317840435, 6240171.646134177222848 ], [ 790955.995143820066005, 6240172.574878105893731 ], [ 790956.366369312163442, 6240173.503622042015195 ], [ 790956.737594794132747, 6240174.43236598931253 ], [ 790957.108820265857503, 6240175.36110994592309 ], [ 790957.480045727221295, 6240176.289853908121586 ], [ 790957.851271178456955, 6240177.218597883358598 ], [ 790958.222496620495804, 6240178.14734186604619 ], [ 790958.593722051242366, 6240179.076085859909654 ], [ 790958.964947472792119, 6240180.00482985842973 ], [ 790959.336172883166, 6240180.933573869988322 ], [ 790959.707398284343071, 6240181.862317888997495 ], [ 790960.078623674227856, 6240182.791061917319894 ], [ 790960.44984905491583, 6240183.719805954024196 ], [ 790960.821074425475672, 6240184.648550002835691 ], [ 790961.192299784393981, 6240185.577294057235122 ], [ 790961.563525134697556, 6240186.506038123741746 ], [ 790961.934750474523753, 6240187.434782197698951 ], [ 790962.305975804105401, 6240188.363526280969381 ], [ 790962.677201123442501, 6240189.292270373553038 ], [ 790963.048426432535052, 6240190.22101447544992 ], [ 790963.419651732780039, 6240191.149758586660028 ], [ 790963.790877021383494, 6240192.078502705320716 ], [ 790964.162102299858816, 6240193.007246834225953 ], [ 790964.533327567973174, 6240193.935990972444415 ], [ 790964.904552827356383, 6240194.864735120907426 ], [ 790965.275778074981645, 6240195.793479276821017 ], [ 790965.647003313759342, 6240196.722223442047834 ], [ 790966.018228540895507, 6240197.6509676175192 ], [ 790966.389453759300523, 6240198.579711802303791 ], [ 790966.760678967228159, 6240199.508455994538963 ], [ 790967.13190416386351, 6240200.437200197018683 ], [ 790967.503129351418465, 6240201.365944407880306 ], [ 790967.874354528728873, 6240202.294688628986478 ], [ 790968.245579695911147, 6240203.223432859405875 ], [ 790968.616804852732457, 6240204.152177097275853 ], [ 790968.988029999425635, 6240205.080921344459057 ], [ 790969.359255135874264, 6240206.009665603749454 ], [ 790969.73048026196193, 6240206.938409867696464 ], [ 790970.101705379085615, 6240207.867154145613313 ], [ 790970.472930484917015, 6240208.795898429118097 ], [ 790970.844155580387451, 6240209.724642721936107 ], [ 790971.215380666777492, 6240210.65338702686131 ], [ 790971.586605741875246, 6240211.582131338305771 ], [ 790971.957830807659775, 6240212.510875659063458 ], [ 790972.329055862268433, 6240213.439619990065694 ], [ 790972.700280908029526, 6240214.36836432851851 ], [ 790973.07150594308041, 6240215.297108678147197 ], [ 790973.442730966955423, 6240216.225853033363819 ], [ 790973.813955981750041, 6240217.154597401618958 ], [ 790974.185180986300111, 6240218.083341778255999 ], [ 790974.556405980722047, 6240219.012086164206266 ], [ 790974.927630964899436, 6240219.940830558538437 ], [ 790975.29885593871586, 6240220.869574960321188 ], [ 790975.670080902404152, 6240221.79831937327981 ], [ 790976.041305857012048, 6240222.727063793689013 ], [ 790976.412530800211243, 6240223.655808225274086 ], [ 790976.78375573316589, 6240224.584552666172385 ], [ 790977.154980657156557, 6240225.513297114521265 ], [ 790977.526205569622107, 6240226.442041574046016 ], [ 790977.897430473007262, 6240227.370786040090024 ], [ 790978.26865536510013, 6240228.299530515447259 ], [ 790978.639880248112604, 6240229.228275002911687 ], [ 790979.011105119716376, 6240230.15701949596405 ], [ 790979.382329982123338, 6240231.08576400205493 ], [ 790979.753554834518582, 6240232.01450851559639 ], [ 790980.124779676552862, 6240232.94325303658843 ], [ 790980.496004508342594, 6240233.871997568756342 ], [ 790980.867229329887778, 6240234.800742107443511 ], [ 790981.238454141304828, 6240235.729486658237875 ], [ 790981.609678942477331, 6240236.658231217414141 ], [ 790981.980903733405285, 6240237.586975785903633 ], [ 790982.206860113888979, 6240238.152282232418656 ], [ 790982.809373213094659, 6240238.950625703670084 ], [ 790983.411886308575049, 6240239.748969191685319 ], [ 790984.014399399282411, 6240240.547312691807747 ], [ 790984.616912486380897, 6240241.345656204037368 ], [ 790985.219425568589941, 6240242.143999730236828 ], [ 790985.82193864742294, 6240242.942343267612159 ], [ 790986.424451722414233, 6240243.740686820819974 ], [ 790987.026964792516083, 6240244.53903038520366 ], [ 790987.629477858077735, 6240245.337373962625861 ], [ 790988.231990920961834, 6240246.135717554949224 ], [ 790988.834503977908753, 6240246.934061158448458 ], [ 790989.437017032410949, 6240247.732404774054885 ], [ 790990.039530082140118, 6240248.530748404562473 ], [ 790990.642043128260411, 6240249.329092048108578 ], [ 790991.244556169607677, 6240250.127435706555843 ], [ 790991.847069207229652, 6240250.92577937245369 ], [ 790992.449582240078598, 6240251.724123056977987 ], [ 790993.052095269202255, 6240252.522466750815511 ], [ 790993.654608294833452, 6240253.320810458622873 ], [ 790994.257121315458789, 6240254.119154179468751 ], [ 790994.859634332708083, 6240254.91749791521579 ], [ 790995.462147344951518, 6240255.715841660276055 ], [ 790996.064660353702493, 6240256.514185422100127 ], [ 790996.667173358728178, 6240257.312529194168746 ], [ 790997.269686358980834, 6240258.11087298206985 ], [ 790997.872199355624616, 6240258.909216780215502 ], [ 790998.474712347378954, 6240259.707560594193637 ], [ 790999.077225335640833, 6240260.505904419347644 ], [ 790999.679738319013268, 6240261.304248258471489 ], [ 791000.282251299940981, 6240262.102592109702528 ], [ 791000.884764274931513, 6240262.900935973972082 ], [ 791001.487277247244492, 6240263.69927985034883 ], [ 791002.089790215017274, 6240264.49762374162674 ], [ 791002.692303177900612, 6240265.295967645943165 ], [ 791003.294816137175076, 6240266.094311565160751 ], [ 791003.897329092724249, 6240266.892655493691564 ], [ 791004.499842043500394, 6240267.690999435260892 ], [ 791005.102354990667664, 6240268.489343392662704 ], [ 791005.704867933061905, 6240269.287687360309064 ], [ 791006.307380871847272, 6240270.086031341925263 ], [ 791006.909893806790933, 6240270.884375337511301 ], [ 791007.512406737077981, 6240271.682719346135855 ], [ 791008.114919663639739, 6240272.481063365004957 ], [ 791008.7174325856613, 6240273.279407400637865 ], [ 791009.319945505005307, 6240274.077751448377967 ], [ 791009.922458418412134, 6240274.87609550729394 ], [ 791010.524971328210086, 6240275.674439581111073 ], [ 791011.127484234282747, 6240276.472783667966723 ], [ 791011.729997136862949, 6240277.271127766929567 ], [ 791012.332510033273138, 6240278.069471878930926 ], [ 791012.935022927238606, 6240278.867816003970802 ], [ 791013.537535816663876, 6240279.666160142049193 ], [ 791014.140048702131025, 6240280.464504292234778 ], [ 791014.742561583057977, 6240281.26284845918417 ], [ 791015.345074460143223, 6240282.061192636378109 ], [ 791015.947587333619595, 6240282.859536825679243 ], [ 791016.550100202439353, 6240283.657881028018892 ], [ 791017.152613067533821, 6240284.456225246191025 ], [ 791017.755125927855261, 6240285.254569475539029 ], [ 791018.35763878445141, 6240286.052913717925549 ], [ 791018.960151636274531, 6240286.851257974281907 ], [ 791019.562664484605193, 6240287.649602241814137 ], [ 791020.165177329210564, 6240288.447946524247527 ], [ 791020.767690168926492, 6240289.246290819719434 ], [ 791021.370203005149961, 6240290.044635128229856 ], [ 791021.972715837531723, 6240290.84297944791615 ], [ 791022.575228665256873, 6240291.641323782503605 ], [ 791023.177741488208994, 6240292.439668130129576 ], [ 791023.780254308483563, 6240293.238012488931417 ], [ 791024.38276712410152, 6240294.03635686263442 ], [ 791024.985279934946448, 6240294.834701247513294 ], [ 791025.587792742066085, 6240295.633045647293329 ], [ 791026.190305545693263, 6240296.431390058249235 ], [ 791026.792818344430998, 6240297.229734484106302 ], [ 791027.395331139443442, 6240298.028078923001885 ], [ 791027.997843929566443, 6240298.826423373073339 ], [ 791028.60035671654623, 6240299.624767838045955 ], [ 791029.202869499567896, 6240300.423112316057086 ], [ 791029.805382277583703, 6240301.221456805244088 ], [ 791029.921428741887212, 6240301.375221274793148 ], [ 791030.066185626550578, 6240302.364878298714757 ], [ 791030.210942497826181, 6240303.354535331949592 ], [ 791030.355699355481192, 6240304.344192363321781 ], [ 791030.500456200912595, 6240305.333849402144551 ], [ 791030.645213032723404, 6240306.323506442829967 ], [ 791030.789969851030037, 6240307.313163488171995 ], [ 791030.934726655716076, 6240308.302820535376668 ], [ 791031.079483448411338, 6240309.292477585375309 ], [ 791031.224240227253176, 6240310.282134640961885 ], [ 791031.368996992940083, 6240311.271791700273752 ], [ 791031.513753744773567, 6240312.261448761448264 ], [ 791031.658510484499857, 6240313.251105828210711 ], [ 791031.803267209441401, 6240314.240762896835804 ], [ 791031.948023923207074, 6240315.230419971048832 ], [ 791032.092780622420833, 6240316.220077046193182 ], [ 791032.237537309178151, 6240317.209734125062823 ], [ 791032.382293982547708, 6240318.199391208589077 ], [ 791032.527050642296672, 6240319.189048295840621 ], [ 791032.671807288541459, 6240320.178705386817455 ], [ 791032.816563922446221, 6240321.16836248151958 ], [ 791032.961320542963222, 6240322.158019579946995 ], [ 791033.106077149976045, 6240323.147676680237055 ], [ 791033.250833744648844, 6240324.137333784252405 ], [ 791033.395590324420482, 6240325.126990891993046 ], [ 791033.540346892084926, 6240326.116648004390299 ], [ 791033.685103447292931, 6240327.106305119581521 ], [ 791033.829859987832606, 6240328.09596223756671 ], [ 791033.974616516148672, 6240329.085619361139834 ], [ 791034.11937303096056, 6240330.075276486575603 ], [ 791034.264129533199593, 6240331.064933614805341 ], [ 791034.408886021003127, 6240332.054590750485659 ], [ 791034.553642496583052, 6240333.044247887097299 ], [ 791034.698398958425969, 6240334.033905026502907 ], [ 791034.843155406881124, 6240335.023562170565128 ], [ 791034.987911842879839, 6240336.013219317421317 ], [ 791035.132668265607208, 6240337.002876468002796 ], [ 791035.277424674481153, 6240337.992533622309566 ], [ 791035.422181071247905, 6240338.982190781272948 ], [ 791035.566937453229912, 6240339.97184794396162 ], [ 791035.711693822871894, 6240340.96150510571897 ], [ 791035.856450179126114, 6240341.951162276789546 ], [ 791036.00120652304031, 6240342.940819447860122 ], [ 791036.145962853450328, 6240343.930476622655988 ], [ 791036.290719170356169, 6240344.920133803039789 ], [ 791036.435475473641418, 6240345.909790985286236 ], [ 791036.580231763422489, 6240346.899448171257973 ], [ 791036.724988040979952, 6240347.889105361886322 ], [ 791036.869744305033237, 6240348.878762556239963 ], [ 791037.014500555582345, 6240349.868419751524925 ], [ 791037.159256793675013, 6240350.858076953329146 ], [ 791037.304013018379919, 6240351.847734157927334 ], [ 791037.448769229464233, 6240352.83739136531949 ], [ 791037.593525427160785, 6240353.827048577368259 ], [ 791037.738281612400897, 6240354.816705789417028 ], [ 791037.883037784369662, 6240355.806363009847701 ], [ 791038.027793942485005, 6240356.79602022934705 ], [ 791038.172550087445416, 6240357.785677455365658 ], [ 791038.317306219832972, 6240358.775334686040878 ], [ 791038.462062338832766, 6240359.764991917647421 ], [ 791038.606818444328383, 6240360.7546491548419 ], [ 791038.751574536203407, 6240361.744306392967701 ], [ 791038.896330615854822, 6240362.733963634818792 ], [ 791039.04108668200206, 6240363.723620882257819 ], [ 791039.185842734528705, 6240364.713278132490814 ], [ 791039.330598774831742, 6240365.702935386449099 ], [ 791039.475354801630601, 6240366.692592645063996 ], [ 791039.620110814925283, 6240367.682249907404184 ], [ 791039.764866814599372, 6240368.671907169744372 ], [ 791039.909622801002115, 6240369.661564439535141 ], [ 791040.054378774832003, 6240370.651221710257232 ], [ 791040.199134735157713, 6240371.640878983773291 ], [ 791040.343890683259815, 6240372.630536263808608 ], [ 791040.488646616693586, 6240373.620193546637893 ], [ 791040.633402537787333, 6240374.609850831329823 ], [ 791040.778158445376903, 6240375.599508119747043 ], [ 791040.922914340626448, 6240376.589165413752198 ], [ 791041.067670221091248, 6240377.578822709619999 ], [ 791041.212426089216024, 6240378.56848000921309 ], [ 791041.357181943953037, 6240379.558137312531471 ], [ 791041.501937786466442, 6240380.547794619575143 ], [ 791041.646693614078686, 6240381.537451930344105 ], [ 791041.79144942946732, 6240382.527109244838357 ], [ 791041.936205231351778, 6240383.516766561195254 ], [ 791042.080961020779796, 6240384.506423882208765 ], [ 791042.225716796703637, 6240385.49608120881021 ], [ 791042.370472559239715, 6240386.485738538205624 ], [ 791042.515228308271617, 6240387.475395867601037 ], [ 791042.659984043799341, 6240388.465053202584386 ], [ 791042.804739766987041, 6240389.454710542224348 ], [ 791042.949495476670563, 6240390.444367884658277 ], [ 791043.094251172849908, 6240391.434025229886174 ], [ 791043.239006856572814, 6240392.423682579770684 ], [ 791043.383762527024373, 6240393.41333993524313 ], [ 791043.52851818385534, 6240394.402997291646898 ], [ 791043.673273826949298, 6240395.392654651775956 ], [ 791043.818029457936063, 6240396.382312014698982 ], [ 791043.962785075418651, 6240397.371969382278621 ], [ 791044.107540679280646, 6240398.36162675358355 ], [ 791044.252296269871294, 6240399.351284127682447 ], [ 791044.397051848005503, 6240400.340941506437957 ], [ 791044.541807412402704, 6240401.330598887056112 ], [ 791044.686562963644974, 6240402.320256271399558 ], [ 791044.831318502314389, 6240403.309913661330938 ], [ 791044.976074026431888, 6240404.299571052193642 ], [ 791045.120829538209364, 6240405.289228450506926 ], [ 791045.265585037646815, 6240406.278885847888887 ], [ 791045.410340522415936, 6240407.268543250858784 ], [ 791045.555095994845033, 6240408.258200656622648 ], [ 791045.699851453653537, 6240409.247858067974448 ], [ 791045.844606898957863, 6240410.237515481188893 ], [ 791045.989362332038581, 6240411.227172898128629 ], [ 791046.134117751615122, 6240412.216830318793654 ], [ 791046.278873157687485, 6240413.206487742252648 ], [ 791046.423628550255671, 6240414.196145173162222 ], [ 791046.568383930251002, 6240415.185802603140473 ], [ 791046.713139295810834, 6240416.175460036844015 ], [ 791046.857894650194794, 6240417.165117476135492 ], [ 791047.002649989910424, 6240418.15477491542697 ], [ 791047.147405317286029, 6240419.144432362169027 ], [ 791047.292160631041043, 6240420.134089808911085 ], [ 791047.436915931291878, 6240421.123747263103724 ], [ 791047.581671218154952, 6240422.113404721021652 ], [ 791047.726426492678002, 6240423.103062178939581 ], [ 791047.871181753696874, 6240424.09271964430809 ], [ 791048.015937001211569, 6240425.0823771096766 ], [ 791048.160692236269824, 6240426.072034578770399 ], [ 791048.305447456659749, 6240427.061692053452134 ], [ 791048.450202664826065, 6240428.051349530927837 ], [ 791048.594957860652357, 6240429.04100701212883 ], [ 791048.739713041810319, 6240430.030664496123791 ], [ 791048.884468210395426, 6240431.020321983844042 ], [ 791049.029223365709186, 6240432.009979475289583 ], [ 791049.173978507518768, 6240432.99963697232306 ], [ 791049.318733636871912, 6240433.989294469356537 ], [ 791049.463488752720878, 6240434.978951971977949 ], [ 791049.608243855182081, 6240435.968609478324652 ], [ 791049.752998944022693, 6240436.958266988396645 ], [ 791049.897754020756111, 6240437.947924500331283 ], [ 791050.042509083868936, 6240438.937582016922534 ], [ 791050.187264133477584, 6240439.927239537239075 ], [ 791050.332019170513377, 6240440.916897059418261 ], [ 791050.47677419311367, 6240441.906554587185383 ], [ 791050.621529203373939, 6240442.896212119609118 ], [ 791050.766284201061353, 6240443.885869650170207 ], [ 791050.911039184313267, 6240444.875527190044522 ], [ 791051.055794155225158, 6240445.865184729918838 ], [ 791051.20054911240004, 6240446.854842276312411 ], [ 791051.345304056303576, 6240447.844499823637307 ], [ 791051.490058987867087, 6240448.834157375618815 ], [ 791051.634813905810006, 6240449.823814932256937 ], [ 791051.779568810248747, 6240450.813472490757704 ], [ 791051.924323701299727, 6240451.803130052052438 ], [ 791052.069078578730114, 6240452.792787618935108 ], [ 791052.213833443820477, 6240453.782445188611746 ], [ 791052.358588295523077, 6240454.772102762013674 ], [ 791052.503343134885654, 6240455.761760339140892 ], [ 791052.648097960744053, 6240456.751417919993401 ], [ 791052.792852771701291, 6240457.741075502708554 ], [ 791052.937607571715489, 6240458.730733091011643 ], [ 791053.082362357061356, 6240459.720390681177378 ], [ 791053.227117129834369, 6240460.710048275999725 ], [ 791053.371871889336035, 6240461.699705874547362 ], [ 791053.516626635217108, 6240462.68936347682029 ], [ 791053.661381367594004, 6240463.679021080955863 ], [ 791053.806136087630875, 6240464.668678689748049 ], [ 791053.95089079416357, 6240465.658336302265525 ], [ 791054.095645488472655, 6240466.647993918508291 ], [ 791054.24040016788058, 6240467.637651536613703 ], [ 791054.385154835181311, 6240468.627309161238372 ], [ 791054.389018969028257, 6240468.653727443888783 ], [ 791054.642177667235956, 6240469.621346585452557 ], [ 791054.895336352288723, 6240470.588965732604265 ], [ 791055.14849502639845, 6240471.556584887206554 ], [ 791055.401653688400984, 6240472.524204047396779 ], [ 791055.654812337132171, 6240473.491823215037584 ], [ 791055.907970974920318, 6240474.45944238640368 ], [ 791056.161129600717686, 6240475.427061566151679 ], [ 791056.414288213127293, 6240476.394680753350258 ], [ 791056.667446814710274, 6240477.36229994520545 ], [ 791056.920605403138325, 6240478.3299191435799 ], [ 791057.173763980390504, 6240479.297538347542286 ], [ 791057.426922545651905, 6240480.265157559886575 ], [ 791057.680081097758375, 6240481.232776777818799 ], [ 791057.933239638805389, 6240482.200395999476314 ], [ 791058.186398166697472, 6240483.168015230447054 ], [ 791058.4395566835301, 6240484.135634468868375 ], [ 791058.692715188255534, 6240485.103253711014986 ], [ 791058.945873679826036, 6240486.070872960612178 ], [ 791059.199032160453498, 6240487.038492216728628 ], [ 791059.452190627809614, 6240488.006111476570368 ], [ 791059.705349084222689, 6240488.973730746656656 ], [ 791059.958507527364418, 6240489.94135002233088 ], [ 791060.211665959563106, 6240490.90896930359304 ], [ 791060.464824379654601, 6240491.876588590443134 ], [ 791060.717982786591165, 6240492.84420788474381 ], [ 791060.971141182584688, 6240493.811827186495066 ], [ 791061.22429956542328, 6240494.779446491971612 ], [ 791061.477457936969586, 6240495.747065804898739 ], [ 791061.730616295477375, 6240496.714685125276446 ], [ 791061.98377464315854, 6240497.682304451242089 ], [ 791062.236932977568358, 6240498.649923781864345 ], [ 791062.490091300802305, 6240499.617543120868504 ], [ 791062.74324961216189, 6240500.585162465460598 ], [ 791062.996407910133712, 6240501.552781816571951 ], [ 791063.249566197162494, 6240502.520401175133884 ], [ 791063.502724471269175, 6240503.488020540215075 ], [ 791063.755882734083571, 6240504.455639909952879 ], [ 791064.009040983743034, 6240505.423259286209941 ], [ 791064.262199222343042, 6240506.390878669917583 ], [ 791064.515357447788119, 6240507.358498058281839 ], [ 791064.768515662522987, 6240508.326117454096675 ], [ 791065.021673863520846, 6240509.293736854568124 ], [ 791065.274832053924911, 6240510.261356266215444 ], [ 791065.527990231057629, 6240511.228975679725409 ], [ 791065.781148397130892, 6240512.196595099754632 ], [ 791066.034306550165638, 6240513.164214528165758 ], [ 791066.287464692140929, 6240514.131833961233497 ], [ 791066.540622820844874, 6240515.099453402683139 ], [ 791066.793780938489363, 6240516.067072847858071 ], [ 791067.046939043095335, 6240517.03469230234623 ], [ 791067.300097136641853, 6240518.002311760559678 ], [ 791067.553255216917023, 6240518.969931225292385 ], [ 791067.806413286481984, 6240519.937550700269639 ], [ 791068.059571342542768, 6240520.90517017710954 ], [ 791068.312729387776926, 6240521.872789662331343 ], [ 791068.565887419739738, 6240522.840409154072404 ], [ 791068.81904544075951, 6240523.808028651401401 ], [ 791069.072203448275104, 6240524.775648154318333 ], [ 791069.32536144531332, 6240525.743267665617168 ], [ 791069.578519428847358, 6240526.710887181572616 ], [ 791069.831677400274202, 6240527.678506704047322 ], [ 791070.084835360874422, 6240528.646126234903932 ], [ 791070.33799330808688, 6240529.613745770417154 ], [ 791070.591151244472712, 6240530.581365311518312 ], [ 791070.844309167470783, 6240531.548984861932695 ], [ 791071.097467079758644, 6240532.516604415141046 ], [ 791071.350624978658743, 6240533.4842239767313 ], [ 791071.603782866499387, 6240534.451843542978168 ], [ 791071.856940741185099, 6240535.419463116675615 ], [ 791072.110098605044186, 6240536.387082698754966 ], [ 791072.363256455631927, 6240537.354702284559608 ], [ 791072.616414293879643, 6240538.322321877814829 ], [ 791072.869572121533565, 6240539.289941477589309 ], [ 791073.12272993568331, 6240540.257561082020402 ], [ 791073.37588773900643, 6240541.225180692970753 ], [ 791073.629045528941788, 6240542.192800312303007 ], [ 791073.882203308050521, 6240543.160419937223196 ], [ 791074.135361073771492, 6240544.128039567731321 ], [ 791074.388518828782253, 6240545.095659205690026 ], [ 791074.641676570521668, 6240546.06327885016799 ], [ 791074.894834300037473, 6240547.030898499302566 ], [ 791075.147992018610239, 6240547.998518155887723 ], [ 791075.401149724144489, 6240548.966137818992138 ], [ 791075.654307418502867, 6240549.933757489547133 ], [ 791075.907465099589899, 6240550.901377163827419 ], [ 791076.160622769733891, 6240551.868996844626963 ], [ 791076.413780426839367, 6240552.836616534739733 ], [ 791076.666938071721233, 6240553.804236228577793 ], [ 791076.92009570566006, 6240554.771855929866433 ], [ 791077.173253326211125, 6240555.739475637674332 ], [ 791077.42641093605198, 6240556.707095351070166 ], [ 791077.679568532505073, 6240557.67471507191658 ], [ 791077.932726116967387, 6240558.642334796488285 ], [ 791078.185883690486662, 6240559.609954530373216 ], [ 791078.439041250618175, 6240560.577574269846082 ], [ 791078.692198799690232, 6240561.545194014906883 ], [ 791078.945356335956603, 6240562.512813768349588 ], [ 791079.198513859766535, 6240563.480433525517583 ], [ 791079.451671372866258, 6240564.448053289204836 ], [ 791079.704828872578219, 6240565.415673062205315 ], [ 791079.957986361347139, 6240566.383292837999761 ], [ 791080.211143836844712, 6240567.350912622176111 ], [ 791080.464301300235093, 6240568.318532412871718 ], [ 791080.717458752682433, 6240569.286152208223939 ], [ 791080.970616192091256, 6240570.25377201102674 ], [ 791081.223773620324209, 6240571.221391820348799 ], [ 791081.476931035285816, 6240572.189011636190116 ], [ 791081.730088438373059, 6240573.156631458550692 ], [ 791081.983245830284432, 6240574.12425128556788 ], [ 791082.236403209157288, 6240575.091871121898293 ], [ 791082.489560576854274, 6240576.059490961953998 ], [ 791082.741516658570617, 6240577.022519296035171 ], [ 791083.023011681623757, 6240577.982278315350413 ], [ 791083.304506693268195, 6240578.942037340253592 ], [ 791083.586001692805439, 6240579.90179637260735 ], [ 791083.867496680119075, 6240580.861555413343012 ], [ 791084.148991656373255, 6240581.82131445966661 ], [ 791084.430486621335149, 6240582.781073513440788 ], [ 791084.711981574189849, 6240583.740832574665546 ], [ 791084.993476514704525, 6240584.700591643340886 ], [ 791085.274971444392577, 6240585.660350719466805 ], [ 791085.556466361507773, 6240586.620109801180661 ], [ 791085.837961267796345, 6240587.579868888482451 ], [ 791086.119456161744893, 6240588.53962798602879 ], [ 791086.400951044517569, 6240589.49938709102571 ], [ 791086.682445915066637, 6240590.45914619974792 ], [ 791086.963940774556249, 6240591.418905317783356 ], [ 791087.245435621822253, 6240592.378664442338049 ], [ 791087.526930456748232, 6240593.338423572480679 ], [ 791087.808425281895325, 6240594.298182713799179 ], [ 791088.089920093421824, 6240595.257941858842969 ], [ 791088.371414894005284, 6240596.217701010406017 ], [ 791088.652909683529288, 6240597.177460169419646 ], [ 791088.934404460596852, 6240598.137219337746501 ], [ 791089.215899225557223, 6240599.096978511661291 ], [ 791089.497393979458138, 6240600.056737693026662 ], [ 791089.77888872101903, 6240601.016496881842613 ], [ 791090.060383451636881, 6240601.976256077177823 ], [ 791090.341878171078861, 6240602.936015278100967 ], [ 791090.623372878180817, 6240603.895774487406015 ], [ 791090.904867573175579, 6240604.855533704161644 ], [ 791091.186362256994471, 6240605.815292928367853 ], [ 791091.467856928473338, 6240606.775052156299353 ], [ 791091.749351589009166, 6240607.734811395406723 ], [ 791092.030846237204969, 6240608.694570640102029 ], [ 791092.312340873293579, 6240609.654329892247915 ], [ 791092.593835497973487, 6240610.61408915091306 ], [ 791092.875330111943185, 6240611.573848417028785 ], [ 791093.15682471357286, 6240612.533607689663768 ], [ 791093.438319304026663, 6240613.493366968818009 ], [ 791093.719813882024027, 6240614.453126255422831 ], [ 791094.001308448030613, 6240615.412885550409555 ], [ 791094.282803002861328, 6240616.372644850984216 ], [ 791094.564297546632588, 6240617.332404159940779 ], [ 791094.845792078180239, 6240618.292163474485278 ], [ 791095.127286597387865, 6240619.251922796480358 ], [ 791095.408781105652452, 6240620.211682127788663 ], [ 791095.690275601577014, 6240621.171441461890936 ], [ 791095.971770086325705, 6240622.131200805306435 ], [ 791096.253264558967203, 6240623.090960156172514 ], [ 791096.53475902043283, 6240624.050719512626529 ], [ 791096.816253469791263, 6240625.010478880256414 ], [ 791097.097747907740995, 6240625.970238249748945 ], [ 791097.379242333583534, 6240626.929997628554702 ], [ 791097.660736748483032, 6240627.889757014811039 ], [ 791097.942231151042506, 6240628.849516407586634 ], [ 791098.223725541378371, 6240629.80927580781281 ], [ 791098.505219920538366, 6240630.769035215489566 ], [ 791098.786714288638905, 6240631.728794628754258 ], [ 791099.068208644515835, 6240632.688554051332176 ], [ 791099.349702988052741, 6240633.648313477635384 ], [ 791099.631197320530191, 6240634.608072912320495 ], [ 791099.912691642064601, 6240635.567832356318831 ], [ 791100.194185951142572, 6240636.527591804973781 ], [ 791100.475680248113349, 6240637.487351262941957 ], [ 791100.75717453379184, 6240638.4471107237041 ], [ 791101.038668807363138, 6240639.406870195642114 ], [ 791101.320163069991395, 6240640.366629675030708 ], [ 791101.601657320163213, 6240641.326389159075916 ], [ 791101.88315155915916, 6240642.286148650571704 ], [ 791102.164645786164328, 6240643.24590814858675 ], [ 791102.446140001993626, 6240644.205667654983699 ], [ 791102.727634205366485, 6240645.165427167899907 ], [ 791103.009128397796303, 6240646.125186686404049 ], [ 791103.290622578002512, 6240647.084946214221418 ], [ 791103.572116747032851, 6240648.044705748558044 ], [ 791103.853610903955996, 6240649.004465289413929 ], [ 791104.135105048422702, 6240649.964224837720394 ], [ 791104.416599182062782, 6240650.92398439347744 ], [ 791104.698093304410577, 6240651.883743955753744 ], [ 791104.979587414651178, 6240652.843503524549305 ], [ 791105.261081512318924, 6240653.803263100795448 ], [ 791105.542575599160045, 6240654.763022683560848 ], [ 791105.824069673661143, 6240655.722782276570797 ], [ 791106.1055637372192, 6240656.682541873306036 ], [ 791106.387057789601386, 6240657.642301477491856 ], [ 791106.668551828479394, 6240658.602061089128256 ], [ 791106.950045857578516, 6240659.561820708215237 ], [ 791107.23153987317346, 6240660.521580334752798 ], [ 791107.513033878523856, 6240661.48133996501565 ], [ 791107.794527870952152, 6240662.441099606454372 ], [ 791108.076021853368729, 6240663.40085925348103 ], [ 791108.357515822164714, 6240664.360618909820914 ], [ 791108.639009779901244, 6240665.320378568023443 ], [ 791108.920503726694733, 6240666.280138237401843 ], [ 791109.201997661031783, 6240667.239897912368178 ], [ 791109.483491584425792, 6240668.199657595716417 ], [ 791109.764985495596193, 6240669.159417282789946 ], [ 791110.046479394542985, 6240670.119176981970668 ], [ 791110.237644764129072, 6240670.770959578454494 ], [ 791110.823035441106185, 6240671.581943709403276 ], [ 791111.408426113659516, 6240672.392927852459252 ], [ 791111.993816780857742, 6240673.203912010416389 ], [ 791112.579207443632185, 6240674.014896181412041 ], [ 791113.164598101750016, 6240674.825880363583565 ], [ 791113.749988755909726, 6240675.63686456065625 ], [ 791114.33537940424867, 6240676.447848768904805 ], [ 791114.920770048396662, 6240677.258832987397909 ], [ 791115.506160688237287, 6240678.069817222654819 ], [ 791116.091551323770545, 6240678.880801471881568 ], [ 791116.676941953599453, 6240679.691785730421543 ], [ 791117.262332579120994, 6240680.502770004794002 ], [ 791117.847723200451583, 6240681.313754290342331 ], [ 791118.433113817358389, 6240682.124738587997854 ], [ 791119.01850442844443, 6240682.935722900554538 ], [ 791119.60389503557235, 6240683.746707224287093 ], [ 791120.189285638276488, 6240684.557691561058164 ], [ 791120.77467623539269, 6240685.368675911799073 ], [ 791121.360066827968694, 6240686.179660275578499 ], [ 791121.945457416586578, 6240686.990644650533795 ], [ 791122.530848000431433, 6240687.801629038527608 ], [ 791123.116238578921184, 6240688.612613439559937 ], [ 791123.701629154384136, 6240689.423597853630781 ], [ 791124.287019724259153, 6240690.234582280740142 ], [ 791124.872410288429819, 6240691.045566720888019 ], [ 791125.457800849573687, 6240691.856551174074411 ], [ 791126.043191405246034, 6240692.66753564029932 ], [ 791126.628581956378184, 6240693.478520118631423 ], [ 791127.213972502155229, 6240694.289504610002041 ], [ 791127.799363043275662, 6240695.10048911254853 ], [ 791128.384753581602126, 6240695.911473629996181 ], [ 791128.970144113060087, 6240696.72245816141367 ], [ 791129.555534641258419, 6240697.533442702144384 ], [ 791130.140925164101645, 6240698.344427258707583 ], [ 791130.72631568252109, 6240699.155411826446652 ], [ 791131.311706196516752, 6240699.966396407224238 ], [ 791131.89709670515731, 6240700.777381001971662 ], [ 791132.482487210538238, 6240701.588365610688925 ], [ 791133.067877710331231, 6240702.399350229650736 ], [ 791133.653268204536289, 6240703.21033486071974 ], [ 791134.238658695714548, 6240704.021319508552551 ], [ 791134.824049181421287, 6240704.832304165698588 ], [ 791135.409439662587829, 6240705.643288836814463 ], [ 791135.99483013828285, 6240706.454273521900177 ], [ 791136.580220610834658, 6240707.265258217230439 ], [ 791137.16561107779853, 6240708.076242927461863 ], [ 791137.751001540571451, 6240708.887227650731802 ], [ 791138.336391997640021, 6240709.698212385177612 ], [ 791138.921782450401224, 6240710.509197132661939 ], [ 791139.507172900019214, 6240711.320181895047426 ], [ 791140.09256334300153, 6240712.13116667047143 ], [ 791140.677953782607801, 6240712.942151454277337 ], [ 791141.263344216858968, 6240713.753136255778372 ], [ 791141.848734646569937, 6240714.564121068455279 ], [ 791142.434125072089955, 6240715.375105893239379 ], [ 791143.019515492022038, 6240716.186090731061995 ], [ 791143.604905907530338, 6240716.997075583785772 ], [ 791144.190296318964101, 6240717.808060446754098 ], [ 791144.775686725974083, 6240718.619045323692262 ], [ 791145.361077127279714, 6240719.430030213668942 ], [ 791145.946467525325716, 6240720.241015114821494 ], [ 791146.531857918016613, 6240721.052000030875206 ], [ 791147.117248305119574, 6240721.862984960898757 ], [ 791147.702638687798753, 6240722.673969899304211 ], [ 791148.288029067451134, 6240723.484954854473472 ], [ 791148.873419440351427, 6240724.295939821749926 ], [ 791149.45880980999209, 6240725.106924799270928 ], [ 791150.044200174277648, 6240725.917909791693091 ], [ 791150.629590534139425, 6240726.728894798085093 ], [ 791151.214980889577419, 6240727.539879815652966 ], [ 791151.800371240708046, 6240728.350864847190678 ], [ 791152.385761586367153, 6240729.161849891766906 ], [ 791152.971151927486062, 6240729.972834946587682 ], [ 791153.55654226441402, 6240730.783820018172264 ], [ 791154.141932595870458, 6240731.594805100932717 ], [ 791154.727322922786698, 6240732.405790193006396 ], [ 791155.312713245395571, 6240733.216775301843882 ], [ 791155.898103563813493, 6240734.027760423719883 ], [ 791156.483493876410648, 6240734.838745556771755 ], [ 791157.068884186097421, 6240735.649730704724789 ], [ 791157.654274490196258, 6240736.460715861991048 ], [ 791158.239664788590744, 6240737.271701034158468 ], [ 791158.825055083958432, 6240738.082686219364405 ], [ 791159.410445373738185, 6240738.893671419471502 ], [ 791159.995835659326985, 6240739.704656628891826 ], [ 791160.581225939211436, 6240740.51564185321331 ], [ 791161.166616214788519, 6240741.326627088710666 ], [ 791161.752006487222388, 6240742.137612339109182 ], [ 791162.337396752787754, 6240742.94859760068357 ], [ 791162.922787015326321, 6240743.759582877159119 ], [ 791163.508177272393368, 6240744.570568164810538 ], [ 791164.093567525036633, 6240745.381553465500474 ], [ 791164.678957773256116, 6240746.192538778297603 ], [ 791165.264348017168231, 6240747.003524105995893 ], [ 791165.849738255608827, 6240747.81450944300741 ], [ 791166.118338929489255, 6240748.186622263863683 ], [ 791166.17681195831392, 6240749.185101043432951 ], [ 791166.235284974100068, 6240750.183579823002219 ], [ 791166.293757975683548, 6240751.182058604434133 ], [ 791166.352230964228511, 6240752.180537387728691 ], [ 791166.410703939618543, 6240753.17901617102325 ], [ 791166.469176900922321, 6240754.177494956180453 ], [ 791166.527649848139845, 6240755.175973743200302 ], [ 791166.586122782086022, 6240756.174452530220151 ], [ 791166.64459570182953, 6240757.172931318171322 ], [ 791166.703068608650938, 6240758.171410107985139 ], [ 791166.761541502317414, 6240759.169888899661601 ], [ 791166.82001438178122, 6240760.168367691338062 ], [ 791166.878487247042358, 6240761.166846485808492 ], [ 791166.936960099264979, 6240762.165325280278921 ], [ 791166.995432938449085, 6240763.163804076611996 ], [ 791167.053905763430521, 6240764.162282874807715 ], [ 791167.112378575373441, 6240765.160761672072113 ], [ 791167.170851373113692, 6240766.159240472130477 ], [ 791167.229324156651273, 6240767.157719273120165 ], [ 791167.287796927150339, 6240768.15619807690382 ], [ 791167.346269684494473, 6240769.15467687882483 ], [ 791167.404742427868769, 6240770.153155683539808 ], [ 791167.463215157855302, 6240771.151634489186108 ], [ 791167.521687873871997, 6240772.150113297626376 ], [ 791167.580160576850176, 6240773.148592106066644 ], [ 791167.63863326550927, 6240774.147070914506912 ], [ 791167.697105941246264, 6240775.145549725741148 ], [ 791167.755578602431342, 6240776.144028536975384 ], [ 791167.814051249762997, 6240777.142507350072265 ], [ 791167.872523885103874, 6240778.140986163169146 ], [ 791167.930996505077928, 6240779.139464979991317 ], [ 791167.989469113061205, 6240780.137943796813488 ], [ 791168.047941706026904, 6240781.136422615498304 ], [ 791168.106414286768995, 6240782.134901434183121 ], [ 791168.164886853424832, 6240783.133380254730582 ], [ 791168.223359405761585, 6240784.131859076209366 ], [ 791168.281831945176236, 6240785.130337899550796 ], [ 791168.340304470388219, 6240786.128816723823547 ], [ 791168.39877698244527, 6240787.127295548096299 ], [ 791168.457249480299652, 6240788.125774374231696 ], [ 791168.515721965231933, 6240789.124253202229738 ], [ 791168.574194435845129, 6240790.12273203022778 ], [ 791168.632666893303394, 6240791.121210861951113 ], [ 791168.691139337955974, 6240792.119689693674445 ], [ 791168.749611768289469, 6240793.118168525397778 ], [ 791168.80808418430388, 6240794.116647358983755 ], [ 791168.866556587512605, 6240795.115126194432378 ], [ 791168.92502897628583, 6240796.113605029881001 ], [ 791168.983501352136955, 6240797.112083867192268 ], [ 791169.041973714833148, 6240798.110562705434859 ], [ 791169.100446063443087, 6240799.109041545540094 ], [ 791169.158918397733942, 6240800.107520388439298 ], [ 791169.217390719219111, 6240801.105999229475856 ], [ 791169.275863027432933, 6240802.104478074237704 ], [ 791169.334335321444087, 6240803.102956917136908 ], [ 791169.392807602416724, 6240804.101435763761401 ], [ 791169.451279869303107, 6240805.09991461224854 ], [ 791169.509752121870406, 6240806.098393460735679 ], [ 791169.568224361399189, 6240807.096872309222817 ], [ 791169.62669658777304, 6240808.095351161435246 ], [ 791169.685168800177053, 6240809.093830012716353 ], [ 791169.743640999309719, 6240810.092308865860105 ], [ 791169.802113184356131, 6240811.090787720866501 ], [ 791169.860585356364027, 6240812.089266576804221 ], [ 791169.919057514052838, 6240813.087745433673263 ], [ 791169.977529657655396, 6240814.086224291473627 ], [ 791170.03600178938359, 6240815.084703150205314 ], [ 791170.094473905628547, 6240816.083182011730969 ], [ 791170.152946009999141, 6240817.081660874187946 ], [ 791170.211418099002913, 6240818.080139735713601 ], [ 791170.269890175084583, 6240819.078618600964546 ], [ 791170.328362238011323, 6240820.077097465284169 ], [ 791170.386834287899546, 6240821.075576333329082 ], [ 791170.445306322304532, 6240822.074055200442672 ], [ 791170.50377834495157, 6240823.072534069418907 ], [ 791170.562250352348201, 6240824.071012940257788 ], [ 791170.620722347637638, 6240825.069491812959313 ], [ 791170.679194328840822, 6240826.067970683798194 ], [ 791170.737666295841336, 6240827.066449558362365 ], [ 791170.796138249803334, 6240828.064928434789181 ], [ 791170.854610189329833, 6240829.063407311215997 ], [ 791170.913082116050646, 6240830.061886187642813 ], [ 791170.971554029732943, 6240831.060365067794919 ], [ 791171.030025927815586, 6240832.05884394608438 ], [ 791171.088497814256698, 6240833.057322828099132 ], [ 791171.146969686378725, 6240834.055801710113883 ], [ 791171.205441544298083, 6240835.05428059399128 ], [ 791171.26391338929534, 6240836.052759479731321 ], [ 791171.32238522102125, 6240837.051238366402686 ], [ 791171.380857038777322, 6240838.049717254005373 ], [ 791171.439328841981478, 6240839.048196141608059 ], [ 791171.497800632496364, 6240840.046675031073391 ], [ 791171.556272409739904, 6240841.045153923332691 ], [ 791171.614744172780775, 6240842.043632814660668 ], [ 791171.673215921735391, 6240843.042111709713936 ], [ 791171.731687657535076, 6240844.040590602904558 ], [ 791171.790159380412661, 6240845.039069499820471 ], [ 791171.84863108897116, 6240846.037548395805061 ], [ 791171.907102784607559, 6240847.036027293652296 ], [ 791171.965574465808459, 6240848.034506194293499 ], [ 791172.024046132923104, 6240849.032985094934702 ], [ 791172.082517788279802, 6240850.03146399743855 ], [ 791172.140989428153262, 6240851.029942899942398 ], [ 791172.19946105487179, 6240852.028421806171536 ], [ 791172.257932668668218, 6240853.02690071053803 ], [ 791172.316404268145561, 6240854.025379617698491 ], [ 791172.374875854700804, 6240855.023858524858952 ], [ 791172.433347427053377, 6240856.02233743481338 ], [ 791172.491818986134604, 6240857.020816344767809 ], [ 791172.550290531245992, 6240858.019295257516205 ], [ 791172.608762063318864, 6240859.017774170264602 ], [ 791172.667233580956236, 6240860.016253083944321 ], [ 791172.725705085787922, 6240861.014731999486685 ], [ 791172.784176576184109, 6240862.013210915960371 ], [ 791172.84264805377461, 6240863.011689834296703 ], [ 791172.90111951821018, 6240864.010168753564358 ], [ 791172.959590967278928, 6240865.008647673763335 ], [ 791173.018062404356897, 6240866.007126593962312 ], [ 791173.076533827465028, 6240867.005605518817902 ], [ 791173.135005236137658, 6240868.004084441810846 ], [ 791173.193476631771773, 6240869.002563366666436 ], [ 791173.251948013203219, 6240870.001042293384671 ], [ 791173.310419381828979, 6240870.999521220102906 ], [ 791173.368890737183392, 6240871.998000150546432 ], [ 791173.427362078335136, 6240872.996479080989957 ], [ 791173.485833405284211, 6240873.994958011433482 ], [ 791173.54430471919477, 6240874.993436943739653 ], [ 791173.602776020066813, 6240875.991915877908468 ], [ 791173.661247306736186, 6240876.990394812077284 ], [ 791173.71971857920289, 6240877.98887374997139 ], [ 791173.778189838631079, 6240878.987352686002851 ], [ 791173.824058146914467, 6240879.770618671551347 ], [ 791174.077211741008796, 6240880.738240673206747 ], [ 791174.330365323228762, 6240881.705862680450082 ], [ 791174.583518893225119, 6240882.673484695143998 ], [ 791174.836672451114282, 6240883.641106715425849 ], [ 791175.089825996779837, 6240884.608728742226958 ], [ 791175.342979531735182, 6240885.576350776478648 ], [ 791175.596133053302765, 6240886.543972815386951 ], [ 791175.849286562763155, 6240887.511594861745834 ], [ 791176.102440060232766, 6240888.479216914623976 ], [ 791176.355593545478769, 6240889.446838973090053 ], [ 791176.608747019665316, 6240890.41446103900671 ], [ 791176.861900480929762, 6240891.382083111442626 ], [ 791177.115053929854184, 6240892.349705189466476 ], [ 791177.368207366554998, 6240893.317327273078263 ], [ 791177.621360792545602, 6240894.28494936414063 ], [ 791177.874514205148444, 6240895.252571460790932 ], [ 791178.127667605644092, 6240896.220193564891815 ], [ 791178.380820994032547, 6240897.187815675511956 ], [ 791178.633974371594377, 6240898.155437791720033 ], [ 791178.88712773565203, 6240899.123059913516045 ], [ 791179.140281087835319, 6240900.09068204369396 ], [ 791179.393434429075569, 6240901.058304178528488 ], [ 791179.646587756928056, 6240902.025926321744919 ], [ 791179.899741072673351, 6240902.993548467755318 ], [ 791180.152894377359189, 6240903.961170621216297 ], [ 791180.406047669006512, 6240904.928792783990502 ], [ 791180.659200948430225, 6240905.896414950489998 ], [ 791180.912354216910899, 6240906.864037125371397 ], [ 791181.165507472120225, 6240907.831659303046763 ], [ 791181.418660715222359, 6240908.799281490966678 ], [ 791181.671813947381452, 6240909.766903682611883 ], [ 791181.924967166269198, 6240910.734525881707668 ], [ 791182.178120374330319, 6240911.702148087322712 ], [ 791182.431273568887264, 6240912.669770298525691 ], [ 791182.684426751453429, 6240913.637392517179251 ], [ 791182.93757992319297, 6240914.605014742352068 ], [ 791183.190733081428334, 6240915.572636973112822 ], [ 791183.443886228837073, 6240916.540259208530188 ], [ 791183.697039362974465, 6240917.507881453260779 ], [ 791183.950192486168817, 6240918.475503702647984 ], [ 791184.203345596091822, 6240919.443125959485769 ], [ 791184.456498695071787, 6240920.410748220980167 ], [ 791184.709651780780405, 6240921.378370489925146 ], [ 791184.962804855545983, 6240922.345992766320705 ], [ 791185.215957917040214, 6240923.313615047372878 ], [ 791185.469110967591405, 6240924.28123733587563 ], [ 791185.722264004871249, 6240925.248859630897641 ], [ 791185.975417031208053, 6240926.216481929644942 ], [ 791186.228570044157095, 6240927.184104235842824 ], [ 791186.481723046395928, 6240928.151726551353931 ], [ 791186.734876035130583, 6240929.119348870590329 ], [ 791186.988029013038613, 6240930.086971195414662 ], [ 791187.24118197883945, 6240931.054593529552221 ], [ 791187.494334931252524, 6240932.022215867415071 ], [ 791187.747487872838974, 6240932.9898382127285 ], [ 791188.000640801154077, 6240933.957460565492511 ], [ 791188.25379371852614, 6240934.925082921981812 ], [ 791188.506946623791009, 6240935.892705287784338 ], [ 791188.760099515668117, 6240936.860327658243477 ], [ 791189.013252396602184, 6240937.827950034290552 ], [ 791189.266405264381319, 6240938.79557241871953 ], [ 791189.519558121100999, 6240939.763194807805121 ], [ 791189.772710965946317, 6240940.730817204341292 ], [ 791190.025863797403872, 6240941.698439607396722 ], [ 791190.279016617685556, 6240942.666062015108764 ], [ 791190.532169426092878, 6240943.633684430271387 ], [ 791190.785322222509421, 6240944.601306853815913 ], [ 791191.038475005421788, 6240945.568929279223084 ], [ 791191.291627777507529, 6240946.536551714874804 ], [ 791191.544780537369661, 6240947.504174156114459 ], [ 791191.797933283960447, 6240948.471796602010727 ], [ 791192.051086019608192, 6240949.439419055357575 ], [ 791192.304238743381575, 6240950.40704151801765 ], [ 791192.557391454698518, 6240951.374663980677724 ], [ 791192.810544154141098, 6240952.342286455444992 ], [ 791193.063696840079501, 6240953.309908932074904 ], [ 791193.316849515307695, 6240954.27753141708672 ], [ 791193.570002178428695, 6240955.24515391048044 ], [ 791193.823154829442501, 6240956.212776408530772 ], [ 791194.076307468232699, 6240957.180398911237717 ], [ 791194.32946009375155, 6240958.148021423257887 ], [ 791194.58261270832736, 6240959.115643939934671 ], [ 791194.835765310795978, 6240960.083266463130713 ], [ 791195.088917901273817, 6240961.050888992846012 ], [ 791195.342070479528047, 6240962.018511528149247 ], [ 791195.595223045675084, 6240962.98613406997174 ], [ 791195.848375599714927, 6240963.953756619244814 ], [ 791196.101528141647577, 6240964.921379174105823 ], [ 791196.354680671473034, 6240965.889001737348735 ], [ 791196.607833188027143, 6240966.85662430524826 ], [ 791196.860985693754628, 6240967.824246879667044 ], [ 791197.114138187142089, 6240968.791869459673762 ], [ 791197.367290668538772, 6240969.759492044337094 ], [ 791197.620443137828261, 6240970.727114640176296 ], [ 791197.873595594894141, 6240971.694737239740789 ], [ 791198.126748040085658, 6240972.662359844893217 ], [ 791198.379900473053567, 6240973.629982459358871 ], [ 791198.633052893914282, 6240974.59760507568717 ], [ 791198.886205302551389, 6240975.565227702260017 ], [ 791199.139357699197717, 6240976.5328503344208 ], [ 791199.392510083736852, 6240977.500472970306873 ], [ 791199.645662456052378, 6240978.468095615506172 ], [ 791199.898814817657694, 6240979.435718265362084 ], [ 791200.151967165758833, 6240980.403340922668576 ], [ 791200.405119501752779, 6240981.370963586494327 ], [ 791200.658271825755946, 6240982.338586254045367 ], [ 791200.91142413765192, 6240983.306208930909634 ], [ 791201.164576437324286, 6240984.273831614293158 ], [ 791201.417728724889457, 6240985.241454301401973 ], [ 791201.670881000580266, 6240986.209076997824013 ], [ 791201.924033264047466, 6240987.176699699833989 ], [ 791202.177185516338795, 6240988.144322406500578 ], [ 791202.430337755475193, 6240989.111945119686425 ], [ 791202.683489982620813, 6240990.079567842185497 ], [ 791202.936642197659239, 6240991.04719056840986 ], [ 791203.189794400474057, 6240992.014813301153481 ], [ 791203.442946591181681, 6240992.982436041347682 ], [ 791203.696098770946264, 6240993.950058787129819 ], [ 791203.949250937439501, 6240994.917681539431214 ], [ 791204.202403091825545, 6240995.885304296389222 ], [ 791204.455555234104395, 6240996.852927062660456 ], [ 791204.708707365673035, 6240997.820549835450947 ], [ 791204.961859483504668, 6240998.788172611035407 ], [ 791205.215011589578353, 6240999.755795396864414 ], [ 791205.468163684592582, 6241000.72341818548739 ], [ 791205.721315766335465, 6241001.691040982492268 ], [ 791205.97446783608757, 6241002.658663786947727 ], [ 791206.227619893383235, 6241003.626286596059799 ], [ 791206.480771940085106, 6241004.593909412622452 ], [ 791206.733923973282799, 6241005.56153223477304 ], [ 791206.987075995770283, 6241006.529155063442886 ], [ 791207.24022800475359, 6241007.496777899563313 ], [ 791207.493380001746118, 6241008.464400740340352 ], [ 791207.746531987795606, 6241009.432023586705327 ], [ 791207.999683960457332, 6241010.399646441452205 ], [ 791208.252835921011865, 6241011.367269301787019 ], [ 791208.505987870856188, 6241012.33489216864109 ], [ 791208.759139807196334, 6241013.302515041083097 ], [ 791209.012291732709855, 6241014.270137921907008 ], [ 791209.265443644835614, 6241015.237760806456208 ], [ 791209.518595546018332, 6241016.205383699387312 ], [ 791209.771747433929704, 6241017.173006597906351 ], [ 791210.024899311130866, 6241018.140629503875971 ], [ 791210.278051174711436, 6241019.108252414502203 ], [ 791210.531203027581796, 6241020.075875332579017 ], [ 791210.784354867064394, 6241021.043498256243765 ], [ 791211.037506695603952, 6241022.011121187359095 ], [ 791211.290658510872163, 6241022.978744123131037 ], [ 791211.543810315197334, 6241023.946367067284882 ], [ 791211.796962107415311, 6241024.913990015164018 ], [ 791212.050113886361942, 6241025.881612973287702 ], [ 791212.303265654249117, 6241026.849235935136676 ], [ 791212.55641740898136, 6241027.816858902573586 ], [ 791212.809569153003395, 6241028.784481879323721 ], [ 791213.062720884568989, 6241029.752104859799147 ], [ 791213.315872602863237, 6241030.719727845862508 ], [ 791213.569024310447276, 6241031.687350841239095 ], [ 791213.822176004527137, 6241032.654973842203617 ], [ 791214.075327687663957, 6241033.622596848756075 ], [ 791214.328479358926415, 6241034.590219860896468 ], [ 791214.581631017848849, 6241035.557842880487442 ], [ 791214.834782663499936, 6241036.525465907528996 ], [ 791215.087934298440814, 6241037.493088939227164 ], [ 791215.341085921041667, 6241038.460711976513267 ], [ 791215.594237531535327, 6241039.428335022181273 ], [ 791215.847389128757641, 6241040.395958072505891 ], [ 791216.100540715036914, 6241041.363581131212413 ], [ 791216.353692289208993, 6241042.331204194575548 ], [ 791216.606843851390295, 6241043.298827266320586 ], [ 791216.859995400300249, 6241044.266450341790915 ], [ 791217.113146938034333, 6241045.234073425643146 ], [ 791217.366298463777639, 6241046.201696515083313 ], [ 791217.619449977413751, 6241047.169319610111415 ], [ 791217.87260147894267, 6241048.136942713521421 ], [ 791218.125752968480811, 6241049.104565820656717 ], [ 791218.378904445795342, 6241050.072188936173916 ], [ 791218.632055910886265, 6241051.039812056347728 ], [ 791218.885207362822257, 6241052.007435185834765 ], [ 791219.138358803815208, 6241052.975058319047093 ], [ 791219.391510232584551, 6241053.942681459710002 ], [ 791219.644661649363115, 6241054.910304605960846 ], [ 791219.897813053918071, 6241055.877927759662271 ], [ 791220.150964446482249, 6241056.845550918020308 ], [ 791220.404115826822817, 6241057.813174084760249 ], [ 791220.657267195172608, 6241058.780797256156802 ], [ 791220.91041855129879, 6241059.748420434072614 ], [ 791221.077184042427689, 6241060.385850010439754 ], [ 791221.190948495524935, 6241061.379549099132419 ], [ 791221.304712934535928, 6241062.373248194344342 ], [ 791221.418477361439727, 6241063.366947289556265 ], [ 791221.532241774373688, 6241064.360646387562156 ], [ 791221.646006172988564, 6241065.354345489293337 ], [ 791221.759770559612662, 6241066.348044591955841 ], [ 791221.87353493203409, 6241067.34174370020628 ], [ 791221.987299291533418, 6241068.335442807525396 ], [ 791222.101063636830077, 6241069.329141922295094 ], [ 791222.214827968971804, 6241070.322841035202146 ], [ 791222.328592288075015, 6241071.316540153697133 ], [ 791222.442356594256125, 6241072.310239274054766 ], [ 791222.556120886118151, 6241073.303938396275043 ], [ 791222.669885165058076, 6241074.297637524083257 ], [ 791222.783649430726655, 6241075.29133665189147 ], [ 791222.897413683589548, 6241076.285035781562328 ], [ 791223.011177922133356, 6241077.2787349158898 ], [ 791223.124942146474496, 6241078.272434052079916 ], [ 791223.238706358941272, 6241079.266133192926645 ], [ 791223.352470557205379, 6241080.25983233563602 ], [ 791223.46623474243097, 6241081.253531480208039 ], [ 791223.57999891450163, 6241082.247230628505349 ], [ 791223.693763072486036, 6241083.240929776802659 ], [ 791223.80752721731551, 6241084.234628928825259 ], [ 791223.921291349222884, 6241085.228328086435795 ], [ 791224.035055466811173, 6241086.222027242183685 ], [ 791224.148819571477361, 6241087.215726405382156 ], [ 791224.262583663105033, 6241088.209425568580627 ], [ 791224.376347741577774, 6241089.203124735504389 ], [ 791224.490111805847846, 6241090.196823904290795 ], [ 791224.603875857079402, 6241091.190523074939847 ], [ 791224.717639894224703, 6241092.184222252108157 ], [ 791224.831403919379227, 6241093.177921427413821 ], [ 791224.945167930331081, 6241094.171620608307421 ], [ 791225.058931926963851, 6241095.165319789201021 ], [ 791225.172695911955088, 6241096.159018976613879 ], [ 791225.286459882627241, 6241097.15271816495806 ], [ 791225.400223840260878, 6241098.146417357027531 ], [ 791225.513987783691846, 6241099.140116550028324 ], [ 791225.627751713967882, 6241100.133815748617053 ], [ 791225.741515631321818, 6241101.127514944411814 ], [ 791225.855279535520822, 6241102.121214145794511 ], [ 791225.969043425749987, 6241103.11491335183382 ], [ 791226.082807302591391, 6241104.10861255787313 ], [ 791226.196571166627109, 6241105.102311770431697 ], [ 791226.310335016343743, 6241106.09601098112762 ], [ 791226.42409885302186, 6241107.089710200205445 ], [ 791226.537862676661462, 6241108.083409416489303 ], [ 791226.651626487378962, 6241109.077108636498451 ], [ 791226.765390283893794, 6241110.07080786023289 ], [ 791226.879154067020863, 6241111.064507086761296 ], [ 791226.992917836294509, 6241112.058206315152347 ], [ 791227.106681593577377, 6241113.051905547268689 ], [ 791227.220445336541161, 6241114.045604781247675 ], [ 791227.33420906541869, 6241115.039304018951952 ], [ 791227.447972782421857, 6241116.033003258518875 ], [ 791227.561736485222355, 6241117.026702500879765 ], [ 791227.675500173820183, 6241118.020401746034622 ], [ 791227.789263850427233, 6241119.01410099491477 ], [ 791227.903027512831613, 6241120.007800245657563 ], [ 791228.016791162197478, 6241121.001499498263001 ], [ 791228.130554798641242, 6241121.99519875459373 ], [ 791228.244318420765921, 6241122.988898015581071 ], [ 791228.3580820299685, 6241123.98259727563709 ], [ 791228.471845626016147, 6241124.976296540349722 ], [ 791228.585609207861125, 6241125.969995808787644 ], [ 791228.699372776667587, 6241126.963695077225566 ], [ 791228.813136332435533, 6241127.957394349388778 ], [ 791228.926899873884395, 6241128.951093625277281 ], [ 791229.040663403691724, 6241129.944792902097106 ], [ 791229.154426918015815, 6241130.938492184504867 ], [ 791229.268190420349129, 6241131.932191466912627 ], [ 791229.381953908596188, 6241132.925890753045678 ], [ 791229.495717383804731, 6241133.919590042904019 ], [ 791229.609480845741928, 6241134.913289332762361 ], [ 791229.723244293709286, 6241135.906988628208637 ], [ 791229.837007728638127, 6241136.900687925517559 ], [ 791229.950771150528453, 6241137.894387225620449 ], [ 791230.064534559263848, 6241138.888086527585983 ], [ 791230.178297953796573, 6241139.881785831414163 ], [ 791230.292061335290782, 6241140.875485139898956 ], [ 791230.405824702582322, 6241141.869184451177716 ], [ 791230.519588057999499, 6241142.862883763387799 ], [ 791230.633351398049854, 6241143.856583080254495 ], [ 791230.747114726225846, 6241144.850282399915159 ], [ 791230.860878041246906, 6241145.8439817186445 ], [ 791230.974641341017559, 6241146.837681043893099 ], [ 791231.08840462891385, 6241147.831380371004343 ], [ 791231.202167903771624, 6241148.825079699978232 ], [ 791231.315931164310314, 6241149.818779034540057 ], [ 791231.429694411926903, 6241150.812478369101882 ], [ 791231.543457645340823, 6241151.806177707388997 ], [ 791231.657220866763964, 6241152.799877046607435 ], [ 791231.770984073984437, 6241153.793576389551163 ], [ 791231.88474726700224, 6241154.787275737151504 ], [ 791231.99851044814568, 6241155.780975084751844 ], [ 791232.112273615086451, 6241156.774674437008798 ], [ 791232.226036769105121, 6241157.768373791128397 ], [ 791232.339799908688292, 6241158.762073148041964 ], [ 791232.453563035349362, 6241159.755772506818175 ], [ 791232.567326148971915, 6241160.749471868388355 ], [ 791232.681089249672368, 6241161.74317123554647 ], [ 791232.794852335937321, 6241162.736870601773262 ], [ 791232.908615409280173, 6241163.730569972656667 ], [ 791233.022378469351679, 6241164.724269345402718 ], [ 791233.136141515453346, 6241165.717968721874058 ], [ 791233.249904548516497, 6241166.711668100208044 ], [ 791233.363667568424717, 6241167.705367481335998 ], [ 791233.477430574130267, 6241168.699066864326596 ], [ 791233.591193566797301, 6241169.692766251973808 ], [ 791233.704956546542235, 6241170.686465641483665 ], [ 791233.818719513015822, 6241171.680165032856166 ], [ 791233.93248246551957, 6241172.673864427953959 ], [ 791234.046245404868387, 6241173.667563825845718 ], [ 791234.160008331178688, 6241174.661263225600123 ], [ 791234.273771243286319, 6241175.654962630011141 ], [ 791234.387534142239019, 6241176.648662036284804 ], [ 791234.501297028153203, 6241177.64236144348979 ], [ 791234.615059899864718, 6241178.636060854420066 ], [ 791234.728822759818286, 6241179.629760267212987 ], [ 791234.842585604405031, 6241180.623459683731198 ], [ 791234.956348437117413, 6241181.6171591039747 ], [ 791235.07011125551071, 6241182.610858527943492 ], [ 791235.183874060865492, 6241183.604557951912284 ], [ 791235.297636853298172, 6241184.598257378675044 ], [ 791235.411399631295353, 6241185.591956809163094 ], [ 791235.525162396370433, 6241186.585656242445111 ], [ 791235.638925148406997, 6241187.579355677589774 ], [ 791235.752687887521461, 6241188.573055116459727 ], [ 791235.866450612200424, 6241189.566754558123648 ], [ 791235.980213323957287, 6241190.560454000718892 ], [ 791236.092573736794293, 6241191.541904702782631 ], [ 791235.933047762140632, 6241192.529291155748069 ], [ 791235.773521774099208, 6241193.516677601262927 ], [ 791235.613995774183422, 6241194.504064042121172 ], [ 791235.45446976099629, 6241195.491450479254127 ], [ 791235.294943734770641, 6241196.478836911730468 ], [ 791235.135417695390061, 6241197.466223339550197 ], [ 791234.975891643902287, 6241198.453609762713313 ], [ 791234.816365579143167, 6241199.440996182151139 ], [ 791234.656839502509683, 6241200.428382595069706 ], [ 791234.4973134114407, 6241201.415769005194306 ], [ 791234.337787308497354, 6241202.403155407868326 ], [ 791234.178261192282662, 6241203.390541806817055 ], [ 791234.018735063960776, 6241204.377928202971816 ], [ 791233.859208921669051, 6241205.365314593538642 ], [ 791233.699682766920887, 6241206.352700980380177 ], [ 791233.54015660029836, 6241207.340087359771132 ], [ 791233.380630419356748, 6241208.327473737299442 ], [ 791233.221104226540774, 6241209.314860108308494 ], [ 791233.061578020453453, 6241210.302246475592256 ], [ 791232.902051802258939, 6241211.289632837288082 ], [ 791232.742525569745339, 6241212.277019195258617 ], [ 791232.582999325357378, 6241213.26440554857254 ], [ 791232.423473068745807, 6241214.25179189722985 ], [ 791232.263946797931567, 6241215.239178240299225 ], [ 791232.104420515242964, 6241216.226564578711987 ], [ 791231.944894219283015, 6241217.213950913399458 ], [ 791231.785367911215872, 6241218.201337244361639 ], [ 791231.625841588713229, 6241219.188723568804562 ], [ 791231.466315254452638, 6241220.176109889522195 ], [ 791231.306788906920701, 6241221.16349620372057 ], [ 791231.147262547397986, 6241222.150882516056299 ], [ 791230.987736174603924, 6241223.138268822804093 ], [ 791230.828209788771346, 6241224.125655125826597 ], [ 791230.668683389551006, 6241225.11304142139852 ], [ 791230.509156978456303, 6241226.100427714176476 ], [ 791230.349630554206669, 6241227.087814001366496 ], [ 791230.190104116685688, 6241228.075200282968581 ], [ 791230.030577666126192, 6241229.06258656270802 ], [ 791229.871051203459501, 6241230.049972837790847 ], [ 791229.711524727754295, 6241231.037359105423093 ], [ 791229.551998239941895, 6241232.024745371192694 ], [ 791229.392471737693995, 6241233.012131629511714 ], [ 791229.232945223455317, 6241233.999517883174121 ], [ 791229.073418696178123, 6241234.986904134973884 ], [ 791228.913892156793736, 6241235.97429038118571 ], [ 791228.754365602973849, 6241236.961676622740924 ], [ 791228.594839037396014, 6241237.949062859639525 ], [ 791228.43531245959457, 6241238.936449090018868 ], [ 791228.275785867590457, 6241239.923835318535566 ], [ 791228.116259263595566, 6241240.911221541464329 ], [ 791227.956732646329328, 6241241.898607758805156 ], [ 791227.797206017072313, 6241242.88599397148937 ], [ 791227.637679373379797, 6241243.873380181379616 ], [ 791227.478152717812918, 6241244.860766384750605 ], [ 791227.318626048974693, 6241245.84815258346498 ], [ 791227.159099368145689, 6241246.835538777522743 ], [ 791226.99957267427817, 6241247.822924967855215 ], [ 791226.840045967022888, 6241248.810311152599752 ], [ 791226.680519246729091, 6241249.797697333618999 ], [ 791226.520992514444515, 6241250.785083509981632 ], [ 791226.361465768888593, 6241251.77246968075633 ], [ 791226.201939010177739, 6241252.759855847805738 ], [ 791226.042412239476107, 6241253.747242009267211 ], [ 791225.882885454455391, 6241254.734628165140748 ], [ 791225.723358657327481, 6241255.722014317288995 ], [ 791225.563831848325208, 6241256.709400466643274 ], [ 791225.404305024887435, 6241257.696786609478295 ], [ 791225.2447781895753, 6241258.684172749519348 ], [ 791225.085251340875402, 6241259.671558883041143 ], [ 791224.925724480301142, 6241260.658945010975003 ], [ 791224.766197605291381, 6241261.646331135183573 ], [ 791224.606670718407258, 6241262.633717255666852 ], [ 791224.447143819415942, 6241263.621103370562196 ], [ 791224.287616906105541, 6241264.608489483594894 ], [ 791224.128089980804361, 6241265.59587558824569 ], [ 791223.968563042348251, 6241266.583261689171195 ], [ 791223.809036091901362, 6241267.570647785440087 ], [ 791223.649509127018973, 6241268.558033877983689 ], [ 791223.489982150145806, 6241269.545419964939356 ], [ 791223.330455161398277, 6241270.53280604723841 ], [ 791223.170928158098832, 6241271.520192125812173 ], [ 791223.011401142925024, 6241272.507578199729323 ], [ 791222.851874114596285, 6241273.494964266195893 ], [ 791222.692347072996199, 6241274.482350330799818 ], [ 791222.532820019405335, 6241275.469736389815807 ], [ 791222.373292952775955, 6241276.457122446037829 ], [ 791222.213765872875229, 6241277.444508493877947 ], [ 791222.054238780867308, 6241278.431894540786743 ], [ 791221.894711674540304, 6241279.419280579313636 ], [ 791221.735184556338936, 6241280.406666615977883 ], [ 791221.57565742614679, 6241281.394052648916841 ], [ 791221.416130281402729, 6241282.381438674405217 ], [ 791221.256603124784306, 6241283.368824698030949 ], [ 791221.097075955010951, 6241284.356210713274777 ], [ 791220.937548773130402, 6241285.34359672665596 ], [ 791220.778021577047184, 6241286.33098273538053 ], [ 791220.618494370020926, 6241287.318368738517165 ], [ 791220.458967148559168, 6241288.305754736065865 ], [ 791220.299439914058894, 6241289.293140729889274 ], [ 791220.139912667684257, 6241290.280526720918715 ], [ 791219.980385407805443, 6241291.267912702634931 ], [ 791219.820858136052266, 6241292.255298684351146 ], [ 791219.661330850096419, 6241293.242684658616781 ], [ 791219.50180355203338, 6241294.230070631019771 ], [ 791219.342276240931824, 6241295.217456596903503 ], [ 791219.182748917606659, 6241296.204842558130622 ], [ 791219.023221581242979, 6241297.192228514701128 ], [ 791218.863694231607951, 6241298.179614467546344 ], [ 791218.704166868817993, 6241299.167000415734947 ], [ 791218.544639494037256, 6241300.154386356472969 ], [ 791218.385112106101587, 6241301.141772294417024 ], [ 791218.225584705127403, 6241302.129158229567111 ], [ 791218.066057290649042, 6241303.116544157266617 ], [ 791217.906529864296317, 6241304.103930082172155 ], [ 791217.747002424905077, 6241305.091316000558436 ], [ 791217.587474972242489, 6241306.078701915219426 ], [ 791217.427947507705539, 6241307.066087825223804 ], [ 791217.268420029780827, 6241308.053473730571568 ], [ 791217.108892538817599, 6241309.040859632194042 ], [ 791216.94936503469944, 6241310.028245529159904 ], [ 791216.789837518474087, 6241311.015631420537829 ], [ 791216.630309988977388, 6241312.00301730632782 ], [ 791216.470782446442172, 6241312.99040318839252 ], [ 791216.311254891916178, 6241313.977789064869285 ], [ 791216.151727324118838, 6241314.965174939483404 ], [ 791215.992199743282981, 6241315.952560806646943 ], [ 791215.832672149175778, 6241316.939946670085192 ], [ 791215.673144543077797, 6241317.927332527935505 ], [ 791215.513616923824884, 6241318.91471838299185 ], [ 791215.35408929141704, 6241319.90210423246026 ], [ 791215.194561645854264, 6241320.889490077272058 ], [ 791215.035033988300711, 6241321.876875918358564 ], [ 791214.875506317475811, 6241322.864261751994491 ], [ 791214.715978633495979, 6241323.851647583767772 ], [ 791214.556580680888146, 6241324.838230374269187 ], [ 791214.798052831785753, 6241325.808833823539317 ], [ 791215.039524970226921, 6241326.779437279328704 ], [ 791215.280997096560895, 6241327.750040739774704 ], [ 791215.522469209623523, 6241328.72064420953393 ], [ 791215.76394131174311, 6241329.691247682087123 ], [ 791216.005413400591351, 6241330.661851162090898 ], [ 791216.246885478263721, 6241331.632454646751285 ], [ 791216.488357542781159, 6241332.603058140724897 ], [ 791216.729829596355557, 6241333.5736616384238 ], [ 791216.971301636425778, 6241334.544265143573284 ], [ 791217.212773664388806, 6241335.514868653379381 ], [ 791217.45424568047747, 6241336.485472168773413 ], [ 791217.695717684109695, 6241337.456075692549348 ], [ 791217.937189675634727, 6241338.426679220981896 ], [ 791218.17866165516898, 6241339.397282755002379 ], [ 791218.420133621199057, 6241340.367886296473444 ], [ 791218.661605576286092, 6241341.338489841669798 ], [ 791218.903077518101782, 6241342.309093395248055 ], [ 791219.144549448858015, 6241343.279696954414248 ], [ 791219.386021366342902, 6241344.250300518237054 ], [ 791219.627493272768334, 6241345.220904091373086 ], [ 791219.868965166155249, 6241346.19150766544044 ], [ 791220.110437047085725, 6241347.162111250683665 ], [ 791220.351908915909007, 6241348.132714839652181 ], [ 791220.593380772741511, 6241349.103318434208632 ], [ 791220.834852617350407, 6241350.073922037146986 ], [ 791221.076324449619278, 6241351.04452564381063 ], [ 791221.317796268849634, 6241352.015129255130887 ], [ 791221.559268076904118, 6241352.98573287576437 ], [ 791221.800739872851409, 6241353.956336501985788 ], [ 791222.042211655527353, 6241354.926940133795142 ], [ 791222.283683426212519, 6241355.897543771192431 ], [ 791222.525155185605399, 6241356.868147416040301 ], [ 791222.766626931726933, 6241357.838751065544784 ], [ 791223.008098665857688, 6241358.809354720637202 ], [ 791223.249570387764834, 6241359.779958382248878 ], [ 791223.491042097564787, 6241360.750562051311135 ], [ 791223.732513795024715, 6241361.721165725961328 ], [ 791223.973985480610281, 6241362.691769405268133 ], [ 791224.21545715269167, 6241363.662373091094196 ], [ 791224.456928813830018, 6241364.632976783439517 ], [ 791224.698400462744758, 6241365.603580483235419 ], [ 791224.939872098504566, 6241366.574184186756611 ], [ 791225.18134372192435, 6241367.544787896797061 ], [ 791225.422815334517509, 6241368.515391614288092 ], [ 791225.66428693360649, 6241369.485995337367058 ], [ 791225.905758520821109, 6241370.456599066033959 ], [ 791226.147230095695704, 6241371.427202800288796 ], [ 791226.388701658463106, 6241372.397806541062891 ], [ 791226.630173209006898, 6241373.368410287424922 ], [ 791226.871644747559913, 6241374.339014042168856 ], [ 791227.113116273889318, 6241375.309617799706757 ], [ 791227.354587786830962, 6241376.280221565626562 ], [ 791227.596059288829565, 6241377.250825336202979 ], [ 791227.837530777440406, 6241378.221429113298655 ], [ 791228.079002255108207, 6241379.192032895982265 ], [ 791228.320473719621077, 6241380.162636686116457 ], [ 791228.561945171793923, 6241381.133240481838584 ], [ 791228.80341661174316, 6241382.103844283148646 ], [ 791229.044888039701618, 6241383.074448090977967 ], [ 791229.286359455436468, 6241384.045051904395223 ], [ 791229.52783085918054, 6241385.015655725263059 ], [ 791229.769302250584587, 6241385.986259550787508 ], [ 791230.010773629881442, 6241386.956863380968571 ], [ 791230.252244995674118, 6241387.927467219531536 ], [ 791230.493716350756586, 6241388.898071063682437 ], [ 791230.735187692567706, 6241389.868674914352596 ], [ 791230.976659023202956, 6241390.83927877061069 ], [ 791231.218130340566859, 6241391.809882633388042 ], [ 791231.459601645823568, 6241392.780486499890685 ], [ 791231.701072939904407, 6241393.751090375706553 ], [ 791231.942544220946729, 6241394.721694257110357 ], [ 791232.184015489649028, 6241395.692298141308129 ], [ 791232.425486746244133, 6241396.662902033887804 ], [ 791232.666957989567891, 6241397.633505933918059 ], [ 791232.908429221832193, 6241398.604109837673604 ], [ 791233.149900441989303, 6241399.574713748879731 ], [ 791233.39137164875865, 6241400.545317666605115 ], [ 791233.632842844701372, 6241401.515921588987112 ], [ 791233.874314027139917, 6241402.48652551881969 ], [ 791234.115785198751837, 6241403.457129452377558 ], [ 791234.35725635685958, 6241404.427733393386006 ], [ 791234.598727502976544, 6241405.398337341845036 ], [ 791234.8401986368699, 6241406.368941294029355 ], [ 791235.081669758539647, 6241407.33954525180161 ], [ 791235.323140868218616, 6241408.310149218887091 ], [ 791235.564611965673976, 6241409.280753189697862 ], [ 791235.806083051022142, 6241410.251357169821858 ], [ 791236.047554122866131, 6241411.2219611518085 ], [ 791236.289025183999911, 6241412.1925651403144 ], [ 791236.530496231513098, 6241413.163169136270881 ], [ 791236.771967268316075, 6241414.133773138746619 ], [ 791237.013438291614875, 6241415.104377145878971 ], [ 791237.254909302806482, 6241416.074981158599257 ], [ 791237.496380303055048, 6241417.045585179701447 ], [ 791237.737851289915852, 6241418.016189206391573 ], [ 791237.979322264785878, 6241418.986793238669634 ], [ 791238.220793227432296, 6241419.957397274672985 ], [ 791238.462264177855104, 6241420.928001320920885 ], [ 791238.703735114773735, 6241421.898605370894074 ], [ 791238.945206040982157, 6241422.869209427386522 ], [ 791239.18667695496697, 6241423.839813490398228 ], [ 791239.428147855680436, 6241424.810417558997869 ], [ 791239.669618745334446, 6241425.781021634116769 ], [ 791239.91108962171711, 6241426.751625713892281 ], [ 791240.152560485876165, 6241427.722229801118374 ], [ 791240.39403133909218, 6241428.69283389300108 ], [ 791240.635502178920433, 6241429.663437992334366 ], [ 791240.876973006641492, 6241430.634042097255588 ], [ 791241.118443822255358, 6241431.604646207764745 ], [ 791241.359914625645615, 6241432.575250323861837 ], [ 791241.601385416928679, 6241433.545854447409511 ], [ 791241.842856194940396, 6241434.516458578407764 ], [ 791242.084326961776242, 6241435.487062713131309 ], [ 791242.325797715457156, 6241436.457666853442788 ], [ 791242.567268458195031, 6241437.428271001204848 ], [ 791242.808739187428728, 6241438.398875155486166 ], [ 791243.0502099058358, 6241439.369479313492775 ], [ 791243.291680610738695, 6241440.340083479881287 ], [ 791243.335890790680423, 6241440.517788626253605 ], [ 791243.341794638312422, 6241441.517961459234357 ], [ 791243.347698472440243, 6241442.518134291283786 ], [ 791243.35360229271464, 6241443.518307125195861 ], [ 791243.359506099601276, 6241444.518479956313968 ], [ 791243.365409892983735, 6241445.51865278929472 ], [ 791243.37131367251277, 6241446.518825621344149 ], [ 791243.377217437373474, 6241447.518998453393579 ], [ 791243.383121189894155, 6241448.51917128264904 ], [ 791243.389024927746505, 6241449.519344115629792 ], [ 791243.394928653026, 6241450.519516944885254 ], [ 791243.400832363404334, 6241451.519689776003361 ], [ 791243.406736061442643, 6241452.519862608984113 ], [ 791243.412639744812623, 6241453.520035438239574 ], [ 791243.418543414678425, 6241454.520208269357681 ], [ 791243.424447070807219, 6241455.520381098613143 ], [ 791243.430350714595988, 6241456.52055392973125 ], [ 791243.436254343483597, 6241457.520726757124066 ], [ 791243.442157957702875, 6241458.520899589173496 ], [ 791243.448061559349298, 6241459.52107241563499 ], [ 791243.45396514760796, 6241460.521245245821774 ], [ 791243.459868722129613, 6241461.521418075077236 ], [ 791243.465772283263505, 6241462.521590902470052 ], [ 791243.471675829496235, 6241463.521763732656837 ], [ 791243.47757936315611, 6241464.521936560049653 ], [ 791243.483482883428223, 6241465.52210938744247 ], [ 791243.489386388799176, 6241466.522282214835286 ], [ 791243.495289880782366, 6241467.522455042228103 ], [ 791243.501193360192701, 6241468.522627869620919 ], [ 791243.507096824818291, 6241469.522800697013736 ], [ 791243.513000275939703, 6241470.522973524406552 ], [ 791243.518903713324107, 6241471.523146350868046 ], [ 791243.524807138368487, 6241472.523319175466895 ], [ 791243.530710548628122, 6241473.523492002859712 ], [ 791243.536613945383579, 6241474.523664828389883 ], [ 791243.542517328402027, 6241475.523837653920054 ], [ 791243.548420696752146, 6241476.524010480381548 ], [ 791243.55432405276224, 6241477.524183304980397 ], [ 791243.560227395035326, 6241478.524356129579246 ], [ 791243.566130722407252, 6241479.524528955109417 ], [ 791243.572034037671983, 6241480.524701779708266 ], [ 791243.577937339199707, 6241481.52487460244447 ], [ 791243.5838406260591, 6241482.525047427974641 ], [ 791243.589743899181485, 6241483.52522025257349 ], [ 791243.595647159963846, 6241484.525393074378371 ], [ 791243.601550405845046, 6241485.525565899908543 ], [ 791243.607453638338484, 6241486.525738723576069 ], [ 791243.613356856862083, 6241487.525911546312273 ], [ 791243.619260063394904, 6241488.526084367185831 ], [ 791243.625163255026564, 6241489.526257190853357 ], [ 791243.631066432921216, 6241490.526430013589561 ], [ 791243.63696959731169, 6241491.526602836325765 ], [ 791243.642872747033834, 6241492.526775657199323 ], [ 791243.648775884183124, 6241493.526948479004204 ], [ 791243.654679007828236, 6241494.527121301740408 ], [ 791243.660582116805017, 6241495.527294121682644 ], [ 791243.666485213208944, 6241496.527466943487525 ], [ 791243.672388296108693, 6241497.527639763429761 ], [ 791243.678291364223696, 6241498.527812586165965 ], [ 791243.684194418601692, 6241499.527985405176878 ], [ 791243.690097460756078, 6241500.528158226981759 ], [ 791243.696000488009304, 6241501.52833104506135 ], [ 791243.701903501641937, 6241502.528503865003586 ], [ 791243.707806501770392, 6241503.528676684945822 ], [ 791243.713709488278255, 6241504.528849504888058 ], [ 791243.71961246128194, 6241505.529022324830294 ], [ 791243.725515421712771, 6241506.529195142909884 ], [ 791243.731418366311118, 6241507.529367961920798 ], [ 791243.737321298569441, 6241508.529540780931711 ], [ 791243.743224217090756, 6241509.529713599011302 ], [ 791243.749127122107893, 6241510.529886417090893 ], [ 791243.75503001222387, 6241511.530059234239161 ], [ 791243.760932889999822, 6241512.530232050456107 ], [ 791243.766835752874613, 6241513.530404870398343 ], [ 791243.772738603525795, 6241514.530577685683966 ], [ 791243.778641439275816, 6241515.530750503763556 ], [ 791243.784544262802228, 6241516.530923319980502 ], [ 791243.790447071427479, 6241517.531096138060093 ], [ 791243.796349866548553, 6241518.531268954277039 ], [ 791243.802252647699788, 6241519.531441767700016 ], [ 791243.808155415696092, 6241520.531614584848285 ], [ 791243.814058169955388, 6241521.53178740106523 ], [ 791243.819960910594091, 6241522.531960217282176 ], [ 791243.825863637612201, 6241523.532133030705154 ], [ 791243.831766351126134, 6241524.5323058469221 ], [ 791243.837669051019475, 6241525.532478660345078 ], [ 791243.843571737292223, 6241526.532651476562023 ], [ 791243.849474408663809, 6241527.532824290916324 ], [ 791243.855377067811787, 6241528.532997103407979 ], [ 791243.861279712175019, 6241529.533169918693602 ], [ 791243.867182344081812, 6241530.533342731185257 ], [ 791243.873084961203858, 6241531.533515545539558 ], [ 791243.878987564705312, 6241532.533688358031213 ], [ 791243.884890155866742, 6241533.533861173316836 ], [ 791243.890792732243426, 6241534.534033984877169 ], [ 791243.896695294999518, 6241535.534206798300147 ], [ 791243.902597844135016, 6241536.534379608929157 ], [ 791243.908500379649922, 6241537.534552422352135 ], [ 791243.914402901660651, 6241538.534725233912468 ], [ 791243.920305410050787, 6241539.534898044541478 ], [ 791243.926207904936746, 6241540.535070857033134 ], [ 791243.932110386202112, 6241541.535243667662144 ], [ 791243.938012852566317, 6241542.535416478291154 ], [ 791243.943915306590497, 6241543.535589290782809 ], [ 791243.949817745713517, 6241544.535762101411819 ], [ 791243.955720172496513, 6241545.535934910178185 ], [ 791243.961622584611177, 6241546.53610772266984 ], [ 791243.967524984152988, 6241547.536280531436205 ], [ 791243.973427369026467, 6241548.536453341133893 ], [ 791243.979329740395769, 6241549.536626152694225 ], [ 791243.985232099192217, 6241550.53679896146059 ], [ 791243.991134443320334, 6241551.536971770226955 ], [ 791243.997036773711443, 6241552.53714457899332 ], [ 791244.002939090598375, 6241553.537317386828363 ], [ 791244.008841393981129, 6241554.537490195594728 ], [ 791244.014743683743291, 6241555.537663005292416 ], [ 791244.020645958604291, 6241556.537835812196136 ], [ 791244.026548221241683, 6241557.538008619099855 ], [ 791244.032450470142066, 6241558.53818142786622 ], [ 791244.038352705421858, 6241559.538354235701263 ], [ 791244.044254926033318, 6241560.53852704167366 ], [ 791244.050157134188339, 6241561.53869984857738 ], [ 791244.056059327442199, 6241562.5388726554811 ], [ 791244.061961507308297, 6241563.539045460522175 ], [ 791244.06786367460154, 6241564.53921826928854 ], [ 791244.073765827342868, 6241565.539391074329615 ], [ 791244.079667966230772, 6241566.539563880302012 ], [ 791244.0855700916145, 6241567.539736684411764 ], [ 791244.091472203610465, 6241568.539909491315484 ], [ 791244.097374301636592, 6241569.540082296356559 ], [ 791244.103276386274956, 6241570.540255101397634 ], [ 791244.109178457409143, 6241571.540427906438708 ], [ 791244.115080514806323, 6241572.540600711479783 ], [ 791244.120982558582909, 6241573.540773516520858 ], [ 791244.126884587807581, 6241574.540946319699287 ], [ 791244.132786604342982, 6241575.54111912380904 ], [ 791244.138688607374206, 6241576.541291926056147 ], [ 791244.1445905957371, 6241577.541464731097221 ], [ 791244.150492571527138, 6241578.541637534275651 ], [ 791244.156394532648847, 6241579.541810337454081 ], [ 791244.158155392855406, 6241579.840214028954506 ], [ 791244.031607321812771, 6241580.83236626163125 ], [ 791243.905059237033129, 6241581.824518489651382 ], [ 791243.778511139447801, 6241582.816670714877546 ], [ 791243.651963028358296, 6241583.808822936378419 ], [ 791243.52541490457952, 6241584.800975154154003 ], [ 791243.398866767063737, 6241585.793127367272973 ], [ 791243.272318616858684, 6241586.785279576666653 ], [ 791243.145770454197191, 6241587.777431780472398 ], [ 791243.019222277682275, 6241588.76958398334682 ], [ 791242.892674087546766, 6241589.761736182495952 ], [ 791242.766125885769725, 6241590.753888375125825 ], [ 791242.639577669207938, 6241591.746040567755699 ], [ 791242.513029440073296, 6241592.738192752934992 ], [ 791242.3864811983658, 6241593.73034493625164 ], [ 791242.259932942688465, 6241594.722497114911675 ], [ 791242.133384674671106, 6241595.714649291709065 ], [ 791242.006836392683908, 6241596.70680146291852 ], [ 791241.880288098240271, 6241597.698953630402684 ], [ 791241.753739791223779, 6241598.691105794161558 ], [ 791241.627191470237449, 6241599.683257954195142 ], [ 791241.500643135746941, 6241600.675410111434758 ], [ 791241.374094788683578, 6241601.667562264949083 ], [ 791241.247546428930946, 6241602.659714411944151 ], [ 791241.120998055441305, 6241603.651866556145251 ], [ 791240.994449668331072, 6241604.644018698483706 ], [ 791240.867901269462891, 6241605.636170836165547 ], [ 791240.741352855693549, 6241606.628322969190776 ], [ 791240.614804430864751, 6241607.620475098490715 ], [ 791240.488255990901962, 6241608.612627226859331 ], [ 791240.361707539530471, 6241609.604779347777367 ], [ 791240.235159073024988, 6241610.596931464970112 ], [ 791240.108610595343634, 6241611.589083580300212 ], [ 791239.982062103808858, 6241612.581235690973699 ], [ 791239.855513598537073, 6241613.573387797921896 ], [ 791239.728965080692433, 6241614.565539901144803 ], [ 791239.602416550274938, 6241615.557692000642419 ], [ 791239.475868006004021, 6241616.549844097346067 ], [ 791239.349319447996095, 6241617.541996188461781 ], [ 791239.22277087753173, 6241618.534148277714849 ], [ 791239.096222294261679, 6241619.526300360448658 ], [ 791238.969673697603866, 6241620.518452443182468 ], [ 791238.843125088023953, 6241621.51060451939702 ], [ 791238.716576464823447, 6241622.502756591886282 ], [ 791238.590027828933671, 6241623.494908659718931 ], [ 791238.463479180587456, 6241624.487060723826289 ], [ 791238.336930517107248, 6241625.479212786071002 ], [ 791238.210381842334755, 6241626.471364844590425 ], [ 791238.083833153592423, 6241627.46351689659059 ], [ 791237.957284451462328, 6241628.455668948590755 ], [ 791237.830735736642964, 6241629.447820995002985 ], [ 791237.704187009017915, 6241630.439973037689924 ], [ 791237.577638267888688, 6241631.432125074788928 ], [ 791237.451089513953775, 6241632.424277110025287 ], [ 791237.32454074639827, 6241633.416429140605032 ], [ 791237.19799196626991, 6241634.408581169322133 ], [ 791237.071443172404543, 6241635.400733191519976 ], [ 791236.944894365733489, 6241636.392885211855173 ], [ 791236.818345545558259, 6241637.38503722846508 ], [ 791236.691796712577343, 6241638.377189240418375 ], [ 791236.56524786609225, 6241639.369341247715056 ], [ 791236.438699006801471, 6241640.361493253149092 ], [ 791236.312150134937838, 6241641.353645253926516 ], [ 791236.185601249337196, 6241642.345797250047326 ], [ 791236.059052350232378, 6241643.337949244305491 ], [ 791235.932503438089043, 6241644.330101232975721 ], [ 791235.805954513722099, 6241645.322253217920661 ], [ 791235.679405575385317, 6241646.314405200071633 ], [ 791235.552856624592096, 6241647.306557179428637 ], [ 791235.426307659829035, 6241648.298709152266383 ], [ 791235.299758682725951, 6241649.290861122310162 ], [ 791235.173209691885859, 6241650.283013090491295 ], [ 791235.046660688240081, 6241651.275165053084493 ], [ 791234.920111670857295, 6241652.267317010089755 ], [ 791234.79356264101807, 6241653.259468965232372 ], [ 791234.66701359860599, 6241654.251620918512344 ], [ 791234.540464542340487, 6241655.243772864341736 ], [ 791234.413915472337976, 6241656.235924808308482 ], [ 791234.287366389646195, 6241657.228076749481261 ], [ 791234.160817294497974, 6241658.220228685066104 ], [ 791234.034268185612746, 6241659.212380617856979 ], [ 791233.907719064038247, 6241660.204532544128597 ], [ 791233.781169928843156, 6241661.196684469468892 ], [ 791233.654620780609548, 6241662.188836390152574 ], [ 791233.528071619221009, 6241663.180988308042288 ], [ 791233.401522445026785, 6241664.173140220344067 ], [ 791233.274973256979138, 6241665.165292129851878 ], [ 791233.148424056358635, 6241666.157444037497044 ], [ 791233.021874842001125, 6241667.149595939554274 ], [ 791232.89532561507076, 6241668.141747836954892 ], [ 791232.768776375567541, 6241669.133899731561542 ], [ 791232.642227122443728, 6241670.126051623374224 ], [ 791232.515677855350077, 6241671.118203511461616 ], [ 791232.38912857696414, 6241672.110355392098427 ], [ 791232.262579283677042, 6241673.102507270872593 ], [ 791232.136029977584258, 6241674.094659145921469 ], [ 791232.009480659035034, 6241675.086811020039022 ], [ 791231.882931326748803, 6241676.078962886705995 ], [ 791231.756381981773302, 6241677.071114750579 ], [ 791231.629832623060793, 6241678.063266609795392 ], [ 791231.503283251891844, 6241679.055418468080461 ], [ 791231.37673386791721, 6241680.047570319846272 ], [ 791231.250184470438398, 6241681.039722166955471 ], [ 791231.123635059106164, 6241682.031874012202024 ], [ 791230.997085635084659, 6241683.02402585465461 ], [ 791230.870536198606715, 6241684.01617769151926 ], [ 791230.743986748391762, 6241685.008329525589943 ], [ 791230.617437284323387, 6241686.000481355935335 ], [ 791230.490887807682157, 6241686.992633181624115 ], [ 791230.364338318468072, 6241687.984785005450249 ], [ 791230.237788815516979, 6241688.97693682089448 ], [ 791230.111239299876615, 6241689.969088636338711 ], [ 791229.98468977061566, 6241690.961240448057652 ], [ 791229.858140228781849, 6241691.953392255119979 ], [ 791229.731590673094615, 6241692.945544057525694 ], [ 791229.605041104718111, 6241693.937695859000087 ], [ 791229.478491523885168, 6241694.929847653023899 ], [ 791229.351941929315217, 6241695.921999445185065 ], [ 791229.225392320891842, 6241696.914151234552264 ], [ 791229.098842699895613, 6241697.906303017400205 ], [ 791229.075673089479096, 6241698.087953253649175 ], [ 791229.205123362597078, 6241699.079730747267604 ], [ 791229.334573622327298, 6241700.071508241817355 ], [ 791229.464023867738433, 6241701.063285741955042 ], [ 791229.593474101042375, 6241702.055063244886696 ], [ 791229.722924320143647, 6241703.046840749680996 ], [ 791229.852374526904896, 6241704.038618257269263 ], [ 791229.98182471934706, 6241705.030395769514143 ], [ 791230.111274899914861, 6241706.022173284552991 ], [ 791230.240725065814331, 6241707.013950802385807 ], [ 791230.370175218675286, 6241708.005728322081268 ], [ 791230.499625358148478, 6241708.997505847364664 ], [ 791230.629075485514477, 6241709.989283375442028 ], [ 791230.758525598444976, 6241710.981060903519392 ], [ 791230.887975698336959, 6241711.972838439047337 ], [ 791231.01742578484118, 6241712.964615974575281 ], [ 791231.146875858074054, 6241713.956393515691161 ], [ 791231.276325916871428, 6241714.948171057738364 ], [ 791231.405775963678025, 6241715.939948603510857 ], [ 791231.535225997446105, 6241716.931726152077317 ], [ 791231.664676017593592, 6241717.923503704369068 ], [ 791231.794126023421995, 6241718.915281260386109 ], [ 791231.923576017376035, 6241719.907058820128441 ], [ 791232.053025997709483, 6241720.898836379870772 ], [ 791232.182475964073092, 6241721.890613946132362 ], [ 791232.311925918096676, 6241722.882391513325274 ], [ 791232.441375857684761, 6241723.874169085174799 ], [ 791232.57082578423433, 6241724.865946657955647 ], [ 791232.700275698443875, 6241725.85772423632443 ], [ 791232.82972559845075, 6241726.849501816555858 ], [ 791232.959175485186279, 6241727.841279401443899 ], [ 791233.088625358650461, 6241728.833056988194585 ], [ 791233.218075218843296, 6241729.824834577739239 ], [ 791233.347525065764785, 6241730.816612171940506 ], [ 791233.47697490057908, 6241731.80838976893574 ], [ 791233.606424720026553, 6241732.800167365930974 ], [ 791233.735874527134001, 6241733.791944969445467 ], [ 791233.865324321202934, 6241734.78372257668525 ], [ 791233.99477410200052, 6241735.775500183925033 ], [ 791234.124223869526759, 6241736.767277795821428 ], [ 791234.253673622617498, 6241737.759055412374437 ], [ 791234.383123363484628, 6241738.750833032652736 ], [ 791234.512573091313243, 6241739.742610651999712 ], [ 791234.642022804706357, 6241740.734388276934624 ], [ 791234.771472505875863, 6241741.726165902800858 ], [ 791234.900922192726284, 6241742.717943534255028 ], [ 791235.030371866305359, 6241743.709721168503165 ], [ 791235.15982152801007, 6241744.701498806476593 ], [ 791235.289271175046451, 6241745.693276446312666 ], [ 791235.418720809044316, 6241746.685054089874029 ], [ 791235.548170429421589, 6241747.67683173622936 ], [ 791235.677620038157329, 6241748.668609386309981 ], [ 791235.807069632341154, 6241749.66038703918457 ], [ 791235.936519213253632, 6241750.652164693921804 ], [ 791236.065968781011179, 6241751.643942354246974 ], [ 791236.195418335264549, 6241752.635720016434789 ], [ 791236.324867876479402, 6241753.627497682347894 ], [ 791236.454317403258756, 6241754.619275350123644 ], [ 791236.583766917930916, 6241755.611053023487329 ], [ 791236.713216419331729, 6241756.602830697782338 ], [ 791236.842665907461196, 6241757.594608374871314 ], [ 791236.972115381387994, 6241758.586386054754257 ], [ 791237.101564843091182, 6241759.578163741156459 ], [ 791237.231014290358871, 6241760.569941427558661 ], [ 791237.360463725519367, 6241761.561719118617475 ], [ 791237.489913146477193, 6241762.553496811538935 ], [ 791237.619362553814426, 6241763.545274509117007 ], [ 791237.748811949393712, 6241764.537052208557725 ], [ 791237.878261330537498, 6241765.528829912655056 ], [ 791238.007710698293522, 6241766.520607620477676 ], [ 791238.137160054058768, 6241767.512385327368975 ], [ 791238.266609395388514, 6241768.504163037985563 ], [ 791238.396058723563328, 6241769.495940756052732 ], [ 791238.525508038233966, 6241770.487718475982547 ], [ 791238.654957339866087, 6241771.479496195912361 ], [ 791238.784406627179123, 6241772.471273921430111 ], [ 791238.913855902152136, 6241773.463051650673151 ], [ 791239.043305164203048, 6241774.454829381778836 ], [ 791239.172754412749782, 6241775.446607116609812 ], [ 791239.30220364802517, 6241776.438384853303432 ], [ 791239.431652869097888, 6241777.430162594653666 ], [ 791239.561102077946998, 6241778.421940338797867 ], [ 791239.690551272477023, 6241779.413718085736036 ], [ 791239.820000454899855, 6241780.405495837330818 ], [ 791239.949449622887187, 6241781.397273590788245 ], [ 791240.078898778767325, 6241782.389051345176995 ], [ 791240.208347920328379, 6241783.380829104222357 ], [ 791240.33779704850167, 6241784.372606867924333 ], [ 791240.467246164684184, 6241785.364384632557631 ], [ 791240.596695266547613, 6241786.356162402778864 ], [ 791240.726144355139695, 6241787.347940174862742 ], [ 791240.855593430344015, 6241788.339717950671911 ], [ 791240.985042492393404, 6241789.33149573020637 ], [ 791241.114491541171446, 6241790.323273511603475 ], [ 791241.243940576678142, 6241791.315051295794547 ], [ 791241.373389598913491, 6241792.306829081848264 ], [ 791241.502838607993908, 6241793.298606874421239 ], [ 791241.632287603802979, 6241794.290384668856859 ], [ 791241.76173658517655, 6241795.282162466086447 ], [ 791241.891185554442927, 6241796.273940266110003 ], [ 791242.020634510554373, 6241797.265718069858849 ], [ 791242.150083452346735, 6241798.257495877332985 ], [ 791242.279532381799072, 6241799.249273687601089 ], [ 791242.377935338299721, 6241800.003191692754626 ], [ 791242.35964190075174, 6241801.003214493393898 ], [ 791242.341348449583165, 6241802.00323729403317 ], [ 791242.323054984444752, 6241803.003260091878474 ], [ 791242.30476150510367, 6241804.003282891586423 ], [ 791242.286468013073318, 6241805.003305688500404 ], [ 791242.268174507073127, 6241806.003328485414386 ], [ 791242.249880987219512, 6241807.003351280465722 ], [ 791242.231587454327382, 6241808.003374076448381 ], [ 791242.213293907698244, 6241809.003396870568395 ], [ 791242.195000346982852, 6241810.003419662825763 ], [ 791242.176706772297621, 6241811.003442454151809 ], [ 791242.158413184806705, 6241812.003465246409178 ], [ 791242.14011958334595, 6241813.003488036803901 ], [ 791242.121825967915356, 6241814.003510825335979 ], [ 791242.103532338514924, 6241815.003533612936735 ], [ 791242.085238696541637, 6241816.003556403331459 ], [ 791242.066945040365681, 6241817.003579190000892 ], [ 791242.04865137138404, 6241818.003601975739002 ], [ 791242.030357687268406, 6241819.00362476054579 ], [ 791242.012063990579918, 6241820.003647545352578 ], [ 791241.993770279688761, 6241821.003670329228044 ], [ 791241.975476555991918, 6241822.003693111240864 ], [ 791241.957182817161083, 6241823.003715890459716 ], [ 791241.938889066805132, 6241824.003738673403859 ], [ 791241.920595301315188, 6241825.003761452622712 ], [ 791241.902301521738991, 6241826.003784231841564 ], [ 791241.884007729357108, 6241827.003807009197772 ], [ 791241.865713923238218, 6241828.003829789347947 ], [ 791241.847420104080811, 6241829.003852563910186 ], [ 791241.829126269789413, 6241830.003875339403749 ], [ 791241.810832422808744, 6241831.003898115828633 ], [ 791241.79253856302239, 6241832.003920886665583 ], [ 791241.774244688218459, 6241833.003943659365177 ], [ 791241.755950800376013, 6241834.003966432064772 ], [ 791241.737656898563728, 6241835.003989202901721 ], [ 791241.719362983014435, 6241836.004011974669993 ], [ 791241.701069054426625, 6241837.004034742712975 ], [ 791241.682775112101808, 6241838.004057511687279 ], [ 791241.664481155574322, 6241839.004080278798938 ], [ 791241.646187186473981, 6241840.004103046841919 ], [ 791241.627893202006817, 6241841.004125811159611 ], [ 791241.609599204966798, 6241842.004148576408625 ], [ 791241.591305194888264, 6241843.004171339794993 ], [ 791241.573011169675738, 6241844.004194105044007 ], [ 791241.554717131890357, 6241845.004216864705086 ], [ 791241.536423080018722, 6241846.004239626228809 ], [ 791241.518129015341401, 6241847.004262387752533 ], [ 791241.499834936810657, 6241848.004285148344934 ], [ 791241.481540844077244, 6241849.00430790707469 ], [ 791241.463246737606823, 6241850.004330664873123 ], [ 791241.444952617050149, 6241851.004353420808911 ], [ 791241.426658483687788, 6241852.004376177676022 ], [ 791241.408364336355589, 6241853.004398932680488 ], [ 791241.390070176450536, 6241854.004421686753631 ], [ 791241.371776001178659, 6241855.004444440826774 ], [ 791241.353481813101098, 6241856.004467193968594 ], [ 791241.335187611053698, 6241857.004489945247769 ], [ 791241.316893396317028, 6241858.004512696526945 ], [ 791241.298599167494103, 6241859.00453544780612 ], [ 791241.28030492470134, 6241860.004558195360005 ], [ 791241.26201066817157, 6241861.00458094291389 ], [ 791241.243716398486868, 6241862.004603691399097 ], [ 791241.225422115065157, 6241863.004626436159015 ], [ 791241.207127817557193, 6241864.004649182781577 ], [ 791241.188833506079391, 6241865.004671928472817 ], [ 791241.170539182028733, 6241866.004694672301412 ], [ 791241.152244843775406, 6241867.004717415198684 ], [ 791241.133950491668656, 6241868.004740158095956 ], [ 791241.115656126756221, 6241869.004762899130583 ], [ 791241.097361747757532, 6241870.004785638302565 ], [ 791241.079067354789004, 6241871.004808376543224 ], [ 791241.060772947967052, 6241872.004831116646528 ], [ 791241.042478528455831, 6241873.004853853955865 ], [ 791241.024184094858356, 6241874.004876590333879 ], [ 791241.005889647174627, 6241875.004899328574538 ], [ 791240.987595186801627, 6241876.004922062158585 ], [ 791240.969300712458789, 6241877.004944795742631 ], [ 791240.951006224146113, 6241878.004967529326677 ], [ 791240.932711721863598, 6241879.004990261979401 ], [ 791240.914417206775397, 6241880.00501299276948 ], [ 791240.896122677717358, 6241881.005035722628236 ], [ 791240.87782813468948, 6241882.005058454349637 ], [ 791240.859533577691764, 6241883.005081183277071 ], [ 791240.841239007888362, 6241884.005103910341859 ], [ 791240.822944424231537, 6241885.00512663833797 ], [ 791240.804649827536196, 6241886.005149364471436 ], [ 791240.786355215823278, 6241887.005172089673579 ], [ 791240.76806059142109, 6241888.005194813013077 ], [ 791240.749765953049064, 6241889.005217537283897 ], [ 791240.731471301754937, 6241890.005240260623395 ], [ 791240.713176635326818, 6241891.005262983962893 ], [ 791240.694881956093013, 6241892.005285704508424 ], [ 791240.676587264053524, 6241893.005308423191309 ], [ 791240.658292556880042, 6241894.005331142805517 ], [ 791240.639997837133706, 6241895.005353862419724 ], [ 791240.631603476707824, 6241895.46420465875417 ], [ 791240.52511634316761, 6241896.458709873259068 ], [ 791240.418629196472466, 6241897.453215083107352 ], [ 791240.31214203638956, 6241898.447720291092992 ], [ 791240.205654863035306, 6241899.442225495353341 ], [ 791240.099167675361969, 6241900.4367306958884 ], [ 791239.992680475465022, 6241901.431235894560814 ], [ 791239.886193262296729, 6241902.42574109043926 ], [ 791239.779706035973504, 6241903.420246281661093 ], [ 791239.673218796262518, 6241904.414751470088959 ], [ 791239.566731543163769, 6241905.409256653860211 ], [ 791239.460244277026504, 6241906.403761837631464 ], [ 791239.353756997385062, 6241907.398267013952136 ], [ 791239.247269704705104, 6241908.392772190272808 ], [ 791239.140782398520969, 6241909.38727736286819 ], [ 791239.034295079065487, 6241910.381782530806959 ], [ 791238.927807746455073, 6241911.376287696883082 ], [ 791238.821320400456898, 6241912.370792858302593 ], [ 791238.714833041187376, 6241913.365298015996814 ], [ 791238.608345668762922, 6241914.359803171828389 ], [ 791238.501858282950707, 6241915.354308325797319 ], [ 791238.395370883867145, 6241916.348813474178314 ], [ 791238.28888347139582, 6241917.343318620696664 ], [ 791238.182396047050133, 6241918.337823759764433 ], [ 791238.075908608036116, 6241919.332328900694847 ], [ 791237.969421155983582, 6241920.326834037899971 ], [ 791237.862933690543287, 6241921.321339170448482 ], [ 791237.756446211831644, 6241922.315844299271703 ], [ 791237.64995871973224, 6241923.310349427163601 ], [ 791237.543471214477904, 6241924.304854549467564 ], [ 791237.436983695719391, 6241925.299359668046236 ], [ 791237.330496164038777, 6241926.293864785693586 ], [ 791237.224008618737571, 6241927.288369898684323 ], [ 791237.117521060397848, 6241928.282875007949769 ], [ 791237.011033488670364, 6241929.277380114421248 ], [ 791236.904545903671533, 6241930.27188521809876 ], [ 791236.798058305401355, 6241931.266390317119658 ], [ 791236.691570695023984, 6241932.260895414277911 ], [ 791236.585083070211112, 6241933.255400508642197 ], [ 791236.478595432126895, 6241934.249905599281192 ], [ 791236.37210778077133, 6241935.244410686194897 ], [ 791236.265620115911588, 6241936.238915769383311 ], [ 791236.15913243801333, 6241937.233420851640403 ], [ 791236.052644746843725, 6241938.22792592830956 ], [ 791235.946157042402774, 6241939.222431002184749 ], [ 791235.839669324574061, 6241940.216936072334647 ], [ 791235.733181594638154, 6241941.211441139690578 ], [ 791235.626693850383162, 6241942.205946205183864 ], [ 791235.520206092740409, 6241943.200451266020536 ], [ 791235.413718321826309, 6241944.194956323131919 ], [ 791235.307230537757277, 6241945.189461378380656 ], [ 791235.200742740184069, 6241946.183966428041458 ], [ 791235.094254930620082, 6241947.178471475839615 ], [ 791234.987767106620595, 6241948.172976521775126 ], [ 791234.881279269233346, 6241949.167481563985348 ], [ 791234.774791418807581, 6241950.161986600607634 ], [ 791234.668303554877639, 6241951.156491635367274 ], [ 791234.56181567767635, 6241952.150996669195592 ], [ 791234.455327788484283, 6241953.145501696504653 ], [ 791234.348839884856716, 6241954.14000672288239 ], [ 791234.242351967841387, 6241955.13451174274087 ], [ 791234.135864037554711, 6241956.129016760736704 ], [ 791234.029376093996689, 6241957.12352177593857 ], [ 791233.922888138331473, 6241958.118026787415147 ], [ 791233.816400168230757, 6241959.112531797029078 ], [ 791233.709912184858695, 6241960.107036801055074 ], [ 791233.603424188215286, 6241961.101541804149747 ], [ 791233.496936179464683, 6241962.09604680351913 ], [ 791233.39044815627858, 6241963.090551799163222 ], [ 791233.283960119704716, 6241964.085056792013347 ], [ 791233.177472070092335, 6241965.079561783000827 ], [ 791233.070984006859362, 6241966.074066765606403 ], [ 791232.964495931752026, 6241967.068571749143302 ], [ 791232.85800784220919, 6241968.063076728954911 ], [ 791232.751519739278592, 6241969.057581705972552 ], [ 791232.645031624357216, 6241970.052086677402258 ], [ 791232.53854349500034, 6241971.046591648831964 ], [ 791232.432055352139287, 6241972.041096613742411 ], [ 791232.325567196123302, 6241973.035601576790214 ], [ 791232.219079028116539, 6241974.030106537044048 ], [ 791232.112590845441446, 6241975.024611493572593 ], [ 791232.006102649727836, 6241976.019116446375847 ], [ 791231.899614440510049, 6241977.013621397316456 ], [ 791231.7931262194179, 6241978.008126342669129 ], [ 791231.68663798365742, 6241979.002631286159158 ], [ 791231.580149734625593, 6241979.997136225923896 ], [ 791231.473661473486573, 6241980.991641164757311 ], [ 791231.367173198144883, 6241981.986146096140146 ], [ 791231.260684909299016, 6241982.980651028454304 ], [ 791231.154196607181802, 6241983.975155954249203 ], [ 791231.146936821285635, 6241984.042955827899277 ], [ 791231.360403205268085, 6241985.020100604742765 ], [ 791231.573869577143341, 6241985.997245383448899 ], [ 791231.787335935630836, 6241986.974390169605613 ], [ 791232.000802282243967, 6241987.951534962281585 ], [ 791232.214268615469337, 6241988.928679758682847 ], [ 791232.427734936820343, 6241989.905824559740722 ], [ 791232.641201244900003, 6241990.882969367317855 ], [ 791232.854667542153038, 6241991.860114181414247 ], [ 791233.068133824970573, 6241992.837258998304605 ], [ 791233.28160009579733, 6241993.8144038207829 ], [ 791233.495066354284063, 6241994.791548650711775 ], [ 791233.70853259973228, 6241995.768693485297263 ], [ 791233.921998833073303, 6241996.745838325470686 ], [ 791234.135465053259395, 6241997.722983168438077 ], [ 791234.348931261221878, 6241998.700128018856049 ], [ 791234.562397457426414, 6241999.677272874861956 ], [ 791234.775863640243188, 6242000.654417736455798 ], [ 791234.989329809788615, 6242001.631562603637576 ], [ 791235.202795968507417, 6242002.608707474544644 ], [ 791235.416262112790719, 6242003.585852351039648 ], [ 791235.629728245083243, 6242004.56299723405391 ], [ 791235.843194365268573, 6242005.540142120793462 ], [ 791236.05666047334671, 6242006.517287014052272 ], [ 791236.270126568153501, 6242007.494431912899017 ], [ 791236.483592649921775, 6242008.471576817333698 ], [ 791236.697058719582856, 6242009.44872172549367 ], [ 791236.910524777020328, 6242010.425866639241576 ], [ 791237.123990821419284, 6242011.403011558577418 ], [ 791237.337456852663308, 6242012.380156485363841 ], [ 791237.550922872731462, 6242013.357301414012909 ], [ 791237.764388878596947, 6242014.334446351975203 ], [ 791237.977854873519391, 6242015.311591291800141 ], [ 791238.191320855286904, 6242016.288736239075661 ], [ 791238.404786823666655, 6242017.26588119007647 ], [ 791238.618252780055627, 6242018.243026148527861 ], [ 791238.831718724453822, 6242019.220171111635864 ], [ 791239.045184655697085, 6242020.197316080331802 ], [ 791239.258650574833155, 6242021.174461053684354 ], [ 791239.472116480581462, 6242022.151606030762196 ], [ 791239.685582374455407, 6242023.128751015290618 ], [ 791239.899048254825175, 6242024.105896004475653 ], [ 791240.11251412332058, 6242025.083040999248624 ], [ 791240.325979978661053, 6242026.060185998678207 ], [ 791240.539445821894333, 6242027.037331004627049 ], [ 791240.752911652904004, 6242028.014476017095149 ], [ 791240.96637747110799, 6242028.991621032357216 ], [ 791241.179843276971951, 6242029.968766054138541 ], [ 791241.393309069448151, 6242030.945911081507802 ], [ 791241.606774850282818, 6242031.923056113533676 ], [ 791241.820240617496893, 6242032.900201152078807 ], [ 791242.033706372836605, 6242033.877346195280552 ], [ 791242.247172116069123, 6242034.854491242207587 ], [ 791242.46063784614671, 6242035.831636294722557 ], [ 791242.674103562952951, 6242036.808781353756785 ], [ 791242.887569267535582, 6242037.785926416516304 ], [ 791243.101034960243851, 6242038.763071486726403 ], [ 791243.314500639680773, 6242039.740216562524438 ], [ 791243.527966307010502, 6242040.717361643910408 ], [ 791243.741431961301714, 6242041.694506729021668 ], [ 791243.954897603369318, 6242042.671651820652187 ], [ 791244.168363233446144, 6242043.648796916939318 ], [ 791244.381828850135207, 6242044.625942018814385 ], [ 791244.59529445390217, 6242045.60308712720871 ], [ 791244.808760045329109, 6242046.580232239328325 ], [ 791245.022225624881685, 6242047.557377357035875 ], [ 791245.235691190930083, 6242048.534522479400039 ], [ 791245.44915674533695, 6242049.511667607352138 ], [ 791245.662622286239639, 6242050.488812742754817 ], [ 791245.876087815035135, 6242051.465957882814109 ], [ 791246.089553331956267, 6242052.443103024736047 ], [ 791246.303018835489638, 6242053.42024817597121 ], [ 791246.516484325984493, 6242054.397393332794309 ], [ 791246.729949805419892, 6242055.374538492411375 ], [ 791246.943415270536207, 6242056.351683659479022 ], [ 791247.156880723545328, 6242057.328828829340637 ], [ 791247.370346164563671, 6242058.305974006652832 ], [ 791247.58381159347482, 6242059.283119190484285 ], [ 791247.797277009114623, 6242060.260264378041029 ], [ 791248.010742411483079, 6242061.237409569323063 ], [ 791248.224207801977172, 6242062.214554768055677 ], [ 791248.437673180247657, 6242063.191699971444905 ], [ 791248.65113854536321, 6242064.168845180422068 ], [ 791248.864603897091001, 6242065.145990394055843 ], [ 791249.078069238224998, 6242066.123135613277555 ], [ 791249.291534564923495, 6242067.100280838087201 ], [ 791249.504999880562536, 6242068.077426069416106 ], [ 791249.718465183046646, 6242069.054571304470301 ], [ 791249.931930472142994, 6242070.031716546043754 ], [ 791250.145395749481395, 6242071.008861793205142 ], [ 791250.358861014479771, 6242071.986007044091821 ], [ 791250.572326266556047, 6242072.96315230242908 ], [ 791250.785791506292298, 6242073.94029756449163 ], [ 791250.999256732873619, 6242074.917442833073437 ], [ 791251.212721947464161, 6242075.894588105380535 ], [ 791251.426187148783356, 6242076.871733384206891 ], [ 791251.639652338111773, 6242077.848878668621182 ], [ 791251.853117514052428, 6242078.826023955829442 ], [ 791252.066582679282874, 6242079.803169251419604 ], [ 791252.28004783007782, 6242080.780314551666379 ], [ 791252.493512968532741, 6242081.757459856569767 ], [ 791252.706978095229715, 6242082.73460516706109 ], [ 791252.920443208655342, 6242083.711750483140349 ], [ 791253.133908309973776, 6242084.688895803876221 ], [ 791253.347373398253694, 6242085.666041131131351 ], [ 791253.560838474193588, 6242086.643186463974416 ], [ 791253.774303538259119, 6242087.620331800542772 ], [ 791253.987768588936888, 6242088.597477143630385 ], [ 791254.201233627740294, 6242089.574622493237257 ], [ 791254.414698653155938, 6242090.551767844706774 ], [ 791254.628163665300235, 6242091.528913203626871 ], [ 791254.841628666734323, 6242092.506058568134904 ], [ 791255.055093653732911, 6242093.483203938230872 ], [ 791255.268558629788458, 6242094.460349312983453 ], [ 791255.482023592572659, 6242095.43749469332397 ], [ 791255.695488542201929, 6242096.414640080183744 ], [ 791255.908953479724005, 6242097.391785470768809 ], [ 791256.122418405138887, 6242098.368930865079165 ], [ 791256.335883317515254, 6242099.346076267771423 ], [ 791256.549348217668012, 6242100.323221675120294 ], [ 791256.762813104549423, 6242101.300367088057101 ], [ 791256.976277979556471, 6242102.27751250565052 ], [ 791257.189742841059342, 6242103.254657927900553 ], [ 791257.40320769068785, 6242104.231803355738521 ], [ 791257.616672528209165, 6242105.208948789164424 ], [ 791257.830137352691963, 6242106.186094229109585 ], [ 791258.043602164951153, 6242107.163239672780037 ], [ 791258.257066963938996, 6242108.140385124832392 ], [ 791258.470531749771908, 6242109.117530578747392 ], [ 791258.683996524661779, 6242110.094676038250327 ], [ 791258.897461286280304, 6242111.071821505203843 ], [ 791259.110926034743898, 6242112.048966975882649 ], [ 791259.324390771100298, 6242113.026112453080714 ], [ 791259.537855495465919, 6242114.003257935866714 ], [ 791259.75132020667661, 6242114.980403421446681 ], [ 791259.964784904383123, 6242115.957548915408552 ], [ 791260.178249590215273, 6242116.934694413095713 ], [ 791260.39171426394023, 6242117.911839917302132 ], [ 791260.605178925790824, 6242118.888985425233841 ], [ 791260.818643572973087, 6242119.866130939684808 ], [ 791261.032108209328726, 6242120.843276458792388 ] ] } }
]
}
