{
"type": "FeatureCollection",
"crs": { "type": "name", "properties": { "name": "urn:ogc:def:crs:EPSG::32718" } },
"features": [
{ "type": "Feature", "properties": { "name": "reference shoreline 1" }, "geometry": { "type": "LineString", "coordinates": [ [ 771808.208494728663936, 6186632.445155582390726 ], [ 771808.899679969763383, 6186631.722551092505455 ], [ 771809.590865209698677, 6186630.999946594238281 ], [ 771810.282050450798124, 6186630.277342081069946 ], [ 771810.973235690617003, 6186629.55473755300045 ], [ 771811.664420931367204, 6186628.832133012823761 ], [ 771812.355606170720421, 6186628.10952845774591 ], [ 771813.046791411237791, 6186627.38692388869822 ], [ 771813.737976650358178, 6186626.664319306612015 ], [ 771814.429161889478564, 6186625.941714711487293 ], [ 771815.120347128482535, 6186625.219110102392733 ], [ 771815.811532367370091, 6186624.496505480259657 ], [ 771816.502717606024817, 6186623.773900844156742 ], [ 771817.193902844563127, 6186623.051296193152666 ], [ 771817.885088082985021, 6186622.328691530972719 ], [ 771818.576273321406916, 6186621.606086853891611 ], [ 771819.267458559712395, 6186620.88348216470331 ], [ 771819.95864379662089, 6186620.160877459682524 ], [ 771820.649829034577124, 6186619.438272742554545 ], [ 771821.341014272300526, 6186618.715668011456728 ], [ 771822.032199508743361, 6186617.993063265457749 ], [ 771822.723384746583179, 6186617.270458507351577 ], [ 771823.414569982793182, 6186616.547853734344244 ], [ 771824.105755219003186, 6186615.825248951092362 ], [ 771824.796940456144512, 6186615.102644150145352 ], [ 771825.488125692121685, 6186614.380039339885116 ], [ 771826.179310927866027, 6186613.65743451192975 ], [ 771826.870496163493954, 6186612.934829671867192 ], [ 771827.561681399121881, 6186612.212224818766117 ], [ 771828.252866634633392, 6186611.489619951695204 ], [ 771828.944051869912073, 6186610.767015071585774 ], [ 771829.635237104957923, 6186610.044410175643861 ], [ 771830.326422340120189, 6186609.321805270388722 ], [ 771831.017607573885471, 6186608.599200347438455 ], [ 771831.708792808582075, 6186607.876595411449671 ], [ 771832.399978043278679, 6186607.153990466147661 ], [ 771833.091163276694715, 6186606.431385501287878 ], [ 771833.782348511158489, 6186605.708780526183546 ], [ 771834.473533744458109, 6186604.986175538040698 ], [ 771835.164718978572637, 6186604.263570534065366 ], [ 771835.855904211290181, 6186603.540965517982841 ], [ 771836.54708944412414, 6186602.818360487930477 ], [ 771837.238274676725268, 6186602.095755442976952 ], [ 771837.929459910374135, 6186601.373150387778878 ], [ 771838.620645142858848, 6186600.650545316748321 ], [ 771839.311830375110731, 6186599.927940232679248 ], [ 771840.003015607129782, 6186599.205335132777691 ], [ 771840.694200837984681, 6186598.482730023562908 ], [ 771841.385386070003733, 6186597.760124897584319 ], [ 771842.076571301673539, 6186597.037519760429859 ], [ 771842.767756533343345, 6186596.314914606511593 ], [ 771843.458941763732582, 6186595.592309441417456 ], [ 771844.150126995053142, 6186594.869704261422157 ], [ 771844.841312226373702, 6186594.147099070250988 ], [ 771845.532497456297278, 6186593.424493862316012 ], [ 771846.223682686104439, 6186592.701888643205166 ], [ 771846.914867917075753, 6186591.979283407330513 ], [ 771847.606053146650083, 6186591.256678161211312 ], [ 771848.297238375875168, 6186590.534072900190949 ], [ 771848.988423606613651, 6186589.811467625200748 ], [ 771849.67960883572232, 6186589.088862337172031 ], [ 771850.370794064830989, 6186588.366257037967443 ], [ 771851.061979293823242, 6186587.643651721999049 ], [ 771851.753164522582665, 6186586.921046392992139 ], [ 771852.444349751109257, 6186586.198441049084067 ], [ 771853.135534978704527, 6186585.475835694000125 ], [ 771853.826720207114704, 6186584.753230324946344 ], [ 771854.517905435408466, 6186584.030624940060079 ], [ 771855.209090662538074, 6186583.308019544929266 ], [ 771855.900275890599005, 6186582.585414133965969 ], [ 771856.591461118543521, 6186581.862808709964156 ], [ 771857.282646345207468, 6186581.14020327385515 ], [ 771857.973831571638584, 6186580.417597820982337 ], [ 771858.665016799233854, 6186579.694992357864976 ], [ 771859.356202025548555, 6186578.972386878915131 ], [ 771860.047387251630425, 6186578.249781387858093 ], [ 771860.738572477595881, 6186577.527175881899893 ], [ 771861.429757704725489, 6186576.804570361971855 ], [ 771862.120942930458114, 6186576.081964829936624 ], [ 771862.812128156190738, 6186575.359359284862876 ], [ 771863.503313381690532, 6186574.636753724887967 ], [ 771864.194498605909757, 6186573.914148151874542 ], [ 771864.885683831060305, 6186573.191542565822601 ], [ 771865.576869056327268, 6186572.468936963938177 ], [ 771866.268054281244986, 6186571.746331349946558 ], [ 771866.95923950499855, 6186571.023725723847747 ], [ 771867.650424729683436, 6186570.301120081916451 ], [ 771868.34160995320417, 6186569.57851442694664 ], [ 771869.032795177772641, 6186568.855908758938313 ], [ 771869.723980400944129, 6186568.133303076028824 ], [ 771870.415165625163354, 6186567.410697380080819 ], [ 771871.106350847985595, 6186566.688091672025621 ], [ 771871.797536070924252, 6186565.965485949069262 ], [ 771872.488721293630078, 6186565.242880214005709 ], [ 771873.179906516219489, 6186564.520274464972317 ], [ 771873.871091738692485, 6186563.797668700106442 ], [ 771874.562276960816234, 6186563.075062924064696 ], [ 771875.253462183172815, 6186562.352457132190466 ], [ 771875.944647405180149, 6186561.629851328209043 ], [ 771876.635832627071068, 6186560.907245511189103 ], [ 771877.044010259560309, 6186560.480512521229684 ], [ 771878.042204231256619, 6186560.421309413388371 ], [ 771879.040398216806352, 6186560.362106303684413 ], [ 771880.038592215860263, 6186560.302903193980455 ], [ 771881.036786227719858, 6186560.243700082413852 ], [ 771882.034980253898539, 6186560.184496968984604 ], [ 771883.033174293115735, 6186560.125293856486678 ], [ 771884.031368345487863, 6186560.066090740263462 ], [ 771885.02956241206266, 6186560.006887624040246 ], [ 771886.027756492840126, 6186559.947684506885707 ], [ 771887.025950585724786, 6186559.888481387868524 ], [ 771888.024144692579284, 6186559.829278267920017 ], [ 771889.022338813869283, 6186559.770075147971511 ], [ 771890.020532947033644, 6186559.710872025229037 ], [ 771891.018727095564827, 6186559.651668902486563 ], [ 771892.016921255970374, 6186559.592465776950121 ], [ 771893.015115430578589, 6186559.533262652345002 ], [ 771894.01330961950589, 6186559.474059524014592 ], [ 771895.011503820423968, 6186559.414856396615505 ], [ 771896.009698036825284, 6186559.355653267353773 ], [ 771897.007892264868133, 6186559.296450137160718 ], [ 771898.006086507230066, 6186559.237247005105019 ], [ 771899.00428076274693, 6186559.178043872117996 ], [ 771900.002475032466464, 6186559.118840738199651 ], [ 771901.000669315224513, 6186559.059637602418661 ], [ 771901.998863612301648, 6186559.000434465706348 ], [ 771902.997057921253145, 6186558.941231328062713 ], [ 771903.995252245571464, 6186558.882028188556433 ], [ 771904.993446581996977, 6186558.82282504811883 ], [ 771905.991640932392329, 6186558.763621907681227 ], [ 771906.989835297223181, 6186558.704418764449656 ], [ 771907.988029675092548, 6186558.64521561935544 ], [ 771908.986224066000432, 6186558.586012475192547 ], [ 771909.984418469946831, 6186558.526809329167008 ], [ 771910.982612888212316, 6186558.467606181278825 ], [ 771911.980807320680469, 6186558.408403033390641 ], [ 771912.979001765022986, 6186558.349199883639812 ], [ 771913.977196223801002, 6186558.289996732026339 ], [ 771914.975390696665272, 6186558.230793580412865 ], [ 771915.973585182568058, 6186558.171590426936746 ], [ 771916.971779681742191, 6186558.112387272529304 ], [ 771917.969974195002578, 6186558.053184116259217 ], [ 771918.968168721301481, 6186557.993980959057808 ], [ 771919.966363260755315, 6186557.934777800925076 ], [ 771920.964557814411819, 6186557.875574640929699 ], [ 771921.962752381223254, 6186557.816371480002999 ], [ 771922.960946962237358, 6186557.757168320007622 ], [ 771923.959141556289978, 6186557.697965155355632 ], [ 771924.95733616349753, 6186557.638761991634965 ], [ 771925.955530784791335, 6186557.57955882512033 ], [ 771926.953725419356488, 6186557.52035566046834 ], [ 771927.951920068124309, 6186557.46115249209106 ], [ 771928.950114729814231, 6186557.401949322782457 ], [ 771929.9483094047755, 6186557.342746152542531 ], [ 771930.946504093939438, 6186557.283542981371284 ], [ 771931.944698796141893, 6186557.224339809268713 ], [ 771932.942893511499278, 6186557.165136633440852 ], [ 771933.941088241059333, 6186557.105933460406959 ], [ 771934.939282983541489, 6186557.046730283647776 ], [ 771935.937477740459144, 6186556.98752710595727 ], [ 771936.935672510415316, 6186556.928323928266764 ], [ 771937.933867293526419, 6186556.869120746850967 ], [ 771938.932062090723775, 6186556.809917567297816 ], [ 771939.930256901076064, 6186556.750714384019375 ], [ 771940.928451725747436, 6186556.691511201672256 ], [ 771941.926646563457325, 6186556.632308017462492 ], [ 771942.924841414089315, 6186556.57310483045876 ], [ 771943.923036279156804, 6186556.513901643455029 ], [ 771944.92123115726281, 6186556.454698456451297 ], [ 771945.9194260481745, 6186556.395495266653597 ], [ 771946.917620953638107, 6186556.336292074993253 ], [ 771947.915815873420797, 6186556.277088884264231 ], [ 771948.914010805077851, 6186556.217885689809918 ], [ 771949.891548065468669, 6186556.159907709807158 ], [ 771950.792879063636065, 6186556.592921134084463 ], [ 771951.694210068555549, 6186557.025934568606317 ], [ 771952.59554108325392, 6186557.458948013372719 ], [ 771953.496872105868533, 6186557.89196147210896 ], [ 771954.398203135933727, 6186558.324974941089749 ], [ 771955.29953417473007, 6186558.757988418452442 ], [ 771956.200865221209824, 6186559.19100190885365 ], [ 771957.102196275372989, 6186559.624015408568084 ], [ 771958.003527338383719, 6186560.057028921321034 ], [ 771958.904858410125598, 6186560.490042441524565 ], [ 771959.806189489550889, 6186560.923055974766612 ], [ 771960.70752057665959, 6186561.356069518253207 ], [ 771961.608851672383025, 6186561.789083074778318 ], [ 771962.510182776954025, 6186562.222096639685333 ], [ 771963.411513888160698, 6186562.655110217630863 ], [ 771964.312845009146258, 6186563.088123802095652 ], [ 771965.214176136767492, 6186563.521137399598956 ], [ 771966.11550727323629, 6186563.954151010140777 ], [ 771967.016838418203406, 6186564.387164629995823 ], [ 771967.918169571086764, 6186564.82017826102674 ], [ 771968.819500732468441, 6186565.253191901370883 ], [ 771969.72083190176636, 6186565.686205554753542 ], [ 771970.62216307874769, 6186566.119219217449427 ], [ 771971.523494264343753, 6186566.552232892252505 ], [ 771972.424825457623228, 6186566.985246574506164 ], [ 771973.326156659750268, 6186567.418260272592306 ], [ 771974.227487869560719, 6186567.851273979060352 ], [ 771975.128819088218734, 6186568.284287695772946 ], [ 771976.030150314327329, 6186568.717301424592733 ], [ 771976.93148154928349, 6186569.150315163657069 ], [ 771977.832812791923061, 6186569.583328913897276 ], [ 771978.734144042246044, 6186570.016342675313354 ], [ 771979.635475301300175, 6186570.449356446042657 ], [ 771980.536806568969041, 6186570.882370229810476 ], [ 771981.438137843506411, 6186571.315384022891521 ], [ 771982.339469127822667, 6186571.748397827148438 ], [ 771983.240800419822335, 6186572.181411642581224 ], [ 771984.142131719272584, 6186572.614425469189882 ], [ 771985.043463026639074, 6186573.047439305111766 ], [ 771985.944794343784451, 6186573.480453154072165 ], [ 771986.846125667332672, 6186573.913467011414468 ], [ 771987.747456999961287, 6186574.346480879932642 ], [ 771988.64878834108822, 6186574.779494760558009 ], [ 771989.550119690131396, 6186575.212508652359247 ], [ 771990.451451046625152, 6186575.645522555336356 ], [ 771991.352782411966473, 6186576.078536468558013 ], [ 771992.254113784991205, 6186576.511550391092896 ], [ 771993.15544516663067, 6186576.944564325734973 ], [ 771994.056776556186378, 6186577.377578270621598 ], [ 771994.958107954356819, 6186577.810592228546739 ], [ 771995.859439360210672, 6186578.243606194853783 ], [ 771996.760770774912089, 6186578.676620172336698 ], [ 771997.662102197064087, 6186579.109634159132838 ], [ 771998.265217294101603, 6186579.399380275979638 ], [ 771999.247968105133623, 6186579.584043028764427 ], [ 772000.230718928854913, 6186579.768705785274506 ], [ 772001.213469764799811, 6186579.95336855109781 ], [ 772002.196220613317564, 6186580.138031320646405 ], [ 772003.178971474175341, 6186580.322694092988968 ], [ 772004.161722347489558, 6186580.507356872782111 ], [ 772005.144473233260214, 6186580.69201965816319 ], [ 772006.127224132651463, 6186580.876682446338236 ], [ 772007.109975043218583, 6186581.061345242895186 ], [ 772008.092725967522711, 6186581.246008044108748 ], [ 772009.075476903002709, 6186581.430670849978924 ], [ 772010.058227851986885, 6186581.615333661437035 ], [ 772011.040978812379763, 6186581.799996478483081 ], [ 772012.023729786276817, 6186581.984659299254417 ], [ 772013.006480771582574, 6186582.169322127476335 ], [ 772013.989231770392507, 6186582.353984959423542 ], [ 772014.971982781775296, 6186582.538647796958685 ], [ 772015.954733805614524, 6186582.723310641013086 ], [ 772016.93748484167736, 6186582.907973490655422 ], [ 772017.920235890313052, 6186583.092636343091726 ], [ 772018.902986951172352, 6186583.277299202047288 ], [ 772019.885738024720922, 6186583.461962066590786 ], [ 772020.868489110842347, 6186583.646624935790896 ], [ 772021.851240209070966, 6186583.831287811510265 ], [ 772022.833991321036592, 6186584.015950692817569 ], [ 772023.816742444178089, 6186584.200613578781486 ], [ 772024.799493579892442, 6186584.385276468470693 ], [ 772025.782244729110971, 6186584.56993936561048 ], [ 772026.764995889505371, 6186584.754602264612913 ], [ 772027.74774706386961, 6186584.939265173859894 ], [ 772028.73049824917689, 6186585.123928084969521 ], [ 772029.713249448221177, 6186585.30859100073576 ], [ 772030.696000659605488, 6186585.493253925815225 ], [ 772031.678751882282086, 6186585.677916853688657 ], [ 772032.661503118695691, 6186585.862579788081348 ], [ 772033.644254367449321, 6186586.047242725268006 ], [ 772034.627005628775805, 6186586.231905668973923 ], [ 772035.609756902325898, 6186586.416568618267775 ], [ 772036.592508188332431, 6186586.601231573149562 ], [ 772037.575259486911818, 6186586.785894533619285 ], [ 772038.558010797714815, 6186586.970557497814298 ], [ 772039.540762122487649, 6186587.155220471322536 ], [ 772040.523513458203524, 6186587.339883444830775 ], [ 772041.506264806492254, 6186587.524546426720917 ], [ 772042.489016168285161, 6186587.709209412336349 ], [ 772043.47176754148677, 6186587.89387240447104 ], [ 772044.454518927028403, 6186588.078535402193666 ], [ 772045.437270326307043, 6186588.263198405504227 ], [ 772046.420021737925708, 6186588.447861414402723 ], [ 772047.402773160720244, 6186588.632524425163865 ], [ 772048.385524597251788, 6186588.817187442444265 ], [ 772049.368276046123356, 6186589.001850468106568 ], [ 772050.351027507567778, 6186589.186513496562839 ], [ 772051.333778980188072, 6186589.371176529675722 ], [ 772052.316530466428958, 6186589.555839570239186 ], [ 772053.299281965126283, 6186589.740502614527941 ], [ 772054.282033476163633, 6186589.925165664404631 ], [ 772055.264784999890253, 6186590.109828719869256 ], [ 772056.247536537004635, 6186590.294491781853139 ], [ 772057.230288085527718, 6186590.479154847562313 ], [ 772058.213039646390826, 6186590.663817919790745 ], [ 772059.195791219826788, 6186590.848480995744467 ], [ 772060.178542806534097, 6186591.033144077286124 ], [ 772061.161294404766522, 6186591.217807166278362 ], [ 772062.144046016503125, 6186591.402470257133245 ], [ 772063.12679763964843, 6186591.587133355438709 ], [ 772064.109549276297912, 6186591.771796457469463 ], [ 772065.092300924356095, 6186591.956459566950798 ], [ 772066.075052585802041, 6186592.141122682020068 ], [ 772067.057804259704426, 6186592.325785800814629 ], [ 772068.040555946296081, 6186592.510448926128447 ], [ 772069.023307643947192, 6186592.695112055167556 ], [ 772070.00605935533531, 6186592.8797751897946 ], [ 772070.988811079063453, 6186593.064438330940902 ], [ 772071.97156281536445, 6186593.249101476743817 ], [ 772072.954314563889056, 6186593.433764628134668 ], [ 772073.937066324986517, 6186593.618427785113454 ], [ 772074.919818099588156, 6186593.803090944886208 ], [ 772075.902569885598496, 6186593.987754112109542 ], [ 772076.88532168394886, 6186594.172417283989489 ], [ 772077.868073494872078, 6186594.357080461457372 ], [ 772078.850825319299474, 6186594.541743643581867 ], [ 772079.833577154902741, 6186594.726406834088266 ], [ 772080.816329004243016, 6186594.91107002645731 ], [ 772081.799080864875577, 6186595.095733226276934 ], [ 772082.754142393823713, 6186595.275193298235536 ], [ 772083.685273907147348, 6186595.639742160215974 ], [ 772084.616405431646854, 6186596.004291033372283 ], [ 772085.547536964528263, 6186596.368839913979173 ], [ 772086.478668507188559, 6186596.733388805761933 ], [ 772087.409800059860572, 6186597.097937705926597 ], [ 772088.340931622311473, 6186597.462486616335809 ], [ 772089.272063193609938, 6186597.82703553698957 ], [ 772090.203194775735028, 6186598.191584465093911 ], [ 772091.134326366591267, 6186598.556133402511477 ], [ 772092.065457967342809, 6186598.920682352036238 ], [ 772092.996589579037391, 6186599.285231310874224 ], [ 772093.927721199346706, 6186599.649780279025435 ], [ 772094.858852828503586, 6186600.014329254627228 ], [ 772095.789984468603507, 6186600.378878241404891 ], [ 772096.721116118365899, 6186600.743427236564457 ], [ 772097.652247776975855, 6186601.107976242899895 ], [ 772098.583379446761683, 6186601.472525257617235 ], [ 772099.514511125045829, 6186601.837074281647801 ], [ 772100.445642813225277, 6186602.201623316854239 ], [ 772101.376774511067197, 6186602.566172361373901 ], [ 772102.30790621903725, 6186602.930721413344145 ], [ 772103.239037935505621, 6186603.295270476490259 ], [ 772104.170169662917033, 6186603.659819547086954 ], [ 772105.101301399176009, 6186604.024368630722165 ], [ 772106.032433146378025, 6186604.388917720876634 ], [ 772106.963564902311191, 6186604.753466822206974 ], [ 772107.894696667906828, 6186605.118015930056572 ], [ 772108.825828443514183, 6186605.482565050013363 ], [ 772109.756960228900425, 6186605.847114180214703 ], [ 772110.688092023017816, 6186606.211663320660591 ], [ 772111.619223828194663, 6186606.576212467625737 ], [ 772112.550355641869828, 6186606.940761624835432 ], [ 772113.48148746532388, 6186607.305310791358352 ], [ 772114.412619300070219, 6186607.66985996812582 ], [ 772115.343751143431291, 6186608.034409155137837 ], [ 772116.274882995407097, 6186608.398958350531757 ], [ 772117.206014858325943, 6186608.763507556170225 ], [ 772118.137146731140092, 6186609.128056771121919 ], [ 772119.068278612568974, 6186609.492605995386839 ], [ 772119.999410505173728, 6186609.857155229896307 ], [ 772120.930542406393215, 6186610.221704472787678 ], [ 772121.861674317391589, 6186610.586253725923598 ], [ 772122.792806238168851, 6186610.950802987441421 ], [ 772123.723938168957829, 6186611.315352259203792 ], [ 772124.655070108477958, 6186611.679901542142034 ], [ 772125.586202058708295, 6186612.044450832530856 ], [ 772126.517334018135443, 6186612.40900013409555 ], [ 772127.448465988272801, 6186612.773549444042146 ], [ 772128.379597966908477, 6186613.138098761439323 ], [ 772129.310729955555871, 6186613.502648092806339 ], [ 772130.241861953982152, 6186613.867197429761291 ], [ 772131.172993961255997, 6186614.231746777892113 ], [ 772132.104125979356468, 6186614.596296135336161 ], [ 772133.035258006071672, 6186614.960845502093434 ], [ 772133.966390043962747, 6186615.325394879095256 ], [ 772134.897522090468556, 6186615.689944264478981 ], [ 772135.828654146869667, 6186616.054493661038578 ], [ 772136.759786213049665, 6186616.419043065980077 ], [ 772137.690918289124966, 6186616.783592481166124 ], [ 772138.622050375211984, 6186617.14814190659672 ], [ 772139.553182469680905, 6186617.512691337615252 ], [ 772140.484314575325698, 6186617.877240782603621 ], [ 772141.415446689468808, 6186618.241790235042572 ], [ 772142.346578813623637, 6186618.606339697726071 ], [ 772143.277710947673768, 6186618.970889169722795 ], [ 772144.20884309138637, 6186619.335438650101423 ], [ 772145.139975245110691, 6186619.699988140724599 ], [ 772146.071107408613898, 6186620.064537642523646 ], [ 772147.002239580731839, 6186620.429087150841951 ], [ 772147.933371762745082, 6186620.793636670336127 ], [ 772148.864503955934197, 6186621.158186201006174 ], [ 772149.795636157505214, 6186621.522735738195479 ], [ 772150.726768369087949, 6186621.887285285629332 ], [ 772151.657900590449572, 6186622.251834844239056 ], [ 772152.250142570817843, 6186622.483704764395952 ], [ 772153.060194169403985, 6186623.069981183856726 ], [ 772153.870245772181079, 6186623.656257616356015 ], [ 772154.680297379265539, 6186624.242534061893821 ], [ 772155.490348989143968, 6186624.828810518607497 ], [ 772156.300400603329763, 6186625.415086989291012 ], [ 772157.11045222170651, 6186626.001363473944366 ], [ 772157.920503844390623, 6186626.587639971636236 ], [ 772158.730555469868705, 6186627.173916480503976 ], [ 772159.540607099654153, 6186627.760193002410233 ], [ 772160.350658733630553, 6186628.346469540148973 ], [ 772161.160710371797904, 6186628.932746088132262 ], [ 772161.970762012875639, 6186629.519022651016712 ], [ 772162.780813658377156, 6186630.105299226939678 ], [ 772163.59086530667264, 6186630.691575814038515 ], [ 772164.400916960439645, 6186631.277852416038513 ], [ 772165.210968617117032, 6186631.864129029214382 ], [ 772166.021020278101787, 6186632.450405658222735 ], [ 772166.83107194211334, 6186633.036682298406959 ], [ 772167.641123610315844, 6186633.622958950698376 ], [ 772168.451175282592885, 6186634.209235617890954 ], [ 772169.261226959060878, 6186634.795512296259403 ], [ 772170.071278638672084, 6186635.381788988597691 ], [ 772170.881330322474241, 6186635.968065694905818 ], [ 772171.69138201023452, 6186636.554342413321137 ], [ 772172.501433702418581, 6186637.140619145706296 ], [ 772173.31148539762944, 6186637.726895889267325 ], [ 772174.12153709679842, 6186638.313172645866871 ], [ 772174.931588799227029, 6186638.8994494182989 ], [ 772175.741640507010743, 6186639.485726200044155 ], [ 772176.551692217821255, 6186640.072002996690571 ], [ 772177.361743931425735, 6186640.658279807306826 ], [ 772178.171795650501736, 6186641.244556630030274 ], [ 772178.981847372604534, 6186641.830833466723561 ], [ 772179.791899099014699, 6186642.417110314592719 ], [ 772180.601950829615816, 6186643.003387176431715 ], [ 772181.412002563127317, 6186643.589664051309228 ], [ 772182.222054300829768, 6186644.175940938293934 ], [ 772183.032106042606756, 6186644.762217840179801 ], [ 772183.842157787526958, 6186645.348494753241539 ], [ 772184.652209537802264, 6186645.934771680273116 ], [ 772185.462261291220784, 6186646.521048620343208 ], [ 772186.272313047433272, 6186647.107325571589172 ], [ 772187.082364807836711, 6186647.693602538667619 ], [ 772187.892416573828086, 6186648.27987951785326 ], [ 772188.702468341565691, 6186648.866156509146094 ], [ 772189.5125201146584, 6186649.45243351534009 ], [ 772190.322571890661493, 6186650.038710532709956 ], [ 772191.132623670971952, 6186650.624987564049661 ], [ 772191.942675455473363, 6186651.211264608427882 ], [ 772192.752727242885157, 6186651.797541665844619 ], [ 772193.562779034487903, 6186652.38381873536855 ], [ 772194.372830830514431, 6186652.970095817930996 ], [ 772195.182882629334927, 6186653.556372914463282 ], [ 772195.992934433510527, 6186654.14265002310276 ], [ 772196.802986240829341, 6186654.728927144780755 ], [ 772197.613038051174954, 6186655.315204279497266 ], [ 772198.423089866875671, 6186655.901481429114938 ], [ 772199.233141685603186, 6186656.487758591771126 ], [ 772200.04319350712467, 6186657.074035765603185 ], [ 772200.853245334234089, 6186657.66031295247376 ], [ 772201.663297164253891, 6186658.246590152382851 ], [ 772202.473348998464644, 6186658.83286736626178 ], [ 772203.283400836982764, 6186659.419144593179226 ], [ 772204.093452678294852, 6186660.005421832203865 ], [ 772204.903504524030723, 6186660.591699083335698 ], [ 772205.713556373841129, 6186661.177976349368691 ], [ 772206.523608227958903, 6186661.764253629371524 ], [ 772207.333660084987059, 6186662.350530920550227 ], [ 772208.143711946206167, 6186662.936808222904801 ], [ 772208.953763810452074, 6186663.523085542023182 ], [ 772209.76381567993667, 6186664.109362872317433 ], [ 772210.573867552680895, 6186664.695640216581523 ], [ 772211.383919429499656, 6186665.28191757388413 ], [ 772212.193971309345216, 6186665.868194943293929 ], [ 772212.265186885953881, 6186665.919737420044839 ], [ 772213.135406067362055, 6186666.412305996753275 ], [ 772214.005625256104395, 6186666.904874585568905 ], [ 772214.875844451133162, 6186667.397443186491728 ], [ 772215.746063653496094, 6186667.890011798590422 ], [ 772216.616282862145454, 6186668.382580421864986 ], [ 772217.486502077197656, 6186668.875149058178067 ], [ 772218.356721299467608, 6186669.367717705667019 ], [ 772219.226940526859835, 6186669.860286364331841 ], [ 772220.097159762866795, 6186670.352855037897825 ], [ 772220.967379003879614, 6186670.845423720777035 ], [ 772221.837598252459429, 6186671.337992414832115 ], [ 772222.707817507209256, 6186671.830561123788357 ], [ 772223.578036769176833, 6186672.323129842057824 ], [ 772224.448256037663668, 6186672.815698573365808 ], [ 772225.318475312320516, 6186673.308267313987017 ], [ 772226.188694594427943, 6186673.80083607044071 ], [ 772227.058913881424814, 6186674.293404836207628 ], [ 772227.92913317726925, 6186674.78597361408174 ], [ 772228.799352478003129, 6186675.278542404994369 ], [ 772229.669571786187589, 6186675.771111207082868 ], [ 772230.539791100774892, 6186676.263680020347238 ], [ 772231.410010422579944, 6186676.756248845718801 ], [ 772232.280229750671424, 6186677.248817683197558 ], [ 772233.150449085049331, 6186677.741386534646153 ], [ 772234.020668426761404, 6186678.23395539354533 ], [ 772234.890887774759904, 6186678.726524267345667 ], [ 772235.761107129161246, 6186679.219093151390553 ], [ 772236.631326489616185, 6186679.711662047542632 ], [ 772237.501545857638121, 6186680.204230956733227 ], [ 772238.371765232877806, 6186680.696799878031015 ], [ 772239.241984613239765, 6186681.18936880864203 ], [ 772240.112204001052305, 6186681.68193775229156 ], [ 772240.982423396431841, 6186682.174506710842252 ], [ 772241.85264279670082, 6186682.667075676843524 ], [ 772242.722862204536796, 6186683.159644655883312 ], [ 772243.593081618426368, 6186683.652213647961617 ], [ 772244.463301039999351, 6186684.144782651215792 ], [ 772245.333520467625931, 6186684.63735166657716 ], [ 772246.203739901422523, 6186685.1299206931144 ], [ 772247.073959342902526, 6186685.622489732690156 ], [ 772247.944178790319711, 6186686.115058782510459 ], [ 772248.814398244139738, 6186686.607627846300602 ], [ 772249.684617705410346, 6186687.100196920335293 ], [ 772250.554837172850966, 6186687.592766005545855 ], [ 772251.425056646578014, 6186688.085335105657578 ], [ 772252.295276127755642, 6186688.577904215082526 ], [ 772253.165495615103282, 6186689.070473336614668 ], [ 772254.03571510873735, 6186689.563042469322681 ], [ 772254.905934609705582, 6186690.055611615069211 ], [ 772255.776154117076658, 6186690.548180771991611 ], [ 772256.64637363050133, 6186691.040749942883849 ], [ 772257.516593150328845, 6186691.533319123089314 ], [ 772258.386812678771093, 6186692.025888316333294 ], [ 772259.257032212102786, 6186692.518457520753145 ], [ 772260.127251753001474, 6186693.011026738211513 ], [ 772260.997471299022436, 6186693.503595966845751 ], [ 772261.867690853541717, 6186693.99616520665586 ], [ 772262.737910413183272, 6186694.488734459504485 ], [ 772263.608129980158992, 6186694.981303721666336 ], [ 772264.478349554585293, 6186695.473872999660671 ], [ 772265.348569134017453, 6186695.966442286968231 ], [ 772266.218788721016608, 6186696.459011586382985 ], [ 772267.089008315466344, 6186696.95158089697361 ], [ 772267.959227914689109, 6186697.444150220602751 ], [ 772268.829447521595284, 6186697.936719557270408 ], [ 772269.69966713571921, 6186698.429288902319968 ], [ 772270.569886756362393, 6186698.921858262270689 ], [ 772271.440106381895021, 6186699.414427632465959 ], [ 772272.310326015925966, 6186699.906997013837099 ], [ 772273.18054565647617, 6186700.399566409178078 ], [ 772274.05076530307997, 6186700.892135815694928 ], [ 772274.920984955970198, 6186701.384705234318972 ], [ 772275.791204616311006, 6186701.877274663187563 ], [ 772276.661424282821827, 6186702.369844106025994 ], [ 772277.531643955502659, 6186702.86241355817765 ], [ 772278.401863635750487, 6186703.354983024299145 ], [ 772279.272083322284743, 6186703.847552502527833 ], [ 772280.142303015105426, 6186704.34012199100107 ], [ 772281.012522715143859, 6186704.832691490650177 ], [ 772281.88274242146872, 6186705.325261004269123 ], [ 772282.752962134080008, 6186705.81783052906394 ], [ 772283.623181854141876, 6186706.31040006596595 ], [ 772284.493401580490172, 6186706.802969614043832 ], [ 772285.363621312892064, 6186707.295539175160229 ], [ 772286.233841052977368, 6186707.788108746521175 ], [ 772287.104060799116269, 6186708.280678329989314 ], [ 772287.97428055270575, 6186708.773247927427292 ], [ 772288.844500311417505, 6186709.265817534178495 ], [ 772289.71472007734701, 6186709.758387153968215 ], [ 772290.584939850959927, 6186710.250956784933805 ], [ 772291.45515963062644, 6186710.743526428006589 ], [ 772292.325379416695796, 6186711.236096084117889 ], [ 772293.195599209051579, 6186711.728665752336383 ], [ 772294.065819008625112, 6186712.221235428936779 ], [ 772294.936038814485073, 6186712.713805120438337 ], [ 772295.806258626747876, 6186713.206374822184443 ], [ 772296.67647844622843, 6186713.698944536969066 ], [ 772297.546698272111826, 6186714.191514262929559 ], [ 772298.416918105212972, 6186714.684084000997245 ], [ 772299.287137943669222, 6186715.176653751172125 ], [ 772300.157357789343223, 6186715.669223511591554 ], [ 772301.02757764258422, 6186716.161793285980821 ], [ 772301.897797501878813, 6186716.654363071545959 ], [ 772302.768017367576249, 6186717.146932870149612 ], [ 772303.638237239443697, 6186717.639502678066492 ], [ 772304.117995595675893, 6186717.911059893667698 ], [ 772304.981386941391975, 6186718.415503214113414 ], [ 772305.844778293045238, 6186718.919946543872356 ], [ 772306.708169652381912, 6186719.424389889463782 ], [ 772307.571561016724445, 6186719.928833244368434 ], [ 772308.434952387353405, 6186720.433276612311602 ], [ 772309.298343765316531, 6186720.937719993293285 ], [ 772310.161735148401931, 6186721.44216338545084 ], [ 772311.025126538937911, 6186721.946606790646911 ], [ 772311.888517934596166, 6186722.451050205156207 ], [ 772312.751909337705001, 6186722.955493634566665 ], [ 772313.61530074570328, 6186723.459937075152993 ], [ 772314.478692161152139, 6186723.964380526915193 ], [ 772315.342083582887426, 6186724.468823991715908 ], [ 772316.20547501090914, 6186724.973267467692494 ], [ 772317.068866445217282, 6186725.477710955776274 ], [ 772317.93225788557902, 6186725.982154457829893 ], [ 772318.795649332227185, 6186726.486597968265414 ], [ 772319.659040785161778, 6186726.991041493602097 ], [ 772320.522432244499214, 6186727.495485031045973 ], [ 772321.385823709890246, 6186727.999928577803075 ], [ 772322.249215181684121, 6186728.504372138530016 ], [ 772323.112606660695747, 6186729.008815713226795 ], [ 772323.975998145062476, 6186729.5132592972368 ], [ 772324.839389635482803, 6186730.017702893353999 ], [ 772325.70278113335371, 6186730.522146502509713 ], [ 772326.566172636346892, 6186731.026590123772621 ], [ 772327.429564146557823, 6186731.5310337562114 ], [ 772328.292955663288012, 6186732.03547739982605 ], [ 772329.15634718502406, 6186732.539921058341861 ], [ 772330.019738713977858, 6186733.044364726170897 ], [ 772330.883130249334499, 6186733.548808407969773 ], [ 772331.746521790977567, 6186734.053252100944519 ], [ 772332.609913338674232, 6186734.557695805095136 ], [ 772333.473304892890155, 6186735.062139522284269 ], [ 772334.336696453159675, 6186735.566583251580596 ], [ 772335.200088019715622, 6186736.071026992052794 ], [ 772336.063479592557997, 6186736.575470745563507 ], [ 772336.926871171686798, 6186737.079914510250092 ], [ 772337.790262756869197, 6186737.584358286112547 ], [ 772338.653654349735007, 6186738.088802076876163 ], [ 772339.51704594749026, 6186738.593245878815651 ], [ 772340.380437551531941, 6186739.097689690068364 ], [ 772341.243829163024202, 6186739.602133516222239 ], [ 772342.107220779522322, 6186740.106577353551984 ], [ 772342.970612403587438, 6186740.6110212020576 ], [ 772343.834004033822566, 6186741.115465063601732 ], [ 772344.697395668947138, 6186741.619908938184381 ], [ 772345.560787311638705, 6186742.124352823011577 ], [ 772346.424178960733116, 6186742.628796719945967 ], [ 772347.287570615881123, 6186743.133240628987551 ], [ 772348.150962277315557, 6186743.63768455106765 ], [ 772349.014353944920003, 6186744.142128484323621 ], [ 772349.877745618927293, 6186744.646572428755462 ], [ 772350.741137298988178, 6186745.151016387157142 ], [ 772351.604528985451907, 6186745.655460356734693 ], [ 772352.467920678202063, 6186746.159904336556792 ], [ 772353.331312378402799, 6186746.664348332211375 ], [ 772354.194704083492979, 6186747.168792337179184 ], [ 772355.058095794869587, 6186747.673236355185509 ], [ 772355.921487513696775, 6186748.177680384367704 ], [ 772356.784879237413406, 6186748.682124425657094 ], [ 772357.648270968813449, 6186749.186568479984999 ], [ 772358.511662705335766, 6186749.69101254735142 ], [ 772359.375054449075833, 6186750.195456623099744 ], [ 772360.238446199102327, 6186750.699900712817907 ], [ 772361.101837954251096, 6186751.204344816505909 ], [ 772361.965229716850445, 6186751.708788929507136 ], [ 772362.82862148550339, 6186752.21323305554688 ], [ 772363.692013260675594, 6186752.717677194625139 ], [ 772364.555405041901395, 6186753.222121342085302 ], [ 772365.418796829413623, 6186753.726565505377948 ], [ 772366.282188623212278, 6186754.231009678915143 ], [ 772367.145580423297361, 6186754.735453864559531 ], [ 772368.008972229668871, 6186755.239898062311113 ], [ 772368.872364043258131, 6186755.744342273101211 ], [ 772369.0279290137114, 6186755.835232466459274 ], [ 772369.717901989119127, 6186756.55900501459837 ], [ 772370.407874963362701, 6186757.282777575775981 ], [ 772371.097847937606275, 6186758.006550149992108 ], [ 772371.787820910918526, 6186758.730322739109397 ], [ 772372.477793881786056, 6186759.454095339402556 ], [ 772373.167766853002831, 6186760.177867956459522 ], [ 772373.857739822822623, 6186760.901640586555004 ], [ 772374.547712790546939, 6186761.625413229689002 ], [ 772375.23768575838767, 6186762.349185883998871 ], [ 772375.927658724947833, 6186763.072958554141223 ], [ 772376.617631690343842, 6186763.796731236390769 ], [ 772377.307604654924944, 6186764.520503933541477 ], [ 772377.997577618341893, 6186765.244276642799377 ], [ 772378.687550579430535, 6186765.968049368821084 ], [ 772379.377523540402763, 6186766.691822103224695 ], [ 772380.067496501724236, 6186767.415594855323434 ], [ 772380.757469460833818, 6186768.139367620460689 ], [ 772381.447442418430001, 6186768.863140396773815 ], [ 772382.137415375327691, 6186769.586913188919425 ], [ 772382.827388331061229, 6186770.310685992240906 ], [ 772383.517361285630614, 6186771.034458812326193 ], [ 772384.207334239035845, 6186771.758231645449996 ], [ 772384.897307192557491, 6186772.482004490680993 ], [ 772385.587280143867247, 6186773.205777348950505 ], [ 772386.277253094129264, 6186773.929550223983824 ], [ 772386.967226044274867, 6186774.653323108330369 ], [ 772387.657198992324993, 6186775.377096008509398 ], [ 772388.347171940375119, 6186776.100868921726942 ], [ 772389.037144886096939, 6186776.824641847983003 ], [ 772389.727117831935175, 6186777.548414790071547 ], [ 772390.417090775445104, 6186778.272187743335962 ], [ 772391.107063719187863, 6186778.995960710570216 ], [ 772391.797036660602316, 6186779.719733690842986 ], [ 772392.487009602133185, 6186780.443506686016917 ], [ 772393.176982542383485, 6186781.167279693298042 ], [ 772393.866955481702462, 6186781.891052714549005 ], [ 772394.556928418693133, 6186782.614825749769807 ], [ 772395.246901355683804, 6186783.338598798960447 ], [ 772395.936874291626737, 6186784.062371861189604 ], [ 772396.626847226638347, 6186784.786144936457276 ], [ 772397.316820160252973, 6186785.509918025694788 ], [ 772398.006793092936277, 6186786.23369112983346 ], [ 772398.696766024688259, 6186786.957464246079326 ], [ 772399.386738955043256, 6186787.68123737629503 ], [ 772400.076711884466931, 6186788.405010520480573 ], [ 772400.766684812842868, 6186789.128783678635955 ], [ 772401.456657740054652, 6186789.852556847035885 ], [ 772402.146630665985867, 6186790.576330032199621 ], [ 772402.836603592149913, 6186791.300103230401874 ], [ 772403.526576515985653, 6186792.023876439779997 ], [ 772404.21654943889007, 6186792.747649665921926 ], [ 772404.906522361678071, 6186793.471422903239727 ], [ 772405.596495282370597, 6186794.195196157321334 ], [ 772406.286468201782554, 6186794.918969420716166 ], [ 772406.976441121310927, 6186795.642742699943483 ], [ 772407.666414038627408, 6186796.366515992209315 ], [ 772408.35638695594389, 6186797.090289297513664 ], [ 772409.04635987104848, 6186797.814062618650496 ], [ 772409.736332786269486, 6186798.537835950963199 ], [ 772410.426305700326338, 6186799.261609299108386 ], [ 772411.116278612054884, 6186799.985382658429444 ], [ 772411.806251524016261, 6186800.709156032651663 ], [ 772412.496224434813485, 6186801.432929418981075 ], [ 772413.186197344446555, 6186802.156702820211649 ], [ 772413.876170251751319, 6186802.880476236343384 ], [ 772414.566143159288913, 6186803.604249661788344 ], [ 772415.256116065662354, 6186804.328023103997111 ], [ 772415.946088970871642, 6186805.051796559244394 ], [ 772416.636061875033192, 6186805.775570027530193 ], [ 772417.326034778147005, 6186806.499343509785831 ], [ 772418.016007679980248, 6186807.223117005079985 ], [ 772418.705980580998585, 6186807.946890514343977 ], [ 772419.395953480736353, 6186808.670664037577808 ], [ 772420.08592638047412, 6186809.394437573850155 ], [ 772420.775899278116412, 6186810.118211122229695 ], [ 772421.465872174478136, 6186810.84198468644172 ], [ 772422.155845069908537, 6186811.565758261829615 ], [ 772422.845817965338938, 6186812.289531853981316 ], [ 772423.535790858557448, 6186813.013305457308888 ], [ 772424.225763751775958, 6186813.737079074606299 ], [ 772424.915736642666161, 6186814.460852705873549 ], [ 772425.605709532508627, 6186815.184626351110637 ], [ 772426.295682422467507, 6186815.908400010317564 ], [ 772426.985655310098082, 6186816.632173679769039 ], [ 772427.675628197845072, 6186817.355947365984321 ], [ 772428.365601084427908, 6186818.079721063375473 ], [ 772429.055573968915269, 6186818.803494777530432 ], [ 772429.745546853169799, 6186819.527268501929939 ], [ 772430.277455862611532, 6186820.085235027596354 ], [ 772430.894315776182339, 6186820.872251460328698 ], [ 772431.511175685562193, 6186821.659267905168235 ], [ 772432.128035590751097, 6186822.446284365840256 ], [ 772432.744895494077355, 6186823.233300838619471 ], [ 772433.361755391815677, 6186824.020317322574556 ], [ 772433.978615286527202, 6186824.807333819568157 ], [ 772434.595475178444758, 6186825.594350332394242 ], [ 772435.212335065938532, 6186826.381366856396198 ], [ 772435.829194950405508, 6186827.168383395299315 ], [ 772436.446054830448702, 6186827.955399944446981 ], [ 772437.062914707814343, 6186828.74241650942713 ], [ 772437.679774580639787, 6186829.529433086514473 ], [ 772438.296634450554848, 6186830.316449675709009 ], [ 772438.913494316162542, 6186831.103466277942061 ], [ 772439.530354178743437, 6186831.890482895076275 ], [ 772440.147214037133381, 6186832.677499524317682 ], [ 772440.764073891099542, 6186833.464516166597605 ], [ 772441.380933743435889, 6186834.251532820984721 ], [ 772441.997793590417132, 6186835.038549490272999 ], [ 772442.614653435302898, 6186835.825566170737147 ], [ 772443.23151327483356, 6186836.612582866102457 ], [ 772443.848373112385161, 6186837.399599574506283 ], [ 772444.465232944814488, 6186838.186616294085979 ], [ 772445.082092775031924, 6186838.973633028566837 ], [ 772445.698952599894255, 6186839.760649774223566 ], [ 772446.315812422893941, 6186840.547666534781456 ], [ 772446.932672240654938, 6186841.334683308377862 ], [ 772447.549532056553289, 6186842.121700095012784 ], [ 772448.166391866863705, 6186842.908716894686222 ], [ 772448.783251675311476, 6186843.695733706466854 ], [ 772449.400111478287727, 6186844.482750532217324 ], [ 772450.016971279517747, 6186845.26976737100631 ], [ 772450.633831076556817, 6186846.056784222833812 ], [ 772451.250690869288519, 6186846.843801086768508 ], [ 772451.867550658993423, 6186847.630817965604365 ], [ 772452.48441044439096, 6186848.417834853753448 ], [ 772453.101270226761699, 6186849.204851759597659 ], [ 772453.718130004825071, 6186849.991868676617742 ], [ 772454.334989780094475, 6186850.77888560667634 ], [ 772454.951849550823681, 6186851.565902549773455 ], [ 772455.568709318642505, 6186852.35291950777173 ], [ 772456.185569083318114, 6186853.139936476014555 ], [ 772456.802428842755035, 6186853.926953457295895 ], [ 772457.419288600096479, 6186854.713970454409719 ], [ 772458.036148353363387, 6186855.500987462699413 ], [ 772458.653008102322929, 6186856.288004484027624 ], [ 772459.269867848139256, 6186857.075021518394351 ], [ 772459.886727589881048, 6186857.862038568593562 ], [ 772460.503587328479625, 6186858.649055629037321 ], [ 772461.120447064051405, 6186859.436072703450918 ], [ 772461.737306795315817, 6186860.223089789040387 ], [ 772462.354166522622108, 6186861.010106891393661 ], [ 772462.97102624643594, 6186861.797124003060162 ], [ 772463.587885966291651, 6186862.584141131490469 ], [ 772464.204745682887733, 6186863.371158270165324 ], [ 772464.821605396689847, 6186864.158175421878695 ], [ 772465.438465106184594, 6186864.945192587561905 ], [ 772466.055324811255559, 6186865.732209767214954 ], [ 772466.672184513532557, 6186866.519226958975196 ], [ 772467.289044212549925, 6186867.306244162842631 ], [ 772467.905903907492757, 6186868.093261383473873 ], [ 772468.522763598011807, 6186868.880278613418341 ], [ 772469.139623285620473, 6186869.667295856401324 ], [ 772469.756482970202342, 6186870.454313114285469 ], [ 772470.373342650360428, 6186871.24133038520813 ], [ 772470.990202326327562, 6186872.028347668237984 ], [ 772471.607061999384314, 6186872.815364965237677 ], [ 772472.223921669297852, 6186873.602382274344563 ], [ 772472.840781335020438, 6186874.389399597421288 ], [ 772473.457640996435657, 6186875.17641693353653 ], [ 772474.074500654824078, 6186875.963434282690287 ], [ 772474.691360310069285, 6186876.750451643019915 ], [ 772475.308219961239956, 6186877.537469019182026 ], [ 772475.925079609267414, 6186878.324486408382654 ], [ 772476.541939252987504, 6186879.111503808759153 ], [ 772477.158798892516643, 6186879.898521224036813 ], [ 772477.775658530183136, 6186880.685538651421666 ], [ 772478.392518162494525, 6186881.472556091845036 ], [ 772479.009377791546285, 6186882.259573544375598 ], [ 772479.626237417804077, 6186883.046591011807323 ], [ 772480.243097039638087, 6186883.83360849134624 ], [ 772480.859956658445299, 6186884.620625984854996 ], [ 772481.120100838597864, 6186884.952529737725854 ], [ 772481.619459614856169, 6186885.818874448537827 ], [ 772482.118818384828046, 6186886.68521917052567 ], [ 772482.618177147582173, 6186887.551563901826739 ], [ 772483.117535904282704, 6186888.417908647097647 ], [ 772483.616894652368501, 6186889.284253403544426 ], [ 772484.116253393236548, 6186890.150598170235753 ], [ 772484.615612127934583, 6186891.016942949965596 ], [ 772485.114970854250714, 6186891.88328774087131 ], [ 772485.614329574629664, 6186892.749632542952895 ], [ 772486.113688287325203, 6186893.615977354347706 ], [ 772486.613046993035823, 6186894.482322180643678 ], [ 772487.112405691295862, 6186895.34866701811552 ], [ 772487.611764382338151, 6186896.215011864900589 ], [ 772488.11112306592986, 6186897.081356726586819 ], [ 772488.610481742536649, 6186897.947701596654952 ], [ 772489.109840412857011, 6186898.814046481624246 ], [ 772489.609199075843208, 6186899.680391373112798 ], [ 772490.108557730447501, 6186900.546736281365156 ], [ 772490.607916378881782, 6186901.413081197068095 ], [ 772491.107275020098314, 6186902.279426126740873 ], [ 772491.606633653864264, 6186903.145771067589521 ], [ 772492.105992280528881, 6186904.012116019614041 ], [ 772492.605350900907069, 6186904.878460983745754 ], [ 772493.10470951301977, 6186905.744805958122015 ], [ 772493.604068117681891, 6186906.61115094460547 ], [ 772494.103426716290414, 6186907.477495942264795 ], [ 772494.602785307681188, 6186908.343840952962637 ], [ 772495.102143891621381, 6186909.210185974836349 ], [ 772495.601502468343824, 6186910.076531006023288 ], [ 772496.100861037848517, 6186910.942876051180065 ], [ 772496.60021959990263, 6186911.80922110658139 ], [ 772497.099578154855408, 6186912.675566175952554 ], [ 772497.598936703521758, 6186913.541911253705621 ], [ 772498.098295243922621, 6186914.408256344497204 ], [ 772498.597653778037056, 6186915.274601446464658 ], [ 772499.097012303653173, 6186916.140946561470628 ], [ 772499.596370823215693, 6186917.007291687652469 ], [ 772500.095729335676879, 6186917.873636823147535 ], [ 772500.595087840454653, 6186918.739981969818473 ], [ 772501.094446339528076, 6186919.606327130459249 ], [ 772501.593804829870351, 6186920.472672302275896 ], [ 772502.09316331287846, 6186921.339017485268414 ], [ 772502.592521790065803, 6186922.205362679436803 ], [ 772503.091880259802565, 6186923.07170788757503 ], [ 772503.591238720924594, 6186923.938053103163838 ], [ 772504.090597176225856, 6186924.804398333653808 ], [ 772504.402580190682784, 6186925.345662826672196 ], [ 772504.919875244493596, 6186926.201419083401561 ], [ 772505.437170293531381, 6186927.057175351306796 ], [ 772505.954465334420092, 6186927.912931631319225 ], [ 772506.471760369488038, 6186928.76868792437017 ], [ 772506.989055397571065, 6186929.62444422673434 ], [ 772507.506350418785587, 6186930.480200542137027 ], [ 772508.023645433946513, 6186931.335956869646907 ], [ 772508.540940442238934, 6186932.191713208332658 ], [ 772509.058235443430021, 6186933.047469560056925 ], [ 772509.575530437752604, 6186933.90322592202574 ], [ 772510.092825426254421, 6186934.758982297033072 ], [ 772510.610120407538489, 6186935.614738682284951 ], [ 772511.127415382070467, 6186936.47049508150667 ], [ 772511.644710350781679, 6186937.326251490041614 ], [ 772512.162005311227404, 6186938.182007914409041 ], [ 772512.679300265968777, 6186939.037764348089695 ], [ 772513.196595214656554, 6186939.893520792946219 ], [ 772513.713890155311674, 6186940.749277249909937 ], [ 772514.231185090146028, 6186941.605033719912171 ], [ 772514.748480019159615, 6186942.460790200158954 ], [ 772515.265774939907715, 6186943.316546693444252 ], [ 772515.783069854835048, 6186944.172303197905421 ], [ 772516.300364762777463, 6186945.028059713542461 ], [ 772516.817659663851373, 6186945.883816242218018 ], [ 772517.334954558871686, 6186946.739572783000767 ], [ 772517.852249447256327, 6186947.595329334959388 ], [ 772518.369544328306802, 6186948.451085899025202 ], [ 772518.886839202488773, 6186949.306842475198209 ], [ 772519.404134070733562, 6186950.162599062547088 ], [ 772519.921428932109848, 6186951.018355662934482 ], [ 772520.438723786501214, 6186951.874112273566425 ], [ 772520.956018634838983, 6186952.729868896305561 ], [ 772521.473313476424664, 6186953.585625532083213 ], [ 772521.990608311025426, 6186954.441382177174091 ], [ 772522.507903138524853, 6186955.297138836234808 ], [ 772523.025197960203514, 6186956.152895506471395 ], [ 772523.54249277478084, 6186957.008652187883854 ], [ 772524.059787582606077, 6186957.864408883266151 ], [ 772524.577082384377718, 6186958.720165587961674 ], [ 772525.094377179280855, 6186959.57592230848968 ], [ 772525.611671967082657, 6186960.431679036468267 ], [ 772526.12896674789954, 6186961.287435777485371 ], [ 772526.646261522895657, 6186962.143192530609667 ], [ 772527.163556291023269, 6186962.998949294909835 ], [ 772527.680851052049547, 6186963.854706073179841 ], [ 772528.198145806090906, 6186964.710462862625718 ], [ 772528.715440554195084, 6186965.566219663247466 ], [ 772529.232735295430757, 6186966.42197647318244 ], [ 772529.750030030729249, 6186967.277733298018575 ], [ 772530.267324757995084, 6186968.133490134961903 ], [ 772530.784619479440153, 6186968.989246983081102 ], [ 772531.301914193667471, 6186969.845003843307495 ], [ 772531.819208902306855, 6186970.700760712847114 ], [ 772532.336503603728488, 6186971.556517597287893 ], [ 772532.853798298398033, 6186972.412274491041899 ], [ 772533.371092985849828, 6186973.268031398765743 ], [ 772533.888387667713687, 6186974.123788317665458 ], [ 772534.405682341195643, 6186974.979545249603689 ], [ 772534.922977010020986, 6186975.835302190855145 ], [ 772535.440271670697257, 6186976.691059145145118 ], [ 772535.957566325669177, 6186977.546816112473607 ], [ 772536.474860973539762, 6186978.402573090046644 ], [ 772536.992155614309013, 6186979.258330078795552 ], [ 772537.509450249373913, 6186980.114087080582976 ], [ 772538.026744877453893, 6186980.969844095408916 ], [ 772538.544039498548955, 6186981.825601121410728 ], [ 772539.061334112659097, 6186982.681358158588409 ], [ 772539.578628720715642, 6186983.537115206941962 ], [ 772540.095923322020099, 6186984.392872267402709 ], [ 772540.613217916223221, 6186985.248629340901971 ], [ 772541.130512504605576, 6186986.104386426508427 ], [ 772541.64780708483886, 6186986.960143521428108 ], [ 772542.165101660299115, 6186987.815900629386306 ], [ 772542.682396227726713, 6186988.671657748520374 ], [ 772543.199690789333545, 6186989.527414880692959 ], [ 772543.716985343722627, 6186990.383172024041414 ], [ 772544.234279891476035, 6186991.238929180428386 ], [ 772544.751574432011694, 6186992.094686347991228 ], [ 772545.268868966726586, 6186992.950443526729941 ], [ 772545.786163494456559, 6186993.806200716644526 ], [ 772546.303458016365767, 6186994.661957919597626 ], [ 772546.820752530009486, 6186995.517715135589242 ], [ 772547.338047037832439, 6186996.373472362756729 ], [ 772547.855341538786888, 6186997.229229601100087 ], [ 772548.372636033804156, 6186998.084986850619316 ], [ 772548.889930521836504, 6186998.940744113177061 ], [ 772549.407225002767518, 6186999.796501386910677 ], [ 772549.924519476946443, 6187000.652258671820164 ], [ 772550.441813945071772, 6187001.508015969768167 ], [ 772550.959108406445011, 6187002.363773279823363 ], [ 772551.476402860600501, 6187003.219530600123107 ], [ 772551.993697307771072, 6187004.075287933461368 ], [ 772552.510991749120876, 6187004.931045278906822 ], [ 772553.028286183602177, 6187005.78680263645947 ], [ 772553.545580610865727, 6187006.642560003325343 ], [ 772554.062875032424927, 6187007.49831738229841 ], [ 772554.580169446999207, 6187008.354074775241315 ], [ 772555.097463854588568, 6187009.209832180291414 ], [ 772555.614758256240748, 6187010.065589595586061 ], [ 772556.132052649743855, 6187010.921347022987902 ], [ 772556.649347037542611, 6187011.777104461565614 ], [ 772557.166641419287771, 6187012.632861913181841 ], [ 772557.683935793116689, 6187013.488619377836585 ], [ 772558.20123016089201, 6187014.344376852735877 ], [ 772558.718524521798827, 6187015.200134337879717 ], [ 772559.235818876884878, 6187016.055891838856041 ], [ 772559.753113224753179, 6187016.911649348214269 ], [ 772560.270407565869391, 6187017.767406871542335 ], [ 772560.787701899884269, 6187018.623164404183626 ], [ 772561.304996226914227, 6187019.478921952657402 ], [ 772561.822290548123419, 6187020.334679508581758 ], [ 772562.300127463997342, 6187021.125162887386978 ], [ 772562.713712992845103, 6187022.035581169649959 ], [ 772563.127298510749824, 6187022.945999461226165 ], [ 772563.540884020272642, 6187023.856417762115598 ], [ 772563.954469521297142, 6187024.766836075112224 ], [ 772564.368055011378601, 6187025.67725439555943 ], [ 772564.781640493078157, 6187026.587672727182508 ], [ 772565.19522596616298, 6187027.498091068118811 ], [ 772565.608811429701746, 6187028.40850942209363 ], [ 772566.022396883461624, 6187029.318927781656384 ], [ 772566.435982327675447, 6187030.22934615239501 ], [ 772566.849567763274536, 6187031.139764534309506 ], [ 772567.263153190491721, 6187032.050182925537229 ], [ 772567.676738606765866, 6187032.960601327009499 ], [ 772568.090324014658108, 6187033.871019737794995 ], [ 772568.503909413935617, 6187034.781438157893717 ], [ 772568.9174948023865, 6187035.69185658916831 ], [ 772569.331080183619633, 6187036.602275029756129 ], [ 772569.744665553793311, 6187037.512693483382463 ], [ 772570.158250915817916, 6187038.423111943528056 ], [ 772570.571836267830804, 6187039.333530412986875 ], [ 772570.985421611461788, 6187040.243948893621564 ], [ 772571.399006945546716, 6187041.154367384500802 ], [ 772571.812592269852757, 6187042.06478588655591 ], [ 772572.226177585776895, 6187042.975204398855567 ], [ 772572.639762891805731, 6187043.885622917674482 ], [ 772573.053348188404925, 6187044.79604144860059 ], [ 772573.46693347627297, 6187045.706459989771247 ], [ 772573.880518754711375, 6187046.616878539323807 ], [ 772574.294104024535045, 6187047.527297101914883 ], [ 772574.707689283415675, 6187048.437715671956539 ], [ 772575.121274535078555, 6187049.348134251311421 ], [ 772575.534859776031226, 6187050.258552841842175 ], [ 772575.948445008252747, 6187051.168971441686153 ], [ 772576.362030232092366, 6187052.079390052706003 ], [ 772576.775615446269512, 6187052.989808673039079 ], [ 772577.189200650667772, 6187053.90022730268538 ], [ 772577.602785845519975, 6187054.810645941644907 ], [ 772578.016371031757444, 6187055.721064592711627 ], [ 772578.429956208448857, 6187056.631483253091574 ], [ 772578.843541376758367, 6187057.541901922784746 ], [ 772579.257126535172574, 6187058.452320604585111 ], [ 772579.670711683807895, 6187059.362739291973412 ], [ 772580.084296823129989, 6187060.273157993331552 ], [ 772580.497881954885088, 6187061.183576703071594 ], [ 772580.911467075813562, 6187062.093995423987508 ], [ 772581.325052188476548, 6187063.004414153285325 ], [ 772581.738637291127816, 6187063.914832891896367 ], [ 772582.152222384465858, 6187064.82525164168328 ], [ 772582.565807468956336, 6187065.73567040078342 ], [ 772582.979392543900758, 6187066.646089171990752 ], [ 772583.392977610463277, 6187067.556507950648665 ], [ 772583.806562667246908, 6187068.46692674048245 ], [ 772584.220147714368068, 6187069.377345541492105 ], [ 772584.633732753107324, 6187070.28776434995234 ], [ 772585.047317781951278, 6187071.198183169588447 ], [ 772585.460902802529745, 6187072.108601999469101 ], [ 772585.874487812165171, 6187073.019020838662982 ], [ 772586.288072814466432, 6187073.929439686238766 ], [ 772586.701657805824652, 6187074.839858545921743 ], [ 772587.11524278880097, 6187075.750277416780591 ], [ 772587.528827762114815, 6187076.66069629509002 ], [ 772587.942412727046758, 6187077.571115184575319 ], [ 772588.355997682083398, 6187078.481534083373845 ], [ 772588.769582627457567, 6187079.391952991485596 ], [ 772589.183167564449832, 6187080.30237191170454 ], [ 772589.596752491779625, 6187081.212790840305388 ], [ 772590.0103374106111, 6187082.123209779150784 ], [ 772590.423922319663689, 6187083.033628729172051 ], [ 772590.837507219053805, 6187083.944047685712576 ], [ 772591.251092109945603, 6187084.854466655291617 ], [ 772591.664676991291344, 6187085.764885635115206 ], [ 772592.078261862858199, 6187086.675304624252021 ], [ 772592.328897116472945, 6187087.227024756371975 ], [ 772592.800950395641848, 6187088.108546680770814 ], [ 772593.273003665730357, 6187088.99006861448288 ], [ 772593.745056927786209, 6187089.871590560302138 ], [ 772594.217110182857141, 6187090.753112515434623 ], [ 772594.689163430011831, 6187091.634634485468268 ], [ 772595.161216669133864, 6187092.516156462952495 ], [ 772595.63326990022324, 6187093.397678451612592 ], [ 772596.105323123279959, 6187094.27920045517385 ], [ 772596.577376338420436, 6187095.160722468048334 ], [ 772597.04942954541184, 6187096.042244490236044 ], [ 772597.521482745651156, 6187096.923766523599625 ], [ 772597.99353593646083, 6187097.805288569070399 ], [ 772598.465589120518416, 6187098.686810624785721 ], [ 772598.937642296776175, 6187099.568332692608237 ], [ 772599.409695464884862, 6187100.449854770675302 ], [ 772599.881748624960892, 6187101.331376860849559 ], [ 772600.353801778284833, 6187102.212898962199688 ], [ 772600.825854922179133, 6187103.094421073794365 ], [ 772601.297908059554175, 6187103.97594319563359 ], [ 772601.769961187499575, 6187104.857465330511332 ], [ 772602.242014308692887, 6187105.738987475633621 ], [ 772602.714067421737127, 6187106.620509631000459 ], [ 772603.186120526865125, 6187107.502031798474491 ], [ 772603.658173623960465, 6187108.38355397619307 ], [ 772604.130226714187302, 6187109.265076166018844 ], [ 772604.602279795333743, 6187110.146598367020488 ], [ 772605.074332869611681, 6187111.028120577335358 ], [ 772605.546385935740545, 6187111.909642798826098 ], [ 772606.018438993953168, 6187112.791165033355355 ], [ 772606.490492044016719, 6187113.67268727812916 ], [ 772606.962545086164027, 6187114.554209534078836 ], [ 772607.434598120395094, 6187115.435731800273061 ], [ 772607.906651147641242, 6187116.317254078574479 ], [ 772608.378704165690579, 6187117.198776366189122 ], [ 772608.850757176987827, 6187118.080298666842282 ], [ 772609.322810180252418, 6187118.961820978671312 ], [ 772609.794863175367936, 6187119.843343300744891 ], [ 772610.266916162334383, 6187120.724865633063018 ], [ 772610.738969141617417, 6187121.606387978419662 ], [ 772611.21102211275138, 6187122.48791033308953 ], [ 772611.683075077133253, 6187123.369432700797915 ], [ 772612.155128032201901, 6187124.250955077819526 ], [ 772612.62718098051846, 6187125.132477465085685 ], [ 772613.099233920569532, 6187126.01399986539036 ], [ 772613.571286852704361, 6187126.895522275939584 ], [ 772614.043339777039364, 6187127.777044698596001 ], [ 772614.515392693225294, 6187128.658567132428288 ], [ 772614.987445602426305, 6187129.540089575573802 ], [ 772615.459498502663337, 6187130.421612029895186 ], [ 772615.931551395799033, 6187131.303134496323764 ], [ 772616.403604281134903, 6187132.184656972996891 ], [ 772616.875657158438116, 6187133.06617946177721 ], [ 772617.347710027592257, 6187133.947701960802078 ], [ 772617.81976288871374, 6187134.829224471002817 ], [ 772618.291815741918981, 6187135.71074699331075 ], [ 772618.763868588255718, 6187136.592269526794553 ], [ 772619.235921426443383, 6187137.473792069591582 ], [ 772619.707974255550653, 6187138.355314623564482 ], [ 772620.180027077789418, 6187139.236837189644575 ], [ 772620.652079892111942, 6187140.118359765969217 ], [ 772621.124132698285393, 6187140.999882356263697 ], [ 772621.596185497706756, 6187141.881404954940081 ], [ 772622.068238287814893, 6187142.762927563861012 ], [ 772622.540291071054526, 6187143.64445018582046 ], [ 772623.012343845330179, 6187144.525972817093134 ], [ 772623.484396612620912, 6187145.407495461404324 ], [ 772623.956449371762574, 6187146.289018114097416 ], [ 772624.428502123104408, 6187147.17054078169167 ], [ 772624.900554866180755, 6187148.052063457667828 ], [ 772625.372607602505013, 6187148.933586142957211 ], [ 772625.844660329748876, 6187149.815108843147755 ], [ 772626.316713050124235, 6187150.69663155451417 ], [ 772626.788765762350522, 6187151.578154273331165 ], [ 772627.260818465496413, 6187152.459677007049322 ], [ 772627.561065215035342, 6187153.020365118980408 ], [ 772627.978031011065468, 6187153.929241145029664 ], [ 772628.394996799295768, 6187154.838117178529501 ], [ 772628.811962577048689, 6187155.746993221342564 ], [ 772629.228928347001784, 6187156.655869274400175 ], [ 772629.645894106593914, 6187157.564745337702334 ], [ 772630.062859857222065, 6187158.473621412180364 ], [ 772630.479825598886237, 6187159.382497495040298 ], [ 772630.896791331237182, 6187160.291373588144779 ], [ 772631.313757054740563, 6187161.200249692425132 ], [ 772631.730722768930718, 6187162.10912580601871 ], [ 772632.147688474273309, 6187163.018001928925514 ], [ 772632.564654170302674, 6187163.926878063939512 ], [ 772632.981619856087491, 6187164.83575420640409 ], [ 772633.398585534188896, 6187165.744630359113216 ], [ 772633.815551201929338, 6187166.653506523929536 ], [ 772634.232516861753538, 6187167.562382698059082 ], [ 772634.649482511449605, 6187168.471258881501853 ], [ 772635.066448151832446, 6187169.380135076120496 ], [ 772635.483413784299046, 6187170.289011280983686 ], [ 772635.900379406753927, 6187171.197887493297458 ], [ 772636.317345020011999, 6187172.1067637167871 ], [ 772636.734310624189675, 6187173.015639951452613 ], [ 772637.151276219403371, 6187173.924516195431352 ], [ 772637.568241805303842, 6187174.833392449654639 ], [ 772637.985207381192595, 6187175.742268713191152 ], [ 772638.402172948932275, 6187176.651144986972213 ], [ 772638.819138507824391, 6187177.560021271929145 ], [ 772639.236104056355543, 6187178.468897566199303 ], [ 772639.653069596970454, 6187179.377773869782686 ], [ 772640.070035127224401, 6187180.286650184541941 ], [ 772640.487000648630783, 6187181.195526508614421 ], [ 772640.903966162120923, 6187182.104402843862772 ], [ 772641.320931665133685, 6187183.013279186561704 ], [ 772641.737897159298882, 6187183.922155540436506 ], [ 772642.154862644150853, 6187184.83103190548718 ], [ 772642.57182812015526, 6187185.739908279851079 ], [ 772642.988793587079272, 6187186.648784665390849 ], [ 772643.405759044690058, 6187187.5576610583812 ], [ 772643.822724493336864, 6187188.466537462547421 ], [ 772644.239689931739122, 6187189.375413877889514 ], [ 772644.656655362225138, 6187190.284290300682187 ], [ 772645.073620782699436, 6187191.193166736513376 ], [ 772645.490586194908246, 6187192.102043179795146 ], [ 772645.907551597105339, 6187193.010919634252787 ], [ 772646.324516991153359, 6187193.919796099886298 ], [ 772646.741482375189662, 6187194.82867257297039 ], [ 772647.158447749912739, 6187195.737549059092999 ], [ 772647.575413115671836, 6187196.646425552666187 ], [ 772647.992378472350538, 6187197.555302057415247 ], [ 772648.40934382006526, 6187198.464178573340178 ], [ 772648.826309158466756, 6187199.373055098578334 ], [ 772649.243274488020688, 6187200.281931633129716 ], [ 772649.660239808494225, 6187201.190808176994324 ], [ 772650.077205118490383, 6187202.099684732034802 ], [ 772650.49417042080313, 6187203.008561298251152 ], [ 772650.911135713802651, 6187203.917437871918082 ], [ 772651.328100996790454, 6187204.826314456760883 ], [ 772651.745066270581447, 6187205.73519105091691 ], [ 772652.162031536456198, 6187206.644067656248808 ], [ 772652.578996792202815, 6187207.552944272756577 ], [ 772652.995962038636208, 6187208.461820894852281 ], [ 772653.41292727610562, 6187209.370697531849146 ], [ 772653.829892504494637, 6187210.279574176296592 ], [ 772654.246857723919675, 6187211.188450831919909 ], [ 772654.663822934031487, 6187212.097327494993806 ], [ 772655.080788135179318, 6187213.006204171106219 ], [ 772655.497753327363171, 6187213.915080856531858 ], [ 772655.914718510350212, 6187214.823957551270723 ], [ 772656.331683682976291, 6187215.732834258116782 ], [ 772656.748648847802542, 6187216.641710972413421 ], [ 772657.165614002384245, 6187217.550587696954608 ], [ 772657.582579149166122, 6187218.459464433602989 ], [ 772657.99954428547062, 6187219.36834117770195 ], [ 772658.416509412927553, 6187220.277217933908105 ], [ 772658.833474531071261, 6187221.186094699427485 ], [ 772659.250439640367404, 6187222.094971474260092 ], [ 772659.667404740350321, 6187223.003848260268569 ], [ 772660.084369831485674, 6187223.912725055590272 ], [ 772660.501334913307801, 6187224.821601860225201 ], [ 772660.918299986165948, 6187225.730478676036 ], [ 772661.3352650499437, 6187226.639355502091348 ], [ 772661.752230104757473, 6187227.548232337459922 ], [ 772662.169195149093866, 6187228.457109183073044 ], [ 772662.586160185630433, 6187229.365986037999392 ], [ 772663.003125211922452, 6187230.274862902238965 ], [ 772663.420090230181813, 6187231.183739779517055 ], [ 772663.837055238429457, 6187232.092616664245725 ], [ 772664.254020237363875, 6187233.001493561081588 ], [ 772664.670985228498466, 6187233.910370468162 ], [ 772665.087950209388509, 6187234.819247382692993 ], [ 772665.504915181081742, 6187235.728124307468534 ], [ 772665.92188014369458, 6187236.637001244351268 ], [ 772666.338845097459853, 6187237.545878188684583 ], [ 772666.755810040747747, 6187238.454755144193769 ], [ 772667.172774976235814, 6187239.363632111810148 ], [ 772667.589739902527072, 6187240.272509086877108 ], [ 772668.006704819854349, 6187241.181386072188616 ], [ 772668.423669726937078, 6187242.090263069607317 ], [ 772668.84063462598715, 6187242.999140075407922 ], [ 772669.257599514909089, 6187243.908017091453075 ], [ 772669.539482375024818, 6187244.522449785843492 ], [ 772670.241353090503253, 6187245.234695998951793 ], [ 772670.943223805632442, 6187245.946942226961255 ], [ 772671.645094520063139, 6187246.659188468009233 ], [ 772672.346965234028175, 6187247.371434722095728 ], [ 772673.048835947178304, 6187248.083680990152061 ], [ 772673.750706659979187, 6187248.795927273109555 ], [ 772674.452577372081578, 6187249.50817356724292 ], [ 772675.154448083601892, 6187250.220419876277447 ], [ 772675.856318794656545, 6187250.932666200213134 ], [ 772676.558189505012706, 6187251.644912537187338 ], [ 772677.26006021478679, 6187252.35715888440609 ], [ 772677.961930922814645, 6187253.069405248388648 ], [ 772678.663801631424576, 6187253.7816516244784 ], [ 772679.365672339452431, 6187254.493898016400635 ], [ 772680.067543047014624, 6187255.206144419498742 ], [ 772680.769413752714172, 6187255.918390837498009 ], [ 772681.471284459112212, 6187256.630637269467115 ], [ 772682.173155164928176, 6187257.342883713543415 ], [ 772682.875025868881494, 6187258.055130172520876 ], [ 772683.576896573416889, 6187258.767376644536853 ], [ 772684.278767277486622, 6187259.479623129591346 ], [ 772684.980637979693711, 6187260.191869628615677 ], [ 772685.682508682599291, 6187260.904116141609848 ], [ 772686.384379383642226, 6187261.616362667642534 ], [ 772687.086250085383654, 6187262.328609206713736 ], [ 772687.788120785262436, 6187263.040855757892132 ], [ 772688.489991485956125, 6187263.753102326765656 ], [ 772689.191862184670754, 6187264.465348908677697 ], [ 772689.893732883967459, 6187265.177595501765609 ], [ 772690.595603581750765, 6187265.889842107892036 ], [ 772691.297474278602749, 6187266.602088728919625 ], [ 772691.99934497626964, 6187267.314335364848375 ], [ 772692.701215672073886, 6187268.026582011952996 ], [ 772693.403086367528886, 6187268.738828675821424 ], [ 772694.104957063216716, 6187269.451075349934399 ], [ 772694.806827757507563, 6187270.163322039879858 ], [ 772695.508698450867087, 6187270.875568740069866 ], [ 772696.21056914399378, 6187271.58781545702368 ], [ 772696.912439837469719, 6187272.30006218701601 ], [ 772697.614310529315844, 6187273.012308930978179 ], [ 772698.316181220579892, 6187273.724555687978864 ], [ 772699.018051911145449, 6187274.436802458018064 ], [ 772699.719922601245344, 6187275.149049242027104 ], [ 772700.421793290763162, 6187275.861296039074659 ], [ 772701.123663979698904, 6187276.573542850092053 ], [ 772701.825534668052569, 6187277.285789675079286 ], [ 772702.527405356871895, 6187277.998036512173712 ], [ 772703.229276044061407, 6187278.7102833641693 ], [ 772703.931146730668843, 6187279.422530230134726 ], [ 772704.633017416810617, 6187280.13477711006999 ], [ 772705.334888102021068, 6187280.847024002112448 ], [ 772706.036758786998689, 6187281.559270909056067 ], [ 772706.73862946999725, 6187282.27151782810688 ], [ 772707.440500153694302, 6187282.983764762058854 ], [ 772708.142370836809278, 6187283.696011707186699 ], [ 772708.432175900787115, 6187283.990101173520088 ], [ 772708.668979145819321, 6187284.961616698652506 ], [ 772708.905782378278673, 6187285.933132225647569 ], [ 772709.142585598281585, 6187286.904647761955857 ], [ 772709.379388805711642, 6187287.876163301989436 ], [ 772709.616192001849413, 6187288.84767884761095 ], [ 772709.85299518564716, 6187289.819194402545691 ], [ 772710.089798356639221, 6187290.790709959343076 ], [ 772710.326601516455412, 6187291.762225523591042 ], [ 772710.563404663698748, 6187292.733741095289588 ], [ 772710.800207798602059, 6187293.705256671644747 ], [ 772711.037010920816101, 6187294.676772252656519 ], [ 772711.273814030573703, 6187295.64828784018755 ], [ 772711.510617129039019, 6187296.619803434237838 ], [ 772711.747420213767327, 6187297.591319034807384 ], [ 772711.984223287086934, 6187298.562834639102221 ], [ 772712.221026349114254, 6187299.53435025177896 ], [ 772712.457829397520982, 6187300.505865866318345 ], [ 772712.694632434519008, 6187301.477381490170956 ], [ 772712.931435459060594, 6187302.448897121474147 ], [ 772713.168238471145742, 6187303.420412754639983 ], [ 772713.405041471822187, 6187304.391928397119045 ], [ 772713.64184445887804, 6187305.363444043323398 ], [ 772713.878647434408776, 6187306.334959696047008 ], [ 772714.115450397599488, 6187307.306475354358554 ], [ 772714.352253349497914, 6187308.27799102012068 ], [ 772714.589056287659332, 6187309.249506689608097 ], [ 772714.825859214412048, 6187310.221022366546094 ], [ 772715.062662128708325, 6187311.192538048140705 ], [ 772715.299465030431747, 6187312.164053736254573 ], [ 772715.536267920862883, 6187313.135569427162409 ], [ 772715.773070797557011, 6187314.107085129246116 ], [ 772716.009873663075268, 6187315.078600835055113 ], [ 772716.246676516951993, 6187316.050116546452045 ], [ 772716.483479357440956, 6187317.021632264368236 ], [ 772716.720282186521217, 6187317.993147987872362 ], [ 772716.957085001980886, 6187318.964663716033101 ], [ 772717.193887806963176, 6187319.936179451644421 ], [ 772717.430690598674119, 6187320.907695192843676 ], [ 772717.667493377579376, 6187321.879210937768221 ], [ 772717.904296145308763, 6187322.850726692005992 ], [ 772718.141098900465295, 6187323.822242449969053 ], [ 772718.377901644213125, 6187324.793758215382695 ], [ 772718.614704374456778, 6187325.765273986384273 ], [ 772718.851507093175314, 6187326.736789762042463 ], [ 772719.088309799553826, 6187327.708305544219911 ], [ 772719.325112493243068, 6187328.679821331053972 ], [ 772719.561915174592286, 6187329.651337126269937 ], [ 772719.798717844416387, 6187330.622852927073836 ], [ 772720.035520501900464, 6187331.594368731603026 ], [ 772720.272323146928102, 6187332.565884541720152 ], [ 772720.509125779150054, 6187333.537400361150503 ], [ 772720.745928400196135, 6187334.508916184306145 ], [ 772720.982731007505208, 6187335.480432013049722 ], [ 772721.219533603638411, 6187336.451947848312557 ], [ 772721.456336188362911, 6187337.423463691025972 ], [ 772721.693138759350404, 6187338.394979536533356 ], [ 772721.929941319045611, 6187339.36649538949132 ], [ 772722.166743865120225, 6187340.338011248037219 ], [ 772722.233275809325278, 6187340.610967941582203 ], [ 772722.583409273065627, 6187341.547624270431697 ], [ 772722.933542727143504, 6187342.484280604869127 ], [ 772723.283676169347018, 6187343.420936951413751 ], [ 772723.633809602819383, 6187344.357593304477632 ], [ 772723.98394302430097, 6187345.294249664992094 ], [ 772724.334076436236501, 6187346.23090603761375 ], [ 772724.684209837345406, 6187347.167562416754663 ], [ 772725.034343227511272, 6187348.10421880427748 ], [ 772725.384476606966928, 6187349.040875201113522 ], [ 772725.734609976760112, 6187349.977531606331468 ], [ 772726.084743335610256, 6187350.914188019 ], [ 772726.434876684797928, 6187351.850844440981746 ], [ 772726.785010022111237, 6187352.787500873208046 ], [ 772727.135143349645659, 6187353.724157311022282 ], [ 772727.485276666237041, 6187354.660813759081066 ], [ 772727.835409973398782, 6187355.597470216453075 ], [ 772728.18554326845333, 6187356.534126680344343 ], [ 772728.53567655372899, 6187357.470783155411482 ], [ 772728.885809829458594, 6187358.407439637929201 ], [ 772729.23594309319742, 6187359.344096127897501 ], [ 772729.586076347157359, 6187360.280752627179027 ], [ 772729.936209590407088, 6187361.217409136705101 ], [ 772730.286342822830193, 6187362.1540656555444 ], [ 772730.63647604547441, 6187363.090722177177668 ], [ 772730.986609257292002, 6187364.027378711849451 ], [ 772731.336742458399385, 6187364.964035254903138 ], [ 772731.686875649611466, 6187365.900691806338727 ], [ 772732.037008828949183, 6187366.83734836615622 ], [ 772732.387141998624429, 6187367.774004935286939 ], [ 772732.737275158637203, 6187368.710661511868238 ], [ 772733.087408306542784, 6187369.647318097762764 ], [ 772733.437541444785893, 6187370.583974691107869 ], [ 772733.787674572551623, 6187371.520631294697523 ], [ 772734.13780769018922, 6187372.457287905737758 ], [ 772734.48794079606887, 6187373.393944526091218 ], [ 772734.838073892169632, 6187374.330601155757904 ], [ 772735.18820697744377, 6187375.267257791012526 ], [ 772735.538340053055435, 6187376.203914436511695 ], [ 772735.888473117956892, 6187377.140571091324091 ], [ 772736.238606171798892, 6187378.07722775451839 ], [ 772736.588739214930683, 6187379.013884427025914 ], [ 772736.938872248400003, 6187379.950541106984019 ], [ 772737.289005270926282, 6187380.88719779625535 ], [ 772737.639138282742351, 6187381.823854492977262 ], [ 772737.989271283615381, 6187382.760511199012399 ], [ 772738.339404274942353, 6187383.697167914360762 ], [ 772738.689537255326286, 6187384.633824637159705 ], [ 772739.039670225, 6187385.570481370203197 ], [ 772739.389803184894845, 6187386.507138108834624 ], [ 772739.739936134079471, 6187387.4437948577106 ], [ 772740.090069072321057, 6187388.380451614037156 ], [ 772740.440201999619603, 6187389.317108381539583 ], [ 772740.790334917488508, 6187390.253765157423913 ], [ 772741.140467824181542, 6187391.190421939827502 ], [ 772741.490600720280781, 6187392.127078732475638 ], [ 772741.840733605436981, 6187393.063735533505678 ], [ 772742.190866481047124, 6187394.000392341986299 ], [ 772742.540999345830642, 6187394.937049159780145 ], [ 772742.891132199671119, 6187395.873705986887217 ], [ 772743.241265043849126, 6187396.810362821444869 ], [ 772743.591397877084091, 6187397.747019665315747 ], [ 772743.941530699841678, 6187398.683676516637206 ], [ 772744.291663511423394, 6187399.620333377271891 ], [ 772744.641796313459054, 6187400.556990248151124 ], [ 772744.991929104784504, 6187401.493647126480937 ], [ 772745.342061884934083, 6187402.430304011330009 ], [ 772745.692194655537605, 6187403.366960907354951 ], [ 772746.042327415430918, 6187404.303617809899151 ], [ 772746.392460164381191, 6187405.240274723619223 ], [ 772746.742592902621254, 6187406.176931645721197 ], [ 772747.058359207119793, 6187407.021653296425939 ], [ 772746.920637366361916, 6187408.012083419598639 ], [ 772746.782915511634201, 6187409.002513537183404 ], [ 772746.645193644450046, 6187409.992943650111556 ], [ 772746.507471764925867, 6187410.98337376024574 ], [ 772746.369749871548265, 6187411.973803865723312 ], [ 772746.232027966878377, 6187412.964233968406916 ], [ 772746.094306047307327, 6187413.954664064571261 ], [ 772745.956584116211161, 6187414.945094158872962 ], [ 772745.818862171610817, 6187415.935524247586727 ], [ 772745.681140213273466, 6187416.925954334437847 ], [ 772745.543418243527412, 6187417.916384414769709 ], [ 772745.405696258880198, 6187418.906814491376281 ], [ 772745.267974263057113, 6187419.897244565188885 ], [ 772745.130252253264189, 6187420.887674632482231 ], [ 772744.992530231014825, 6187421.878104697912931 ], [ 772744.854808196309023, 6187422.868534758687019 ], [ 772744.717086147982627, 6187423.858964815735817 ], [ 772744.579364086850546, 6187424.849394867196679 ], [ 772744.441642012214288, 6187425.839824917726219 ], [ 772744.30391992488876, 6187426.830254960805178 ], [ 772744.166197825223207, 6187427.820685001090169 ], [ 772744.028475711587816, 6187428.81111503764987 ], [ 772743.890753585728817, 6187429.801545068621635 ], [ 772743.753031447064131, 6187430.791975095868111 ], [ 772743.615309295011684, 6187431.782405120320618 ], [ 772743.477587130153552, 6187432.772835141047835 ], [ 772743.33986495283898, 6187433.763265156187117 ], [ 772743.2021427617874, 6187434.753695166669786 ], [ 772743.06442055827938, 6187435.744125176221132 ], [ 772742.926698341034353, 6187436.734555177390575 ], [ 772742.788976111216471, 6187437.724985178560019 ], [ 772742.651253868942149, 6187438.715415172278881 ], [ 772742.513531614094973, 6187439.705845164135098 ], [ 772742.375809345394373, 6187440.69627515040338 ], [ 772742.238087063189596, 6187441.686705132946372 ], [ 772742.100364769576117, 6187442.677135111764073 ], [ 772741.962642462225631, 6187443.667565086856484 ], [ 772741.824920141254552, 6187444.657995057292283 ], [ 772741.687197808874771, 6187445.648425023071468 ], [ 772741.549475462641567, 6187446.638854986056685 ], [ 772741.41175310278777, 6187447.62928494438529 ], [ 772741.274030731641687, 6187448.619714898057282 ], [ 772741.136308346875012, 6187449.610144848003983 ], [ 772740.998585948254913, 6187450.600574793294072 ], [ 772740.86086353706196, 6187451.591004734858871 ], [ 772740.723141113528982, 6187452.581434674561024 ], [ 772740.585418676026165, 6187453.571864605881274 ], [ 772740.447696226183325, 6187454.562294537201524 ], [ 772740.309973763651215, 6187455.552724462002516 ], [ 772740.17225128877908, 6187456.543154383078218 ], [ 772740.034528800053522, 6187457.533584301359951 ], [ 772739.896806297823787, 6187458.52401421405375 ], [ 772739.759083783952519, 6187459.514444123953581 ], [ 772739.736991121550091, 6187459.67332324013114 ], [ 772740.122617052169517, 6187460.595934500917792 ], [ 772740.508242971729487, 6187461.518545772880316 ], [ 772740.893868882325478, 6187462.44115705229342 ], [ 772741.279494782909751, 6187463.363768342882395 ], [ 772741.665120673598722, 6187464.286379642784595 ], [ 772742.050746555207297, 6187465.208990951068699 ], [ 772742.436372425640002, 6187466.131602268666029 ], [ 772742.821998287225142, 6187467.054213594645262 ], [ 772743.207624138798565, 6187467.976824931800365 ], [ 772743.593249980243854, 6187468.899436278268695 ], [ 772743.978875811677426, 6187469.82204763405025 ], [ 772744.364501634379849, 6187470.744658997282386 ], [ 772744.75012744567357, 6187471.66727037075907 ], [ 772745.135753248119727, 6187472.58988175354898 ], [ 772745.521379040670581, 6187473.512493146583438 ], [ 772745.907004822976887, 6187474.435104550793767 ], [ 772746.292630596668459, 6187475.357715962454677 ], [ 772746.67825635895133, 6187476.280327382497489 ], [ 772747.063882112386636, 6187477.202938811853528 ], [ 772747.449507855810225, 6187478.125550251454115 ], [ 772747.835133589222096, 6187479.04816170129925 ], [ 772748.220759312622249, 6187479.970773161388934 ], [ 772748.606385027058423, 6187480.893384627997875 ], [ 772748.992010730318725, 6187481.815996104851365 ], [ 772749.377636424731463, 6187482.738607591949403 ], [ 772749.763262109016068, 6187483.661219086498022 ], [ 772750.148887783288956, 6187484.583830589428544 ], [ 772750.534513448830694, 6187485.506442109122872 ], [ 772750.920139102963731, 6187486.429053630679846 ], [ 772751.305764748249203, 6187487.351665164344013 ], [ 772751.691390383639373, 6187488.274276706390083 ], [ 772752.07701600890141, 6187489.196888259612024 ], [ 772752.462641624035314, 6187490.119499819353223 ], [ 772752.848267229273915, 6187491.042111391201615 ], [ 772753.233892825664952, 6187491.964722972363234 ], [ 772753.619518411811441, 6187492.887334560975432 ], [ 772754.005143987946212, 6187493.809946160763502 ], [ 772754.390769554302096, 6187494.732557769864798 ], [ 772754.776395111577585, 6187495.655169387347996 ], [ 772755.162020657560788, 6187496.577781014144421 ], [ 772755.547646194929257, 6187497.500392651185393 ], [ 772755.933271721936762, 6187498.423004297539592 ], [ 772756.318897239165381, 6187499.345615951344371 ], [ 772756.704522746149451, 6187500.268227616325021 ], [ 772757.090148244518787, 6187501.190839291550219 ], [ 772757.475773731479421, 6187502.113450973294675 ], [ 772757.861399209592491, 6187503.036062667146325 ], [ 772758.247024677577429, 6187503.958674368448555 ], [ 772758.632650135783479, 6187504.881286080926657 ], [ 772759.018275584792718, 6187505.803897801786661 ], [ 772759.403901022858918, 6187506.726509531959891 ], [ 772759.789526451844722, 6187507.649121271446347 ], [ 772760.175151870935224, 6187508.571733021177351 ], [ 772760.560777280014008, 6187509.494344780221581 ], [ 772760.946402678848244, 6187510.416956547647715 ], [ 772761.332028068834916, 6187511.339568324387074 ], [ 772761.717653448926285, 6187512.262180110439658 ], [ 772762.103278817725368, 6187513.184791905805469 ], [ 772762.48890417884104, 6187514.10740371234715 ], [ 772762.874529528897256, 6187515.030015526339412 ], [ 772763.260154868708923, 6187515.952627350576222 ], [ 772763.645780199673027, 6187516.875239184126258 ], [ 772764.031405519461259, 6187517.79785102698952 ], [ 772764.417030830285512, 6187518.720462878234684 ], [ 772764.802656132378615, 6187519.643074739724398 ], [ 772765.188281423179433, 6187520.565686613321304 ], [ 772765.573906703968532, 6187521.488298491574824 ], [ 772765.959531975793652, 6187522.410910381935537 ], [ 772766.345157237490639, 6187523.333522280678153 ], [ 772766.730782489292324, 6187524.256134188733995 ], [ 772767.116407731315121, 6187525.178746107965708 ], [ 772767.502032964024693, 6187526.101358035579324 ], [ 772767.887658185791224, 6187527.02396997064352 ], [ 772768.273283398593776, 6187527.94658191781491 ], [ 772768.658908601151779, 6187528.869193872436881 ], [ 772769.044533793930896, 6187529.7918058373034 ], [ 772769.430158977862448, 6187530.714417811483145 ], [ 772769.815784150501713, 6187531.63702979683876 ], [ 772770.201409314293414, 6187532.559641787782311 ], [ 772770.587034467840567, 6187533.482253789901733 ], [ 772770.972659611608833, 6187534.404865801334381 ], [ 772771.358284745132551, 6187535.327477822080255 ], [ 772771.74390986864455, 6187536.250089851208031 ], [ 772772.129534983425401, 6187537.172701893374324 ], [ 772772.515160088078119, 6187538.095313942991197 ], [ 772772.900785182602704, 6187539.017926000989974 ], [ 772773.286410267231986, 6187539.940538067370653 ], [ 772773.672035342897289, 6187540.863150145858526 ], [ 772774.05766040738672, 6187541.78576223179698 ], [ 772774.443285462912172, 6187542.708374328911304 ], [ 772774.828910508425906, 6187543.63098643347621 ], [ 772775.214535543927923, 6187544.553598549216986 ], [ 772775.600160569418222, 6187545.476210672408342 ], [ 772775.985785586060956, 6187546.39882280677557 ], [ 772776.371410591294989, 6187547.321434949524701 ], [ 772776.757035587914288, 6187548.244047101587057 ], [ 772777.142660574405454, 6187549.166659263893962 ], [ 772777.528285551816225, 6187550.08927143458277 ], [ 772777.913910518283956, 6187551.011883614584804 ], [ 772778.299535475671291, 6187551.93449580296874 ], [ 772778.685160421999171, 6187552.857108004391193 ], [ 772779.070785359363072, 6187553.779720212332904 ], [ 772779.456410287879407, 6187554.702332429587841 ], [ 772779.842035205103457, 6187555.624944657087326 ], [ 772780.227660112432204, 6187556.547556893900037 ], [ 772780.613285010913387, 6187557.470169140025973 ], [ 772780.998909899033606, 6187558.392781395465136 ], [ 772781.384534777374938, 6187559.315393660217524 ], [ 772781.770159645704553, 6187560.238005936145782 ], [ 772782.155784505070187, 6187561.160618217661977 ], [ 772782.332173368427902, 6187561.582630785182118 ], [ 772782.779790307860821, 6187562.476811443455517 ], [ 772783.227407238911837, 6187563.370992111042142 ], [ 772783.675024161348119, 6187564.265172788873315 ], [ 772784.122641075286083, 6187565.159353478811681 ], [ 772784.570257980725728, 6187566.053534177131951 ], [ 772785.017874877550639, 6187566.947714888490736 ], [ 772785.465491765877232, 6187567.84189561009407 ], [ 772785.913108645938337, 6187568.736076341941953 ], [ 772786.360725517151877, 6187569.630257084965706 ], [ 772786.808342381031252, 6187570.524437837302685 ], [ 772787.255959235364571, 6187571.418618599884212 ], [ 772787.703576082247309, 6187572.312799375504255 ], [ 772788.151192919351161, 6187573.206980159506202 ], [ 772788.598809749353677, 6187574.101160956546664 ], [ 772789.046426569460891, 6187574.995341762900352 ], [ 772789.494043382350355, 6187575.889522578567266 ], [ 772789.941660185460933, 6187576.783703406341374 ], [ 772790.389276981120929, 6187577.677884243428707 ], [ 772790.836893768515438, 6187578.572065091691911 ], [ 772791.284510547295213, 6187579.466245951130986 ], [ 772791.732127317460254, 6187580.360426822677255 ], [ 772792.179744079126976, 6187581.254607701674104 ], [ 772792.627360832178965, 6187582.148788593709469 ], [ 772793.074977576965466, 6187583.04296949505806 ], [ 772793.522594313137233, 6187583.937150407582521 ], [ 772793.970211040694267, 6187584.831331331282854 ], [ 772794.417827759636566, 6187585.725512264296412 ], [ 772794.865444470196962, 6187586.619693208485842 ], [ 772795.313061173539609, 6187587.513874163851142 ], [ 772795.760677867103368, 6187588.408055130392313 ], [ 772796.208294552052394, 6187589.30223610624671 ], [ 772796.655911229550838, 6187590.196417092345655 ], [ 772797.103527897503227, 6187591.090598091483116 ], [ 772797.55114455812145, 6187591.984779099002481 ], [ 772797.99876121012494, 6187592.878960116766393 ], [ 772798.446377852465957, 6187593.773141145706177 ], [ 772798.89399448747281, 6187594.667322185821831 ], [ 772799.341611114097759, 6187595.561503236182034 ], [ 772799.789227731875144, 6187596.455684296786785 ], [ 772800.236844340339303, 6187597.349865368567407 ], [ 772800.684460941236466, 6187598.2440464515239 ], [ 772801.132077533518896, 6187599.138227544724941 ], [ 772801.579694117419422, 6187600.032408649101853 ], [ 772802.027310693869367, 6187600.926589762791991 ], [ 772802.474927260773256, 6187601.820770888589323 ], [ 772802.922543819062412, 6187602.71495202369988 ], [ 772803.370160368736833, 6187603.609133169986308 ], [ 772803.817776910029352, 6187604.503314326517284 ], [ 772804.265393443987705, 6187605.397495495155454 ], [ 772804.713009968167171, 6187606.291676672175527 ], [ 772805.160626484896056, 6187607.185857862234116 ], [ 772805.608242992078885, 6187608.08003906160593 ], [ 772806.055859491927549, 6187608.974220270290971 ], [ 772806.503475981997326, 6187609.868401492014527 ], [ 772806.951092464849353, 6187610.76258272305131 ], [ 772807.398708938853815, 6187611.65676396433264 ], [ 772807.846325404709205, 6187612.550945216789842 ], [ 772808.293941860669293, 6187613.445126479491591 ], [ 772808.74155830941163, 6187614.339307753369212 ], [ 772809.189174749422818, 6187615.233489037491381 ], [ 772809.636791181052104, 6187616.127670332789421 ], [ 772810.084407604066655, 6187617.021851638332009 ], [ 772810.532024018699303, 6187617.916032955050468 ], [ 772810.979640425881371, 6187618.810214281082153 ], [ 772811.427256823284552, 6187619.704395618289709 ], [ 772811.874873212305829, 6187620.598576967604458 ], [ 772812.322489592712373, 6187621.492758326232433 ], [ 772812.770105965784751, 6187622.386939696967602 ], [ 772813.217722329311073, 6187623.281121076084673 ], [ 772813.665338685270399, 6187624.175302466377616 ], [ 772814.112955031567253, 6187625.069483866915107 ], [ 772814.560571370646358, 6187625.963665278628469 ], [ 772815.00818769983016, 6187626.857846701517701 ], [ 772815.455804021796212, 6187627.752028134651482 ], [ 772815.90342033538036, 6187628.646209578961134 ], [ 772816.351036640116945, 6187629.540391033515334 ], [ 772816.798652936471626, 6187630.43457249738276 ], [ 772817.246269223163836, 6187631.328753973357379 ], [ 772817.693885502405465, 6187632.22293546050787 ], [ 772817.872537342365831, 6187632.579819643869996 ], [ 772818.114670619601384, 6187633.55002186819911 ], [ 772818.356803884031251, 6187634.520224096253514 ], [ 772818.598937137052417, 6187635.490426329895854 ], [ 772818.841070377617143, 6187636.460628571920097 ], [ 772819.083203605609015, 6187637.430830819532275 ], [ 772819.325336822075769, 6187638.401033071801066 ], [ 772819.567470025969669, 6187639.371235329657793 ], [ 772819.809603218687698, 6187640.3414375949651 ], [ 772820.051736398483627, 6187641.311639866791666 ], [ 772820.2938695657067, 6187642.281842143274844 ], [ 772820.536002720706165, 6187643.25204442627728 ], [ 772820.778135863947682, 6187644.222246715798974 ], [ 772821.020268994849175, 6187645.192449010908604 ], [ 772821.262402114109136, 6187646.162651311606169 ], [ 772821.504535221029073, 6187647.132853617891669 ], [ 772821.74666831525974, 6187648.10305593162775 ], [ 772821.988801396801136, 6187649.073258250951767 ], [ 772822.230934466933832, 6187650.043460575863719 ], [ 772822.47306752577424, 6187651.013662906363606 ], [ 772822.715200570994057, 6187651.983865244314075 ], [ 772822.957333604572341, 6187652.954067586921155 ], [ 772823.199466625694185, 6187653.92426993791014 ], [ 772823.441599635174498, 6187654.894472293555737 ], [ 772823.683732632314786, 6187655.864674653857946 ], [ 772823.92586561688222, 6187656.834877020679414 ], [ 772824.167998589808121, 6187657.80507939402014 ], [ 772824.410131550393999, 6187658.775281773880124 ], [ 772824.652264498407021, 6187659.745484158396721 ], [ 772824.894397434894927, 6187660.715686550363898 ], [ 772825.136530358693562, 6187661.685888948850334 ], [ 772825.378663271199912, 6187662.656091351062059 ], [ 772825.620796169969253, 6187663.626293759793043 ], [ 772825.862929058494046, 6187664.596496175974607 ], [ 772826.105061933281831, 6187665.566698597744107 ], [ 772826.3471947965445, 6187666.536901025101542 ], [ 772826.589327647350729, 6187667.507103458046913 ], [ 772826.831460485467687, 6187668.477305898442864 ], [ 772827.073593312408775, 6187669.447508344426751 ], [ 772827.315726126427762, 6187670.417710795067251 ], [ 772827.557858929270878, 6187671.387913254089653 ], [ 772827.79999171954114, 6187672.358115716837347 ], [ 772828.042124497122131, 6187673.328318187966943 ], [ 772828.284257263294421, 6187674.298520663753152 ], [ 772828.526390016893856, 6187675.268723143264651 ], [ 772828.768522757920437, 6187676.238925631158054 ], [ 772829.010655486374162, 6187677.209128126502037 ], [ 772829.252788203535601, 6187678.179330626502633 ], [ 772829.494920908939093, 6187679.149533131159842 ], [ 772829.737053601071239, 6187680.119735643267632 ], [ 772829.979186281445436, 6187681.089938160032034 ], [ 772830.221318950410932, 6187682.060140684247017 ], [ 772830.463451605755836, 6187683.03034321591258 ], [ 772830.705584249692038, 6187684.000545749440789 ], [ 772830.947716882103123, 6187684.970748293213546 ], [ 772831.189849501941353, 6187685.940950840711594 ], [ 772831.431982109323144, 6187686.911153392866254 ], [ 772831.674114703899249, 6187687.88135595433414 ], [ 772831.916247287299484, 6187688.851558520458639 ], [ 772832.158379858010449, 6187689.821761092171073 ], [ 772832.400512416148558, 6187690.791963671334088 ], [ 772832.642644962877966, 6187691.762166254222393 ], [ 772832.88477749703452, 6187692.732368845492601 ], [ 772833.126910019665956, 6187693.702571442350745 ], [ 772833.369042529957369, 6187694.672774042934179 ], [ 772833.611175027443096, 6187695.642976650968194 ], [ 772833.853307513752952, 6187696.613179264590144 ], [ 772834.09543998609297, 6187697.583381885662675 ], [ 772834.337572448304854, 6187698.553584512323141 ], [ 772834.579704896663316, 6187699.523787144571543 ], [ 772834.821837333613075, 6187700.49398978240788 ], [ 772835.063969759270549, 6187701.464192427694798 ], [ 772835.306102171074599, 6187702.434395076707006 ], [ 772835.548234571469948, 6187703.404597733169794 ], [ 772835.790366959292442, 6187704.374800395220518 ], [ 772836.032499335706234, 6187705.345003064721823 ], [ 772836.274631699547172, 6187706.31520573887974 ], [ 772836.516764050815254, 6187707.285408418625593 ], [ 772836.758896390441805, 6187708.255611103959382 ], [ 772837.001028717728332, 6187709.225813798606396 ], [ 772837.243161033606157, 6187710.196016496047378 ], [ 772837.485293335746974, 6187711.16621920093894 ], [ 772837.727425626479089, 6187712.136421911418438 ], [ 772837.969557905686088, 6187713.106624629348516 ], [ 772838.211690172320232, 6187714.07682734914124 ], [ 772838.419526341371238, 6187714.909608669579029 ], [ 772838.673329355195165, 6187715.876823948696256 ], [ 772838.927132356446236, 6187716.844039238989353 ], [ 772839.180935345357284, 6187717.811254529282451 ], [ 772839.434738321579061, 6187718.778469828888774 ], [ 772839.688541287789121, 6187719.745685135014355 ], [ 772839.942344240145758, 6187720.712900446727872 ], [ 772840.196147181326523, 6187721.680115764960647 ], [ 772840.449950109934434, 6187722.647331088781357 ], [ 772840.703753027133644, 6187723.61454642098397 ], [ 772840.957555931992829, 6187724.581761756911874 ], [ 772841.211358825443313, 6187725.548977101221681 ], [ 772841.465161706437357, 6187726.516192452050745 ], [ 772841.718964574742131, 6187727.483407806605101 ], [ 772841.972767431754619, 6187728.450623169541359 ], [ 772842.226570276310667, 6187729.417838538996875 ], [ 772842.48037310957443, 6187730.385053914040327 ], [ 772842.734175930265337, 6187731.352269295603037 ], [ 772842.987978738499805, 6187732.319484683685005 ], [ 772843.241781535325572, 6187733.286700077354908 ], [ 772843.495584319578484, 6187734.253915477544069 ], [ 772843.749387092655525, 6187735.221130883321166 ], [ 772844.003189853276126, 6187736.188346296548843 ], [ 772844.256992601323873, 6187737.155561717227101 ], [ 772844.510795338079333, 6187738.122777142561972 ], [ 772844.764598062261939, 6187739.089992573484778 ], [ 772845.018400775035843, 6187740.05720801372081 ], [ 772845.272203475469723, 6187741.02442345675081 ], [ 772845.526006164378487, 6187741.99163890723139 ], [ 772845.779808840947226, 6187742.958854366093874 ], [ 772846.033611504826695, 6187743.92606982961297 ], [ 772846.287414157530293, 6187744.893285298720002 ], [ 772846.541216797661036, 6187745.860500774346292 ], [ 772846.79501942533534, 6187746.827716258354485 ], [ 772847.048822041484527, 6187747.794931745156646 ], [ 772847.302624646574259, 6187748.76214724034071 ], [ 772847.55642723897472, 6187749.729362742975354 ], [ 772847.810229818802327, 6187750.696578251197934 ], [ 772848.064032386173494, 6187751.663793763145804 ], [ 772848.317834942368791, 6187752.6310092844069 ], [ 772848.571637487155385, 6187753.598224811255932 ], [ 772848.82544001925271, 6187754.565440344624221 ], [ 772849.079242539010011, 6187755.532655881717801 ], [ 772849.333045047475025, 6187756.499871430918574 ], [ 772849.586847543250769, 6187757.467086980119348 ], [ 772849.84065002668649, 6187758.434302538633347 ], [ 772850.094452498713508, 6187759.401518104597926 ], [ 772850.348254958167672, 6187760.368733674287796 ], [ 772850.602057406445965, 6187761.335949251428246 ], [ 772850.855859842034988, 6187762.303164835087955 ], [ 772851.10966226644814, 6187763.270380426198244 ], [ 772851.363464678404853, 6187764.237596021965146 ], [ 772851.617267077788711, 6187765.204811623319983 ], [ 772851.871069465647452, 6187766.172027232125401 ], [ 772852.124871841166168, 6187767.1392428483814 ], [ 772852.378674203995615, 6187768.106458468362689 ], [ 772852.632476555649191, 6187769.073674095794559 ], [ 772852.886278896010481, 6187770.040889730677009 ], [ 772853.1400812236825, 6187771.008105369284749 ], [ 772853.393883538898081, 6187771.975321016274393 ], [ 772853.647685843054205, 6187772.942536670714617 ], [ 772853.901488133240491, 6187773.909752329811454 ], [ 772854.155290413298644, 6187774.876967995427549 ], [ 772854.409092680900358, 6187775.844183668494225 ], [ 772854.662894935929216, 6187776.811399344354868 ], [ 772854.916697179665789, 6187777.778615029528737 ], [ 772855.170499410945922, 6187778.745830722153187 ], [ 772855.424301629653201, 6187779.713046417571604 ], [ 772855.678103836951777, 6187780.680262121371925 ], [ 772855.931906033074483, 6187781.647477829828858 ], [ 772856.185708215343766, 6187782.614693546667695 ], [ 772856.439510387601331, 6187783.58190927002579 ], [ 772856.693312546005473, 6187784.549124998040497 ], [ 772856.947114693233743, 6187785.516340732574463 ], [ 772857.200916827889159, 6187786.483556473627687 ], [ 772857.454718951135874, 6187787.450772222131491 ], [ 772857.708521062042564, 6187788.417987974360585 ], [ 772857.962323161540553, 6187789.385203735902905 ], [ 772858.216125248465687, 6187790.352419503033161 ], [ 772858.469927324098535, 6187791.319635275751352 ], [ 772858.657898575300351, 6187792.035976022481918 ], [ 772858.775599988293834, 6187793.02898570522666 ], [ 772858.893301388015971, 6187794.021995389834046 ], [ 772859.011002774117514, 6187795.015005080029368 ], [ 772859.128704148344696, 6187796.008014769293368 ], [ 772859.246405507903546, 6187797.001024465076625 ], [ 772859.36410685419105, 6187797.994034163653851 ], [ 772859.48180818837136, 6187798.987043862231076 ], [ 772859.59950950788334, 6187799.980053562670946 ], [ 772859.717210815520957, 6187800.973063269630075 ], [ 772859.834912108490244, 6187801.966072978451848 ], [ 772859.952613388071768, 6187802.959082687273622 ], [ 772860.070314655546099, 6187803.952092401683331 ], [ 772860.188015909632668, 6187804.945102117955685 ], [ 772860.305717149400152, 6187805.938111837953329 ], [ 772860.423418376827613, 6187806.931121559813619 ], [ 772860.541119589935988, 6187807.924131285399199 ], [ 772860.65882079070434, 6187808.917141011916101 ], [ 772860.776521978201345, 6187809.910150742158294 ], [ 772860.894223151146434, 6187810.903160475194454 ], [ 772861.01192431198433, 6187811.896170211955905 ], [ 772861.12962545955088, 6187812.889179950580001 ], [ 772861.247326593729667, 6187813.882189691066742 ], [ 772861.36502771335654, 6187814.875199435278773 ], [ 772861.482728820876218, 6187815.868209182284772 ], [ 772861.600429915008135, 6187816.861218931153417 ], [ 772861.718130995868705, 6187817.854228686541319 ], [ 772861.835832063341513, 6187818.847238440066576 ], [ 772861.953533117542975, 6187819.840248199179769 ], [ 772862.071234158473089, 6187820.833257960155606 ], [ 772862.188935186015442, 6187821.826267721131444 ], [ 772862.306636200170033, 6187822.819277487695217 ], [ 772862.424337201053277, 6187823.812287257984281 ], [ 772862.542038188548759, 6187824.805297031067312 ], [ 772862.659739162772894, 6187825.798306805081666 ], [ 772862.777440124889836, 6187826.791316581889987 ], [ 772862.895141072338447, 6187827.784326363354921 ], [ 772863.012842006632127, 6187828.777336145751178 ], [ 772863.130542927421629, 6187829.770345931872725 ], [ 772863.248243835056201, 6187830.76335572078824 ], [ 772863.365944730467163, 6187831.756365511566401 ], [ 772863.483645611209795, 6187832.749375306069851 ], [ 772863.601346478797495, 6187833.742385102435946 ], [ 772863.719047334278002, 6187834.73539490159601 ], [ 772863.836748175090179, 6187835.728404704481363 ], [ 772863.954449003795162, 6187836.72141451202333 ], [ 772864.072149818064645, 6187837.714424319565296 ], [ 772864.189850620226935, 6187838.707434130832553 ], [ 772864.307551407720894, 6187839.700443943962455 ], [ 772864.425252183107659, 6187840.693453759886324 ], [ 772864.54295294417534, 6187841.686463579535484 ], [ 772864.660653692902997, 6187842.679473400115967 ], [ 772864.778354428242892, 6187843.672483226284385 ], [ 772864.896055149147287, 6187844.665493052452803 ], [ 772865.013755857944489, 6187845.658502882346511 ], [ 772865.131456553353928, 6187846.651512717828155 ], [ 772865.249157235375606, 6187847.644522553309798 ], [ 772865.366857903078198, 6187848.63753239158541 ], [ 772865.484558558440767, 6187849.630542233586311 ], [ 772865.602259200531989, 6187850.623552077449858 ], [ 772865.719959829235449, 6187851.61656192317605 ], [ 772865.837660444783978, 6187852.609571774490178 ], [ 772865.95536104682833, 6187853.60258162766695 ], [ 772866.073061635601334, 6187854.595591482706368 ], [ 772866.190762211102992, 6187855.588601340539753 ], [ 772866.308462773100473, 6187856.581611201167107 ], [ 772866.426163321943022, 6187857.574621066451073 ], [ 772866.54386385739781, 6187858.567630931735039 ], [ 772866.661564379464835, 6187859.560640801675618 ], [ 772866.779264888260514, 6187860.553650673478842 ], [ 772866.896965383784845, 6187861.546660548076034 ], [ 772867.014665867085569, 6187862.539670424535871 ], [ 772867.132366335834377, 6187863.532680304720998 ], [ 772867.250066791195422, 6187864.525690188631415 ], [ 772867.367767233401537, 6187865.518700076267123 ], [ 772867.485467663384043, 6187866.511709963902831 ], [ 772867.603168078931049, 6187867.504719855263829 ], [ 772867.720868480973877, 6187868.497729748487473 ], [ 772867.838568870909512, 6187869.490739647299051 ], [ 772867.956269246293232, 6187870.48374954611063 ], [ 772868.073969609569758, 6187871.476759446784854 ], [ 772868.1916699585272, 6187872.469769353047013 ], [ 772868.309370295144618, 6187873.462779261171818 ], [ 772868.42707061721012, 6187874.45578917209059 ], [ 772868.54477092740126, 6187875.448799086734653 ], [ 772868.662471223855391, 6187876.441809002310038 ], [ 772868.780171506106853, 6187877.434818921610713 ], [ 772868.897871776018292, 6187878.427828845568001 ], [ 772869.015572032658383, 6187879.42083876952529 ], [ 772869.106308671412989, 6187880.186362951993942 ], [ 772869.405828104936518, 6187881.1404123082757 ], [ 772869.705347528215498, 6187882.094461672008038 ], [ 772870.004866939969361, 6187883.048511045984924 ], [ 772870.304386339150369, 6187884.002560424618423 ], [ 772870.60390572831966, 6187884.956609811633825 ], [ 772870.903425105847418, 6187885.910659206099808 ], [ 772871.202944472082891, 6187886.864708609879017 ], [ 772871.502463825629093, 6187887.818758016452193 ], [ 772871.801983169047162, 6187888.772807435132563 ], [ 772872.10150250105653, 6187889.726856858469546 ], [ 772872.401021821657196, 6187890.680906290188432 ], [ 772872.700541130965576, 6187891.634955730289221 ], [ 772873.000060428632423, 6187892.589005176909268 ], [ 772873.299579715006985, 6187893.543054630979896 ], [ 772873.59909899008926, 6187894.497104093432426 ], [ 772873.898618253646418, 6187895.451153561472893 ], [ 772874.19813750567846, 6187896.40520303696394 ], [ 772874.497656746534631, 6187897.359252522699535 ], [ 772874.797175975749269, 6187898.31330201216042 ], [ 772875.096695193788037, 6187899.267351510934532 ], [ 772875.396214400185272, 6187900.221401017159224 ], [ 772875.695733595406637, 6187901.175450530834496 ], [ 772875.9952527792193, 6187902.129500051960349 ], [ 772876.294771951506846, 6187903.08354957960546 ], [ 772876.594291113549843, 6187904.037599116563797 ], [ 772876.893810263019986, 6187904.991648658178747 ], [ 772877.193329401197843, 6187905.9456982081756 ], [ 772877.492848529014736, 6187906.899747766554356 ], [ 772877.79236764437519, 6187907.853797332383692 ], [ 772878.091886748094112, 6187908.807846904732287 ], [ 772878.391405841801316, 6187909.76189648360014 ], [ 772878.690924922935665, 6187910.715946072712541 ], [ 772878.990443992544897, 6187911.669995666481555 ], [ 772879.289963052025996, 6187912.624045271426439 ], [ 772879.589482099050656, 6187913.578094881027937 ], [ 772879.889001135365106, 6187914.532144498080015 ], [ 772880.188520159572363, 6187915.486194122582674 ], [ 772880.488039173418656, 6187916.440243754535913 ], [ 772880.787558175623417, 6187917.394293393939734 ], [ 772881.087077165488154, 6187918.348343041725457 ], [ 772881.386596145108342, 6187919.302392695099115 ], [ 772881.686115113319829, 6187920.256442356854677 ], [ 772881.985634068958461, 6187921.21049202606082 ], [ 772882.28515301423613, 6187922.164541702717543 ], [ 772882.584671948337927, 6187923.118591388687491 ], [ 772882.884190870914608, 6187924.072641080245376 ], [ 772883.183709780918434, 6187925.026690778322518 ], [ 772883.483228680677712, 6187925.980740485712886 ], [ 772883.782747568911873, 6187926.934790200553834 ], [ 772884.082266445853747, 6187927.888839920982718 ], [ 772884.381785311270505, 6187928.842889649793506 ], [ 772884.681304165511392, 6187929.796939386054873 ], [ 772884.980823008110747, 6187930.750989129766822 ], [ 772885.280341839534231, 6187931.705038880929351 ], [ 772885.579860659432597, 6187932.65908863954246 ], [ 772885.879379467922263, 6187933.613138405606151 ], [ 772886.178898264886811, 6187934.567188179120421 ], [ 772886.478417050675489, 6187935.521237960085273 ], [ 772886.777935825986788, 6187936.475287747569382 ], [ 772887.077454588841647, 6187937.429337543435395 ], [ 772887.37697334040422, 6187938.383387345820665 ], [ 772887.676492080441676, 6187939.337437155656517 ], [ 772887.976010810234584, 6187940.291486975736916 ], [ 772888.275529527571052, 6187941.245536799542606 ], [ 772888.418959377682768, 6187941.702400496229529 ], [ 772888.52791842399165, 6187942.696407772600651 ], [ 772888.636877456214279, 6187943.69041505176574 ], [ 772888.745836475631222, 6187944.684422332793474 ], [ 772888.854795482009649, 6187945.678429617546499 ], [ 772888.963754474418238, 6187946.672436902299523 ], [ 772889.072713454021141, 6187947.666444193571806 ], [ 772889.18167241953779, 6187948.660451484844089 ], [ 772889.290631372132339, 6187949.654458780772984 ], [ 772889.399590311804786, 6187950.64846607670188 ], [ 772889.508549237623811, 6187951.642473377287388 ], [ 772889.617508150287904, 6187952.636480679735541 ], [ 772889.726467050262727, 6187953.63048798404634 ], [ 772889.835425936151296, 6187954.624495290219784 ], [ 772889.944384807953611, 6187955.618502600118518 ], [ 772890.053343667881563, 6187956.612509911879897 ], [ 772890.162302514072508, 6187957.606517227366567 ], [ 772890.271261346060783, 6187958.600524544715881 ], [ 772890.380220165126957, 6187959.594531863927841 ], [ 772890.489178971387446, 6187960.588539186865091 ], [ 772890.598137763445266, 6187961.582546511664987 ], [ 772890.707096542813815, 6187962.576553838327527 ], [ 772890.816055309260264, 6187963.57056116964668 ], [ 772890.925014061620459, 6187964.564568502828479 ], [ 772891.033972801174968, 6187965.558575838804245 ], [ 772891.142931526410393, 6187966.552583176642656 ], [ 772891.251890238956548, 6187967.546590516343713 ], [ 772891.360848938580602, 6187968.540597858838737 ], [ 772891.469807624118403, 6187969.534605204127729 ], [ 772891.578766296850517, 6187970.528612552210689 ], [ 772891.687724955379963, 6187971.522619902156293 ], [ 772891.796683601220138, 6187972.516627255827188 ], [ 772891.905642234138213, 6187973.510634610429406 ], [ 772892.014600853086449, 6187974.504641968756914 ], [ 772892.123559458879754, 6187975.498649328015745 ], [ 772892.232518050819635, 6187976.492656691931188 ], [ 772892.341476629953831, 6187977.486664058640599 ], [ 772892.450435196049511, 6187978.480671426281333 ], [ 772892.559393748175353, 6187979.474678797647357 ], [ 772892.668352287262678, 6187980.468686170876026 ], [ 772892.777310812380165, 6187981.46269354596734 ], [ 772892.886269324691966, 6187982.456700924783945 ], [ 772892.995227823965251, 6187983.45070830732584 ], [ 772893.104186309268698, 6187984.444715687073767 ], [ 772893.213144781766459, 6187985.438723075203598 ], [ 772893.322103241225705, 6187986.43273046426475 ], [ 772893.431061686715111, 6187987.426737855188549 ], [ 772893.540020118234679, 6187988.420745248906314 ], [ 772893.648978537879884, 6187989.41475264634937 ], [ 772893.757936943555251, 6187990.408760042861104 ], [ 772893.866895335260779, 6187991.402767445892096 ], [ 772893.975853713927791, 6187992.396774850785732 ], [ 772894.084812079789117, 6187993.390782255679369 ], [ 772894.193770431680605, 6187994.384789666160941 ], [ 772894.302728770533577, 6187995.378797076642513 ], [ 772894.411687096580863, 6187996.372804490849376 ], [ 772894.520645408541895, 6187997.366811907850206 ], [ 772894.629603707697242, 6187998.360819324851036 ], [ 772894.73856199264992, 6187999.354826748371124 ], [ 772894.847520264796913, 6188000.348834172822535 ], [ 772894.956478524021804, 6188001.342841598205268 ], [ 772895.065436769276857, 6188002.336849026381969 ], [ 772895.174395001493394, 6188003.330856459215283 ], [ 772895.283353219972923, 6188004.324863893911242 ], [ 772895.392311425181106, 6188005.318871331401169 ], [ 772895.501269617816433, 6188006.312878770753741 ], [ 772895.610227796249092, 6188007.306886212900281 ], [ 772895.719185960711911, 6188008.300893656909466 ], [ 772895.828144113300368, 6188009.294901104643941 ], [ 772895.937102252151817, 6188010.288908555172384 ], [ 772896.046060377731919, 6188011.282916007563472 ], [ 772896.155018489342183, 6188012.276923460885882 ], [ 772896.263976588263176, 6188013.270930919796228 ], [ 772896.372934672981501, 6188014.264938376843929 ], [ 772896.481892744777724, 6188015.258945840410888 ], [ 772896.590850804001093, 6188016.252953305840492 ], [ 772896.699808848905377, 6188017.246960774064064 ], [ 772896.808766880771145, 6188018.240968244150281 ], [ 772896.917724900180474, 6188019.234975716099143 ], [ 772897.026682905154303, 6188020.228983191773295 ], [ 772897.135640896274708, 6188021.222990669310093 ], [ 772897.244598875520751, 6188022.216998148709536 ], [ 772897.353556840796955, 6188023.211005631834269 ], [ 772897.46251479210332, 6188024.205013116821647 ], [ 772897.571472730487585, 6188025.19902060367167 ], [ 772897.680430656066164, 6188026.193028096109629 ], [ 772897.789388567325659, 6188027.187035588547587 ], [ 772897.898346466012299, 6188028.181043084710836 ], [ 772898.007304351544008, 6188029.175050580874085 ], [ 772898.116262223105878, 6188030.169058081693947 ], [ 772898.225220081862062, 6188031.163065584376454 ], [ 772898.334177926531993, 6188032.157073090784252 ], [ 772898.443135758279823, 6188033.151080599986017 ], [ 772898.552093577221967, 6188034.145088110119104 ], [ 772898.661051381961443, 6188035.13909562304616 ], [ 772898.770009173895232, 6188036.133103138767183 ], [ 772898.878966951742768, 6188037.127110657282174 ], [ 772898.987924716901034, 6188038.121118178591132 ], [ 772899.096882468904369, 6188039.115125700831413 ], [ 772899.20584020705428, 6188040.10913322865963 ], [ 772899.314797932165675, 6188041.103140756487846 ], [ 772899.423755643423647, 6188042.097148288041353 ], [ 772899.532713341526687, 6188043.091155821457505 ], [ 772899.641671026824042, 6188044.085163357667625 ], [ 772899.750628698151559, 6188045.07917089574039 ], [ 772899.792728716973215, 6188045.463244259357452 ], [ 772899.85191206051968, 6188046.461452700197697 ], [ 772899.911095390096307, 6188047.459661144763231 ], [ 772899.970278705004603, 6188048.457869589328766 ], [ 772900.029462008271366, 6188049.456078037619591 ], [ 772900.08864529710263, 6188050.454286484979093 ], [ 772900.147828571614809, 6188051.452494934201241 ], [ 772900.207011834252626, 6188052.450703384354711 ], [ 772900.266195082454942, 6188053.448911835439503 ], [ 772900.325378316454589, 6188054.447120288386941 ], [ 772900.384561538463458, 6188055.445328741334379 ], [ 772900.443744746153243, 6188056.443537195213139 ], [ 772900.502927939640358, 6188057.441745653748512 ], [ 772900.562111119856127, 6188058.43995411042124 ], [ 772900.621294287033379, 6188059.438162568956614 ], [ 772900.6804774410557, 6188060.436371028423309 ], [ 772900.739660580642521, 6188061.43457948975265 ], [ 772900.798843707423657, 6188062.432787952013314 ], [ 772900.858026820700616, 6188063.430996414273977 ], [ 772900.91720991989132, 6188064.429204879328609 ], [ 772900.976393005810678, 6188065.42741334438324 ], [ 772901.035576077643782, 6188066.425621813163161 ], [ 772901.094759136205539, 6188067.423830280080438 ], [ 772901.15394218172878, 6188068.422038750723004 ], [ 772901.213125213980675, 6188069.420247219502926 ], [ 772901.272308232146315, 6188070.418455692008138 ], [ 772901.331491237040609, 6188071.416664166375995 ], [ 772901.390674227615818, 6188072.414872638881207 ], [ 772901.449857205152512, 6188073.413081113249063 ], [ 772901.509040169417858, 6188074.411289589479566 ], [ 772901.568223119480535, 6188075.409498069435358 ], [ 772901.627406057552435, 6188076.407706547528505 ], [ 772901.68658898002468, 6188077.405915027484298 ], [ 772901.745771890738979, 6188078.404123508371413 ], [ 772901.804954787017778, 6188079.402331991121173 ], [ 772901.864137669093907, 6188080.400540474802256 ], [ 772901.923320539295673, 6188081.398748958483338 ], [ 772901.98250339506194, 6188082.396957445889711 ], [ 772902.041686236509122, 6188083.395165933296084 ], [ 772902.100869066081941, 6188084.393374422565103 ], [ 772902.160051881335676, 6188085.391582911834121 ], [ 772902.219234683550894, 6188086.389791402034461 ], [ 772902.278417471097782, 6188087.38799989502877 ], [ 772902.337600245838985, 6188088.386208388954401 ], [ 772902.396783006144688, 6188089.384416882880032 ], [ 772902.455965754576027, 6188090.382625378668308 ], [ 772902.515148488804698, 6188091.38083387631923 ], [ 772902.569316508015618, 6188092.294461647048593 ], [ 772902.88370195729658, 6188093.243716401979327 ], [ 772903.198087395168841, 6188094.192971168085933 ], [ 772903.512472821865231, 6188095.142225939780474 ], [ 772903.826858236687258, 6188096.09148072078824 ], [ 772904.14124364068266, 6188097.040735507383943 ], [ 772904.455629035132006, 6188097.989990306086838 ], [ 772904.77001441642642, 6188098.939245108515024 ], [ 772905.084399788174778, 6188099.888499921187758 ], [ 772905.398785147699527, 6188100.837754739448428 ], [ 772905.713170496514067, 6188101.787009567022324 ], [ 772906.027555833570659, 6188102.7362644020468 ], [ 772906.341941160848364, 6188103.685519244521856 ], [ 772906.656326476251706, 6188104.634774094447494 ], [ 772906.970711779547855, 6188105.584028951823711 ], [ 772907.285097073297948, 6188106.533283818513155 ], [ 772907.599482354940847, 6188107.482538692653179 ], [ 772907.913867625873536, 6188108.431793575175107 ], [ 772908.228252884931862, 6188109.381048463284969 ], [ 772908.542638133163564, 6188110.330303360708058 ], [ 772908.857023370685056, 6188111.279558265581727 ], [ 772909.171408597263508, 6188112.228813178837299 ], [ 772909.485793811967596, 6188113.178068100474775 ], [ 772909.80017901584506, 6188114.127323027700186 ], [ 772910.114564208779484, 6188115.0765779633075 ], [ 772910.428949391003698, 6188116.025832906365395 ], [ 772910.743334561353549, 6188116.975087858736515 ], [ 772911.057719720993191, 6188117.924342818558216 ], [ 772911.372104868525639, 6188118.873597785830498 ], [ 772911.686490006395616, 6188119.822852759622037 ], [ 772912.000875132391229, 6188120.772107743658125 ], [ 772912.315260246279649, 6188121.721362732350826 ], [ 772912.629645350622013, 6188122.670617732219398 ], [ 772912.944030442973599, 6188123.619872737675905 ], [ 772913.258415524614975, 6188124.569127751514316 ], [ 772913.572800594265573, 6188125.518382772803307 ], [ 772913.887185654370114, 6188126.467637802474201 ], [ 772914.201570702251047, 6188127.416892838664353 ], [ 772914.515955738374032, 6188128.366147884167731 ], [ 772914.830340764834546, 6188129.315402938053012 ], [ 772915.144725779304281, 6188130.264657998457551 ], [ 772915.459110782947391, 6188131.213913066312671 ], [ 772915.773495774716139, 6188132.163168141618371 ], [ 772916.087880756705999, 6188133.112423226237297 ], [ 772916.402265725657344, 6188134.061678316444159 ], [ 772916.716650685062632, 6188135.010933417826891 ], [ 772917.031035632360727, 6188135.960188524797559 ], [ 772917.345420568948612, 6188136.90944364015013 ], [ 772917.659805494826287, 6188137.858698762953281 ], [ 772917.974190409760922, 6188138.807953894138336 ], [ 772918.288575312704779, 6188139.757209031842649 ], [ 772918.602960204938427, 6188140.706464176997542 ], [ 772918.917345086345449, 6188141.655719332396984 ], [ 772919.231729955645278, 6188142.604974493384361 ], [ 772919.546114814467728, 6188143.554229661822319 ], [ 772919.860499662114307, 6188144.50348483864218 ], [ 772920.174884498002939, 6188145.452740023843944 ], [ 772920.489269323181361, 6188146.401995217427611 ], [ 772920.803654137533158, 6188147.351250419393182 ], [ 772921.118038940941915, 6188148.300505626015365 ], [ 772921.432423732476309, 6188149.249760842882097 ], [ 772921.746808513184078, 6188150.199016067199409 ], [ 772922.061193283065222, 6188151.148271298035979 ], [ 772922.375578041072004, 6188152.097526538185775 ], [ 772922.68996278825216, 6188153.046781783923507 ], [ 772923.004347524489276, 6188153.996037038043141 ], [ 772923.318732250016183, 6188154.945292301476002 ], [ 772923.633116963785142, 6188155.894547572359443 ], [ 772923.947501666611061, 6188156.843802850693464 ], [ 772924.261886358493939, 6188157.793058137409389 ], [ 772924.57627103861887, 6188158.742313431575894 ], [ 772924.890655707800761, 6188159.691568732261658 ], [ 772925.205040366388857, 6188160.640824042260647 ], [ 772925.519425012753345, 6188161.590079361572862 ], [ 772925.833809649571776, 6188162.539334684610367 ], [ 772926.14819427439943, 6188163.488590016029775 ], [ 772926.46257888735272, 6188164.437845358625054 ], [ 772926.776963490527123, 6188165.387100706808269 ], [ 772927.091348081827164, 6188166.336356062442064 ], [ 772927.405732661252841, 6188167.285611426457763 ], [ 772927.720117231132463, 6188168.234866798855364 ], [ 772928.010776520939544, 6188169.112485899589956 ], [ 772928.186184807680547, 6188170.096942788921297 ], [ 772928.361593081732281, 6188171.08139968290925 ], [ 772928.537001343094744, 6188172.065856576897204 ], [ 772928.712409590720199, 6188173.050313478335738 ], [ 772928.887817825656384, 6188174.034770384430885 ], [ 772929.06322604813613, 6188175.01922729332 ], [ 772929.23863425781019, 6188176.003684205934405 ], [ 772929.414042454911396, 6188176.988141125068069 ], [ 772929.589450638275594, 6188177.972598046064377 ], [ 772929.764858809998259, 6188178.957054972648621 ], [ 772929.940266968100332, 6188179.941511902958155 ], [ 772930.115675112465397, 6188180.925968838855624 ], [ 772930.291083245188929, 6188181.910425778478384 ], [ 772930.466491364291869, 6188182.894882719963789 ], [ 772930.641899471753277, 6188183.87933967076242 ], [ 772930.817307565361261, 6188184.863796622492373 ], [ 772930.992715645465069, 6188185.848253579810262 ], [ 772931.168123713927343, 6188186.832710540853441 ], [ 772931.343531768536195, 6188187.81716750562191 ], [ 772931.518939810572192, 6188188.801624475046992 ], [ 772931.694347840035334, 6188189.78608145006001 ], [ 772931.869755855761468, 6188190.770538428798318 ], [ 772932.04516385984607, 6188191.754995411261916 ], [ 772932.220571850193664, 6188192.73945239558816 ], [ 772932.395979827968404, 6188193.723909389227629 ], [ 772932.571387793170288, 6188194.708366382867098 ], [ 772932.746795744402334, 6188195.69282338488847 ], [ 772932.922203683177941, 6188196.677280387841165 ], [ 772933.097611610312015, 6188197.661737395450473 ], [ 772933.273019522661343, 6188198.646194410510361 ], [ 772933.448427423369139, 6188199.63065142557025 ], [ 772933.623835310339928, 6188200.615108447149396 ], [ 772933.79924318601843, 6188201.599565473385155 ], [ 772933.974651047727093, 6188202.584022503346205 ], [ 772934.150058896746486, 6188203.568479537963867 ], [ 772934.325466732028872, 6188204.552936574444175 ], [ 772934.500874554738402, 6188205.537393620237708 ], [ 772934.676282366039231, 6188206.521850666962564 ], [ 772934.851690162206069, 6188207.50630771741271 ], [ 772935.027097947197035, 6188208.490764774382114 ], [ 772935.202505719265901, 6188209.475221831351519 ], [ 772935.377913477597758, 6188210.459678896702826 ], [ 772935.553321223356761, 6188211.444135967642069 ], [ 772935.728728956310079, 6188212.428593039512634 ], [ 772935.904136675642803, 6188213.413050117902458 ], [ 772936.079544383450411, 6188214.397507198154926 ], [ 772936.254952077521011, 6188215.381964284926653 ], [ 772936.430359759135172, 6188216.36642137542367 ], [ 772936.605767427827232, 6188217.350878469645977 ], [ 772936.781175082782283, 6188218.33533556945622 ], [ 772936.956582725048065, 6188219.319792672991753 ], [ 772937.131990356021561, 6188220.304249780252576 ], [ 772937.307397972093895, 6188221.288706893101335 ], [ 772937.482805576408282, 6188222.273164007812738 ], [ 772937.658213167218491, 6188223.257621128112078 ], [ 772937.833620746387169, 6188224.242078252136707 ], [ 772938.009028311818838, 6188225.226535381749272 ], [ 772938.184435864677653, 6188226.210992515087128 ], [ 772938.359843403566629, 6188227.195449652150273 ], [ 772938.53525092988275, 6188228.179906796664 ], [ 772938.71065844479017, 6188229.164363939315081 ], [ 772938.886065944680013, 6188230.148821089416742 ], [ 772939.061473433161154, 6188231.133278247900307 ], [ 772939.236880908953026, 6188232.117735405452549 ], [ 772939.41228837100789, 6188233.10219256952405 ], [ 772939.587695820489898, 6188234.086649738252163 ], [ 772939.763103257166222, 6188235.071106908842921 ], [ 772939.938510680105537, 6188236.05556408688426 ], [ 772940.113918091636151, 6188237.040021266788244 ], [ 772940.289325489196926, 6188238.024478451348841 ], [ 772940.464732874417678, 6188239.008935641497374 ], [ 772940.640140246832743, 6188239.993392834439874 ], [ 772940.815547605510801, 6188240.977850033901632 ], [ 772940.990954951616004, 6188241.962307234294713 ], [ 772941.166362284915522, 6188242.946764442138374 ], [ 772941.341769605642185, 6188243.931221652776003 ], [ 772941.517176913795993, 6188244.915678868070245 ], [ 772941.692584209260531, 6188245.9001360880211 ], [ 772941.867991490988061, 6188246.884593310765922 ], [ 772942.043398760142736, 6188247.869050540030003 ], [ 772942.218806016491726, 6188248.853507772088051 ], [ 772942.394213259220123, 6188249.837965008802712 ], [ 772942.569620490306988, 6188250.822422250173986 ], [ 772942.745027707656845, 6188251.806879494339228 ], [ 772942.920434912550263, 6188252.791336745023727 ], [ 772943.095842103473842, 6188253.775793999433517 ], [ 772943.271249282872304, 6188254.760251257568598 ], [ 772943.446656448766589, 6188255.744708521291614 ], [ 772943.622063601738773, 6188256.729165787808597 ], [ 772943.66221279441379, 6188256.954499622806907 ], [ 772943.721393282758072, 6188257.952708747237921 ], [ 772943.780573757831007, 6188258.95091786980629 ], [ 772943.839754218701273, 6188259.949126995168626 ], [ 772943.898934667697176, 6188260.947336122393608 ], [ 772943.958115101093426, 6188261.945545248687267 ], [ 772944.017295522498898, 6188262.943754378706217 ], [ 772944.076475929701701, 6188263.941963508725166 ], [ 772944.135656323749572, 6188264.940172640606761 ], [ 772944.194836703361943, 6188265.938381772488356 ], [ 772944.254017070168629, 6188266.936590906232595 ], [ 772944.313197423471138, 6188267.93480004183948 ], [ 772944.372377762570977, 6188268.933009177446365 ], [ 772944.4315580886323, 6188269.93121831305325 ], [ 772944.490738401655108, 6188270.929427452385426 ], [ 772944.549918700126, 6188271.927636591717601 ], [ 772944.609098985558376, 6188272.925845732912421 ], [ 772944.668279257952236, 6188273.924054875038564 ], [ 772944.727459515910596, 6188274.922264017164707 ], [ 772944.78663976083044, 6188275.920473162084818 ], [ 772944.845819991314784, 6188276.918682308867574 ], [ 772944.905000209924765, 6188277.916891453787684 ], [ 772944.964180414332077, 6188278.915100602433085 ], [ 772945.023360604303889, 6188279.913309752941132 ], [ 772945.082540782401338, 6188280.911518903449178 ], [ 772945.141720944899134, 6188281.909728053025901 ], [ 772945.200901095522568, 6188282.907937206327915 ], [ 772945.260081231826916, 6188283.906146360561252 ], [ 772945.319261355092749, 6188284.904355516657233 ], [ 772945.378441465087235, 6188285.90256467461586 ], [ 772945.437621560879052, 6188286.900773830711842 ], [ 772945.496801643399522, 6188287.898982988670468 ], [ 772945.51318535010796, 6188288.175332186743617 ], [ 772945.766981100663543, 6188289.142550635151565 ], [ 772946.020776841090992, 6188290.109769091941416 ], [ 772946.274572567781433, 6188291.076987551525235 ], [ 772946.528368283063173, 6188292.044206018559635 ], [ 772946.782163985888474, 6188293.011424493044615 ], [ 772947.035959677421488, 6188293.978642974048853 ], [ 772947.289755357429385, 6188294.945861459709704 ], [ 772947.54355102381669, 6188295.91307995095849 ], [ 772947.797346678795293, 6188296.880298452451825 ], [ 772948.051142322830856, 6188297.847516958601773 ], [ 772948.304937953827903, 6188298.814735468477011 ], [ 772948.558733572484925, 6188299.781953986734152 ], [ 772948.812529179733247, 6188300.749172512441874 ], [ 772949.066324774525128, 6188301.71639104001224 ], [ 772949.320120357908309, 6188302.683609578758478 ], [ 772949.573915928835049, 6188303.650828122161329 ], [ 772949.827711487188935, 6188304.618046671152115 ], [ 772950.08150703413412, 6188305.585265227593482 ], [ 772950.335302569903433, 6188306.552483789622784 ], [ 772950.589098091702908, 6188307.519702359102666 ], [ 772950.842893603607081, 6188308.486920932307839 ], [ 772951.09668910165783, 6188309.454139513894916 ], [ 772951.350484588416293, 6188310.421358100138605 ], [ 772951.60428006388247, 6188311.388576695695519 ], [ 772951.858075525378808, 6188312.355795295909047 ], [ 772952.111870976863429, 6188313.323013902641833 ], [ 772952.365666415775195, 6188314.290232514962554 ], [ 772952.619461842346936, 6188315.257451133802533 ], [ 772952.873257256229408, 6188316.224669760093093 ], [ 772953.127052658819593, 6188317.191888390108943 ], [ 772953.380848049884662, 6188318.159107027575374 ], [ 772953.634643427445553, 6188319.126325672492385 ], [ 772953.888438794761896, 6188320.093544324859977 ], [ 772954.142234148457646, 6188321.060762980021536 ], [ 772954.396029491908848, 6188322.027981642633677 ], [ 772954.649824821623042, 6188322.99520031362772 ], [ 772954.90362014004495, 6188323.962418988347054 ], [ 772955.157415445894003, 6188324.929637672379613 ], [ 772955.41121074045077, 6188325.896856360137463 ], [ 772955.665006022434682, 6188326.864075053483248 ], [ 772955.918801293009892, 6188327.831293755210936 ], [ 772956.172596551012248, 6188328.79851246252656 ], [ 772956.426391797838733, 6188329.765731176361442 ], [ 772956.680187032092363, 6188330.732949897646904 ], [ 772956.933982253773138, 6188331.700168622657657 ], [ 772957.187777464045212, 6188332.66738735511899 ], [ 772957.441572661977261, 6188333.634606095030904 ], [ 772957.695367848500609, 6188334.601824839599431 ], [ 772957.949163022334687, 6188335.569043590687215 ], [ 772958.202958183712326, 6188336.536262349225581 ], [ 772958.456753333797678, 6188337.503481114283204 ], [ 772958.710548471310176, 6188338.47069988399744 ], [ 772958.964343597413972, 6188339.437918661162257 ], [ 772959.218138711061329, 6188340.405137443915009 ], [ 772959.471933813299984, 6188341.37235623318702 ], [ 772959.725728903198615, 6188342.339575029909611 ], [ 772959.979523980524391, 6188343.30679383315146 ], [ 772960.233319046208635, 6188344.274012640118599 ], [ 772960.487114100717008, 6188345.241231455467641 ], [ 772960.740909141721204, 6188346.208450276404619 ], [ 772960.994704171083868, 6188347.175669103860855 ], [ 772961.248499189154245, 6188348.142887936905026 ], [ 772961.502294194768183, 6188349.110106777399778 ], [ 772961.756089187925681, 6188350.077325622551143 ], [ 772962.009884169558063, 6188351.044544475153089 ], [ 772962.263679139898159, 6188352.011763335205615 ], [ 772962.517474096501246, 6188352.978982200846076 ], [ 772962.771269041812047, 6188353.94620107114315 ], [ 772963.025063975714147, 6188354.913419948890805 ], [ 772963.278858897159807, 6188355.880638832226396 ], [ 772963.532653806032613, 6188356.847857723012567 ], [ 772963.786448703613132, 6188357.815076621249318 ], [ 772964.040243588504381, 6188358.78229552321136 ], [ 772964.29403846221976, 6188359.749514432623982 ], [ 772964.547833323478699, 6188360.71673334762454 ], [ 772964.801628173096105, 6188361.683952271938324 ], [ 772965.055423010373488, 6188362.651171199977398 ], [ 772965.309217835078016, 6188363.61839013453573 ], [ 772965.563012648373842, 6188364.585609074681997 ], [ 772965.816807449096814, 6188365.552828023210168 ], [ 772966.070602238643914, 6188366.520046976394951 ], [ 772966.32439701561816, 6188367.487265936098993 ], [ 772966.578191780019552, 6188368.454484902322292 ], [ 772966.831986533012241, 6188369.42170387506485 ], [ 772967.08578127482906, 6188370.388922853395343 ], [ 772967.33957600267604, 6188371.356141837313771 ], [ 772967.593370719347149, 6188372.323360830545425 ], [ 772967.847165424725972, 6188373.29057982750237 ], [ 772968.100960117415525, 6188374.257798831909895 ], [ 772968.354754798812792, 6188375.225017843768001 ], [ 772968.608549466589466, 6188376.192236861214042 ], [ 772968.862344124121591, 6188377.159455882385373 ], [ 772969.116138769080862, 6188378.12667491286993 ], [ 772969.369933401467279, 6188379.093893948942423 ], [ 772969.623728021397255, 6188380.061112988740206 ], [ 772969.877522630034946, 6188381.028332037851214 ], [ 772970.13131722714752, 6188381.995551093481481 ], [ 772970.385111811803654, 6188382.962770152837038 ], [ 772970.638906384119764, 6188383.929989220574498 ], [ 772970.892700944910757, 6188384.897208293899894 ], [ 772971.146495493245311, 6188385.86442737467587 ], [ 772971.400290030054748, 6188386.831646461039782 ], [ 772971.654084554524161, 6188387.798865552991629 ], [ 772971.907879066420719, 6188388.766084652394056 ], [ 772972.16167356679216, 6188389.733303756453097 ], [ 772972.415468054823577, 6188390.700522867962718 ], [ 772972.496892581460997, 6188391.010834417305887 ], [ 772972.655103131895885, 6188391.998201562091708 ], [ 772972.81331367068924, 6188392.985568711534142 ], [ 772972.971524195745587, 6188393.972935864701867 ], [ 772973.129734707996249, 6188394.960303021594882 ], [ 772973.287945207208395, 6188395.947670182213187 ], [ 772973.446155693847686, 6188396.935037346556783 ], [ 772973.604366167448461, 6188397.922404515556991 ], [ 772973.762576627312228, 6188398.90977168828249 ], [ 772973.920787074253894, 6188399.897138865664601 ], [ 772974.078997508389875, 6188400.884506044909358 ], [ 772974.237207929836586, 6188401.87187322974205 ], [ 772974.395418338477612, 6188402.85924041736871 ], [ 772974.553628732915968, 6188403.84660760872066 ], [ 772974.711839114781469, 6188404.833974804729223 ], [ 772974.87004948372487, 6188405.821342003531754 ], [ 772975.028259839862585, 6188406.808709206990898 ], [ 772975.1864701830782, 6188407.796076415106654 ], [ 772975.344680512556806, 6188408.783443624153733 ], [ 772975.502890830277465, 6188409.770810841582716 ], [ 772975.661101134028286, 6188410.758178060874343 ], [ 772975.819311425089836, 6188411.745545282959938 ], [ 772975.977521702065133, 6188412.732912508770823 ], [ 772976.135731967398897, 6188413.720279740169644 ], [ 772976.293942218762822, 6188414.70764697343111 ], [ 772976.452152457321063, 6188415.695014211349189 ], [ 772976.610362683073618, 6188416.682381453923881 ], [ 772976.768572896020487, 6188417.669748698361218 ], [ 772976.926783096278086, 6188418.657115949317813 ], [ 772977.084993282449432, 6188419.644483203068376 ], [ 772977.243203455815092, 6188420.631850459612906 ], [ 772977.401413616375066, 6188421.619217721745372 ], [ 772977.559623764129356, 6188422.606584986671805 ], [ 772977.717833899077959, 6188423.593952255323529 ], [ 772977.876044020056725, 6188424.581319527700543 ], [ 772978.03425412834622, 6188425.56868680473417 ], [ 772978.192464224761352, 6188426.556054085493088 ], [ 772978.350674306275323, 6188427.543421369045973 ], [ 772978.508884375914931, 6188428.530788657255471 ], [ 772978.667094432981685, 6188429.518155949190259 ], [ 772978.825304475962184, 6188430.50552324578166 ], [ 772978.983514506136999, 6188431.492890546098351 ], [ 772979.141724523506127, 6188432.480257848277688 ], [ 772979.299934528069571, 6188433.467625154182315 ], [ 772979.458144518779591, 6188434.454992467537522 ], [ 772979.616354497615248, 6188435.442359782755375 ], [ 772979.774564462597482, 6188436.42972710262984 ], [ 772979.93277441477403, 6188437.417094426229596 ], [ 772980.090984354144894, 6188438.40446175262332 ], [ 772980.249194279545918, 6188439.391829083673656 ], [ 772980.407404193421826, 6188440.379196416586637 ], [ 772980.565614093095064, 6188441.366563756018877 ], [ 772980.723823980079032, 6188442.353931097313762 ], [ 772980.882033854257315, 6188443.341298444196582 ], [ 772981.04024371446576, 6188444.328665792942047 ], [ 772981.198453563032672, 6188445.316033149138093 ], [ 772981.356663397629745, 6188446.303400505334139 ], [ 772981.514873219421133, 6188447.29076786711812 ], [ 772981.673083028523251, 6188448.278135232627392 ], [ 772981.831292824586853, 6188449.265502601861954 ], [ 772981.989502608077601, 6188450.252869974821806 ], [ 772982.147712377365679, 6188451.240237350575626 ], [ 772982.305922133848071, 6188452.227604732848704 ], [ 772982.464131877757609, 6188453.21497211791575 ], [ 772982.622341608628631, 6188454.202339505776763 ], [ 772982.780551325646229, 6188455.189706898294389 ], [ 772982.938761031022295, 6188456.177074294537306 ], [ 772983.096970722428523, 6188457.164441694505513 ], [ 772983.25518040091265, 6188458.15180909819901 ], [ 772983.413390066707507, 6188459.139176504686475 ], [ 772983.57159971864894, 6188460.12654391862452 ], [ 772983.729809358716011, 6188461.113911332562566 ], [ 772983.888018984929658, 6188462.101278752088547 ], [ 772984.04622859833762, 6188463.088646175339818 ], [ 772984.204438198939897, 6188464.076013604179025 ], [ 772984.362647786620073, 6188465.063381033018231 ], [ 772984.520857360446826, 6188466.050748469308019 ], [ 772984.679066922748461, 6188467.038115907460451 ], [ 772984.837276470847428, 6188468.025483351200819 ], [ 772984.995486006140709, 6188469.012850796803832 ], [ 772985.15369552874472, 6188470.000218245200813 ], [ 772985.311905037378892, 6188470.987585701048374 ], [ 772985.470114534255117, 6188471.974953158758581 ], [ 772985.628324017161503, 6188472.962320620194077 ], [ 772985.78653348737862, 6188473.949688084423542 ], [ 772985.94474294479005, 6188474.937055556103587 ], [ 772986.102952388115227, 6188475.92442302685231 ], [ 772986.261161820031703, 6188476.911790505051613 ], [ 772986.419371237745509, 6188477.899157986044884 ], [ 772986.577580642653629, 6188478.886525470763445 ], [ 772986.73579003487248, 6188479.873892961069942 ], [ 772986.893999414285645, 6188480.861260454170406 ], [ 772987.052208779612556, 6188481.848627950996161 ], [ 772987.210418132133782, 6188482.835995450615883 ], [ 772987.368627471849322, 6188483.823362954892218 ], [ 772987.526836798875593, 6188484.810730462893844 ], [ 772987.685046113096178, 6188485.798097973689437 ], [ 772987.843255414394662, 6188486.785465491004288 ], [ 772988.001464701723307, 6188487.772833010181785 ], [ 772988.159673976246268, 6188488.760200534015894 ], [ 772988.317883238196373, 6188489.747568059712648 ], [ 772988.476092487107962, 6188490.734935590997338 ], [ 772988.634301723330282, 6188491.722303127869964 ], [ 772988.792510945349932, 6188492.709670665673912 ], [ 772988.950720154680312, 6188493.697038209065795 ], [ 772989.073511687689461, 6188494.463367696851492 ], [ 772989.355630481150001, 6188495.422707997262478 ], [ 772989.637749261921272, 6188496.382048306055367 ], [ 772989.919868032447994, 6188497.341388620436192 ], [ 772990.201986790634692, 6188498.300728943198919 ], [ 772990.484105537179857, 6188499.260069271549582 ], [ 772990.766224272316322, 6188500.219409607350826 ], [ 772991.048342994879931, 6188501.178749950602651 ], [ 772991.330461707198992, 6188502.13809029944241 ], [ 772991.612580406945199, 6188503.097430657595396 ], [ 772991.894699095282704, 6188504.056771021336317 ], [ 772992.176817772211507, 6188505.016111392527819 ], [ 772992.458936437731609, 6188505.975451770238578 ], [ 772992.741055090678856, 6188506.934792156331241 ], [ 772993.023173733381554, 6188507.894132548943162 ], [ 772993.305292363278568, 6188508.853472947143018 ], [ 772993.587410982116126, 6188509.812813352793455 ], [ 772993.869529589312151, 6188510.77215376496315 ], [ 772994.151648184051737, 6188511.731494187377393 ], [ 772994.433766768313944, 6188512.690834613516927 ], [ 772994.715885340236127, 6188513.650175046175718 ], [ 772994.998003900516778, 6188514.609515488147736 ], [ 772995.280122449621558, 6188515.568855937570333 ], [ 772995.562240985920653, 6188516.528196392580867 ], [ 772995.844359511975199, 6188517.487536854110658 ], [ 772996.126478025689721, 6188518.44687732309103 ], [ 772996.408596527762711, 6188519.406217799521983 ], [ 772996.69071501865983, 6188520.365558283403516 ], [ 772996.972833497799002, 6188521.324898771941662 ], [ 772997.254951964598149, 6188522.284239270724356 ], [ 772997.537070421036333, 6188523.243579774163663 ], [ 772997.819188864901662, 6188524.202920285984874 ], [ 772998.101307297358289, 6188525.162260802462697 ], [ 772998.383425718406215, 6188526.121601328253746 ], [ 772998.665544126881287, 6188527.080941861495376 ], [ 772998.947662524995394, 6188528.040282400324941 ], [ 772999.229780910653062, 6188528.999622946605086 ], [ 772999.511899284785613, 6188529.958963500335813 ], [ 772999.794017647625878, 6188530.918304061517119 ], [ 773000.076135997660458, 6188531.877644628286362 ], [ 773000.35825433768332, 6188532.836985200643539 ], [ 773000.640372665133327, 6188533.796325784176588 ], [ 773000.922490981058218, 6188534.755666373297572 ], [ 773001.204609285574406, 6188535.715006966143847 ], [ 773001.486727578565478, 6188536.674347570165992 ], [ 773001.768845860380679, 6188537.633688179776073 ], [ 773002.050964129390195, 6188538.593028794974089 ], [ 773002.333082386991009, 6188539.552369417622685 ], [ 773002.615200633183122, 6188540.511710048653185 ], [ 773002.897318868082948, 6188541.471050687134266 ], [ 773003.17943709040992, 6188542.430391331203282 ], [ 773003.461555302259512, 6188543.389731981791556 ], [ 773003.743673501652665, 6188544.349072640761733 ], [ 773004.025791689520702, 6188545.308413304388523 ], [ 773004.307909866212867, 6188546.267753978259861 ], [ 773004.590028031379916, 6188547.227094657719135 ], [ 773004.872146183857694, 6188548.186435343697667 ], [ 773005.154264325043187, 6188549.14577603712678 ], [ 773005.436382454819977, 6188550.105116738006473 ], [ 773005.718500573188066, 6188551.064457446336746 ], [ 773006.000618679914623, 6188552.023798160254955 ], [ 773006.28273677546531, 6188552.983138881623745 ], [ 773006.56485485821031, 6188553.942479609511793 ], [ 773006.846972929663025, 6188554.901820346713066 ], [ 773007.129090989707038, 6188555.861161086708307 ], [ 773007.411209038458765, 6188556.820501837879419 ], [ 773007.693327075568959, 6188557.779842593707144 ], [ 773007.975445100106299, 6188558.739183358848095 ], [ 773008.257563113234937, 6188559.698524128645658 ], [ 773008.539681115187705, 6188560.657864905893803 ], [ 773008.694148181239143, 6188561.183129366487265 ], [ 773008.709909233031794, 6188562.182967799715698 ], [ 773008.72567027178593, 6188563.182806231081486 ], [ 773008.741431297268718, 6188564.182644663378596 ], [ 773008.757192308548838, 6188565.182483095675707 ], [ 773008.772953306790441, 6188566.182321527972817 ], [ 773008.788714291760698, 6188567.182159960269928 ], [ 773008.80447526241187, 6188568.181998392567039 ], [ 773008.820236219791695, 6188569.181836824864149 ], [ 773008.83599716424942, 6188570.181675259023905 ], [ 773008.851758094271645, 6188571.181513690389693 ], [ 773008.867519011022523, 6188572.181352122686803 ], [ 773008.883279913570732, 6188573.181190555915236 ], [ 773008.899040804244578, 6188574.18102898914367 ], [ 773008.914801679318771, 6188575.180867422372103 ], [ 773008.930562541238032, 6188576.180705852806568 ], [ 773008.946323390002362, 6188577.180544285103679 ], [ 773008.962084225728177, 6188578.180382719263434 ], [ 773008.977845046902075, 6188579.1802211496979 ], [ 773008.993605855153874, 6188580.180059583857656 ], [ 773009.009366649086587, 6188581.179898016154766 ], [ 773009.025127430912107, 6188582.179736449383199 ], [ 773009.04088819725439, 6188583.179574882611632 ], [ 773009.056648951722309, 6188584.179413314908743 ], [ 773009.072409691871144, 6188585.179251746274531 ], [ 773009.088170417584479, 6188586.179090181365609 ], [ 773009.103931130142882, 6188587.17892861366272 ], [ 773009.11969182966277, 6188588.17876704595983 ], [ 773009.135452515911311, 6188589.178605478256941 ], [ 773009.151213187957183, 6188590.178443911485374 ], [ 773009.166973846964538, 6188591.178282344713807 ], [ 773009.182734491303563, 6188592.178120777010918 ], [ 773009.198495122836903, 6188593.177959210239351 ], [ 773009.214255739934742, 6188594.177797645330429 ], [ 773009.230016344925389, 6188595.17763607762754 ], [ 773009.245776935713366, 6188596.17747450992465 ], [ 773009.261537512298673, 6188597.177312943153083 ], [ 773009.277298075612634, 6188598.177151377312839 ], [ 773009.293058625655249, 6188599.17698980960995 ], [ 773009.308819161378779, 6188600.176828242838383 ], [ 773009.324579684063792, 6188601.176666675135493 ], [ 773009.340340193593875, 6188602.176505108363926 ], [ 773009.356100688921288, 6188603.176343543455005 ], [ 773009.371861170977354, 6188604.176181975752115 ], [ 773009.387621638714336, 6188605.176020408980548 ], [ 773009.403382094576955, 6188606.175858842208982 ], [ 773009.419142534723505, 6188607.175697276368737 ], [ 773009.434902963112108, 6188608.175535708665848 ], [ 773009.450663376948796, 6188609.175374142825603 ], [ 773009.46642377669923, 6188610.175212575122714 ], [ 773009.482184164458886, 6188611.17505100928247 ], [ 773009.497944537783042, 6188612.174889442510903 ], [ 773009.513704896788113, 6188613.174727875739336 ], [ 773009.529465242754668, 6188614.174566309899092 ], [ 773009.545225575566292, 6188615.174404744058847 ], [ 773009.560985893826, 6188616.174243174493313 ], [ 773009.576746199047193, 6188617.174081607721746 ], [ 773009.592506491229869, 6188618.173920041881502 ], [ 773009.608266768977046, 6188619.17375847697258 ], [ 773009.624027033685707, 6188620.173596909269691 ], [ 773009.63978728512302, 6188621.173435343429446 ], [ 773009.65554752247408, 6188622.173273777589202 ], [ 773009.671307746553794, 6188623.173112211748958 ], [ 773009.687067956198007, 6188624.172950644046068 ], [ 773009.702828152803704, 6188625.172789078205824 ], [ 773009.71858833625447, 6188626.17262751236558 ], [ 773009.734348505269736, 6188627.17246594466269 ], [ 773009.750108661362901, 6188628.172304377891123 ], [ 773009.765868802787736, 6188629.172142812982202 ], [ 773009.781628932454623, 6188630.171981247141957 ], [ 773009.797389046754688, 6188631.171819681301713 ], [ 773009.813149148831144, 6188632.171658115461469 ], [ 773009.828909236704931, 6188633.171496548689902 ], [ 773009.844669311540201, 6188634.171334982849658 ], [ 773009.860429371939972, 6188635.171173417009413 ], [ 773009.876189419068396, 6188636.171011850237846 ], [ 773009.891949451994151, 6188637.170850284397602 ], [ 773009.907709473045543, 6188638.170688718557358 ], [ 773009.923469478497282, 6188639.170527152717113 ], [ 773009.939229471958242, 6188640.170365585945547 ], [ 773009.954989451216534, 6188641.170204020105302 ], [ 773009.970749417087063, 6188642.170042455196381 ], [ 773009.986509368987754, 6188643.169880890287459 ], [ 773010.002269307384267, 6188644.169719323515892 ], [ 773010.018029231694527, 6188645.169557755813003 ], [ 773010.033789143897593, 6188646.169396189972758 ], [ 773010.049549040617421, 6188647.169234625995159 ], [ 773010.065308925462887, 6188648.169073060154915 ], [ 773010.081068795989268, 6188649.168911494314671 ], [ 773010.096828653244302, 6188650.168749928474426 ], [ 773010.112588496180251, 6188651.168588364496827 ], [ 773010.128348326077685, 6188652.168426795862615 ], [ 773010.144108142703772, 6188653.168265231885016 ], [ 773010.159867945127189, 6188654.168103666976094 ], [ 773010.175627734395675, 6188655.16794210113585 ], [ 773010.191387509228662, 6188656.167780531570315 ], [ 773010.207147271139547, 6188657.167618967592716 ], [ 773010.222907019779086, 6188658.167457401752472 ], [ 773010.238666753983125, 6188659.167295837774873 ], [ 773010.254426475148648, 6188660.167134270071983 ], [ 773010.270186183042824, 6188661.166972706094384 ], [ 773010.285945876734331, 6188662.16681114025414 ], [ 773010.301705557387322, 6188663.166649574413896 ], [ 773010.317465223371983, 6188664.166488008573651 ], [ 773010.333224876550958, 6188665.166326442733407 ], [ 773010.348984516458586, 6188666.166164878755808 ], [ 773010.36474414204713, 6188667.166003312915564 ], [ 773010.380503754597157, 6188668.165841747075319 ], [ 773010.396263353759423, 6188669.16568018309772 ], [ 773010.412022938719019, 6188670.165518617257476 ], [ 773010.4277825106401, 6188671.165357053279877 ], [ 773010.443542069289833, 6188672.165195485576987 ], [ 773010.459301613504067, 6188673.165033921599388 ], [ 773010.475061144912615, 6188674.164872355759144 ], [ 773010.490820661652833, 6188675.164710791781545 ], [ 773010.506580165354535, 6188676.1645492259413 ], [ 773010.522339656017721, 6188677.164387661963701 ], [ 773010.538099132245407, 6188678.164226096123457 ], [ 773010.553858595434576, 6188679.164064530283213 ], [ 773010.569618044188246, 6188680.163902964442968 ], [ 773010.5853774799034, 6188681.163741401396692 ], [ 773010.585501046618447, 6188681.171580964699388 ], [ 773010.727368242572993, 6188682.161428911611438 ], [ 773010.869235424557701, 6188683.151276860386133 ], [ 773011.011102593736723, 6188684.141124812886119 ], [ 773011.15296975011006, 6188685.130972770042717 ], [ 773011.294836892513558, 6188686.120820729061961 ], [ 773011.436704021878541, 6188687.110668690875173 ], [ 773011.578571138670668, 6188688.10051665827632 ], [ 773011.72043824265711, 6188689.090364628471434 ], [ 773011.862305332557298, 6188690.080212600529194 ], [ 773012.004172409651801, 6188691.070060578174889 ], [ 773012.146039473009296, 6188692.059908556751907 ], [ 773012.287906524376012, 6188693.049756541848183 ], [ 773012.429773562005721, 6188694.039604528807104 ], [ 773012.571640586713329, 6188695.029452520422637 ], [ 773012.713507597451098, 6188696.019300512038171 ], [ 773012.855374595266767, 6188697.009148508310318 ], [ 773012.997241580393165, 6188697.998996511101723 ], [ 773013.139108552830294, 6188698.98884451482445 ], [ 773013.280975510948338, 6188699.978692520409822 ], [ 773013.422842456493527, 6188700.968540532514453 ], [ 773013.564709389116615, 6188701.958388546481729 ], [ 773013.706576309050433, 6188702.948236564174294 ], [ 773013.848443215014413, 6188703.938084585592151 ], [ 773013.990310108172707, 6188704.927932612597942 ], [ 773014.132176987244748, 6188705.917780639603734 ], [ 773014.274043854791671, 6188706.907628670334816 ], [ 773014.415910708135925, 6188707.897476704791188 ], [ 773014.557777547626756, 6188708.887324742972851 ], [ 773014.699644375476055, 6188709.877172786742449 ], [ 773014.84151118947193, 6188710.867020832374692 ], [ 773014.98337799042929, 6188711.85686887986958 ], [ 773015.125244778697379, 6188712.846716931089759 ], [ 773015.267111552879214, 6188713.83656498696655 ], [ 773015.40897831437178, 6188714.826413046568632 ], [ 773015.550845063058659, 6188715.816261109896004 ], [ 773015.692711797775701, 6188716.806109174154699 ], [ 773015.834578520618379, 6188717.795957242138684 ], [ 773015.97644522972405, 6188718.785805316641927 ], [ 773016.118311924859881, 6188719.77565339114517 ], [ 773016.26017860812135, 6188720.765501471236348 ], [ 773016.402045277645811, 6188721.755349555052817 ], [ 773016.543911933200434, 6188722.745197638869286 ], [ 773016.685778576880693, 6188723.735045729205012 ], [ 773016.82764520670753, 6188724.724893824197352 ], [ 773016.969511823728681, 6188725.714741919189692 ], [ 773017.111378428060561, 6188726.704590020701289 ], [ 773017.253245018189773, 6188727.694438122212887 ], [ 773017.395111595513299, 6188728.684286231175065 ], [ 773017.53697816026397, 6188729.674134341068566 ], [ 773017.678844710811973, 6188730.663982454687357 ], [ 773017.820711248554289, 6188731.653830571100116 ], [ 773017.962577773607336, 6188732.643678692169487 ], [ 773018.104444285738282, 6188733.633526815101504 ], [ 773018.246310783899389, 6188734.623374942690134 ], [ 773018.388177269254811, 6188735.613223074004054 ], [ 773018.530043741920963, 6188736.603071207180619 ], [ 773018.671910201665014, 6188737.59291934594512 ], [ 773018.813776647439227, 6188738.582767486572266 ], [ 773018.955643080407754, 6188739.572615631856024 ], [ 773019.097509499290027, 6188740.562463779002428 ], [ 773019.239375906647183, 6188741.552311930805445 ], [ 773019.381242300034501, 6188742.542160086333752 ], [ 773019.523108679335564, 6188743.532008244656026 ], [ 773019.664975047111511, 6188744.521856403909624 ], [ 773019.806841400917619, 6188745.511704567819834 ], [ 773019.948707741685212, 6188746.501552739180624 ], [ 773020.090574068715796, 6188747.491400911472738 ], [ 773020.232440383872017, 6188748.481249085627496 ], [ 773020.374306685407646, 6188749.471097266301513 ], [ 773020.516172973788343, 6188750.460945446044207 ], [ 773020.658039248315617, 6188751.450793631374836 ], [ 773020.799905510037206, 6188752.440641822293401 ], [ 773020.941771758953109, 6188753.430490014143288 ], [ 773021.083637995063327, 6188754.420338210649788 ], [ 773021.225504217203707, 6188755.410186409950256 ], [ 773021.367370426421985, 6188756.400034612044692 ], [ 773021.509236622834578, 6188757.389882817864418 ], [ 773021.651102805510163, 6188758.379731026478112 ], [ 773021.792968976311386, 6188759.369579239748418 ], [ 773021.934835131978616, 6188760.359427457675338 ], [ 773022.076701276004314, 6188761.349275675602257 ], [ 773022.218567406060174, 6188762.339123899117112 ], [ 773022.360433523310348, 6188763.32897212728858 ], [ 773022.502299627754837, 6188764.31882035639137 ], [ 773022.644165719393641, 6188765.308668591082096 ], [ 773022.786031797062606, 6188766.29851682856679 ], [ 773022.927897861925885, 6188767.288365067914128 ], [ 773023.069763912819326, 6188768.27821331191808 ], [ 773023.211629951954819, 6188769.268061558715999 ], [ 773023.353495977120474, 6188770.257909810170531 ], [ 773023.495361988432705, 6188771.247758062556386 ], [ 773023.637227987870574, 6188772.237606319598854 ], [ 773023.779093973571435, 6188773.227454582229257 ], [ 773023.92095994646661, 6188774.217302845790982 ], [ 773024.062825906439684, 6188775.207151113077998 ], [ 773024.204691852326505, 6188776.196999385021627 ], [ 773024.346557785640471, 6188777.186847658827901 ], [ 773024.48842370591592, 6188778.176695935428143 ], [ 773024.630289612337947, 6188779.166544219478965 ], [ 773024.772155505837873, 6188780.156392503529787 ], [ 773024.914021386764944, 6188781.146240792237222 ], [ 773025.055887254653499, 6188782.136089084669948 ], [ 773025.197753108572215, 6188783.125937378965318 ], [ 773025.339618949801661, 6188784.115785677917302 ], [ 773025.481484778225422, 6188785.105633981525898 ], [ 773025.623350593610667, 6188786.095482286065817 ], [ 773025.765216395258904, 6188787.085330595262349 ], [ 773025.90708218398504, 6188788.075178905390203 ], [ 773026.048947958741337, 6188789.065027221105993 ], [ 773026.190813720691949, 6188790.05487553961575 ], [ 773026.332679469836876, 6188791.044723863713443 ], [ 773026.474545206176117, 6188792.034572191536427 ], [ 773026.616410929593258, 6188793.024420520290732 ], [ 773026.758276639156975, 6188794.014268852770329 ], [ 773026.900142335798591, 6188795.004117188043892 ], [ 773027.042008018470369, 6188795.993965527974069 ], [ 773027.183873689500615, 6188796.983813870698214 ], [ 773027.325739346677437, 6188797.973662219941616 ], [ 773027.467604991048574, 6188798.963510569185019 ], [ 773027.609470621217042, 6188799.953358921222389 ], [ 773027.751336238812655, 6188800.943207278847694 ], [ 773027.893201843369752, 6188801.933055639266968 ], [ 773028.035067435121164, 6188802.922904001548886 ], [ 773028.176933013019152, 6188803.91275236941874 ], [ 773028.318798578111455, 6188804.902600739151239 ], [ 773028.395551956258714, 6188805.438137408345938 ], [ 773028.454725029878318, 6188806.436347900889814 ], [ 773028.513898090226576, 6188807.434558392502367 ], [ 773028.573071136372164, 6188808.432768887840211 ], [ 773028.632244169013575, 6188809.430979382246733 ], [ 773028.691417188965715, 6188810.429189881309867 ], [ 773028.750590194365941, 6188811.427400377579033 ], [ 773028.809763187891804, 6188812.425610876642168 ], [ 773028.868936165934429, 6188813.423821376636624 ], [ 773028.928109131986275, 6188814.422031879425049 ], [ 773028.987282083602622, 6188815.420242380350828 ], [ 773029.0464550210163, 6188816.418452885001898 ], [ 773029.105627946439199, 6188817.416663391515613 ], [ 773029.164800857659429, 6188818.414873898029327 ], [ 773029.223973754560575, 6188819.413084404543042 ], [ 773029.283146639354527, 6188820.411294913850725 ], [ 773029.34231950994581, 6188821.409505423158407 ], [ 773029.401492366218008, 6188822.407715934328735 ], [ 773029.460665210266598, 6188823.405926447361708 ], [ 773029.519838040461764, 6188824.404136959463358 ], [ 773029.579010855988599, 6188825.402347473427653 ], [ 773029.638183659641072, 6188826.400557991117239 ], [ 773029.697356447926722, 6188827.398768507875502 ], [ 773029.756529224105179, 6188828.39697902649641 ], [ 773029.815701986197382, 6188829.395189546048641 ], [ 773029.874874734785408, 6188830.393400065600872 ], [ 773029.934047470451333, 6188831.391610587015748 ], [ 773029.993220191798173, 6188832.389821110293269 ], [ 773030.052392899990082, 6188833.388031635433435 ], [ 773030.111565595027059, 6188834.386242160573602 ], [ 773030.170738275861368, 6188835.384452685713768 ], [ 773030.229910943424329, 6188836.382663215510547 ], [ 773030.289083597832359, 6188837.380873745307326 ], [ 773030.34825623803772, 6188838.379084274172783 ], [ 773030.407428864971735, 6188839.37729480676353 ], [ 773030.466601478867233, 6188840.375505337491632 ], [ 773030.525774078443646, 6188841.373715871945024 ], [ 773030.584946664865129, 6188842.371926408261061 ], [ 773030.644119237083942, 6188843.37013694550842 ], [ 773030.703291797195561, 6188844.36834748275578 ], [ 773030.762464343104511, 6188845.36655802000314 ], [ 773030.821636874461547, 6188846.364768560044467 ], [ 773030.880809393012896, 6188847.362979101017118 ], [ 773030.939981898176484, 6188848.36118964292109 ], [ 773030.999154390301555, 6188849.359400188550353 ], [ 773031.058326868107542, 6188850.357610733248293 ], [ 773031.117499332758598, 6188851.355821278877556 ], [ 773031.176671784138307, 6188852.354031825438142 ], [ 773031.235844221315347, 6188853.352242373861372 ], [ 773031.295016645570286, 6188854.350452923215926 ], [ 773031.354189055273309, 6188855.348663473501801 ], [ 773031.413361452985555, 6188856.346874026581645 ], [ 773031.472533836495131, 6188857.345084578730166 ], [ 773031.531706205685623, 6188858.343295134603977 ], [ 773031.590878561837599, 6188859.341505688615143 ], [ 773031.650050904601812, 6188860.339716245420277 ], [ 773031.70922323432751, 6188861.337926803156734 ], [ 773031.768395549734123, 6188862.336137363687158 ], [ 773031.82756785210222, 6188863.334347922354937 ], [ 773031.886740140151232, 6188864.332558484748006 ], [ 773031.945912416093051, 6188865.33076904527843 ], [ 773032.005084676668048, 6188866.328979610465467 ], [ 773032.064256925135851, 6188867.327190175652504 ], [ 773032.123429159400985, 6188868.325400741770864 ], [ 773032.182601380511187, 6188869.323611309751868 ], [ 773032.241773588582873, 6188870.321821880526841 ], [ 773032.30094578221906, 6188871.320032449439168 ], [ 773032.36011796281673, 6188872.318243021145463 ], [ 773032.419290128978901, 6188873.316453591920435 ], [ 773032.47846228198614, 6188874.314664164558053 ], [ 773032.537634421838447, 6188875.312874740920961 ], [ 773032.596806548768654, 6188876.311085317283869 ], [ 773032.655978661146946, 6188877.309295893646777 ], [ 773032.715150760486722, 6188878.30750647187233 ], [ 773032.774322845507413, 6188879.305717051029205 ], [ 773032.833494917489588, 6188880.303927633911371 ], [ 773032.892666976200417, 6188881.302138214930892 ], [ 773032.951839021872729, 6188882.30034879874438 ], [ 773033.011011053109542, 6188883.298559382557869 ], [ 773033.070183071307838, 6188884.29676996730268 ], [ 773033.12935507518705, 6188885.294980555772781 ], [ 773033.18852706591133, 6188886.293191142380238 ], [ 773033.247699043480679, 6188887.291401732712984 ], [ 773033.306871007895097, 6188888.289612322114408 ], [ 773033.366042958106846, 6188889.287822913378477 ], [ 773033.425214895047247, 6188890.286033505573869 ], [ 773033.48438681778498, 6188891.284244101494551 ], [ 773033.543558727251366, 6188892.282454695552588 ], [ 773033.602730623679236, 6188893.280665292404592 ], [ 773033.661902506835759, 6188894.278875889256597 ], [ 773033.721074375789613, 6188895.277086488902569 ], [ 773033.780246231588535, 6188896.275297087617218 ], [ 773033.839418073184788, 6188897.273507689125836 ], [ 773033.898589901393279, 6188898.271718291565776 ], [ 773033.957761716796085, 6188899.269928894937038 ], [ 773034.01693351753056, 6188900.268139500170946 ], [ 773034.076105306623504, 6188901.266350105404854 ], [ 773034.135277079883963, 6188902.264560714364052 ], [ 773034.19444884150289, 6188903.262771321460605 ], [ 773034.253620588686317, 6188904.260981930419803 ], [ 773034.312792322714813, 6188905.259192541241646 ], [ 773034.371964042307809, 6188906.257403153926134 ], [ 773034.431135748978704, 6188907.255613766610622 ], [ 773034.490307442378253, 6188908.253824381157756 ], [ 773034.549479121575132, 6188909.252034996636212 ], [ 773034.608650788781233, 6188910.250245613977313 ], [ 773034.667822440387681, 6188911.248456230387092 ], [ 773034.726994080236182, 6188912.246666851453483 ], [ 773034.786165705532767, 6188913.244877472519875 ], [ 773034.845337317790836, 6188914.243088094517589 ], [ 773034.904508915729821, 6188915.241298714652658 ], [ 773034.963680500513874, 6188916.239509340375662 ], [ 773035.022852072142996, 6188917.237719964236021 ], [ 773035.082023629569449, 6188918.235930591821671 ], [ 773035.141195173724554, 6188919.23414121940732 ], [ 773035.200366704724729, 6188920.232351848855615 ], [ 773035.25953822163865, 6188921.230562478303909 ], [ 773035.318709726328962, 6188922.228773109614849 ], [ 773035.377881215652451, 6188923.226983740925789 ], [ 773035.437052692985162, 6188924.225194374099374 ], [ 773035.496224155998789, 6188925.223405009135604 ], [ 773035.555395604809746, 6188926.221615646034479 ], [ 773035.614567041629925, 6188927.219826282002032 ], [ 773035.673738463898189, 6188928.218036921694875 ], [ 773035.732909873360768, 6188929.21624756231904 ], [ 773035.792081268271431, 6188930.214458200149238 ], [ 773035.851252650143579, 6188931.212668843567371 ], [ 773035.91042401897721, 6188932.210879487916827 ], [ 773035.969595373375341, 6188933.209090132266283 ], [ 773036.028766714502126, 6188934.207300774753094 ], [ 773036.087938042590395, 6188935.20551142282784 ], [ 773036.147109356475994, 6188936.203722070902586 ], [ 773036.206280657206662, 6188937.201932720839977 ], [ 773036.265451944665983, 6188938.200143370777369 ], [ 773036.32462321780622, 6188939.19835402444005 ], [ 773036.383794477907941, 6188940.196564676240087 ], [ 773036.415332454256713, 6188940.728605886921287 ], [ 773036.637803426478058, 6188941.703507120721042 ], [ 773036.860274385544471, 6188942.678408361040056 ], [ 773037.082745333667845, 6188943.653309604153037 ], [ 773037.305216268403456, 6188944.628210855647922 ], [ 773037.527687190100551, 6188945.603112110868096 ], [ 773037.750158100854605, 6188946.578013371676207 ], [ 773037.972628998570144, 6188947.552914639934897 ], [ 773038.195099883014336, 6188948.527815911918879 ], [ 773038.417570756399073, 6188949.50271719135344 ], [ 773038.640041616745293, 6188950.477618472650647 ], [ 773038.86251246498432, 6188951.452519761398435 ], [ 773039.084983300068416, 6188952.427421055734158 ], [ 773039.307454123161733, 6188953.402322355657816 ], [ 773039.529924934031442, 6188954.37722366116941 ], [ 773039.752395731862634, 6188955.352124973200262 ], [ 773039.974866517586634, 6188956.327026288956404 ], [ 773040.197337291203439, 6188957.301927611231804 ], [ 773040.419808052945882, 6188958.27682893909514 ], [ 773040.642278801416978, 6188959.251730272546411 ], [ 773040.864749537780881, 6188960.226631609722972 ], [ 773041.087220261106268, 6188961.201532956212759 ], [ 773041.309690973372199, 6188962.176434304565191 ], [ 773041.532161672483198, 6188963.151335660368204 ], [ 773041.754632358439267, 6188964.12623702082783 ], [ 773041.977103032171726, 6188965.101138386875391 ], [ 773042.199573694029823, 6188966.07603975944221 ], [ 773042.422044343897142, 6188967.05094113573432 ], [ 773042.644514980493113, 6188968.02584251947701 ], [ 773042.866985605098307, 6188969.000743908807635 ], [ 773043.089456217596307, 6188969.975645301863551 ], [ 773043.311926816822961, 6188970.950546702370048 ], [ 773043.534397404058836, 6188971.925448106601834 ], [ 773043.756867979187518, 6188972.900349516421556 ], [ 773043.979338542558253, 6188973.875250933691859 ], [ 773044.20180909242481, 6188974.85015235375613 ], [ 773044.424279629136436, 6188975.825053779408336 ], [ 773044.646750155137852, 6188976.799955214373767 ], [ 773044.869220667867921, 6188977.774856651201844 ], [ 773045.091691168490797, 6188978.749758094549179 ], [ 773045.314161655725911, 6188979.724659543484449 ], [ 773045.536632132367231, 6188980.699560998007655 ], [ 773045.759102594573051, 6188981.674462459981441 ], [ 773045.981573045952246, 6188982.649363925680518 ], [ 773046.204043484060094, 6188983.624265396036208 ], [ 773046.426513910060748, 6188984.599166871979833 ], [ 773046.64898432418704, 6188985.574068355374038 ], [ 773046.871454725041986, 6188986.548969843424857 ], [ 773047.093925113673322, 6188987.523871337994933 ], [ 773047.316395490430295, 6188988.498772835358977 ], [ 773047.538865854032338, 6188989.473674340173602 ], [ 773047.761336205527186, 6188990.448575850576162 ], [ 773047.983806544914842, 6188991.423477366566658 ], [ 773048.20627687103115, 6188992.398378887213767 ], [ 773048.428747185389511, 6188993.373280413448811 ], [ 773048.651217487407848, 6188994.348181946203113 ], [ 773048.873687776504084, 6188995.323083482682705 ], [ 773049.096158053260297, 6188996.297985026612878 ], [ 773049.318628318142146, 6188997.272886575199664 ], [ 773049.541098569752648, 6188998.247788129374385 ], [ 773049.763568810652941, 6188999.222689688205719 ], [ 773049.986039037001319, 6189000.197591251693666 ], [ 773050.208509252639487, 6189001.172492824494839 ], [ 773050.430979454889894, 6189002.147394401021302 ], [ 773050.653449645265937, 6189003.122295981273055 ], [ 773050.875919822137803, 6189004.097197569906712 ], [ 773051.098389988299459, 6189005.072099162265658 ], [ 773051.320860141306184, 6189006.047000759281218 ], [ 773051.543330281157978, 6189007.021902363747358 ], [ 773051.765800410183147, 6189007.996803974732757 ], [ 773051.988270525704138, 6189008.9717055875808 ], [ 773052.210740628186613, 6189009.946607209742069 ], [ 773052.433210718678311, 6189010.921508835628629 ], [ 773052.655680797062814, 6189011.896410468034446 ], [ 773052.87815086345654, 6189012.871312103234231 ], [ 773053.100620917743072, 6189013.846213745884597 ], [ 773053.323090958874673, 6189014.821115395054221 ], [ 773053.545560986734927, 6189015.796017048880458 ], [ 773053.768031003768556, 6189016.770918707363307 ], [ 773053.990501007647254, 6189017.74582037422806 ], [ 773054.212970999302343, 6189018.720722041092813 ], [ 773054.435440977918915, 6189019.695623718202114 ], [ 773054.65791094454471, 6189020.670525399968028 ], [ 773054.880380898946896, 6189021.645427086390555 ], [ 773055.102850841358304, 6189022.620328777469695 ], [ 773055.325320770498365, 6189023.595230475068092 ], [ 773055.547790687764063, 6189024.570132179185748 ], [ 773055.770260591758415, 6189025.545033888891339 ], [ 773055.992730484809726, 6189026.519935601390898 ], [ 773056.215200363658369, 6189027.494837321341038 ], [ 773056.437670231447555, 6189028.469739047810435 ], [ 773056.660140085965395, 6189029.444640778005123 ], [ 773056.882609928725287, 6189030.419542513787746 ], [ 773057.105079759377986, 6189031.39444425702095 ], [ 773057.327549576759338, 6189032.36934600584209 ], [ 773057.550019381917082, 6189033.344247758388519 ], [ 773057.577785918256268, 6189033.465925599448383 ], [ 773057.360449633561075, 6189034.441984603181481 ], [ 773057.14311333745718, 6189035.418043604120612 ], [ 773056.925777028431185, 6189036.394102597609162 ], [ 773056.708440707763657, 6189037.370161583647132 ], [ 773056.491104374290444, 6189038.346220564097166 ], [ 773056.273768029175699, 6189039.322279538959265 ], [ 773056.056431671255268, 6189040.298338508233428 ], [ 773055.83909530157689, 6189041.274397470057011 ], [ 773055.621758920373395, 6189042.250456425361335 ], [ 773055.40442252648063, 6189043.22651537694037 ], [ 773055.187086120713502, 6189044.202574320137501 ], [ 773054.96974970237352, 6189045.178633256815374 ], [ 773054.752413272159174, 6189046.154692189767957 ], [ 773054.535076830419712, 6189047.130751114338636 ], [ 773054.317740375874564, 6189048.106810033321381 ], [ 773054.100403908407316, 6189049.082868947647512 ], [ 773053.883067430695519, 6189050.058927852660418 ], [ 773053.665730939945206, 6189051.034986754879355 ], [ 773053.448394436505623, 6189052.011045651510358 ], [ 773053.231057921540923, 6189052.987104538828135 ], [ 773053.013721394585446, 6189053.963163422420621 ], [ 773052.796384855173528, 6189054.939222297631204 ], [ 773052.579048304003663, 6189055.915281169116497 ], [ 773052.361711740028113, 6189056.891340034082532 ], [ 773052.144375164294615, 6189057.867398891597986 ], [ 773051.927038577152416, 6189058.84345774166286 ], [ 773051.709701976971701, 6189059.819516589865088 ], [ 773051.492365364218131, 6189060.795575428754091 ], [ 773051.275028740754351, 6189061.771634262055159 ], [ 773051.057692104717717, 6189062.747693089768291 ], [ 773050.840355455642566, 6189063.723751910962164 ], [ 773050.623018795158714, 6189064.699810726568103 ], [ 773050.40568212303333, 6189065.675869535654783 ], [ 773050.18834543786943, 6189066.651928338222206 ], [ 773049.971008741063997, 6189067.627987136133015 ], [ 773049.75367203168571, 6189068.604045925661922 ], [ 773049.53633531043306, 6189069.580104709602892 ], [ 773049.329906402039342, 6189070.507176476530731 ], [ 773049.661028895992786, 6189071.450725036673248 ], [ 773049.992151378770359, 6189072.394273609854281 ], [ 773050.323273851769045, 6189073.337822187691927 ], [ 773050.654396313475445, 6189074.281370773911476 ], [ 773050.985518763307482, 6189075.224919369444251 ], [ 773051.316641204059124, 6189076.168467973358929 ], [ 773051.647763632936403, 6189077.112016584724188 ], [ 773051.978886050521396, 6189078.05556520447135 ], [ 773052.310008458327502, 6189078.999113831669092 ], [ 773052.641130853677168, 6189079.94266246818006 ], [ 773052.972253239480779, 6189080.886211112141609 ], [ 773053.303375614108518, 6189081.829759763553739 ], [ 773053.634497978724539, 6189082.773308425210416 ], [ 773053.965620331233367, 6189083.716857092455029 ], [ 773054.296742673963308, 6189084.660405769944191 ], [ 773054.62786500423681, 6189085.60395445395261 ], [ 773054.95898732484784, 6189086.547503147274256 ], [ 773055.290109634399414, 6189087.491051848977804 ], [ 773055.621231933822855, 6189088.434600559994578 ], [ 773055.952354221139103, 6189089.378149276599288 ], [ 773056.283476498792879, 6189090.321698004379869 ], [ 773056.614598763873801, 6189091.265246734954417 ], [ 773056.94572101929225, 6189092.208795478567481 ], [ 773057.276843263534829, 6189093.152344228699803 ], [ 773057.607965497998521, 6189094.095892986282706 ], [ 773057.939087720122188, 6189095.039441753178835 ], [ 773058.270209932466969, 6189095.982990529388189 ], [ 773058.601332133752294, 6189096.926539311185479 ], [ 773058.93245432281401, 6189097.870088102295995 ], [ 773059.263576503144577, 6189098.813636900857091 ], [ 773059.594698671251535, 6189099.757185708731413 ], [ 773059.925820828182623, 6189100.700734524056315 ], [ 773060.256942975451238, 6189101.644283348694444 ], [ 773060.588065111543983, 6189102.587832178920507 ], [ 773060.919187236577272, 6189103.531381022185087 ], [ 773061.250309350551106, 6189104.474929869174957 ], [ 773061.581431453465484, 6189105.418478725478053 ], [ 773061.895934995845892, 6189106.314672203734517 ], [ 773062.010383684537373, 6189107.308064271695912 ], [ 773062.124832360190339, 6189108.301456343382597 ], [ 773062.239281021989882, 6189109.29484841786325 ], [ 773062.353729670634493, 6189110.288240494206548 ], [ 773062.46817830670625, 6189111.281632574275136 ], [ 773062.582626928575337, 6189112.275024658069015 ], [ 773062.697075537522323, 6189113.268416742794216 ], [ 773062.811524133547209, 6189114.261808830313385 ], [ 773062.925972715602256, 6189115.255200919695199 ], [ 773063.040421284851618, 6189116.24859301187098 ], [ 773063.154869840014726, 6189117.241985108703375 ], [ 773063.269318382255733, 6189118.235377207398415 ], [ 773063.383766911458224, 6189119.2287693079561 ], [ 773063.498215426923707, 6189120.222161412239075 ], [ 773063.612663929350674, 6189121.21555352024734 ], [ 773063.72711241885554, 6189122.208945626392961 ], [ 773063.841560894390568, 6189123.202337739989161 ], [ 773063.95600935688708, 6189124.195729855448008 ], [ 773064.070457805530168, 6189125.189121973700821 ], [ 773064.184906241251156, 6189126.182514091953635 ], [ 773064.299354664050043, 6189127.175906214863062 ], [ 773064.413803072762676, 6189128.169298341497779 ], [ 773064.528251468553208, 6189129.162690468132496 ], [ 773064.642699851421639, 6189130.156082598492503 ], [ 773064.757148220436648, 6189131.149474732577801 ], [ 773064.87159657641314, 6189132.142866868525743 ], [ 773064.986044919700362, 6189133.136259008198977 ], [ 773065.100493248784915, 6189134.129651149734855 ], [ 773065.214941564947367, 6189135.123043294996023 ], [ 773065.32938986713998, 6189136.116435440257192 ], [ 773065.443838156410493, 6189137.109827591106296 ], [ 773065.558286432758905, 6189138.103219743818045 ], [ 773065.672734695137478, 6189139.096611898392439 ], [ 773065.787182944593951, 6189140.090004056692123 ], [ 773065.90163117996417, 6189141.083396214991808 ], [ 773066.016079403809272, 6189142.076788378879428 ], [ 773066.130527612287551, 6189143.070180545561016 ], [ 773066.244975809007883, 6189144.063572714105248 ], [ 773066.359423991758376, 6189145.056964884512126 ], [ 773066.473872160422616, 6189146.05035706050694 ], [ 773066.588320317445323, 6189147.043749236501753 ], [ 773066.702768460381776, 6189148.037141415290534 ], [ 773066.81721658911556, 6189149.030533596873283 ], [ 773066.931664706207812, 6189150.023925782181323 ], [ 773067.046112808166072, 6189151.017317969352007 ], [ 773067.1605608984828, 6189152.010710159316659 ], [ 773067.275008974480443, 6189153.004102352075279 ], [ 773067.389457036624663, 6189153.997494546696544 ], [ 773067.503905087010935, 6189154.990886745043099 ], [ 773067.618353123310953, 6189155.984278946183622 ], [ 773067.732801145524718, 6189156.977671151049435 ], [ 773067.847249156213365, 6189157.971063356846571 ], [ 773067.961697151651606, 6189158.964455565437675 ], [ 773068.076145135099068, 6189159.957847775891423 ], [ 773068.190593104693107, 6189160.951239991001785 ], [ 773068.305041061481461, 6189161.944632209837437 ], [ 773068.41948900395073, 6189162.938024429604411 ], [ 773068.533936933847144, 6189163.931416651234031 ], [ 773068.648384850705042, 6189164.924808875657618 ], [ 773068.762832753360271, 6189165.918201101943851 ], [ 773068.877280643442646, 6189166.911593332886696 ], [ 773068.991728519322351, 6189167.904985565692186 ], [ 773069.106176383444108, 6189168.898377802222967 ], [ 773069.220624232431874, 6189169.891770041547716 ], [ 773069.335072069661692, 6189170.885162282735109 ], [ 773069.449519892921671, 6189171.878554526716471 ], [ 773069.563967701978981, 6189172.871946772560477 ], [ 773069.67841549939476, 6189173.865339022129774 ], [ 773069.792863282840699, 6189174.858731273561716 ], [ 773069.907311052083969, 6189175.852123529650271 ], [ 773070.021758808521554, 6189176.845515787601471 ], [ 773070.136206552153453, 6189177.838908048346639 ], [ 773070.250654281582683, 6189178.832300309091806 ], [ 773070.365101999370381, 6189179.825692573562264 ], [ 773070.479549701907672, 6189180.819084842689335 ], [ 773070.593997391522862, 6189181.812477113679051 ], [ 773070.708445068448782, 6189182.805869387462735 ], [ 773070.822892732336186, 6189183.799261663109064 ], [ 773070.937340382137336, 6189184.792653942480683 ], [ 773071.051788019016385, 6189185.786046223714948 ], [ 773071.166235642042011, 6189186.779438508674502 ], [ 773071.280683253193274, 6189187.772830795496702 ], [ 773071.395130849210545, 6189188.766223086044192 ], [ 773071.509578433586285, 6189189.759615378454328 ], [ 773071.624026003759354, 6189190.753007674589753 ], [ 773071.738473559962586, 6189191.746399969793856 ], [ 773071.852921103127301, 6189192.739792270585895 ], [ 773071.967368633719161, 6189193.733184576034546 ], [ 773072.081816151039675, 6189194.726576879620552 ], [ 773072.196263654623181, 6189195.719969190657139 ], [ 773072.31071114516817, 6189196.713361500762403 ], [ 773072.425158621626906, 6189197.706753814592957 ], [ 773072.539606085279956, 6189198.70014613121748 ], [ 773072.65121794026345, 6189199.668925764039159 ], [ 773072.710385676473379, 6189200.667137013748288 ], [ 773072.76955340069253, 6189201.665348263457417 ], [ 773072.828721110592596, 6189202.663559515029192 ], [ 773072.887888807337731, 6189203.661770771257579 ], [ 773072.947056489763781, 6189204.659982024691999 ], [ 773073.006224159151316, 6189205.658193281851709 ], [ 773073.065391815267503, 6189206.656404538080096 ], [ 773073.124559457181022, 6189207.654615797102451 ], [ 773073.183727085823193, 6189208.652827055193484 ], [ 773073.242894701426849, 6189209.651038316078484 ], [ 773073.302062303759158, 6189210.649249577894807 ], [ 773073.361229892005213, 6189211.647460841573775 ], [ 773073.420397465815768, 6189212.645672105252743 ], [ 773073.479565027635545, 6189213.643883371725678 ], [ 773073.538732575136237, 6189214.642094637267292 ], [ 773073.597900109365582, 6189215.640305905602872 ], [ 773073.657067629508674, 6189216.638517174869776 ], [ 773073.716235136380419, 6189217.636728445999324 ], [ 773073.775402630213648, 6189218.63493971619755 ], [ 773073.834570109611377, 6189219.633150989189744 ], [ 773073.89373757597059, 6189220.631362262181938 ], [ 773073.952905029174872, 6189221.629573537036777 ], [ 773074.012072469107807, 6189222.627784814685583 ], [ 773074.071239894838072, 6189223.62599609233439 ], [ 773074.130407306249253, 6189224.624207371845841 ], [ 773074.189574705669656, 6189225.622418650425971 ], [ 773074.248742090770975, 6189226.620629931800067 ], [ 773074.307909462833777, 6189227.618841214105487 ], [ 773074.367076820461079, 6189228.617052497342229 ], [ 773074.426244164933451, 6189229.615263780578971 ], [ 773074.485411496367306, 6189230.613475067541003 ], [ 773074.544578813249245, 6189231.611686354503036 ], [ 773074.6037461173255, 6189232.609897643327713 ], [ 773074.662913407897577, 6189233.608108931221068 ], [ 773074.722080685663968, 6189234.606320224702358 ], [ 773074.78124794899486, 6189235.604531515389681 ], [ 773074.840415197890252, 6189236.602742808870971 ], [ 773074.899582434911281, 6189237.600954102352262 ], [ 773074.958749657613225, 6189238.599165397696197 ], [ 773075.017916867160238, 6189239.597376694902778 ], [ 773075.077084062388167, 6189240.595587993040681 ], [ 773075.136251244577579, 6189241.593799293041229 ], [ 773075.195418413495645, 6189242.592010593041778 ], [ 773075.254585568094626, 6189243.590221893042326 ], [ 773075.313752709655091, 6189244.588433197699487 ], [ 773075.37291983794421, 6189245.586644500494003 ], [ 773075.432086953194812, 6189246.584855806082487 ], [ 773075.49125405412633, 6189247.583067112602293 ], [ 773075.550421140738763, 6189248.5812784191221 ], [ 773075.609588215360418, 6189249.579489728435874 ], [ 773075.668755275546573, 6189250.577701038680971 ], [ 773075.727922322810628, 6189251.575912350788713 ], [ 773075.787089355639182, 6189252.574123661965132 ], [ 773075.846256375312805, 6189253.572334975935519 ], [ 773075.905423381831497, 6189254.570546289905906 ], [ 773075.964590374147519, 6189255.56875760667026 ], [ 773076.023757353192195, 6189256.566968923434615 ], [ 773076.043926336569712, 6189256.90724166110158 ], [ 773076.103093297686428, 6189257.90545297972858 ], [ 773076.162260244600475, 6189258.903664300218225 ], [ 773076.221427179407328, 6189259.90187562070787 ], [ 773076.280594100011513, 6189260.90008694306016 ], [ 773076.339761006296612, 6189261.898298266343772 ], [ 773076.398927899426781, 6189262.89650959149003 ], [ 773076.458094779402018, 6189263.894720917567611 ], [ 773076.517261646222323, 6189264.892932245507836 ], [ 773076.57642849883996, 6189265.891143571585417 ], [ 773076.635595338069834, 6189266.889354903250933 ], [ 773076.694762163097039, 6189267.887566233053803 ], [ 773076.753928976249881, 6189268.885777565650642 ], [ 773076.813095774967223, 6189269.883988896384835 ], [ 773076.872262559598312, 6189270.882200231775641 ], [ 773076.931429330841638, 6189271.880411567166448 ], [ 773076.990596089046448, 6189272.878622904419899 ], [ 773077.049762834096327, 6189273.876834243535995 ], [ 773077.108929564710706, 6189274.875045582652092 ], [ 773077.168096282286569, 6189275.873256921768188 ], [ 773077.227262985543348, 6189276.871468263678253 ], [ 773077.286429676809348, 6189277.869679606519639 ], [ 773077.345596353872679, 6189278.867890950292349 ], [ 773077.404763016384095, 6189279.866102296859026 ], [ 773077.46392966597341, 6189280.864313641563058 ], [ 773077.523096302291378, 6189281.86252498999238 ], [ 773077.582262925570831, 6189282.86073633749038 ], [ 773077.641429534531198, 6189283.85894768871367 ], [ 773077.700596130220219, 6189284.857159038074315 ], [ 773077.759762711590156, 6189285.855370392091572 ], [ 773077.81892928108573, 6189286.853581745177507 ], [ 773077.878095836262219, 6189287.85179310105741 ], [ 773077.937262377119623, 6189288.850004456005991 ], [ 773077.996428904938512, 6189289.848215813748538 ], [ 773078.055595419369638, 6189290.846427172422409 ], [ 773078.114761920878664, 6189291.844638532027602 ], [ 773078.173928407952189, 6189292.842849891632795 ], [ 773078.233094881754369, 6189293.841061254963279 ], [ 773078.292261342750862, 6189294.839272618293762 ], [ 773078.351427789311856, 6189295.837483981624246 ], [ 773078.410594222601503, 6189296.835695346817374 ], [ 773078.469760641688481, 6189297.833906713873148 ], [ 773078.528927047504112, 6189298.832118082791567 ], [ 773078.588093440281227, 6189299.830329451709986 ], [ 773078.647259819903411, 6189300.82854082249105 ], [ 773078.706426185090095, 6189301.826752193272114 ], [ 773078.765592537354678, 6189302.824963565915823 ], [ 773078.824758876347914, 6189303.823174938559532 ], [ 773078.883925201022066, 6189304.821386314928532 ], [ 773078.943091512657702, 6189305.819597691297531 ], [ 773079.002257809857838, 6189306.817809069529176 ], [ 773079.061424095067196, 6189307.81602044776082 ], [ 773079.120590365957469, 6189308.81423182785511 ], [ 773079.179756622645073, 6189309.8124432079494 ], [ 773079.23892286606133, 6189310.810654590837657 ], [ 773079.298089096555486, 6189311.80886597558856 ], [ 773079.357255313778296, 6189312.807077358476818 ], [ 773079.416421516565606, 6189313.805288745090365 ], [ 773079.4755877063144, 6189314.803500130772591 ], [ 773079.534753882791847, 6189315.801711520180106 ], [ 773079.59392004518304, 6189316.799922911450267 ], [ 773079.653086194302887, 6189317.798134300857782 ], [ 773079.712252329103649, 6189318.796345693990588 ], [ 773079.745012019644491, 6189319.34904532507062 ], [ 773080.365919438423589, 6189320.132882425561547 ], [ 773080.986826854292303, 6189320.916719539090991 ], [ 773081.607734266319312, 6189321.700556665658951 ], [ 773082.2286416743882, 6189322.484393807128072 ], [ 773082.849549079546705, 6189323.268230959773064 ], [ 773083.470456481911242, 6189324.052068127319217 ], [ 773084.091363879153505, 6189324.835905306041241 ], [ 773084.712271273718216, 6189325.619742498733103 ], [ 773085.333178665488958, 6189326.403579704463482 ], [ 773085.954086053185165, 6189327.187416922301054 ], [ 773086.574993436923251, 6189327.971254155039787 ], [ 773087.195900817867368, 6189328.755091398954391 ], [ 773087.816808194853365, 6189329.538928659632802 ], [ 773088.437715567997657, 6189330.322765929624438 ], [ 773089.05862293834798, 6189331.106603213585913 ], [ 773089.679530304390937, 6189331.890440512448549 ], [ 773090.300437668105587, 6189332.674277823418379 ], [ 773090.921345027629286, 6189333.458115147426724 ], [ 773091.542252383194864, 6189334.241952484473586 ], [ 773092.163159736082889, 6189335.025789835490286 ], [ 773092.784067084779963, 6189335.809627197682858 ], [ 773093.404974430799484, 6189336.59346457477659 ], [ 773094.025881772860885, 6189337.377301963046193 ], [ 773094.646789111080579, 6189338.161139366216958 ], [ 773095.267696446389891, 6189338.944976782426238 ], [ 773095.888603777741082, 6189339.728814210742712 ], [ 773096.509511106298305, 6189340.512651653960347 ], [ 773097.130418429616839, 6189341.296489108353853 ], [ 773097.751325751421973, 6189342.080326575785875 ], [ 773098.372233069385402, 6189342.864164059050381 ], [ 773098.993140383157879, 6189343.648001551628113 ], [ 773099.614047693088651, 6189344.431839061900973 ], [ 773100.234955000225455, 6189345.21567658148706 ], [ 773100.855862303404137, 6189345.999514114111662 ], [ 773101.476769603788853, 6189346.783351662568748 ], [ 773102.097676900215447, 6189347.567189222201705 ], [ 773102.718584193731658, 6189348.351026795804501 ], [ 773103.339491483406164, 6189349.134864382445812 ], [ 773103.960398769006133, 6189349.91870198212564 ], [ 773104.581306050764397, 6189350.702539594843984 ], [ 773105.202213329612277, 6189351.486377220600843 ], [ 773105.82312060566619, 6189352.270214860327542 ], [ 773106.444027877878398, 6189353.054052513092756 ], [ 773107.064935146132484, 6189353.837890177965164 ], [ 773107.685842411476187, 6189354.621727854944766 ], [ 773108.306749672978185, 6189355.405565544962883 ], [ 773108.927656930405647, 6189356.189403250813484 ], [ 773109.548564185155556, 6189356.973240969702601 ], [ 773110.169471435714513, 6189357.75707869976759 ], [ 773110.790378683712333, 6189358.540916443802416 ], [ 773111.411285927752033, 6189359.324754201807082 ], [ 773112.032193167600781, 6189360.108591970987618 ], [ 773112.653100404888391, 6189360.892429755069315 ], [ 773113.274007637985051, 6189361.676267551258206 ], [ 773113.89491486735642, 6189362.460105361416936 ], [ 773114.515822094981559, 6189363.243943184614182 ], [ 773115.136729317484424, 6189364.027781018987298 ], [ 773115.757636537076905, 6189364.811618868261576 ], [ 773116.378543752944097, 6189365.595456731505692 ], [ 773116.999450964736752, 6189366.379294606857002 ], [ 773117.620358173619024, 6189367.163132494315505 ], [ 773118.241265378659591, 6189367.946970395743847 ], [ 773118.862172581022605, 6189368.73080831207335 ], [ 773119.253607770544477, 6189369.224959042854607 ], [ 773120.127525237505324, 6189369.710958959534764 ], [ 773121.001442712265998, 6189370.196958889253438 ], [ 773121.875360192614608, 6189370.682958832010627 ], [ 773122.749277680763043, 6189371.168958785012364 ], [ 773123.623195175430737, 6189371.654958749189973 ], [ 773124.497112675686367, 6189372.140958726406097 ], [ 773125.371030185022391, 6189372.626958717592061 ], [ 773126.244947699597105, 6189373.112958716228604 ], [ 773127.118865220923908, 6189373.598958728834987 ], [ 773127.992782750050537, 6189374.084958750754595 ], [ 773128.866700284648687, 6189374.570958787575364 ], [ 773129.740617827046663, 6189375.056958835572004 ], [ 773130.614535376196727, 6189375.542958893813193 ], [ 773131.488452931982465, 6189376.028958964161575 ], [ 773132.362370495451614, 6189376.51495904661715 ], [ 773133.236288064508699, 6189377.000959141179919 ], [ 773134.110205640317872, 6189377.486959247849882 ], [ 773134.984123223694041, 6189377.972959365695715 ], [ 773135.858040813822299, 6189378.458959495648742 ], [ 773136.731958410702646, 6189378.944959635846317 ], [ 773137.60587601410225, 6189379.430959789082408 ], [ 773138.479793625418097, 6189379.916959954425693 ], [ 773139.353711242089048, 6189380.402960130944848 ], [ 773140.227628866559826, 6189380.88896032050252 ], [ 773141.10154649685137, 6189381.374960519373417 ], [ 773141.975464134477079, 6189381.86096073128283 ], [ 773142.849381779087707, 6189382.346960955299437 ], [ 773143.723299430217594, 6189382.832961190491915 ], [ 773144.597217089030892, 6189383.318961437791586 ], [ 773145.47113475354854, 6189383.804961694404483 ], [ 773146.3450524257496, 6189384.290961967781186 ], [ 773147.218970104586333, 6189384.77696224860847 ], [ 773148.092887789011002, 6189385.26296254247427 ], [ 773148.96680548239965, 6189385.748962848447263 ], [ 773149.840723181376234, 6189386.234963167458773 ], [ 773150.71464088675566, 6189386.720963494852185 ], [ 773151.588558600051329, 6189387.206963837146759 ], [ 773152.462476318818517, 6189387.692964190617204 ], [ 773153.336394045269117, 6189388.178964553400874 ], [ 773154.210311778704636, 6189388.664964932017028 ], [ 773155.084229518659413, 6189389.150965318083763 ], [ 773155.958147265017033, 6189389.636965719051659 ], [ 773156.832065019290894, 6189390.122966129332781 ], [ 773157.705982779152691, 6189390.608966553583741 ], [ 773158.57990054693073, 6189391.094966989010572 ], [ 773159.453818321228027, 6189391.580967435613275 ], [ 773160.327736102044582, 6189392.06696789432317 ], [ 773161.201653889729641, 6189392.552968364208937 ], [ 773162.075571683817543, 6189393.038968846201897 ], [ 773162.949489485938102, 6189393.52496934030205 ], [ 773163.823407293530181, 6189394.010969845578074 ], [ 773164.697325108922087, 6189394.49697036202997 ], [ 773165.57124293083325, 6189394.982970893383026 ], [ 773166.445160759496503, 6189395.468971433117986 ], [ 773167.319078594795428, 6189395.954971985891461 ], [ 773168.19299643789418, 6189396.44097255077213 ], [ 773169.066914286464453, 6189396.926973125897348 ], [ 773169.940832142834552, 6189397.412973714992404 ], [ 773170.814750004792586, 6189397.898974312469363 ], [ 773171.688667874550447, 6189398.384974925778806 ], [ 773172.56258575071115, 6189398.870975549332798 ], [ 773173.436503634904511, 6189399.356976183131337 ], [ 773174.310421524569392, 6189399.84297682903707 ], [ 773175.184339420869946, 6189400.328977488912642 ], [ 773176.058257324853912, 6189400.814978159032762 ], [ 773176.932175235706381, 6189401.30097883939743 ], [ 773177.806093153078109, 6189401.786979533731937 ], [ 773178.650904667796567, 6189402.256793666630983 ], [ 773179.616602082969621, 6189402.516327383928001 ], [ 773180.58229950920213, 6189402.775861110538244 ], [ 773181.547996947774664, 6189403.035394839942455 ], [ 773182.513694397406653, 6189403.29492858145386 ], [ 773183.479391858330928, 6189403.554462326690555 ], [ 773184.445089330431074, 6189403.813996080309153 ], [ 773185.410786814754829, 6189404.073529839515686 ], [ 773186.376484310487285, 6189404.333063608035445 ], [ 773187.34218181844335, 6189404.59259738214314 ], [ 773188.307879336411133, 6189404.852131166495383 ], [ 773189.27357686671894, 6189405.111664954572916 ], [ 773190.239274409250356, 6189405.371198749169707 ], [ 773191.204971963190474, 6189405.630732554942369 ], [ 773192.170669528073631, 6189405.890266366302967 ], [ 773193.136367104249075, 6189406.149800182320178 ], [ 773194.102064692764543, 6189406.409334006719291 ], [ 773195.067762292455882, 6189406.668867839500308 ], [ 773196.033459903323092, 6189406.928401678800583 ], [ 773196.999157526530325, 6189407.187935523688793 ], [ 773197.964855160797015, 6189407.447469379752874 ], [ 773198.93055280635599, 6189407.707003238610923 ], [ 773199.896250463090837, 6189407.966537106782198 ], [ 773200.861948132049292, 6189408.226070981472731 ], [ 773201.827645812416449, 6189408.485604863613844 ], [ 773202.7933435048908, 6189408.745138753205538 ], [ 773203.759041208773851, 6189409.004672650247812 ], [ 773204.724738923599944, 6189409.264206554740667 ], [ 773205.690436650882475, 6189409.523740466684103 ], [ 773206.656134389224462, 6189409.783274383284152 ], [ 773207.621832138858736, 6189410.042808307334781 ], [ 773208.587529899785295, 6189410.302342240698636 ], [ 773209.553227672819048, 6189410.561876179650426 ], [ 773210.518925457145087, 6189410.821410126984119 ], [ 773211.484623252530582, 6189411.080944079905748 ], [ 773212.450321060372517, 6189411.340478042140603 ], [ 773213.416018879273906, 6189411.600012010894716 ], [ 773214.381716710748151, 6189411.859545985236764 ], [ 773215.347414552001283, 6189412.119079967960715 ], [ 773216.313112405827269, 6189412.378613956272602 ], [ 773217.278810271760449, 6189412.638147952035069 ], [ 773218.244508147938177, 6189412.897681958042085 ], [ 773219.210206036106683, 6189413.157215969637036 ], [ 773220.175903936848044, 6189413.416749987751245 ], [ 773221.141601847601123, 6189413.676284012384713 ], [ 773222.107299770694226, 6189413.93581804446876 ], [ 773223.072997704846784, 6189414.195352084934711 ], [ 773224.038695651455782, 6189414.45488613191992 ], [ 773225.004393609240651, 6189414.714420184493065 ], [ 773225.970091578084975, 6189414.973954249173403 ], [ 773226.407585677108727, 6189415.091532024554908 ], [ 773226.779377205995843, 6189416.019810854457319 ], [ 773227.151168724871241, 6189416.948089692741632 ], [ 773227.522960233269259, 6189417.876368540339172 ], [ 773227.894751731306314, 6189418.804647397249937 ], [ 773228.266543218982406, 6189419.732926264405251 ], [ 773228.638334697578102, 6189420.661205139011145 ], [ 773229.01012616569642, 6189421.589484022930264 ], [ 773229.381917623570189, 6189422.517762915231287 ], [ 773229.753709071082994, 6189423.446041817776859 ], [ 773230.125500508351251, 6189424.374320727773011 ], [ 773230.497291936306283, 6189425.302599648945034 ], [ 773230.869083354016766, 6189426.230878576636314 ], [ 773231.24087476124987, 6189427.159157518297434 ], [ 773231.612666158354841, 6189428.087436466477811 ], [ 773231.984457544982433, 6189429.015715422108769 ], [ 773232.356248922646046, 6189429.943994387984276 ], [ 773232.728040289599448, 6189430.872273361310363 ], [ 773233.099831646541134, 6189431.800552345812321 ], [ 773233.47162299300544, 6189432.728831337764859 ], [ 773233.843414329225197, 6189433.657110340893269 ], [ 773234.215205656131729, 6189434.585389353334904 ], [ 773234.586996973026544, 6189435.513668373227119 ], [ 773234.958788279211149, 6189436.441947400569916 ], [ 773235.330579575151205, 6189437.370226439088583 ], [ 773235.702370860846713, 6189438.298505486920476 ], [ 773236.074162137228996, 6189439.226784543134272 ], [ 773236.445953403483145, 6189440.155063610523939 ], [ 773236.817744659259915, 6189441.083342684432864 ], [ 773237.189535904675722, 6189442.011621768586338 ], [ 773237.561327139846981, 6189442.939900860190392 ], [ 773237.933118365821429, 6189443.868179962038994 ], [ 773238.30490958027076, 6189444.796459075063467 ], [ 773238.676700785523281, 6189445.724738193675876 ], [ 773239.048491981695406, 6189446.653017323464155 ], [ 773239.420283166342415, 6189447.58129646256566 ], [ 773239.792074340512045, 6189448.509575609117746 ], [ 773240.163865505601279, 6189449.437854766845703 ], [ 773240.535656660329551, 6189450.366133930161595 ], [ 773240.907447804813273, 6189451.294413104653358 ], [ 773241.27923893998377, 6189452.222692288458347 ], [ 773241.651030063861981, 6189453.150971483439207 ], [ 773242.022821178426966, 6189454.079250684008002 ], [ 773242.394612282630987, 6189455.007529895752668 ], [ 773242.766403376474045, 6189455.93580911681056 ], [ 773243.138194460072555, 6189456.864088343456388 ], [ 773243.509985534474254, 6189457.792367581278086 ], [ 773243.881776598514989, 6189458.720646830275655 ], [ 773244.253567651147023, 6189459.648926084861159 ], [ 773244.625358695629984, 6189460.577205350622535 ], [ 773244.997149728704244, 6189461.505484625697136 ], [ 773245.368940752581693, 6189462.433763908222318 ], [ 773245.74073176481761, 6189463.36204320192337 ], [ 773246.112522768205963, 6189464.290322504937649 ], [ 773246.484313760884106, 6189465.218601815402508 ], [ 773246.8561047448311, 6189466.146881135180593 ], [ 773247.227895716787316, 6189467.075160462409258 ], [ 773247.599686679895967, 6189468.003439801745117 ], [ 773247.97147763252724, 6189468.931719148531556 ], [ 773248.343268574913964, 6189469.859998505562544 ], [ 773248.715059506823309, 6189470.788277870044112 ], [ 773249.086850429652259, 6189471.716557243838906 ], [ 773249.458641341072507, 6189472.644836627878249 ], [ 773249.83043224317953, 6189473.573116019368172 ], [ 773250.202223135042004, 6189474.501395422965288 ], [ 773250.574014017591253, 6189475.429674833081663 ], [ 773250.922522890614346, 6189476.299824262037873 ], [ 773251.370118908118457, 6189477.194021638482809 ], [ 773251.817714918288402, 6189478.088219026103616 ], [ 773252.265310918679461, 6189478.982416423037648 ], [ 773252.712906911503524, 6189479.876613833010197 ], [ 773253.160502894548699, 6189480.770811252295971 ], [ 773253.608098870376125, 6189481.665008680894971 ], [ 773254.055694837355986, 6189482.559206120669842 ], [ 773254.503290795721114, 6189483.453403571620584 ], [ 773254.950886745471507, 6189484.347601032815874 ], [ 773255.398482686839998, 6189485.24179850704968 ], [ 773255.846078620641492, 6189486.135995989665389 ], [ 773256.293674544780515, 6189487.030193482525647 ], [ 773256.741270461352542, 6189487.924390987493098 ], [ 773257.18886636919342, 6189488.818588500842452 ], [ 773257.636462267371826, 6189489.712786026299 ], [ 773258.084058158216067, 6189490.606983562931418 ], [ 773258.531654041493312, 6189491.501181107014418 ], [ 773258.979249915108085, 6189492.395378665998578 ], [ 773259.426845779875293, 6189493.289576234295964 ], [ 773259.874441637541167, 6189494.183773812837899 ], [ 773260.322037485195324, 6189495.077971402555704 ], [ 773260.769633325515315, 6189495.972169002518058 ], [ 773261.217229157220572, 6189496.866366611793637 ], [ 773261.664824980311096, 6189497.760564234107733 ], [ 773262.11242079467047, 6189498.654761863872409 ], [ 773262.560016600647941, 6189499.548959506675601 ], [ 773263.007612398942001, 6189500.443157158792019 ], [ 773263.455208187457174, 6189501.337354822084308 ], [ 773263.902803968638182, 6189502.231552496552467 ], [ 773264.350399740156718, 6189503.12575018312782 ], [ 773264.797995504224673, 6189504.019947877153754 ], [ 773265.245591259328648, 6189504.914145585149527 ], [ 773265.693187006283551, 6189505.80834330059588 ], [ 773266.140782745555043, 6189506.702541029080749 ], [ 773266.588378475047648, 6189507.596738766878843 ], [ 773267.035974195925519, 6189508.490936513990164 ], [ 773267.483569909352809, 6189509.385134273208678 ], [ 773267.931165614281781, 6189510.279332043603063 ], [ 773268.378761309431866, 6189511.173529824241996 ], [ 773268.826356998179108, 6189512.067727615125477 ], [ 773269.273952677380294, 6189512.96192541718483 ], [ 773269.721548347733915, 6189513.85612322948873 ], [ 773270.169144009589218, 6189514.750321052968502 ], [ 773270.616739663877524, 6189515.644518885761499 ], [ 773271.06433530850336, 6189516.538716729730368 ], [ 773271.511930945678614, 6189517.432914583943784 ], [ 773271.959526574239135, 6189518.327112449333072 ], [ 773272.407122194184922, 6189519.221310326829553 ], [ 773272.854717805515975, 6189520.115508213639259 ], [ 773273.302313408232294, 6189521.009706111624837 ], [ 773273.749909002333879, 6189521.90390401892364 ], [ 773274.197504588984884, 6189522.798101938329637 ], [ 773274.645100167021155, 6189523.69229986704886 ], [ 773275.092695735394955, 6189524.586497806943953 ], [ 773275.540291296201758, 6189525.480695756152272 ], [ 773275.987886848393828, 6189526.374893718399107 ], [ 773276.435482391971163, 6189527.269091689959168 ], [ 773276.883077926933765, 6189528.163289671763778 ], [ 773277.330673454562202, 6189529.057487664744258 ], [ 773277.778268972411752, 6189529.951685668900609 ], [ 773278.225864482694305, 6189530.845883682370186 ], [ 773278.673459984594956, 6189531.740081708878279 ], [ 773279.121055476367474, 6189532.634279744699597 ], [ 773279.568650960922241, 6189533.528477787971497 ], [ 773280.01624643674586, 6189534.42267584707588 ], [ 773280.463841905235313, 6189535.316873913630843 ], [ 773280.911437364062294, 6189536.211071992293 ], [ 773281.359032815205865, 6189537.105270082131028 ], [ 773281.806628256570548, 6189537.999468181282282 ], [ 773282.254223690601066, 6189538.893666289746761 ], [ 773282.70181911601685, 6189539.787864411249757 ], [ 773283.1494145328179, 6189540.682062542065978 ], [ 773283.597009941120632, 6189541.57626068405807 ], [ 773284.044605340575799, 6189542.470458837226033 ], [ 773284.492200731532648, 6189543.364656999707222 ], [ 773284.939796115038916, 6189544.258855173364282 ], [ 773285.387391489930451, 6189545.153053358197212 ], [ 773285.834986855043098, 6189546.047251554206014 ], [ 773286.282582212705165, 6189546.941449757665396 ], [ 773286.461225702194497, 6189547.298340614885092 ], [ 773287.015300801489502, 6189548.130766488611698 ], [ 773287.56937589647714, 6189548.963192376308143 ], [ 773288.12345098471269, 6189549.795618275180459 ], [ 773288.677526068408042, 6189550.628044186159968 ], [ 773289.231601146399044, 6189551.460470108315349 ], [ 773289.785676217637956, 6189552.292896046303213 ], [ 773290.339751284569502, 6189553.125321993604302 ], [ 773290.893826345680282, 6189553.957747956737876 ], [ 773291.447901400038972, 6189554.79017392732203 ], [ 773292.001976449973881, 6189555.622599914669991 ], [ 773292.556051494320855, 6189556.455025911331177 ], [ 773293.110126531799324, 6189557.287451921030879 ], [ 773293.664201564854011, 6189558.119877945631742 ], [ 773294.218276592204347, 6189558.952303978614509 ], [ 773294.772351612802595, 6189559.78473002742976 ], [ 773295.32642662897706, 6189560.617156086489558 ], [ 773295.880501639447175, 6189561.44958215765655 ], [ 773296.434576644329354, 6189562.282008243724704 ], [ 773296.988651642343029, 6189563.114434339106083 ], [ 773297.542726635932922, 6189563.946860449388623 ], [ 773298.09680162393488, 6189564.779286568984389 ], [ 773298.650876606348902, 6189565.611712703481317 ], [ 773299.204951583174989, 6189566.444138850085437 ], [ 773299.759026553016156, 6189567.276565009728074 ], [ 773300.313101518433541, 6189568.108991180546582 ], [ 773300.867176478262991, 6189568.941417364403605 ], [ 773301.421251432504505, 6189569.773843560367823 ], [ 773301.975326380925253, 6189570.606269766576588 ], [ 773302.529401323990896, 6189571.438695987686515 ], [ 773303.083476261235774, 6189572.271122220903635 ], [ 773303.637551192892715, 6189573.103548466227949 ], [ 773304.191626118961722, 6189573.935974725522101 ], [ 773304.745701039326377, 6189574.768400995060802 ], [ 773305.299775954103097, 6189575.600827277638018 ], [ 773305.853850863175467, 6189576.433253571391106 ], [ 773306.407925766892731, 6189577.265679878182709 ], [ 773306.962000664556399, 6189578.098106198012829 ], [ 773307.516075556864962, 6189578.930532529950142 ], [ 773308.07015044358559, 6189579.762958874925971 ], [ 773308.624225324485451, 6189580.595385231077671 ], [ 773309.178300199797377, 6189581.42781160119921 ], [ 773309.732375069521368, 6189582.260237982496619 ], [ 773310.286449933541007, 6189583.092664375901222 ], [ 773310.840524791972712, 6189583.925090782344341 ], [ 773311.394599644816481, 6189584.757517199963331 ], [ 773311.948674492072314, 6189585.589943632483482 ], [ 773312.50274933478795, 6189586.422370073385537 ], [ 773313.056824170518667, 6189587.254796530120075 ], [ 773313.610899001127109, 6189588.087222998961806 ], [ 773314.164973825681955, 6189588.919649478048086 ], [ 773314.719048644648865, 6189589.752075972035527 ], [ 773315.273123459191993, 6189590.584502475336194 ], [ 773315.827198266983032, 6189591.416928993538022 ], [ 773316.381273069186136, 6189592.249355522915721 ], [ 773316.935347865568474, 6189593.081782065331936 ], [ 773317.48942265752703, 6189593.914208620786667 ], [ 773318.043497442849912, 6189594.746635187417269 ], [ 773318.597572222352028, 6189595.579061768017709 ], [ 773319.151646997546777, 6189596.411488358862698 ], [ 773319.705721765756607, 6189597.243914962746203 ], [ 773320.259796528611332, 6189598.076341580599546 ], [ 773320.813871286809444, 6189598.908768208697438 ], [ 773321.367946038255468, 6189599.741194849833846 ], [ 773321.922020783880726, 6189600.573621502146125 ], [ 773322.476095525315031, 6189601.406048169359565 ], [ 773323.030170259880833, 6189602.238474849611521 ], [ 773323.584244989906438, 6189603.070901537314057 ], [ 773324.138319713063538, 6189603.903328240849078 ], [ 773324.692394431913272, 6189604.735754956491292 ], [ 773325.246469143894501, 6189605.568181685172021 ], [ 773325.800543851335533, 6189606.4006084240973 ], [ 773326.354618552140892, 6189607.233035176992416 ], [ 773326.586574267596006, 6189607.581519138067961 ], [ 773326.983307612361386, 6189608.499416596256196 ], [ 773327.380040946649387, 6189609.417314065620303 ], [ 773327.776774271624163, 6189610.335211543366313 ], [ 773328.173507587285712, 6189611.253109030425549 ], [ 773328.570240892469883, 6189612.171006528660655 ], [ 773328.966974189504981, 6189613.088904034346342 ], [ 773329.363707476295531, 6189614.0068015512079 ], [ 773329.760440752492286, 6189614.924699077382684 ], [ 773330.157174020656385, 6189615.842596611008048 ], [ 773330.553907278226689, 6189616.760494157671928 ], [ 773330.950640526600182, 6189617.678391712717712 ], [ 773331.347373765893281, 6189618.596289278939366 ], [ 773331.744106994476169, 6189619.514186851680279 ], [ 773332.140840213978663, 6189620.432084435597062 ], [ 773332.5375734239351, 6189621.349982030689716 ], [ 773332.934306623646989, 6189622.267879633232951 ], [ 773333.331039815209806, 6189623.185777245089412 ], [ 773333.727772996295244, 6189624.103674868121743 ], [ 773334.124506166903302, 6189625.021572498604655 ], [ 773334.521239329595119, 6189625.939470140263438 ], [ 773334.917972481576726, 6189626.857367791235447 ], [ 773335.314705624477938, 6189627.775265452452004 ], [ 773335.711438756901771, 6189628.693163122050464 ], [ 773336.108171881060116, 6189629.611060801893473 ], [ 773336.504904994973913, 6189630.52895849198103 ], [ 773336.901638099458069, 6189631.446856191381812 ], [ 773337.298371193464845, 6189632.364753898233175 ], [ 773337.695104278391227, 6189633.282651618123055 ], [ 773338.091837353887968, 6189634.200549345463514 ], [ 773338.488570420071483, 6189635.118447083979845 ], [ 773338.885303475894034, 6189636.036344829015434 ], [ 773339.28203652263619, 6189636.954242587089539 ], [ 773339.67876955983229, 6189637.872140355408192 ], [ 773340.075502587715164, 6189638.79003812931478 ], [ 773340.472235605120659, 6189639.707935916259885 ], [ 773340.868968613562174, 6189640.62583371065557 ], [ 773341.265701612574048, 6189641.543731516227126 ], [ 773341.662434601108544, 6189642.461629329249263 ], [ 773342.059167580213398, 6189643.379527154378593 ], [ 773342.455900550237857, 6189644.297424988821149 ], [ 773342.85263351094909, 6189645.215322830714285 ], [ 773343.249366461182944, 6189646.133220684714615 ], [ 773343.646099402336404, 6189647.051118546165526 ], [ 773344.042832333827391, 6189647.96901641972363 ], [ 773344.439565256237984, 6189648.886914298869669 ], [ 773344.836298168171197, 6189649.804812191054225 ], [ 773345.2330310709076, 6189650.722710093483329 ], [ 773345.629763963166624, 6189651.640608003363013 ], [ 773346.026496847160161, 6189652.558505923487246 ], [ 773346.423229720909148, 6189653.476403853856027 ], [ 773346.819962585344911, 6189654.394301793538034 ], [ 773347.216695439303294, 6189655.312199741601944 ], [ 773347.613428285112604, 6189656.230097700841725 ], [ 773348.010161120444536, 6189657.147995668463409 ], [ 773348.406893945415504, 6189658.065893648192286 ], [ 773348.8036267622374, 6189658.983791633509099 ], [ 773349.200359568581916, 6189659.901689632795751 ], [ 773349.597092365729623, 6189660.819587640464306 ], [ 773349.993825153447688, 6189661.737485654652119 ], [ 773350.390557930804789, 6189662.655383680947125 ], [ 773350.78729069896508, 6189663.57328171748668 ], [ 773350.792982801212929, 6189663.586451210081577 ], [ 773351.035090659745038, 6189664.556666385382414 ], [ 773351.277198506752029, 6189665.526881566271186 ], [ 773351.519306341186166, 6189666.497096751816571 ], [ 773351.761414163047448, 6189667.467311946675181 ], [ 773352.003521973267198, 6189668.43752714432776 ], [ 773352.245629770914093, 6189669.407742350362241 ], [ 773352.487737556919456, 6189670.377957560122013 ], [ 773352.729845330468379, 6189671.348172778263688 ], [ 773352.971953091211617, 6189672.318388001061976 ], [ 773353.214060840662569, 6189673.288603231310844 ], [ 773353.456168577424251, 6189674.258818465285003 ], [ 773353.698276301613078, 6189675.229033706709743 ], [ 773353.940384014160372, 6189676.199248955585063 ], [ 773354.182491715298966, 6189677.169464209116995 ], [ 773354.424599403864704, 6189678.139679469168186 ], [ 773354.666707079624757, 6189679.109894732013345 ], [ 773354.908814742928371, 6189680.080110005103052 ], [ 773355.150922394590452, 6189681.050325281918049 ], [ 773355.393030034843832, 6189682.020540563389659 ], [ 773355.635137661243789, 6189682.990755854174495 ], [ 773355.877245277399197, 6189683.960971152409911 ], [ 773356.119352879701182, 6189684.931186452507973 ], [ 773356.361460470361635, 6189685.901401759125292 ], [ 773356.603568048682064, 6189686.871617073193192 ], [ 773356.84567561536096, 6189687.841832393780351 ], [ 773357.087783169467002, 6189688.812047719955444 ], [ 773357.329890711931512, 6189689.782263049855828 ], [ 773357.571998241823167, 6189690.752478387206793 ], [ 773357.814105759141967, 6189691.722693732008338 ], [ 773358.056213264819235, 6189692.692909081466496 ], [ 773358.298320757923648, 6189693.663124436512589 ], [ 773358.540428239619359, 6189694.633339799940586 ], [ 773358.782535708742216, 6189695.603555167093873 ], [ 773359.024643164942972, 6189696.573770540766418 ], [ 773359.266750609967858, 6189697.543985920958221 ], [ 773359.508858042187057, 6189698.514201306737959 ], [ 773359.75096546288114, 6189699.484416699036956 ], [ 773359.993072871002369, 6189700.454632095992565 ], [ 773360.235180266434327, 6189701.4248475022614 ], [ 773360.477287650457583, 6189702.39506291039288 ], [ 773360.71939502179157, 6189703.365278325974941 ], [ 773360.96150238160044, 6189704.335493749007583 ], [ 773361.203609728836454, 6189705.305709176696837 ], [ 773361.445717063383199, 6189706.275924609974027 ], [ 773361.687824386404827, 6189707.246140050701797 ], [ 773361.929931696970016, 6189708.216355497017503 ], [ 773362.172038995893672, 6189709.186570947989821 ], [ 773362.414146282011643, 6189710.156786407344043 ], [ 773362.65625355578959, 6189711.127001870423555 ], [ 773362.89836081804242, 6189712.097217341884971 ], [ 773363.140468067489564, 6189713.067432817071676 ], [ 773363.382575305411592, 6189714.03764829877764 ], [ 773363.624682530993596, 6189715.007863787934184 ], [ 773363.866789743653499, 6189715.978079281747341 ], [ 773364.1088969449047, 6189716.948294781148434 ], [ 773364.351004133466631, 6189717.918510289862752 ], [ 773364.593111310619861, 6189718.888725802302361 ], [ 773364.835218475200236, 6189719.858941320329905 ], [ 773365.077325626974925, 6189720.829156843945384 ], [ 773365.319432767340913, 6189721.799372373148799 ], [ 773365.561539895134047, 6189722.769587910734117 ], [ 773365.803647011285648, 6189723.739803453907371 ], [ 773366.045754114864394, 6189724.71001900266856 ], [ 773366.28786120575387, 6189725.680234556086361 ], [ 773366.52996828535106, 6189726.650450116023421 ], [ 773366.77207535202615, 6189727.620665682479739 ], [ 773367.014182407408953, 6189728.59088125731796 ], [ 773367.256289450102486, 6189729.561096835881472 ], [ 773367.498396479990333, 6189730.531312418170273 ], [ 773367.740503498585895, 6189731.501528009772301 ], [ 773367.982610504492186, 6189732.471743606962264 ], [ 773368.224717498989776, 6189733.441959209740162 ], [ 773368.46682448068168, 6189734.412174817174673 ], [ 773368.708931449917145, 6189735.38239043392241 ], [ 773368.951038407394662, 6189736.352606053464115 ], [ 773369.19314535241574, 6189737.3228216804564 ], [ 773369.435252285911702, 6189738.293037312105298 ], [ 773369.677359206834808, 6189739.263252953067422 ], [ 773369.919466115068644, 6189740.233468597754836 ], [ 773370.161573011660948, 6189741.203684248030186 ], [ 773370.403679895796813, 6189742.173899903893471 ], [ 773370.645786768523976, 6189743.144115567207336 ], [ 773370.887893628329039, 6189744.114331237971783 ], [ 773371.130000475561246, 6189745.084546912461519 ], [ 773371.33781482744962, 6189745.917339347302914 ], [ 773371.548073171637952, 6189746.894951552152634 ], [ 773371.758331502554938, 6189747.872563760727644 ], [ 773371.9685898211319, 6189748.85017597489059 ], [ 773372.178848127368838, 6189749.827788194641471 ], [ 773372.389106421265751, 6189750.805400419980288 ], [ 773372.599364701891318, 6189751.783012649975717 ], [ 773372.80962296994403, 6189752.760624883696437 ], [ 773373.019881225773133, 6189753.738237123936415 ], [ 773373.230139469495043, 6189754.715849369764328 ], [ 773373.440397700760514, 6189755.693461620248854 ], [ 773373.650655918638222, 6189756.671073876321316 ], [ 773373.860914124059491, 6189757.64868613705039 ], [ 773374.071172317373566, 6189758.626298405230045 ], [ 773374.281430498464033, 6189759.603910675272346 ], [ 773374.491688666981645, 6189760.581522950902581 ], [ 773374.701946822111495, 6189761.559135233983397 ], [ 773374.912204965017736, 6189762.536747520789504 ], [ 773375.122463095700368, 6189763.514359815046191 ], [ 773375.332721214042976, 6189764.491972111165524 ], [ 773375.542979318881407, 6189765.469584414735436 ], [ 773375.753237411379814, 6189766.44719672203064 ], [ 773375.963495491654612, 6189767.424809034913778 ], [ 773376.173753559589386, 6189768.402421354316175 ], [ 773376.384011615300551, 6189769.380033676512539 ], [ 773376.594269657507539, 6189770.357646007090807 ], [ 773376.804527687374502, 6189771.335258340463042 ], [ 773377.014785704901442, 6189772.312870679423213 ], [ 773377.225043710321188, 6189773.290483023971319 ], [ 773377.43530170340091, 6189774.268095374107361 ], [ 773377.645559682976454, 6189775.245707729831338 ], [ 773377.85581765009556, 6189776.223320089280605 ], [ 773378.066075605107471, 6189777.200932454317808 ], [ 773378.276333546615206, 6189778.178544824942946 ], [ 773378.486591476947069, 6189779.156157199293375 ], [ 773378.696849394007586, 6189780.133769582025707 ], [ 773378.907107298495248, 6189781.111381968483329 ], [ 773379.117365190875717, 6189782.088994359597564 ], [ 773379.327623069752008, 6189783.066606756299734 ], [ 773379.537880937452428, 6189784.04421915858984 ], [ 773379.748138791648671, 6189785.021831564605236 ], [ 773379.958396633621305, 6189785.999443976208568 ], [ 773380.168654463370331, 6189786.97705639526248 ], [ 773380.378912279615179, 6189787.95466881711036 ], [ 773380.589170083520003, 6189788.93228124640882 ], [ 773380.799427874968387, 6189789.909893678501248 ], [ 773381.009685654425994, 6189790.887506118044257 ], [ 773381.219943421427161, 6189791.865118561312556 ], [ 773381.43020117492415, 6189792.842731010168791 ], [ 773381.640458917478099, 6189793.820343464612961 ], [ 773381.850716645130888, 6189794.797955922782421 ], [ 773382.060974361840636, 6189795.775568387471139 ], [ 773382.271232066210359, 6189796.753180855885148 ], [ 773382.481489757075906, 6189797.73079333268106 ], [ 773382.691747435834259, 6189798.708405811339617 ], [ 773382.902005102136172, 6189799.686018296517432 ], [ 773383.112262756098062, 6189800.663630789145827 ], [ 773383.322520396672189, 6189801.641243284568191 ], [ 773383.532778026070446, 6189802.618855785578489 ], [ 773383.74303564208094, 6189803.596468290314078 ], [ 773383.953293245751411, 6189804.574080801568925 ], [ 773384.163550835917704, 6189805.551693318411708 ], [ 773384.373808414908126, 6189806.529305841773748 ], [ 773384.584065980627201, 6189807.506918366998434 ], [ 773384.794323533773422, 6189808.4845308996737 ], [ 773385.004581073764712, 6189809.462143437005579 ], [ 773385.214838602347299, 6189810.439755979925394 ], [ 773385.425096117658541, 6189811.417368527501822 ], [ 773385.635353620629758, 6189812.394981080666184 ], [ 773385.753892128588632, 6189812.946137337014079 ], [ 773386.007669037207961, 6189813.91336626932025 ], [ 773386.261445934185758, 6189814.880595211870968 ], [ 773386.515222818823531, 6189815.847824157215655 ], [ 773386.768999691819772, 6189816.815053110010922 ], [ 773387.022776552475989, 6189817.782282067462802 ], [ 773387.276553401723504, 6189818.749511034227908 ], [ 773387.530330238165334, 6189819.716740004718304 ], [ 773387.784107063431293, 6189820.683968985453248 ], [ 773388.037883875891566, 6189821.651197968050838 ], [ 773388.291660677175969, 6189822.618426958099008 ], [ 773388.545437465771101, 6189823.585655955597758 ], [ 773388.799214241793379, 6189824.55288496054709 ], [ 773389.052991006523371, 6189825.520113969221711 ], [ 773389.30676775961183, 6189826.487342985346913 ], [ 773389.560544500360265, 6189827.454572005197406 ], [ 773389.814321228303015, 6189828.421801034361124 ], [ 773390.068097945069894, 6189829.389030070975423 ], [ 773390.321874649031088, 6189830.356259110383689 ], [ 773390.575651341699995, 6189831.323488157242537 ], [ 773390.829428021912463, 6189832.290717212483287 ], [ 773391.083204690483399, 6189833.25794627238065 ], [ 773391.336981346597895, 6189834.225175339728594 ], [ 773391.590757991420105, 6189835.19240441173315 ], [ 773391.84453462343663, 6189836.159633490256965 ], [ 773392.098311244160868, 6189837.126862575300038 ], [ 773392.352087852312252, 6189838.094091667793691 ], [ 773392.605864447890781, 6189839.061320766806602 ], [ 773392.859641032060608, 6189840.028549868613482 ], [ 773393.113417604705319, 6189840.995778981596231 ], [ 773393.36719416489359, 6189841.963008096441627 ], [ 773393.620970712392591, 6189842.930237219668925 ], [ 773393.874747248599306, 6189843.897466348484159 ], [ 773394.128523772349581, 6189844.864695485681295 ], [ 773394.382300284458324, 6189845.831924627535045 ], [ 773394.636076783994213, 6189846.79915377497673 ], [ 773394.88985327235423, 6189847.766382932662964 ], [ 773395.143629747792147, 6189848.733612092211843 ], [ 773395.397406212054193, 6189849.700841259211302 ], [ 773395.651182663626969, 6189850.668070433661342 ], [ 773395.904959103907458, 6189851.635299613699317 ], [ 773396.158735531498678, 6189852.602528799325228 ], [ 773396.412511946633458, 6189853.569757991470397 ], [ 773396.666288350475952, 6189854.536987192928791 ], [ 773396.920064742560498, 6189855.504216396249831 ], [ 773397.173841122305021, 6189856.471445607021451 ], [ 773397.427617489360273, 6189857.438674826174974 ], [ 773397.681393845006824, 6189858.405904049053788 ], [ 773397.935170188080519, 6189859.373133279383183 ], [ 773398.188946519861929, 6189860.340362517163157 ], [ 773398.442722838837653, 6189861.307591759599745 ], [ 773398.696499146637507, 6189862.274821010418236 ], [ 773398.950275441631675, 6189863.242050264962018 ], [ 773399.204051725566387, 6189864.209279526956379 ], [ 773399.457827996695414, 6189865.176508795469999 ], [ 773399.71160425641574, 6189866.143738070502877 ], [ 773399.96538050356321, 6189867.110967352986336 ], [ 773400.21915673930198, 6189868.07819664105773 ], [ 773400.472932962467894, 6189869.045425934717059 ], [ 773400.726709173060954, 6189870.012655233964324 ], [ 773400.980485372245312, 6189870.979884540662169 ], [ 773401.234261558856815, 6189871.94711385294795 ], [ 773401.488037734059617, 6189872.914343170821667 ], [ 773401.741813897853717, 6189873.881572498008609 ], [ 773401.995590049074963, 6189874.848801828920841 ], [ 773402.249366187490523, 6189875.816031165421009 ], [ 773402.503142314963043, 6189876.78326051030308 ], [ 773402.756918429513462, 6189877.750489861704409 ], [ 773403.01069453265518, 6189878.717719217762351 ], [ 773403.264470623340458, 6189879.684948581270874 ], [ 773403.518246702617034, 6189880.652177950367332 ], [ 773403.772022769320756, 6189881.619407325983047 ], [ 773404.025798823335208, 6189882.586636707186699 ], [ 773404.279574866057374, 6189883.553866097703576 ], [ 773404.533350897254422, 6189884.521095491945744 ], [ 773404.787126915995032, 6189885.488324890844524 ], [ 773405.040902922046371, 6189886.45555429905653 ], [ 773405.294678916689008, 6189887.422783712856472 ], [ 773405.54845490003936, 6189888.390013132244349 ], [ 773405.802230869536288, 6189889.357242558151484 ], [ 773405.990182787645608, 6189890.073593417182565 ], [ 773406.272284672595561, 6189891.032944003120065 ], [ 773406.554386544972658, 6189891.9922945946455 ], [ 773406.836488405708224, 6189892.951645193621516 ], [ 773407.118590255035087, 6189893.91099579911679 ], [ 773407.40069209295325, 6189894.870346412062645 ], [ 773407.682793919346295, 6189895.829697029665112 ], [ 773407.964895734214224, 6189896.789047656580806 ], [ 773408.246997536509298, 6189897.74839829094708 ], [ 773408.529099328559823, 6189898.707748931832612 ], [ 773408.811201107921079, 6189899.667099580168724 ], [ 773409.093302875757217, 6189900.626450235024095 ], [ 773409.375404632184654, 6189901.585800894536078 ], [ 773409.657506376039237, 6189902.545151565223932 ], [ 773409.93960810941644, 6189903.504502240568399 ], [ 773410.221709830453619, 6189904.463852925226092 ], [ 773410.50381154101342, 6189905.423203613609076 ], [ 773410.785913238767534, 6189906.382554310373962 ], [ 773411.068014925345778, 6189907.341905015520751 ], [ 773411.350116600166075, 6189908.301255724392831 ], [ 773411.632218262529932, 6189909.260606443509459 ], [ 773411.914319914532825, 6189910.219957167282701 ], [ 773412.196421553962864, 6189911.17930790130049 ], [ 773412.478523183148354, 6189912.13865863904357 ], [ 773412.760624799528159, 6189913.09800938423723 ], [ 773413.042726404499263, 6189914.057360138744116 ], [ 773413.324827997945249, 6189915.01671089604497 ], [ 773413.606929578818381, 6189915.976061662659049 ], [ 773413.889031149446964, 6189916.935412438586354 ], [ 773414.171132707502693, 6189917.89476321823895 ], [ 773414.453234255081043, 6189918.854114007204771 ], [ 773414.735335789970122, 6189919.81346480268985 ], [ 773415.0174373134505, 6189920.772815602831542 ], [ 773415.299538825405762, 6189921.732166413217783 ], [ 773415.581640325020999, 6189922.691517229191959 ], [ 773415.863741813926026, 6189923.650868052616715 ], [ 773416.14584329049103, 6189924.61021888256073 ], [ 773416.427944755530916, 6189925.56956971809268 ], [ 773416.710046210326254, 6189926.528920562937856 ], [ 773416.992147652199492, 6189927.488271413370967 ], [ 773417.274249081732705, 6189928.447622269392014 ], [ 773417.55635050078854, 6189929.406973136588931 ], [ 773417.838451908435673, 6189930.366324007511139 ], [ 773418.120553303393535, 6189931.325674887746572 ], [ 773418.402654686942697, 6189932.285025775432587 ], [ 773418.684756058966741, 6189933.244376666843891 ], [ 773418.966857419582084, 6189934.203727567568421 ], [ 773419.24895876867231, 6189935.163078473880887 ], [ 773419.531060106353834, 6189936.122429387643933 ], [ 773419.813161431346089, 6189937.08178030885756 ], [ 773420.095262745977379, 6189938.041131237521768 ], [ 773420.377364048152231, 6189939.000482172705233 ], [ 773420.65946533868555, 6189939.959833114407957 ], [ 773420.941566617926583, 6189940.919184064492583 ], [ 773421.223667885526083, 6189941.878535020165145 ], [ 773421.505769140552729, 6189942.837885983288288 ], [ 773421.787870385218412, 6189943.797236953862011 ], [ 773422.069971617194824, 6189944.75658793002367 ], [ 773422.352072839043103, 6189945.715938915498555 ], [ 773422.634174048202112, 6189946.675289906561375 ], [ 773422.916275245836005, 6189947.634640904143453 ], [ 773423.198376430897042, 6189948.593991909176111 ], [ 773423.480477605480701, 6189949.553342922590673 ], [ 773423.762578768655658, 6189950.51269394159317 ], [ 773424.04467991925776, 6189951.472044966183603 ], [ 773424.326781058451161, 6189952.431396001949906 ], [ 773424.60888218623586, 6189953.390747040510178 ], [ 773424.890983302262612, 6189954.350098089314997 ], [ 773425.173084406997077, 6189955.30944914277643 ], [ 773425.455185500206426, 6189956.268800204619765 ], [ 773425.609643306350335, 6189956.794070295058191 ], [ 773425.424931578105316, 6189957.77683021966368 ], [ 773425.240219837520272, 6189958.75959013774991 ], [ 773425.055508084362373, 6189959.742350051179528 ], [ 773424.870796318748035, 6189960.725109958089888 ], [ 773424.686084540793672, 6189961.707869859412313 ], [ 773424.50137275038287, 6189962.690629755146801 ], [ 773424.316660946467891, 6189963.673389649018645 ], [ 773424.131949131144211, 6189964.656149535439909 ], [ 773423.947237302199937, 6189965.638909416273236 ], [ 773423.762525461846963, 6189966.621669289655983 ], [ 773423.577813608339056, 6189967.604429160244763 ], [ 773423.393101743189618, 6189968.587189028039575 ], [ 773423.208389864536002, 6189969.569948886521161 ], [ 773423.023677973425947, 6189970.552708741277456 ], [ 773422.838966069975868, 6189971.535468590445817 ], [ 773422.654254155117087, 6189972.518228434026241 ], [ 773422.469542226754129, 6189973.500988272018731 ], [ 773422.284830285934731, 6189974.483748107217252 ], [ 773422.100118331494741, 6189975.466507933102548 ], [ 773421.91540636587888, 6189976.449267756193876 ], [ 773421.730694387573749, 6189977.432027573697269 ], [ 773421.545982397045009, 6189978.414787385612726 ], [ 773421.36127039429266, 6189979.397547192871571 ], [ 773421.176558377454057, 6189980.380306993611157 ], [ 773420.991846349555999, 6189981.363066788762808 ], [ 773420.807134308153763, 6189982.345826581120491 ], [ 773420.622422255575657, 6189983.328586366958916 ], [ 773420.437710189027712, 6189984.311346145346761 ], [ 773420.252998110372573, 6189985.29410592187196 ], [ 773420.068286020192318, 6189986.276865690946579 ], [ 773419.883573916507885, 6189987.259625455364585 ], [ 773419.698861800367013, 6189988.242385215125978 ], [ 773419.514149671886116, 6189989.225144966505468 ], [ 773419.32943753094878, 6189990.20790471509099 ], [ 773419.144725377555005, 6189991.190664459019899 ], [ 773418.960013211704791, 6189992.173424195498228 ], [ 773418.775301033398136, 6189993.156183929182589 ], [ 773418.590588841587305, 6189994.138943657279015 ], [ 773418.405876638367772, 6189995.12170337792486 ], [ 773418.22116442292463, 6189996.104463094845414 ], [ 773418.036452193744481, 6189997.087222805246711 ], [ 773417.851739953272045, 6189998.069982510060072 ], [ 773417.669629956479184, 6189999.038896929472685 ], [ 773417.076033166144043, 6189999.843619294464588 ], [ 773416.482436372665688, 6190000.648341646417975 ], [ 773415.888839575811289, 6190001.453063986264169 ], [ 773415.295242774533108, 6190002.257786312140524 ], [ 773414.701645970111713, 6190003.062508624978364 ], [ 773414.10804916115012, 6190003.867230923846364 ], [ 773413.514452350325882, 6190004.671953212469816 ], [ 773412.920855534845032, 6190005.476675484329462 ], [ 773412.32725871517323, 6190006.281397746875882 ], [ 773411.733661893173121, 6190007.086119992658496 ], [ 773411.140065066982061, 6190007.890842227265239 ], [ 773410.546468236250803, 6190008.695564447902143 ], [ 773409.952871403424069, 6190009.500286655500531 ], [ 773409.359274566173553, 6190010.305008850991726 ], [ 773408.765677724732086, 6190011.109731034375727 ], [ 773408.172080880962312, 6190011.914453201927245 ], [ 773407.578484032885171, 6190012.719175357371569 ], [ 773406.984887180384248, 6190013.523897500708699 ], [ 773406.391290325904265, 6190014.328619630075991 ], [ 773405.797693466767669, 6190015.133341745473444 ], [ 773405.204096604604274, 6190015.938063850626349 ], [ 773404.610499738017097, 6190016.742785939946771 ], [ 773404.016902867937461, 6190017.547508017159998 ], [ 773403.423305994947441, 6190018.35223008133471 ], [ 773402.829709117300808, 6190019.156952132470906 ], [ 773402.236112237791531, 6190019.961674170568585 ], [ 773401.642515352461487, 6190020.766396195627749 ], [ 773401.048918465268798, 6190021.571118205785751 ], [ 773400.455321573652327, 6190022.375840205699205 ], [ 773399.861724678659812, 6190023.180562191642821 ], [ 773399.268127779243514, 6190023.985284162685275 ], [ 773398.674530877964571, 6190024.790006121620536 ], [ 773398.080933970864862, 6190025.594728069379926 ], [ 773397.487337061786093, 6190026.399450002238154 ], [ 773396.893740148283541, 6190027.204171922057867 ], [ 773396.300143231404945, 6190028.008893828839064 ], [ 773395.706546311499551, 6190028.813615721650422 ], [ 773395.112949387170374, 6190029.618337602354586 ], [ 773394.519352459581569, 6190030.423059469088912 ], [ 773393.92575552733615, 6190031.227781323716044 ], [ 773393.502326176036149, 6190031.801812000572681 ], [ 773393.173003027797677, 6190032.745994618162513 ], [ 773392.843679869314656, 6190033.690177228301764 ], [ 773392.514356699772179, 6190034.634359831921756 ], [ 773392.185033521149307, 6190035.578542424365878 ], [ 773391.855710330884904, 6190036.522725010290742 ], [ 773391.526387130841613, 6190037.466907585039735 ], [ 773391.197063920553774, 6190038.411090152338147 ], [ 773390.867740700254217, 6190039.355272711254656 ], [ 773390.538417469710112, 6190040.299455259926617 ], [ 773390.209094227757305, 6190041.243637800216675 ], [ 773389.879770975792781, 6190042.187820332124829 ], [ 773389.550447713583708, 6190043.132002854719758 ], [ 773389.221124441362917, 6190044.076185369864106 ], [ 773388.89180115761701, 6190045.020367875695229 ], [ 773388.562477863859385, 6190045.964550372213125 ], [ 773388.233154559973627, 6190046.908732861280441 ], [ 773387.903831245959736, 6190047.852915339171886 ], [ 773387.574507921584882, 6190048.797097808681428 ], [ 773387.245184587314725, 6190049.74128027074039 ], [ 773386.915861241635866, 6190050.685462724417448 ], [ 773386.58653788594529, 6190051.629645168781281 ], [ 773386.257214520010166, 6190052.57382760476321 ], [ 773385.92789114266634, 6190053.518010030500591 ], [ 773385.598567756358534, 6190054.462192449718714 ], [ 773385.269244358874857, 6190055.406374856829643 ], [ 773384.939920951263048, 6190056.350557258352637 ], [ 773384.610597533290274, 6190057.294739650562406 ], [ 773384.281274105422199, 6190058.238922033458948 ], [ 773383.951950666029006, 6190059.183104407042265 ], [ 773383.622627216624096, 6190060.127286771312356 ], [ 773383.293303756974638, 6190061.071469128131866 ], [ 773382.963980287313461, 6190062.015651475638151 ], [ 773382.634656807407737, 6190062.959833815693855 ], [ 773382.305333316093311, 6190063.904016146436334 ], [ 773381.976009814883582, 6190064.848198467865586 ], [ 773381.646686303429306, 6190065.792380779981613 ], [ 773381.317362781846896, 6190066.736563084647059 ], [ 773380.988039250136353, 6190067.680745380930603 ], [ 773380.658715707017109, 6190068.624927666038275 ], [ 773380.329392153769732, 6190069.569109944626689 ], [ 773380.000068590277806, 6190070.513292212039232 ], [ 773379.670745016657747, 6190071.457474472001195 ], [ 773379.341421432094648, 6190072.401656723581254 ], [ 773379.012097838334739, 6190073.345838966779411 ], [ 773378.682774233166128, 6190074.290021199733019 ], [ 773378.353450617869385, 6190075.234203426167369 ], [ 773378.024126992444508, 6190076.178385643288493 ], [ 773377.694803355727345, 6190077.122567849233747 ], [ 773377.365479708765633, 6190078.066750048659742 ], [ 773377.036156053072773, 6190079.010932238772511 ], [ 773376.706832385971211, 6190079.955114419572055 ], [ 773376.377508707577363, 6190080.899296593852341 ], [ 773376.048185020103119, 6190081.843478756025434 ], [ 773375.71886132133659, 6190082.787660911679268 ], [ 773375.389537612441927, 6190083.731843058019876 ], [ 773375.060213893419132, 6190084.676025193184614 ], [ 773374.730890164384618, 6190085.620207322761416 ], [ 773374.401566423824988, 6190086.564389443024993 ], [ 773374.072242673253641, 6190087.508571553975344 ], [ 773373.742918913718313, 6190088.452753657475114 ], [ 773373.413595141610131, 6190089.396935750730336 ], [ 773373.084271360421553, 6190090.341117834672332 ], [ 773372.754947568057105, 6190091.285299911163747 ], [ 773372.425623766845092, 6190092.229481978341937 ], [ 773372.096299954224378, 6190093.173664037138224 ], [ 773371.7669761312427, 6190094.117846084758639 ], [ 773371.437652297201566, 6190095.062028128653765 ], [ 773371.185226407716982, 6190095.785741259343922 ], [ 773370.948205070337281, 6190096.757211685180664 ], [ 773370.711183721083216, 6190097.728682100772858 ], [ 773370.474162360071205, 6190098.700152508914471 ], [ 773370.237140986369923, 6190099.671622915193439 ], [ 773370.000119601725601, 6190100.643093311227858 ], [ 773369.763098204275593, 6190101.614563701674342 ], [ 773369.526076796231791, 6190102.586034084670246 ], [ 773369.289055375265889, 6190103.557504462078214 ], [ 773369.052033942425624, 6190104.528974831104279 ], [ 773368.815012498060241, 6190105.500445196405053 ], [ 773368.577991041820496, 6190106.471915554255247 ], [ 773368.340969573706388, 6190107.44338590465486 ], [ 773368.103948093950748, 6190108.414856248535216 ], [ 773367.866926602553576, 6190109.386326584964991 ], [ 773367.629905097768642, 6190110.357796917669475 ], [ 773367.392883582739159, 6190111.329267241060734 ], [ 773367.155862054671161, 6190112.300737557932734 ], [ 773366.918840516125783, 6190113.272207868285477 ], [ 773366.681818964425474, 6190114.243678173050284 ], [ 773366.444797401083633, 6190115.215148470364511 ], [ 773366.207775825983845, 6190116.186618762090802 ], [ 773365.970754239126109, 6190117.158089046366513 ], [ 773365.733732640510425, 6190118.129559324122965 ], [ 773365.496711030020379, 6190119.10102959536016 ], [ 773365.2596894078888, 6190120.072499860078096 ], [ 773365.022667773999274, 6190121.043970117345452 ], [ 773364.785646127071232, 6190122.015440369024873 ], [ 773364.548624469549395, 6190122.986910615116358 ], [ 773364.311602799221873, 6190123.958380853757262 ], [ 773364.074581118067726, 6190124.929851084016263 ], [ 773363.837559424107894, 6190125.901321308687329 ], [ 773363.600537718273699, 6190126.872791526839137 ], [ 773363.363516001030803, 6190127.844261738471687 ], [ 773363.126494271680713, 6190128.815731944516301 ], [ 773362.88947253068909, 6190129.787202142179012 ], [ 773362.652450777939521, 6190130.758672334253788 ], [ 773362.415429013315588, 6190131.730142520740628 ], [ 773362.178407235769555, 6190132.70161269698292 ], [ 773361.941385447746143, 6190133.673082869499922 ], [ 773361.704363646684214, 6190134.644553035497665 ], [ 773361.467341835144907, 6190135.616023194044828 ], [ 773361.230320010567084, 6190136.587493345141411 ], [ 773360.993298174114898, 6190137.558963492512703 ], [ 773360.75627632625401, 6190138.530433630570769 ], [ 773360.519254466285929, 6190139.5019037630409 ], [ 773360.282232594676316, 6190140.473373888060451 ], [ 773360.04521071142517, 6190141.444844007492065 ], [ 773359.808188816183247, 6190142.4163141194731 ], [ 773359.571166909299791, 6190143.387784225866199 ], [ 773359.334144989261404, 6190144.359254324808717 ], [ 773359.097123058978468, 6190145.330724417231977 ], [ 773358.860101115657017, 6190146.302194504067302 ], [ 773358.623079160461202, 6190147.273664584383368 ], [ 773358.386057194788009, 6190148.245134655386209 ], [ 773358.149035215959884, 6190149.216604720801115 ], [ 773357.912013225490227, 6190150.188074780628085 ], [ 773357.674991223262623, 6190151.15954483486712 ], [ 773357.437969209393486, 6190152.131014879792929 ], [ 773357.200947183649987, 6190153.102484920993447 ], [ 773356.963925144867972, 6190154.073954954743385 ], [ 773356.726903095608577, 6190155.045424981042743 ], [ 773356.489881033543497, 6190156.01689499989152 ], [ 773356.252858960768208, 6190156.988365013152361 ], [ 773356.015836874954402, 6190157.959835020825267 ], [ 773355.778814778430387, 6190158.93130502011627 ], [ 773355.541792669333518, 6190159.902775013819337 ], [ 773355.304770548129454, 6190160.874244999140501 ], [ 773355.067748415400274, 6190161.84571497887373 ], [ 773354.830726270796731, 6190162.817184953019023 ], [ 773354.593704114551656, 6190163.788654921576381 ] ] } }
]
}
