{
"type": "FeatureCollection",
"crs": { "type": "name", "properties": { "name": "urn:ogc:def:crs:EPSG::28356" } },
"features": [
{ "type": "Feature", "properties": { "name": "reference shoreline 1" }, "geometry": { "type": "LineString", "coordinates": [ [ 4749335.507105301134288, -5075517.733170514926314 ], [ 4749335.096259075216949, -5075516.574359619989991 ], [ 4749334.685412728227675, -5075515.415548821911216 ], [ 4749334.274566269479692, -5075514.256738103926182 ], [ 4749333.863719698041677, -5075513.097927479073405 ], [ 4749333.452873007394373, -5075511.939116941764951 ], [ 4749333.04202619753778, -5075510.780306497588754 ], [ 4749332.631179279647768, -5075509.621496137231588 ], [ 4749332.220332248136401, -5075508.462685864418745 ], [ 4749331.809485096484423, -5075507.303875681012869 ], [ 4749331.398637830279768, -5075506.145065588876605 ], [ 4749330.987790450453758, -5075504.986255584284663 ], [ 4749330.576942954212427, -5075503.827445669099689 ], [ 4749330.166095346212387, -5075502.668635837733746 ], [ 4749329.755247620865703, -5075501.509826101362705 ], [ 4749329.344399780966341, -5075500.351016450673342 ], [ 4749328.933551821857691, -5075499.192206893116236 ], [ 4749328.522703755646944, -5075498.033397421240807 ], [ 4749328.111855568364263, -5075496.874588036909699 ], [ 4749327.70100726839155, -5075495.715778741985559 ], [ 4749327.290158852934837, -5075494.556969534605742 ], [ 4749326.879310322925448, -5075493.398160418495536 ], [ 4749326.46846167743206, -5075492.239351391792297 ], [ 4749326.057612914592028, -5075491.0805424451828 ], [ 4749325.646764040924609, -5075489.921733593568206 ], [ 4749325.235915046185255, -5075488.762924836948514 ], [ 4749324.825065943412483, -5075487.604116164147854 ], [ 4749324.414216721430421, -5075486.445307575166225 ], [ 4749324.003367383033037, -5075485.2864990811795 ], [ 4749323.592517933808267, -5075484.127690672874451 ], [ 4749323.181668365374207, -5075482.968882353976369 ], [ 4749322.770818683318794, -5075481.810074124485254 ], [ 4749322.359968885779381, -5075480.651265984401107 ], [ 4749321.949118976481259, -5075479.492457928135991 ], [ 4749321.538268951699138, -5075478.333649965003133 ], [ 4749321.12741880863905, -5075477.174842089414597 ], [ 4749320.716568551026285, -5075476.016034306958318 ], [ 4749320.305718178860843, -5075474.85722660459578 ], [ 4749319.894867694936693, -5075473.6984189953655 ], [ 4749319.484017089940608, -5075472.539611475542188 ], [ 4749319.073166370391846, -5075471.380804045125842 ], [ 4749318.662315539084375, -5075470.221996702253819 ], [ 4749318.251464593224227, -5075469.063189448788762 ], [ 4749317.840613532811403, -5075467.904382279142737 ], [ 4749317.429762354120612, -5075466.745575204491615 ], [ 4749317.018911059945822, -5075465.586768213659525 ], [ 4749316.608059654012322, -5075464.427961315959692 ], [ 4749316.197208127938211, -5075463.269154503941536 ], [ 4749315.786356493830681, -5075462.110347781330347 ], [ 4749315.375504739582539, -5075460.95154114998877 ], [ 4749314.964652871713042, -5075459.792734604328871 ], [ 4749314.553800891153514, -5075458.633928148075938 ], [ 4749314.142948789522052, -5075457.475121781229973 ], [ 4749313.732096577063203, -5075456.316315503790975 ], [ 4749313.321244248189032, -5075455.157509313896298 ], [ 4749312.910391811281443, -5075453.998703205958009 ], [ 4749312.499539249576628, -5075452.839897198602557 ], [ 4749312.088686575181782, -5075451.681091275066137 ], [ 4749311.67783378623426, -5075450.52228544279933 ], [ 4749311.266980883665383, -5075449.363479694351554 ], [ 4749310.856127865612507, -5075448.204674035310745 ], [ 4749310.445274730212986, -5075447.045868465676904 ], [ 4749310.034421485848725, -5075445.887062981724739 ], [ 4749309.623568121343851, -5075444.728257592767477 ], [ 4749309.212714644148946, -5075443.569452291354537 ], [ 4749308.801861047744751, -5075442.410647075623274 ], [ 4749308.500907978974283, -5075441.561814595013857 ], [ 4749307.860141114331782, -5075440.512506345286965 ], [ 4749307.21937417704612, -5075439.463198233395815 ], [ 4749306.578607168979943, -5075438.413890238851309 ], [ 4749305.93784009385854, -5075437.364582372829318 ], [ 4749305.297072949819267, -5075436.315274639055133 ], [ 4749304.6563057359308, -5075435.265967028215528 ], [ 4749304.015538454055786, -5075434.216659545898438 ], [ 4749303.374771098606288, -5075433.167352195829153 ], [ 4749302.734003678895533, -5075432.118044966831803 ], [ 4749302.093236183747649, -5075431.068737868219614 ], [ 4749301.452468620613217, -5075430.01943090185523 ], [ 4749300.811700991354883, -5075428.970124052837491 ], [ 4749300.170933289453387, -5075427.920817337930202 ], [ 4749299.530165518634021, -5075426.871510753408074 ], [ 4749298.889397678896785, -5075425.822204293683171 ], [ 4749298.248629770241678, -5075424.772897956892848 ], [ 4749297.6078617926687, -5075423.723591754212976 ], [ 4749296.967093743383884, -5075422.674285670742393 ], [ 4749296.326325624249876, -5075421.624979719519615 ], [ 4749295.685557435266674, -5075420.575673900544643 ], [ 4749295.044789177365601, -5075419.526368208229542 ], [ 4749294.404020852409303, -5075418.47706263884902 ], [ 4749293.76325245667249, -5075417.427757199853659 ], [ 4749293.122483991086483, -5075416.378451887518167 ], [ 4749292.481715454719961, -5075415.329146703705192 ], [ 4749291.840946847572923, -5075414.279841644689441 ], [ 4749291.200178174301982, -5075413.230536714196205 ], [ 4749290.559409430250525, -5075412.18123191408813 ], [ 4749289.918640616349876, -5075411.13192723877728 ], [ 4749289.277871731668711, -5075410.082622691988945 ], [ 4749288.977628577500582, -5075409.590953288599849 ], [ 4749288.927082941867411, -5075408.362511284649372 ], [ 4749288.876537160947919, -5075407.134069291874766 ], [ 4749288.825991231016815, -5075405.905627302825451 ], [ 4749288.775445156730711, -5075404.677185323089361 ], [ 4749288.72489894554019, -5075403.448743354529142 ], [ 4749288.674352580681443, -5075402.220301389694214 ], [ 4749288.623806071467698, -5075400.991859441623092 ], [ 4749288.573259420692921, -5075399.76341749355197 ], [ 4749288.522712624631822, -5075398.534975554794073 ], [ 4749288.472165677696466, -5075397.306533630937338 ], [ 4749288.421618594788015, -5075396.078091705217957 ], [ 4749288.371071361005306, -5075394.849649796262383 ], [ 4749288.320523981004953, -5075393.621207892894745 ], [ 4749288.269976459443569, -5075392.392765996977687 ], [ 4749288.219428793527186, -5075391.164324110373855 ], [ 4749288.168880982324481, -5075389.935882233083248 ], [ 4749288.118333023972809, -5075388.707440363243222 ], [ 4749288.067784920334816, -5075387.478998500853777 ], [ 4749288.017236670479178, -5075386.250556649640203 ], [ 4749287.966688276268542, -5075385.022114805877209 ], [ 4749287.916139738634229, -5075383.793672965839505 ], [ 4749287.865591055713594, -5075382.565231138840318 ], [ 4749287.815042227506638, -5075381.336789321154356 ], [ 4749287.76449325401336, -5075380.108347510918975 ], [ 4749287.713944134302437, -5075378.879905702546239 ], [ 4749287.663394874893129, -5075377.651463910937309 ], [ 4749287.612845462746918, -5075376.423022124916315 ], [ 4749287.562295909970999, -5075375.194580346345901 ], [ 4749287.511746211908758, -5075373.966138575226068 ], [ 4749287.461196367628872, -5075372.737696817144752 ], [ 4749287.410646378062665, -5075371.509255062788725 ], [ 4749287.360096243210137, -5075370.280813317745924 ], [ 4749287.3095459677279, -5075369.052371582016349 ], [ 4749287.258995544165373, -5075367.823929855599999 ], [ 4749287.215785509906709, -5075366.773872010409832 ], [ 4749286.719312774017453, -5075365.649087959900498 ], [ 4749286.222839936614037, -5075364.524304009974003 ], [ 4749285.726367002353072, -5075363.39952016249299 ], [ 4749285.229893966577947, -5075362.274736421182752 ], [ 4749284.733420833945274, -5075361.149952780455351 ], [ 4749284.236947595141828, -5075360.025169249624014 ], [ 4749283.740474255755544, -5075358.90038582496345 ], [ 4749283.244000815786421, -5075357.77560250647366 ], [ 4749282.747527281753719, -5075356.650819286704063 ], [ 4749282.25105364061892, -5075355.52603617683053 ], [ 4749281.754579902626574, -5075354.401253167539835 ], [ 4749281.258106061257422, -5075353.276470268145204 ], [ 4749280.761632118374109, -5075352.151687474921346 ], [ 4749280.265158075839281, -5075351.026904778555036 ], [ 4749279.768683933652937, -5075349.902122193947434 ], [ 4749279.272209694609046, -5075348.777339711785316 ], [ 4749278.775735351257026, -5075347.652557333931327 ], [ 4749278.279260905459523, -5075346.527775062248111 ], [ 4749277.782786362804472, -5075345.402992896735668 ], [ 4749277.286311717703938, -5075344.278210828080773 ], [ 4749276.789836970157921, -5075343.153428874909878 ], [ 4749276.293362131342292, -5075342.02864701859653 ], [ 4749275.796887182630599, -5075340.903865272179246 ], [ 4749275.30041213426739, -5075339.77908363007009 ], [ 4749274.803936988115311, -5075338.654302092269063 ], [ 4749274.307461738586426, -5075337.529520660638809 ], [ 4749273.810986393131316, -5075336.404739329591393 ], [ 4749273.3145109442994, -5075335.279958104714751 ], [ 4749272.818035395815969, -5075334.155176986008883 ], [ 4749272.321559748612344, -5075333.030395973473787 ], [ 4749271.825083990581334, -5075331.905615067109466 ], [ 4749271.328608142212033, -5075330.780834265053272 ], [ 4749270.83213219139725, -5075329.656053567305207 ], [ 4749270.335656139999628, -5075328.53127297013998 ], [ 4749269.839179988019168, -5075327.406492482870817 ], [ 4749269.342703734524548, -5075326.281712096184492 ], [ 4749268.846227377653122, -5075325.156931819394231 ], [ 4749268.349750926718116, -5075324.032151643186808 ], [ 4749267.853274371474981, -5075322.907371573150158 ], [ 4749267.356797719374299, -5075321.782591609284282 ], [ 4749266.860320964828134, -5075320.657811749726534 ], [ 4749266.363844106905162, -5075319.533031994476914 ], [ 4749265.867367151193321, -5075318.408252345398068 ], [ 4749265.370890091173351, -5075317.283472802489996 ], [ 4749264.874412936158478, -5075316.158693360164762 ], [ 4749264.377935673110187, -5075315.033914025872946 ], [ 4749263.881458318792284, -5075313.909134795889258 ], [ 4749263.384980858303607, -5075312.784355670213699 ], [ 4749262.888503298163414, -5075311.659576648846269 ], [ 4749262.392025636509061, -5075310.534797737374902 ], [ 4749261.895547879859805, -5075309.410018926486373 ], [ 4749261.781187886372209, -5075309.150934467092156 ], [ 4749261.140410229563713, -5075308.10163882933557 ], [ 4749260.499632500112057, -5075307.052343312650919 ], [ 4749259.858854700811207, -5075306.003047922626138 ], [ 4749259.218076836317778, -5075304.953752662986517 ], [ 4749258.577298902906477, -5075303.904457535594702 ], [ 4749257.936520896852016, -5075302.855162525549531 ], [ 4749257.29574282001704, -5075301.805867653340101 ], [ 4749256.654964677989483, -5075300.756572904065251 ], [ 4749256.014186459593475, -5075299.707278283312917 ], [ 4749255.373408177867532, -5075298.657983789220452 ], [ 4749254.732629825361073, -5075297.608689423650503 ], [ 4749254.091851400211453, -5075296.559395184740424 ], [ 4749253.451072908937931, -5075295.510101072490215 ], [ 4749252.810294348746538, -5075294.460807088762522 ], [ 4749252.169515719637275, -5075293.411513233557343 ], [ 4749251.528737017884851, -5075292.362219505012035 ], [ 4749250.887958242557943, -5075291.312925904989243 ], [ 4749250.247179406695068, -5075290.263632433488965 ], [ 4749249.606400498189032, -5075289.214339086785913 ], [ 4749248.965621517971158, -5075288.16504586674273 ], [ 4749248.324842468835413, -5075287.115752777084708 ], [ 4749247.684063347987831, -5075286.066459815949202 ], [ 4749247.04328416287899, -5075285.017166981473565 ], [ 4749246.402504905126989, -5075283.967874271795154 ], [ 4749245.76172557938844, -5075282.918581690639257 ], [ 4749245.12094618473202, -5075281.869289239868522 ], [ 4749244.480166716501117, -5075280.819996913895011 ], [ 4749243.839387182146311, -5075279.770704720169306 ], [ 4749243.198607580736279, -5075278.721412647515535 ], [ 4749242.557827902957797, -5075277.672120705246925 ], [ 4749241.917048157192767, -5075276.622828893363476 ], [ 4749241.276268344372511, -5075275.573537202551961 ], [ 4749240.635488462634385, -5075274.524245640262961 ], [ 4749239.994708508253098, -5075273.474954213947058 ], [ 4749239.353928485885262, -5075272.425662908703089 ], [ 4749238.713148396462202, -5075271.376371728256345 ], [ 4749238.072368232533336, -5075270.327080683782697 ], [ 4749237.431588003411889, -5075269.277789764106274 ], [ 4749236.790807704441249, -5075268.228498965501785 ], [ 4749236.150027333758771, -5075267.179208297282457 ], [ 4749235.509246896021068, -5075266.129917761310935 ], [ 4749234.868466385640204, -5075265.080627350136638 ], [ 4749234.227685806341469, -5075264.031337067484856 ], [ 4749233.586905162781477, -5075262.982046904042363 ], [ 4749233.580399776808918, -5075262.971394220367074 ], [ 4749233.33678584266454, -5075261.766295962035656 ], [ 4749233.093171776272357, -5075260.561197765171528 ], [ 4749232.849557580426335, -5075259.356099614873528 ], [ 4749232.60594324208796, -5075258.151001524180174 ], [ 4749232.362328774295747, -5075256.945903476327658 ], [ 4749232.118714168667793, -5075255.740805491805077 ], [ 4749231.875099421478808, -5075254.53570755943656 ], [ 4749231.631484547629952, -5075253.330609673634171 ], [ 4749231.387869535014033, -5075252.125511849299073 ], [ 4749231.144254392944276, -5075250.920414067804813 ], [ 4749230.900639105588198, -5075249.715316349640489 ], [ 4749230.657023691572249, -5075248.510218674317002 ], [ 4749230.413408140651882, -5075247.305121064186096 ], [ 4749230.169792450033128, -5075246.100023496896029 ], [ 4749229.926176624372602, -5075244.89492598734796 ], [ 4749229.682560665532947, -5075243.689828531816602 ], [ 4749229.438944577239454, -5075242.484731126576662 ], [ 4749229.195328343659639, -5075241.279633777216077 ], [ 4749228.951711983419955, -5075240.074536476284266 ], [ 4749228.708095483481884, -5075238.869439233094454 ], [ 4749228.464478849433362, -5075237.664342040196061 ], [ 4749228.22086208127439, -5075236.459244903177023 ], [ 4749227.977245175279677, -5075235.254147818312049 ], [ 4749227.733628135174513, -5075234.049050787463784 ], [ 4749227.490010960027575, -5075232.843953803181648 ], [ 4749227.24639364797622, -5075231.638856880366802 ], [ 4749227.002776199951768, -5075230.433760011568666 ], [ 4749226.759158621542156, -5075229.228663189336658 ], [ 4749226.515540905296803, -5075228.023566419258714 ], [ 4749226.271923052147031, -5075226.818469708785415 ], [ 4749226.028305064886808, -5075225.613373048603535 ], [ 4749225.784686944447458, -5075224.408276440575719 ], [ 4749225.541068686172366, -5075223.203179888427258 ], [ 4749225.297450296580791, -5075221.998083386570215 ], [ 4749225.053831769153476, -5075220.792986933141947 ], [ 4749224.810213102959096, -5075219.587890543043613 ], [ 4749224.566594307310879, -5075218.382794199511409 ], [ 4749224.322975370101631, -5075217.177697917446494 ], [ 4749224.079356302507222, -5075215.972601680085063 ], [ 4749223.927082597278059, -5075215.219358570873737 ], [ 4749223.357514278031886, -5075214.129771972075105 ], [ 4749222.787945872172713, -5075213.040185481309891 ], [ 4749222.218377375043929, -5075211.950599115341902 ], [ 4749221.648808799684048, -5075210.861012861132622 ], [ 4749221.079240133054554, -5075209.771426727995276 ], [ 4749220.509671387262642, -5075208.68184070661664 ], [ 4749219.940102554857731, -5075207.592254802584648 ], [ 4749219.37053363211453, -5075206.502669021487236 ], [ 4749218.800964624620974, -5075205.413083357736468 ], [ 4749218.231395531445742, -5075204.323497807607055 ], [ 4749217.661826352588832, -5075203.233912374824286 ], [ 4749217.092257088981569, -5075202.144327061250806 ], [ 4749216.522687737829983, -5075201.054741863161325 ], [ 4749215.953118303790689, -5075199.965156784281135 ], [ 4749215.383548780344427, -5075198.875571822747588 ], [ 4749214.813979174941778, -5075197.785986974835396 ], [ 4749214.24440947920084, -5075196.696402246132493 ], [ 4749213.674839701503515, -5075195.606817634776235 ], [ 4749213.105269833467901, -5075194.517233140766621 ], [ 4749212.5356998834759, -5075193.427648765966296 ], [ 4749211.966129846870899, -5075192.338064504787326 ], [ 4749211.396559725515544, -5075191.248480359092355 ], [ 4749210.8269895138219, -5075190.158896340057254 ], [ 4749210.257419223897159, -5075189.069312423467636 ], [ 4749209.687848840840161, -5075187.979728639125824 ], [ 4749209.118278373032808, -5075186.890144966542721 ], [ 4749208.548707820475101, -5075185.800561413168907 ], [ 4749207.979137185961008, -5075184.710977971553802 ], [ 4749207.409566461108625, -5075183.621394649147987 ], [ 4749206.839995647780597, -5075182.531811442226171 ], [ 4749206.270424759946764, -5075181.442228354513645 ], [ 4749205.700853774324059, -5075180.352645387873054 ], [ 4749205.131282709538937, -5075179.263062532991171 ], [ 4749204.561711554415524, -5075178.173479799181223 ], [ 4749203.99214031919837, -5075177.083897177129984 ], [ 4749203.422568988986313, -5075175.99431467615068 ], [ 4749202.852997584268451, -5075174.904732294380665 ], [ 4749202.283426084555686, -5075173.815150024369359 ], [ 4749201.713854500092566, -5075172.725567879155278 ], [ 4749201.144282831810415, -5075171.635985847562551 ], [ 4749200.574711081571877, -5075170.546403931453824 ], [ 4749200.005139243789017, -5075169.456822128966451 ], [ 4749199.435567313805223, -5075168.367240451276302 ], [ 4749198.865995305590332, -5075167.277658887207508 ], [ 4749198.296423205174506, -5075166.188077438622713 ], [ 4749197.726851022802293, -5075165.098496114835143 ], [ 4749197.157278758473694, -5075164.008914897218347 ], [ 4749196.587706400081515, -5075162.91933380253613 ], [ 4749196.018133961595595, -5075161.829752827063203 ], [ 4749195.448561432771385, -5075160.740171963348985 ], [ 4749194.939553540199995, -5075159.76645028591156 ], [ 4749194.298764544539154, -5075158.717170305550098 ], [ 4749193.657975476235151, -5075157.667890457436442 ], [ 4749193.017186339944601, -5075156.618610739707947 ], [ 4749192.376397136598825, -5075155.569331146776676 ], [ 4749191.735607857815921, -5075154.520051682367921 ], [ 4749191.09481851849705, -5075153.470772340893745 ], [ 4749190.454029102809727, -5075152.421493133530021 ], [ 4749189.813239617273211, -5075151.372214050963521 ], [ 4749189.172450062818825, -5075150.322935100644827 ], [ 4749188.531660442240536, -5075149.273656269535422 ], [ 4749187.890870749019086, -5075148.224377568811178 ], [ 4749187.250080986879766, -5075147.175099002197385 ], [ 4749186.609291155822575, -5075146.125820556655526 ], [ 4749185.968501253984869, -5075145.076542241498828 ], [ 4749185.327711283229291, -5075144.027264051139355 ], [ 4749184.686921243555844, -5075142.977985987439752 ], [ 4749184.046131134033203, -5075141.928708057850599 ], [ 4749183.405340956524014, -5075140.879430251196027 ], [ 4749182.76455070823431, -5075139.830152565613389 ], [ 4749182.123760391026735, -5075138.780875019729137 ], [ 4749181.482969996519387, -5075137.731597594916821 ], [ 4749180.842179543338716, -5075136.682320298627019 ], [ 4749180.201389015652239, -5075135.633043130859733 ], [ 4749179.560598419047892, -5075134.583766089752316 ], [ 4749178.919807753525674, -5075133.534489177167416 ], [ 4749178.279017017222941, -5075132.485212391242385 ], [ 4749177.638226213864982, -5075131.435935730114579 ], [ 4749176.997435338795185, -5075130.386659201234579 ], [ 4749176.356644393876195, -5075129.337382797151804 ], [ 4749175.71585338562727, -5075128.288106521591544 ], [ 4749175.075062300078571, -5075127.238830372691154 ], [ 4749174.434271146543324, -5075126.18955435231328 ], [ 4749173.793479925952852, -5075125.140278462320566 ], [ 4749173.152688634581864, -5075124.091002693399787 ], [ 4749172.51189727243036, -5075123.041727060452104 ], [ 4749171.871105845086277, -5075121.992451544851065 ], [ 4749171.230314341373742, -5075120.943176165223122 ], [ 4749170.589522773399949, -5075119.893900912255049 ], [ 4749169.948731134645641, -5075118.844625785946846 ], [ 4749169.307939424179494, -5075117.795350784435868 ], [ 4749168.907600954174995, -5075117.139810044318438 ], [ 4749168.266809133812785, -5075116.090535251423717 ], [ 4749167.626017238944769, -5075115.041260587051511 ], [ 4749166.98522528167814, -5075113.991986045613885 ], [ 4749166.344433250837028, -5075112.942711642012 ], [ 4749165.703641146421432, -5075111.89343735575676 ], [ 4749165.062848979607224, -5075110.844163205474615 ], [ 4749164.422056745737791, -5075109.79488917440176 ], [ 4749163.781264436431229, -5075108.745615275576711 ], [ 4749163.140472056344151, -5075107.696341503411531 ], [ 4749162.499679610133171, -5075106.647067859768867 ], [ 4749161.858887094072998, -5075105.597794340923429 ], [ 4749161.218094507232308, -5075104.54852095246315 ], [ 4749160.577301848679781, -5075103.499247696250677 ], [ 4749159.936509125865996, -5075102.449974557384849 ], [ 4749159.295716333203018, -5075101.400701550766826 ], [ 4749158.654923468828201, -5075100.351428674533963 ], [ 4749158.014130532741547, -5075099.302155921235681 ], [ 4749157.373337526805699, -5075098.252883296459913 ], [ 4749156.732544455677271, -5075097.203610802069306 ], [ 4749156.091751312837005, -5075096.154338432475924 ], [ 4749155.45095810201019, -5075095.105066191405058 ], [ 4749154.810164819471538, -5075094.055794080719352 ], [ 4749154.169371470808983, -5075093.006522089242935 ], [ 4749153.528578046709299, -5075091.95725023560226 ], [ 4749152.887784554623067, -5075090.907978504896164 ], [ 4749152.24699099548161, -5075089.858706898987293 ], [ 4749151.606197369284928, -5075088.809435421600938 ], [ 4749150.965403667651117, -5075087.760164078325033 ], [ 4749150.324609899893403, -5075086.710892854258418 ], [ 4749149.683816062286496, -5075085.661621762439609 ], [ 4749149.383561213500798, -5075085.169968035072088 ], [ 4749148.74276727437973, -5075084.120697133243084 ], [ 4749148.101973264478147, -5075083.07142635434866 ], [ 4749147.461179188452661, -5075082.022155698388815 ], [ 4749146.820385036990047, -5075080.972885180264711 ], [ 4749146.179590819403529, -5075079.923614785075188 ], [ 4749145.538796531967819, -5075078.874344514682889 ], [ 4749144.898002173751593, -5075077.825074376538396 ], [ 4749144.257207750342786, -5075076.775804363191128 ], [ 4749143.616413256153464, -5075075.72653447650373 ], [ 4749142.975618684664369, -5075074.677264720201492 ], [ 4749142.334824051707983, -5075073.62799509242177 ], [ 4749141.694029349833727, -5075072.578725585713983 ], [ 4749141.053234572522342, -5075071.529456216841936 ], [ 4749140.412439729087055, -5075070.480186967179179 ], [ 4749139.771644817665219, -5075069.430917846038938 ], [ 4749139.130849833600223, -5075068.381648859009147 ], [ 4749138.490054778754711, -5075067.332379989326 ], [ 4749137.849259660579264, -5075066.28311125561595 ], [ 4749137.208464466966689, -5075065.233842641115189 ], [ 4749136.56766920723021, -5075064.184574160724878 ], [ 4749135.926873875781894, -5075063.135305812582374 ], [ 4749135.286078478209674, -5075062.086037583649158 ], [ 4749134.645283005200326, -5075061.036769485101104 ], [ 4749134.004487470723689, -5075059.987501511350274 ], [ 4749133.36369186360389, -5075058.938233667984605 ], [ 4749132.722896182909608, -5075057.888965949416161 ], [ 4749132.082100438885391, -5075056.839698364958167 ], [ 4749131.441304623149335, -5075055.790430897846818 ], [ 4749130.800508730113506, -5075054.741163570433855 ], [ 4749130.15971277654171, -5075053.691896360367537 ], [ 4749129.518916751258075, -5075052.642629284411669 ], [ 4749128.878120657987893, -5075051.593362333253026 ], [ 4749128.237324493937194, -5075050.544095508754253 ], [ 4749127.59652825910598, -5075049.494828812777996 ], [ 4749126.955731954425573, -5075048.445562247186899 ], [ 4749126.314935583621264, -5075047.396295804530382 ], [ 4749125.674139137379825, -5075046.347029494121671 ], [ 4749125.033342623151839, -5075045.297763306647539 ], [ 4749124.392546047456563, -5075044.248497249558568 ], [ 4749123.751749392598867, -5075043.199231320992112 ], [ 4749123.110952674411237, -5075042.149965517222881 ], [ 4749122.470155879855156, -5075041.100699840113521 ], [ 4749121.829359021037817, -5075040.051434297114611 ], [ 4749121.188562095165253, -5075039.002168875187635 ], [ 4749120.547765092924237, -5075037.95290357992053 ], [ 4749119.906968027353287, -5075036.903638415038586 ], [ 4749119.266170890070498, -5075035.854373382404447 ], [ 4749118.625373681075871, -5075034.805108467116952 ], [ 4749117.984576403163373, -5075033.755843691527843 ], [ 4749117.343779059126973, -5075032.706579033285379 ], [ 4749116.702981638722122, -5075031.657314509153366 ], [ 4749116.06218415684998, -5075030.608050107955933 ], [ 4749115.421386603266001, -5075029.558785835281014 ], [ 4749114.780588975176215, -5075028.509521691128612 ], [ 4749114.139791281893849, -5075027.460257673636079 ], [ 4749113.498993520624936, -5075026.410993786528707 ], [ 4749112.858195686712861, -5075025.361730022355914 ], [ 4749112.217397782020271, -5075024.312466390430927 ], [ 4749111.576599814929068, -5075023.263202883303165 ], [ 4749110.935801773332059, -5075022.213939502835274 ], [ 4749110.295003656297922, -5075021.164676252752542 ], [ 4749109.654205476865172, -5075020.115413131192327 ], [ 4749109.01340722758323, -5075019.066150134429336 ], [ 4749108.372608906589448, -5075018.01688726618886 ], [ 4749107.731810516677797, -5075016.9676245264709 ], [ 4749107.091012058779597, -5075015.918361915275455 ], [ 4749106.450213528238237, -5075014.869099425151944 ], [ 4749105.996575171127915, -5075014.126298686489463 ], [ 4749105.355776524171233, -5075013.07703641988337 ], [ 4749104.714977805502713, -5075012.027774281799793 ], [ 4749104.074179025366902, -5075010.978512264788151 ], [ 4749103.433380167931318, -5075009.929250378161669 ], [ 4749102.792581240646541, -5075008.879988623782992 ], [ 4749102.151782249100506, -5075007.830726990476251 ], [ 4749101.510983183979988, -5075006.781465485692024 ], [ 4749100.870184048078954, -5075005.732204120606184 ], [ 4749100.229384846054018, -5075004.682942865416408 ], [ 4749099.588585573248565, -5075003.633681748062372 ], [ 4749098.947786232456565, -5075002.584420757368207 ], [ 4749098.306986820884049, -5075001.535159891471267 ], [ 4749097.66618733946234, -5075000.485899152234197 ], [ 4749097.025387786328793, -5074999.436638545244932 ], [ 4749096.384588168933988, -5074998.387378063052893 ], [ 4749095.743788475170732, -5074997.338117711246014 ], [ 4749095.102988717146218, -5074996.28885748423636 ], [ 4749094.462188892066479, -5074995.239597382023931 ], [ 4749093.821388990618289, -5074994.190337412059307 ], [ 4749093.180589023977518, -5074993.141077565029263 ], [ 4749092.539788984693587, -5074992.091817852109671 ], [ 4749091.898988876491785, -5074991.042558262124658 ], [ 4749091.258188703097403, -5074989.99329880066216 ], [ 4749090.617388455197215, -5074988.944039467722178 ], [ 4749089.976588141173124, -5074987.894780261442065 ], [ 4749089.33578775729984, -5074986.845521179959178 ], [ 4749088.694987301714718, -5074985.796262230724096 ], [ 4749088.054186776280403, -5074984.747003408148885 ], [ 4749087.413386183790863, -5074983.697744710370898 ], [ 4749086.772585521452129, -5074982.648486141115427 ], [ 4749086.131784789264202, -5074981.599227704107761 ], [ 4749085.490983985364437, -5074980.54996938817203 ], [ 4749084.850183117203414, -5074979.50071120262146 ], [ 4749084.209382173605263, -5074978.451453145593405 ], [ 4749083.568581163883209, -5074977.40219521522522 ], [ 4749082.92778008338064, -5074976.35293741337955 ], [ 4749082.286978936754167, -5074975.30367973446846 ], [ 4749082.133596998639405, -5074975.052529832348228 ], [ 4749081.492795763537288, -5074974.003272311761975 ], [ 4749080.851994457654655, -5074972.954014925286174 ], [ 4749080.211193081922829, -5074971.904757661744952 ], [ 4749079.570391640998423, -5074970.855500524863601 ], [ 4749078.929590123705566, -5074969.806243520230055 ], [ 4749078.288788544945419, -5074968.756986638531089 ], [ 4749077.647986889816821, -5074967.707729889079928 ], [ 4749077.007185166701674, -5074966.658473264425993 ], [ 4749076.36638337559998, -5074965.609216768294573 ], [ 4749075.725581516511738, -5074964.559960398823023 ], [ 4749075.084779581055045, -5074963.510704159736633 ], [ 4749074.443977585062385, -5074962.461448041722178 ], [ 4749073.803175510838628, -5074961.412192057818174 ], [ 4749073.162373373284936, -5074960.362936198711395 ], [ 4749072.521571164019406, -5074959.313680466264486 ], [ 4749071.880768884904683, -5074958.264424862340093 ], [ 4749071.239966535940766, -5074957.215169390663505 ], [ 4749070.599164119921625, -5074956.165914038196206 ], [ 4749069.958361628465354, -5074955.116658821702003 ], [ 4749069.317559071816504, -5074954.06740372441709 ], [ 4749068.676756449975073, -5074953.018148759379983 ], [ 4749068.035953752696514, -5074951.9688939191401 ], [ 4749067.395150991156697, -5074950.919639213010669 ], [ 4749066.754348155111074, -5074949.870384624227881 ], [ 4749066.113545251078904, -5074948.821130173280835 ], [ 4749065.472742276266217, -5074947.771875843405724 ], [ 4749064.831939229741693, -5074946.722621645778418 ], [ 4749064.19113611895591, -5074945.673367571085691 ], [ 4749063.550332937389612, -5074944.624113626778126 ], [ 4749062.909529684111476, -5074943.57485980540514 ], [ 4749062.268726365640759, -5074942.52560611627996 ], [ 4749061.627922970801592, -5074941.476352555677295 ], [ 4749060.987119512632489, -5074940.42709911800921 ], [ 4749060.346315982751548, -5074939.377845810726285 ], [ 4749059.705512382090092, -5074938.32859263010323 ], [ 4749059.064708716236055, -5074937.279339576140046 ], [ 4749058.423904974013567, -5074936.230086656287313 ], [ 4749057.783101165667176, -5074935.180833857506514 ], [ 4749057.142297295853496, -5074934.13158119097352 ], [ 4749056.501493345014751, -5074933.082328645512462 ], [ 4749056.101147225126624, -5074932.42680193670094 ], [ 4749055.460343166254461, -5074931.377549603581429 ], [ 4749054.819539037533104, -5074930.328297395259142 ], [ 4749054.178734838031232, -5074929.279045317322016 ], [ 4749053.537930570542812, -5074928.22979336604476 ], [ 4749052.897126234136522, -5074927.180541537702084 ], [ 4749052.256321822293103, -5074926.131289841607213 ], [ 4749051.615517345257103, -5074925.082038272172213 ], [ 4749050.974712801165879, -5074924.032786829397082 ], [ 4749050.333908182568848, -5074922.983535518869758 ], [ 4749049.693103498779237, -5074921.934284329414368 ], [ 4749049.052298744209111, -5074920.885033270344138 ], [ 4749048.411493918858469, -5074919.835782339796424 ], [ 4749047.770689021795988, -5074918.78653153590858 ], [ 4749047.129884061403573, -5074917.737280856817961 ], [ 4749046.489079028367996, -5074916.688030308112502 ], [ 4749045.848273925483227, -5074915.638779893517494 ], [ 4749045.207468751817942, -5074914.589529594406486 ], [ 4749044.566663511097431, -5074913.540279427543283 ], [ 4749043.925858195871115, -5074912.49102939106524 ], [ 4749043.285052822902799, -5074911.441779479384422 ], [ 4749042.644247372634709, -5074910.39252969250083 ], [ 4749042.003441848792136, -5074909.343280041590333 ], [ 4749041.36263626255095, -5074908.294030509889126 ], [ 4749040.721830599941313, -5074907.244781114161015 ], [ 4749040.081024871207774, -5074906.195531837642193 ], [ 4749039.440219072625041, -5074905.146282693371177 ], [ 4749038.799413208849728, -5074904.097033673897386 ], [ 4749038.158607268705964, -5074903.047784788534045 ], [ 4749037.51780126336962, -5074901.99853602424264 ], [ 4749036.87699519097805, -5074900.949287384748459 ], [ 4749036.236189045011997, -5074899.900038877502084 ], [ 4749035.595382827334106, -5074898.850790502503514 ], [ 4749034.954576543532312, -5074897.801542246714234 ], [ 4749034.313770190812647, -5074896.752294121310115 ], [ 4749033.672963766381145, -5074895.703046124428511 ], [ 4749033.032157276757061, -5074894.653798254206777 ], [ 4749032.391350710764527, -5074893.604550516232848 ], [ 4749031.75054407864809, -5074892.555302899330854 ], [ 4749031.109737379476428, -5074891.506055409088731 ], [ 4749030.46893060579896, -5074890.456808052957058 ], [ 4749029.828123766928911, -5074889.407560819759965 ], [ 4749029.187316859140992, -5074888.358313713222742 ], [ 4749028.546509874053299, -5074887.309066738933325 ], [ 4749027.905702825635672, -5074886.259819887578487 ], [ 4749027.264895710162818, -5074885.210573168471456 ], [ 4749026.624088519252837, -5074884.161326572299004 ], [ 4749025.983281263150275, -5074883.112080106511712 ], [ 4749025.342473936267197, -5074882.062833769246936 ], [ 4749024.701666537672281, -5074881.013587560504675 ], [ 4749024.060859073884785, -5074879.964341469109058 ], [ 4749023.420051535591483, -5074878.915095515549183 ], [ 4749022.779243930242956, -5074877.865849688649178 ], [ 4749022.13843625690788, -5074876.816603984683752 ], [ 4749021.497628509998322, -5074875.767358412966132 ], [ 4749020.856820698827505, -5074874.718112966045737 ], [ 4749020.216012816876173, -5074873.668867645785213 ], [ 4749019.575204865075648, -5074872.619622455909848 ], [ 4749019.221646988764405, -5074872.040714489296079 ], [ 4749018.580838928930461, -5074870.991469494998455 ], [ 4749017.940030802041292, -5074869.942224625498056 ], [ 4749017.299222599714994, -5074868.892979891970754 ], [ 4749016.658414329402149, -5074867.843735281378031 ], [ 4749016.017605994828045, -5074866.794490797445178 ], [ 4749015.376797582022846, -5074865.745246443897486 ], [ 4749014.735989104956388, -5074864.696002213284373 ], [ 4749014.095180561766028, -5074863.646758114919066 ], [ 4749013.45437194313854, -5074862.59751414321363 ], [ 4749012.813563253730536, -5074861.548270298168063 ], [ 4749012.172754499129951, -5074860.499026579782367 ], [ 4749011.531945674680173, -5074859.449782989919186 ], [ 4749010.891136778518558, -5074858.400539530441165 ], [ 4749010.250327817164361, -5074857.351296193897724 ], [ 4749009.609518778510392, -5074856.302052989602089 ], [ 4749008.968709677457809, -5074855.252809906378388 ], [ 4749008.327900508418679, -5074854.203566955402493 ], [ 4749007.68709126394242, -5074853.154324131086469 ], [ 4749007.046281949616969, -5074852.105081435292959 ], [ 4749006.405472570098937, -5074851.05583886615932 ], [ 4749005.764663118869066, -5074850.006596427410841 ], [ 4749005.123853598721325, -5074848.957354111596942 ], [ 4749004.483044010587037, -5074847.908111924305558 ], [ 4749003.842234348878264, -5074846.85886986553669 ], [ 4749003.201424620114267, -5074845.809627933427691 ], [ 4749002.560614820569754, -5074844.760386131703854 ], [ 4749001.91980495210737, -5074843.711144452914596 ], [ 4749001.278995016589761, -5074842.661902906373143 ], [ 4749000.638185005635023, -5074841.612661484628916 ], [ 4748999.99737493135035, -5074840.563420195132494 ], [ 4748999.356564784422517, -5074839.514179026708007 ], [ 4748998.715754572302103, -5074838.46493798866868 ], [ 4748998.074944283813238, -5074837.415697077289224 ], [ 4748997.434133931063116, -5074836.366456298157573 ], [ 4748996.7933235084638, -5074835.317215640097857 ], [ 4748996.152513014152646, -5074834.267975112423301 ], [ 4748995.511702450923622, -5074833.21873470954597 ], [ 4748994.870891816914082, -5074832.1694944370538 ], [ 4748994.230081114917994, -5074831.120254291221499 ], [ 4748993.589270343072712, -5074830.071014273911715 ], [ 4748992.948459499515593, -5074829.02177438698709 ], [ 4748992.307648591697216, -5074827.9725346211344 ], [ 4748991.666837614029646, -5074826.923294985666871 ], [ 4748991.026026564650238, -5074825.874055480584502 ], [ 4748990.385215443558991, -5074824.824816098436713 ], [ 4748989.744404251687229, -5074823.77557684481144 ], [ 4748989.103592995554209, -5074822.726337719708681 ], [ 4748988.850120972841978, -5074822.311312675476074 ], [ 4748988.209309617988765, -5074821.26207372918725 ], [ 4748987.568498193286359, -5074820.212834909558296 ], [ 4748986.927686696872115, -5074819.163596220314503 ], [ 4748986.286875133402646, -5074818.114357655867934 ], [ 4748985.646063502877951, -5074817.065119218081236 ], [ 4748985.005251794122159, -5074816.015880908817053 ], [ 4748984.364440026693046, -5074814.966642724350095 ], [ 4748983.723628183826804, -5074813.917404672130942 ], [ 4748983.082816271111369, -5074812.86816675029695 ], [ 4748982.442004292272031, -5074811.818928947672248 ], [ 4748981.801192241720855, -5074810.769691275432706 ], [ 4748981.160380121320486, -5074809.720453733578324 ], [ 4748980.519567932002246, -5074808.671216318383813 ], [ 4748979.878755673766136, -5074807.621979031711817 ], [ 4748979.237943347543478, -5074806.572741869837046 ], [ 4748978.597130949608982, -5074805.523504834622145 ], [ 4748977.956318474374712, -5074804.474267931655049 ], [ 4748977.315505942329764, -5074803.425031151622534 ], [ 4748976.674693332985044, -5074802.375794501975179 ], [ 4748976.033880662173033, -5074801.326557977125049 ], [ 4748975.393067916855216, -5074800.277321578934789 ], [ 4748974.752255100756884, -5074799.22808531858027 ], [ 4748974.111442214809358, -5074798.17884917743504 ], [ 4748973.470629261806607, -5074797.129613162949681 ], [ 4748972.829816238954663, -5074796.080377275124192 ], [ 4748972.189003144390881, -5074795.031141519546509 ], [ 4748971.548189979977906, -5074793.981905892491341 ], [ 4748970.907376751303673, -5074792.932670390233397 ], [ 4748970.266563449986279, -5074791.883435012772679 ], [ 4748969.625750073231757, -5074790.834199763834476 ], [ 4748968.984936637803912, -5074789.784964647144079 ], [ 4748968.344123125076294, -5074788.735729653388262 ], [ 4748967.70330954529345, -5074787.686494786292315 ], [ 4748967.062495894730091, -5074786.637260053306818 ], [ 4748966.421682179905474, -5074785.588025439530611 ], [ 4748965.780868390575051, -5074784.538790963590145 ], [ 4748965.140054535120726, -5074783.489556606858969 ], [ 4748964.499240604229271, -5074782.440322384238243 ], [ 4748963.858426607213914, -5074781.391088280826807 ], [ 4748963.217612541280687, -5074780.341854311525822 ], [ 4748962.576798408292234, -5074779.292620465159416 ], [ 4748961.935984199866652, -5074778.243386751040816 ], [ 4748961.295169926248491, -5074777.194153161719441 ], [ 4748960.654355582781136, -5074776.144919699057937 ], [ 4748960.013541167601943, -5074775.095686366781592 ], [ 4748959.37272668723017, -5074774.046453157439828 ], [ 4748958.731912135146558, -5074772.997220080345869 ], [ 4748958.091097509488463, -5074771.947987133637071 ], [ 4748957.450282817706466, -5074770.898754308000207 ], [ 4748956.809468058869243, -5074769.849521612748504 ], [ 4748956.309026959352195, -5074769.030128730461001 ], [ 4748955.668212074786425, -5074767.980896262452006 ], [ 4748955.027397120371461, -5074766.931663922965527 ], [ 4748954.386582097038627, -5074765.882431706413627 ], [ 4748953.745767003856599, -5074764.833199622109532 ], [ 4748953.104951840825379, -5074763.783967666327953 ], [ 4748952.46413660608232, -5074762.734735833480954 ], [ 4748951.823321305215359, -5074761.68550412915647 ], [ 4748951.182505934499204, -5074760.636272553354502 ], [ 4748950.541690492071211, -5074759.587041104212403 ], [ 4748949.900874979794025, -5074758.53780978731811 ], [ 4748949.260059401392937, -5074757.488578589633107 ], [ 4748948.619243754073977, -5074756.439347526058555 ], [ 4748947.978428034111857, -5074755.390116589143872 ], [ 4748947.337612245231867, -5074754.340885777026415 ], [ 4748946.696796390227973, -5074753.291655091568828 ], [ 4748946.055980458855629, -5074752.242424540221691 ], [ 4748945.415164462290704, -5074751.193194111809134 ], [ 4748944.774348394945264, -5074750.143963813781738 ], [ 4748944.133532258681953, -5074749.094733640551567 ], [ 4748943.492716047912836, -5074748.045503597706556 ], [ 4748942.851899775676429, -5074746.996273677796125 ], [ 4748942.211083430796862, -5074745.947043888270855 ], [ 4748941.570267016999424, -5074744.897814229130745 ], [ 4748940.92945053614676, -5074743.848584689199924 ], [ 4748940.288633979856968, -5074742.7993552852422 ], [ 4748939.647817358374596, -5074741.750126004219055 ], [ 4748939.007000666111708, -5074740.700896855443716 ], [ 4748938.366183901205659, -5074739.651667829602957 ], [ 4748937.725367073900998, -5074738.602438930422068 ], [ 4748937.084550170227885, -5074737.553210163488984 ], [ 4748936.44373320043087, -5074736.503981521353126 ], [ 4748935.802916159853339, -5074735.454753007739782 ], [ 4748935.162099048495293, -5074734.4055246245116 ], [ 4748934.521281872875988, -5074733.356296358630061 ], [ 4748933.880464625544846, -5074732.307068228721619 ], [ 4748933.239647309295833, -5074731.257840225473046 ], [ 4748932.598829919472337, -5074730.208612348884344 ], [ 4748931.958012461662292, -5074729.159384598955512 ], [ 4748931.317194936797023, -5074728.110156981274486 ], [ 4748930.676377341151237, -5074727.060929486528039 ], [ 4748930.035559675656259, -5074726.011702120304108 ], [ 4748929.394741940312088, -5074724.962474882602692 ], [ 4748928.753924132324755, -5074723.913247773423791 ], [ 4748928.113106261007488, -5074722.864020785316825 ], [ 4748927.47228831704706, -5074721.814793933182955 ], [ 4748926.831470305100083, -5074720.765567203983665 ], [ 4748926.190652219578624, -5074719.716340605169535 ], [ 4748925.93717750068754, -5074719.301320511847734 ], [ 4748925.296359319239855, -5074718.252094088122249 ], [ 4748924.655541071668267, -5074717.202867791056633 ], [ 4748924.014722753316164, -5074716.153641626238823 ], [ 4748923.373904365114868, -5074715.104415586218238 ], [ 4748922.733085905201733, -5074714.055189674720168 ], [ 4748922.092267380096018, -5074713.005963888019323 ], [ 4748921.45144878141582, -5074711.956738233566284 ], [ 4748920.810630114749074, -5074710.90751270018518 ], [ 4748920.169811379164457, -5074709.858287304639816 ], [ 4748919.528992575593293, -5074708.809062024578452 ], [ 4748918.888173698447645, -5074707.759836882352829 ], [ 4748918.247354756109416, -5074706.710611859336495 ], [ 4748917.60653574205935, -5074705.661386968567967 ], [ 4748916.965716663748026, -5074704.612162200734019 ], [ 4748916.324897508136928, -5074703.562937568873167 ], [ 4748915.68407828733325, -5074702.513713056221604 ], [ 4748915.043258994817734, -5074701.464488675817847 ], [ 4748914.402439633384347, -5074700.415264423936605 ], [ 4748913.761620200239122, -5074699.366040296852589 ], [ 4748913.120800702832639, -5074698.316816296428442 ], [ 4748912.479981134645641, -5074697.267592426389456 ], [ 4748911.839161496609449, -5074696.218368681147695 ], [ 4748911.198341785930097, -5074695.169145066291094 ], [ 4748910.557522006332874, -5074694.119921579957008 ], [ 4748909.916702159680426, -5074693.070698216557503 ], [ 4748909.275882243178785, -5074692.021474981680512 ], [ 4748908.635062254965305, -5074690.972251877188683 ], [ 4748907.994242198765278, -5074689.923028899356723 ], [ 4748907.353422074578702, -5074688.873806046321988 ], [ 4748906.712601877748966, -5074687.824583325535059 ], [ 4748906.412334679625928, -5074687.332952262833714 ], [ 4748905.771514379419386, -5074686.283729726448655 ], [ 4748905.130694016814232, -5074685.234507316723466 ], [ 4748904.489873581565917, -5074684.185285035520792 ], [ 4748903.84905307367444, -5074683.136062880977988 ], [ 4748903.208232495933771, -5074682.08684085868299 ], [ 4748902.567411853000522, -5074681.037618957459927 ], [ 4748901.926591138355434, -5074679.988397186622024 ], [ 4748901.285770354792476, -5074678.939175546169281 ], [ 4748900.64494950324297, -5074677.889954030513763 ], [ 4748900.00412857811898, -5074676.840732645243406 ], [ 4748899.363307586871088, -5074675.791511382907629 ], [ 4748898.72248652484268, -5074674.742290249094367 ], [ 4748898.081665391102433, -5074673.693069245666265 ], [ 4748897.440844187512994, -5074672.643848367035389 ], [ 4748896.800022919662297, -5074671.594627618789673 ], [ 4748896.159201579168439, -5074670.545406995341182 ], [ 4748895.518380169756711, -5074669.496186500415206 ], [ 4748894.877558689564466, -5074668.446966134011745 ], [ 4748894.236737145110965, -5074667.397745894268155 ], [ 4748893.595915528014302, -5074666.348525781184435 ], [ 4748892.955093840137124, -5074665.29930579662323 ], [ 4748892.314272082410753, -5074664.250085944309831 ], [ 4748891.673450253903866, -5074663.200866213068366 ], [ 4748891.032628360204399, -5074662.151646608486772 ], [ 4748890.391806395724416, -5074661.102427138015628 ], [ 4748889.750984360463917, -5074660.053207790479064 ], [ 4748889.110162254422903, -5074659.00398856960237 ], [ 4748888.469340078532696, -5074657.954769484698772 ], [ 4748887.828517835587263, -5074656.905550517141819 ], [ 4748887.18769552372396, -5074655.856331679970026 ], [ 4748886.546873141080141, -5074654.807112969458103 ], [ 4748885.906050692312419, -5074653.757894387468696 ], [ 4748885.265228167176247, -5074652.708675935864449 ], [ 4748884.624405577778816, -5074651.659457607194781 ], [ 4748883.983582916669548, -5074650.61023941077292 ], [ 4748883.342760186642408, -5074649.561021339148283 ], [ 4748882.701937390491366, -5074648.511803397908807 ], [ 4748882.061114517040551, -5074647.46258557960391 ], [ 4748881.420291579328477, -5074646.41336789354682 ], [ 4748880.779468569904566, -5074645.364150328561664 ], [ 4748880.138645496219397, -5074644.314932897686958 ], [ 4748879.497822346165776, -5074643.265715593472123 ], [ 4748878.856999130919576, -5074642.216498412191868 ], [ 4748878.216175845824182, -5074641.167281361296773 ], [ 4748877.57535248901695, -5074640.118064437061548 ], [ 4748876.934529062360525, -5074639.068847646936774 ], [ 4748876.293705569580197, -5074638.01963097602129 ], [ 4748875.652882006019354, -5074636.970414437353611 ], [ 4748875.012058371677995, -5074635.921198021620512 ], [ 4748874.371234668418765, -5074634.871981738135219 ], [ 4748873.730410899035633, -5074633.822765581309795 ], [ 4748873.089587052352726, -5074632.773549554869533 ], [ 4748872.448763142339885, -5074631.724333645775914 ], [ 4748871.807939161546528, -5074630.675117874518037 ], [ 4748871.167115114629269, -5074629.625902224332094 ], [ 4748870.526290989480913, -5074628.576686708256602 ], [ 4748869.885466801933944, -5074627.52747131511569 ], [ 4748869.244642541743815, -5074626.478256050497293 ], [ 4748868.603818213567138, -5074625.429040914401412 ], [ 4748867.9629938127473, -5074624.379825906828046 ], [ 4748867.322169346734881, -5074623.33061102218926 ], [ 4748866.68134481087327, -5074622.281396269798279 ], [ 4748866.040520204231143, -5074621.232181642204523 ], [ 4748865.3996955268085, -5074620.182967143133283 ], [ 4748865.193010161630809, -5074619.84456374309957 ], [ 4748864.552185395732522, -5074618.795349413529038 ], [ 4748863.911360553465784, -5074617.746135210618377 ], [ 4748863.2705356515944, -5074616.696921138092875 ], [ 4748862.629710675217211, -5074615.647707188501954 ], [ 4748861.988885624334216, -5074614.598493367433548 ], [ 4748861.348060511983931, -5074613.549279674887657 ], [ 4748860.707235326990485, -5074612.500066109001637 ], [ 4748860.066410072147846, -5074611.450852675363421 ], [ 4748859.425584745593369, -5074610.401639360934496 ], [ 4748858.784759353846312, -5074609.352426178753376 ], [ 4748858.143933893181384, -5074608.303213125094771 ], [ 4748857.50310836173594, -5074607.254000198096037 ], [ 4748856.862282756716013, -5074606.204787394031882 ], [ 4748856.221457082778215, -5074605.155574727803469 ], [ 4748855.580631343647838, -5074604.1063621789217 ], [ 4748854.939805533736944, -5074603.057149764150381 ], [ 4748854.298979653976858, -5074602.007937472313643 ], [ 4748853.658153702504933, -5074600.95872531272471 ], [ 4748853.017327685840428, -5074599.909513276070356 ], [ 4748852.376501592807472, -5074598.860301367938519 ], [ 4748851.735675436444581, -5074597.811089593917131 ], [ 4748851.094849207438529, -5074596.761877942830324 ], [ 4748850.454022913239896, -5074595.712666414678097 ], [ 4748849.813196544535458, -5074594.663455022498965 ], [ 4748849.172370107844472, -5074593.614243753254414 ], [ 4748848.531543603166938, -5074592.565032610669732 ], [ 4748847.890717027708888, -5074591.515821596607566 ], [ 4748847.837419073097408, -5074591.428558051586151 ], [ 4748847.394617549143732, -5074590.281636480242014 ], [ 4748846.951815917156637, -5074589.134715000167489 ], [ 4748846.509014176204801, -5074587.987793613225222 ], [ 4748846.066212330944836, -5074586.840872321277857 ], [ 4748845.62341036554426, -5074585.69395112991333 ], [ 4748845.180608292110264, -5074584.547030029818416 ], [ 4748844.737806112505496, -5074583.400109022855759 ], [ 4748844.295003824867308, -5074582.253188112750649 ], [ 4748843.852201424539089, -5074581.106267295777798 ], [ 4748843.409398911520839, -5074579.959346573799849 ], [ 4748842.966596291400492, -5074578.812425948679447 ], [ 4748842.523793558590114, -5074577.665505424141884 ], [ 4748842.080990716814995, -5074576.518584983423352 ], [ 4748841.638187768869102, -5074575.371664643287659 ], [ 4748841.195384708233178, -5074574.224744398146868 ], [ 4748840.752581538632512, -5074573.077824246138334 ], [ 4748840.309778257273138, -5074571.930904187262058 ], [ 4748839.866974866949022, -5074570.78398422896862 ], [ 4748839.424171367660165, -5074569.63706436008215 ], [ 4748838.981367760337889, -5074568.490144591778517 ], [ 4748838.538564037531614, -5074567.343224912881851 ], [ 4748838.095760206691921, -5074566.196305334568024 ], [ 4748837.652956269681454, -5074565.049385845661163 ], [ 4748837.21015221439302, -5074563.902466459199786 ], [ 4748836.767348057590425, -5074562.755547162145376 ], [ 4748836.324543788097799, -5074561.608627956360579 ], [ 4748835.881739404983819, -5074560.461708847433329 ], [ 4748835.438934919424355, -5074559.314789835363626 ], [ 4748834.996130316518247, -5074558.167870920151472 ], [ 4748834.553325605578721, -5074557.020952098071575 ], [ 4748834.110520788468421, -5074555.874033374711871 ], [ 4748833.667715856805444, -5074554.727114737033844 ], [ 4748833.224910818971694, -5074553.5801962018013 ], [ 4748832.782105666585267, -5074552.433277759701014 ], [ 4748832.339300408959389, -5074551.286359410732985 ], [ 4748831.896495037712157, -5074550.139441158622503 ], [ 4748831.453689559362829, -5074548.992523001506925 ], [ 4748831.077357237227261, -5074548.017778418958187 ], [ 4748830.556312098167837, -5074546.904221193864942 ], [ 4748830.035266865976155, -5074545.79066408611834 ], [ 4748829.51422153878957, -5074544.677107084542513 ], [ 4748828.993176112882793, -5074543.563550191000104 ], [ 4748828.472130592912436, -5074542.449993403628469 ], [ 4748827.95108497608453, -5074541.336436731740832 ], [ 4748827.430039269849658, -5074540.22288016602397 ], [ 4748826.90899346396327, -5074539.109323708340526 ], [ 4748826.387947559356689, -5074537.995767360553145 ], [ 4748825.866901562549174, -5074536.882211118936539 ], [ 4748825.345855467021465, -5074535.768654990941286 ], [ 4748824.824809276498854, -5074534.655098974704742 ], [ 4748824.303762992843986, -5074533.541543062776327 ], [ 4748823.782716608606279, -5074532.427987260743976 ], [ 4748823.261670131236315, -5074531.314431572332978 ], [ 4748822.740623557008803, -5074530.200875988230109 ], [ 4748822.219576885923743, -5074529.087320514023304 ], [ 4748821.698530124500394, -5074527.973765145987272 ], [ 4748821.177483266219497, -5074526.86020989343524 ], [ 4748820.656436306424439, -5074525.746654745191336 ], [ 4748820.135389251634479, -5074524.633099710568786 ], [ 4748819.614342103712261, -5074523.519544783979654 ], [ 4748819.093294858932495, -5074522.405989965423942 ], [ 4748818.572247521020472, -5074521.292435253039002 ], [ 4748818.051200086250901, -5074520.178880652412772 ], [ 4748817.53015255741775, -5074519.065326165407896 ], [ 4748817.009104930795729, -5074517.951771778985858 ], [ 4748816.488057205453515, -5074516.838217504322529 ], [ 4748815.967009386047721, -5074515.724663347005844 ], [ 4748815.445961471647024, -5074514.611109290271997 ], [ 4748814.924913461320102, -5074513.497555347159505 ], [ 4748814.403865355998278, -5074512.384001508355141 ], [ 4748813.882817153818905, -5074511.27044777944684 ], [ 4748813.361768853850663, -5074510.156894164159894 ], [ 4748812.840720457024872, -5074509.043340658769011 ], [ 4748812.31967197265476, -5074507.929787255823612 ], [ 4748811.798623387701809, -5074506.816233970224857 ], [ 4748811.277574702166021, -5074505.702680790796876 ], [ 4748810.75652592536062, -5074504.589127719402313 ], [ 4748810.235477054491639, -5074503.475574754178524 ], [ 4748809.714428087696433, -5074502.362021898850799 ], [ 4748809.193379022181034, -5074501.248469159007072 ], [ 4748808.672329858876765, -5074500.134916523471475 ], [ 4748808.151280603371561, -5074499.021363997831941 ], [ 4748807.630231251008809, -5074497.90781158208847 ], [ 4748807.109181807376444, -5074496.794259274378419 ], [ 4748806.588132262229919, -5074495.680707072839141 ], [ 4748806.067082627676427, -5074494.567154986783862 ], [ 4748805.546032888814807, -5074493.453603006899357 ], [ 4748805.024983057752252, -5074492.340051138773561 ], [ 4748804.503933133557439, -5074491.226499373093247 ], [ 4748803.982883107848465, -5074490.112947726622224 ], [ 4748803.461832993663847, -5074488.999396180734038 ], [ 4748802.940782777033746, -5074487.885844746604562 ], [ 4748802.41973246820271, -5074486.772293422371149 ], [ 4748801.898682061582804, -5074485.658742206171155 ], [ 4748801.377631562761962, -5074484.54519110172987 ], [ 4748800.856580961495638, -5074483.431640105322003 ], [ 4748800.335530271753669, -5074482.318089218810201 ], [ 4748799.814479480497539, -5074481.204538440331817 ], [ 4748799.293428595177829, -5074480.090987771749496 ], [ 4748798.772377618588507, -5074478.97743720933795 ], [ 4748798.251326537691057, -5074477.863886760547757 ], [ 4748797.730275371111929, -5074476.750336417928338 ], [ 4748797.209224100224674, -5074475.636786187067628 ], [ 4748796.688172738067806, -5074474.523236064240336 ], [ 4748796.167121276259422, -5074473.409686051309109 ], [ 4748795.646069718524814, -5074472.2961361464113 ], [ 4748795.12501806858927, -5074471.182586349546909 ], [ 4748794.603966325521469, -5074470.069036662578583 ], [ 4748794.082914480008185, -5074468.955487087368965 ], [ 4748793.561862542293966, -5074467.841937618330121 ], [ 4748793.040810511447489, -5074466.728388257324696 ], [ 4748792.519758378155529, -5074465.614839009940624 ], [ 4748791.99870615079999, -5074464.501289868727326 ], [ 4748791.477653827518225, -5074463.387740839272738 ], [ 4748790.95660141017288, -5074462.274191917851567 ], [ 4748790.435548896901309, -5074461.160643104463816 ], [ 4748789.914496290497482, -5074460.047094399109483 ], [ 4748789.393443587236106, -5074458.933545803651214 ], [ 4748788.872390784323215, -5074457.819997321814299 ], [ 4748788.351337886415422, -5074456.706448946148157 ], [ 4748787.830284892581403, -5074455.592900678515434 ], [ 4748787.309231807477772, -5074454.47935251891613 ], [ 4748786.788178626447916, -5074453.365804471075535 ], [ 4748786.267125341109931, -5074452.252256533131003 ], [ 4748785.746071968227625, -5074451.138708701357245 ], [ 4748785.225018498487771, -5074450.025160979479551 ], [ 4748784.703964930959046, -5074448.911613369360566 ], [ 4748784.182911265641451, -5074447.798065867275 ], [ 4748783.661857509054244, -5074446.684518475085497 ], [ 4748783.157371696084738, -5074445.606378840282559 ], [ 4748782.516533942893147, -5074444.557183204218745 ], [ 4748781.875696124508977, -5074443.507987685501575 ], [ 4748781.234858234412968, -5074442.458792300894856 ], [ 4748780.594020273536444, -5074441.409597039222717 ], [ 4748779.953182243742049, -5074440.360401909798384 ], [ 4748779.312344146892428, -5074439.31120690703392 ], [ 4748778.671505980193615, -5074438.262012029066682 ], [ 4748778.030667743645608, -5074437.212817283347249 ], [ 4748777.389829436317086, -5074436.163622662425041 ], [ 4748776.748991061933339, -5074435.114428168162704 ], [ 4748776.108152613043785, -5074434.065233802422881 ], [ 4748775.467314098030329, -5074433.016039563342929 ], [ 4748774.826475514099002, -5074431.966845454648137 ], [ 4748774.18563686311245, -5074430.91765146702528 ], [ 4748773.544798135757446, -5074429.868457615375519 ], [ 4748772.903959344141185, -5074428.819263886660337 ], [ 4748772.263120482675731, -5074427.770070284605026 ], [ 4748771.622281549498439, -5074426.720876812934875 ], [ 4748770.981442550197244, -5074425.67168346606195 ], [ 4748770.34060347545892, -5074424.62249025143683 ], [ 4748769.699764336459339, -5074423.573297161608934 ], [ 4748769.058925123885274, -5074422.524104198440909 ], [ 4748768.418085847981274, -5074421.474911358207464 ], [ 4748767.777246497571468, -5074420.42571865580976 ], [ 4748767.136407080106437, -5074419.376526074483991 ], [ 4748766.495567587204278, -5074418.327333625406027 ], [ 4748765.85472803376615, -5074417.278141297399998 ], [ 4748765.801428996957839, -5074417.190879305824637 ], [ 4748765.364919628016651, -5074416.04155807942152 ], [ 4748764.928410145454109, -5074414.892236951738596 ], [ 4748764.491900551132858, -5074413.742915915325284 ], [ 4748764.055390852503479, -5074412.593594966456294 ], [ 4748763.6188810383901, -5074411.444274120032787 ], [ 4748763.18237111158669, -5074410.294953359290957 ], [ 4748762.745861077681184, -5074409.14563269726932 ], [ 4748762.309350928291678, -5074407.996312130242586 ], [ 4748761.872840673662722, -5074406.846991652622819 ], [ 4748761.436330304481089, -5074405.697671269997954 ], [ 4748760.999819823540747, -5074404.548350982367992 ], [ 4748760.563309230841696, -5074403.399030789732933 ], [ 4748760.126798531040549, -5074402.249710688367486 ], [ 4748759.690287716686726, -5074401.100390676409006 ], [ 4748759.253776794299483, -5074399.951070765033364 ], [ 4748758.817265758290887, -5074398.801750948652625 ], [ 4748758.380754614248872, -5074397.652431217953563 ], [ 4748757.944243354722857, -5074396.503111587837338 ], [ 4748757.507731993682683, -5074395.353792047128081 ], [ 4748757.07122051063925, -5074394.204472608864307 ], [ 4748756.634708921425045, -5074393.055153254419565 ], [ 4748756.198197223246098, -5074391.90583399310708 ], [ 4748755.761685409583151, -5074390.756514830514789 ], [ 4748755.325173487886786, -5074389.60719576664269 ], [ 4748754.88866145350039, -5074388.457876782864332 ], [ 4748754.452149310149252, -5074387.308557901531458 ], [ 4748754.015637053176761, -5074386.159239113330841 ], [ 4748753.57912468444556, -5074385.009920420125127 ], [ 4748753.142612206749618, -5074383.860601818189025 ], [ 4748752.706099621020257, -5074382.711283307522535 ], [ 4748752.269586924463511, -5074381.561964893713593 ], [ 4748751.833074110560119, -5074380.412646576762199 ], [ 4748751.396561186760664, -5074379.263328349217772 ], [ 4748750.96004815492779, -5074378.114010216668248 ], [ 4748750.523535013198853, -5074376.964692175388336 ], [ 4748750.087021755985916, -5074375.815374232828617 ], [ 4748749.650508396327496, -5074374.666056379675865 ], [ 4748749.213994917459786, -5074373.516738619655371 ], [ 4748748.77748133148998, -5074372.367420958355069 ], [ 4748748.340967630036175, -5074371.218103386461735 ], [ 4748747.904453819617629, -5074370.068785913288593 ], [ 4748747.467939903028309, -5074368.919468529522419 ], [ 4748747.03142587095499, -5074367.770151237025857 ], [ 4748746.594911725260317, -5074366.620834045112133 ], [ 4748746.158397474326193, -5074365.471516942605376 ], [ 4748745.721883109770715, -5074364.322199935093522 ], [ 4748745.285368631593883, -5074363.172883020713925 ], [ 4748744.848854047246277, -5074362.023566201329231 ], [ 4748744.412339351139963, -5074360.874249473214149 ], [ 4748743.975824540480971, -5074359.72493284009397 ], [ 4748743.539309625513852, -5074358.575616298243403 ], [ 4748743.102794595062733, -5074357.426299853250384 ], [ 4748742.666279449127614, -5074356.276983503252268 ], [ 4748742.229764199815691, -5074355.127667242661119 ], [ 4748741.79324883967638, -5074353.978351075202227 ], [ 4748741.745118865743279, -5074353.851628065109253 ], [ 4748741.104274172335863, -5074352.802442081272602 ], [ 4748740.463429412804544, -5074351.753256224095821 ], [ 4748739.822584578767419, -5074350.704070499166846 ], [ 4748739.181739676743746, -5074349.654884899035096 ], [ 4748738.540894706733525, -5074348.605699425563216 ], [ 4748737.900049668736756, -5074347.556514080613852 ], [ 4748737.259204556234181, -5074346.507328862324357 ], [ 4748736.618359379470348, -5074345.458143770694733 ], [ 4748735.977514130063355, -5074344.408958807587624 ], [ 4748735.336668811738491, -5074343.35977397300303 ], [ 4748734.695823427289724, -5074342.310589265078306 ], [ 4748734.054977966472507, -5074341.261404687538743 ], [ 4748733.414132440462708, -5074340.21222023293376 ], [ 4748732.773286844603717, -5074339.163035914301872 ], [ 4748732.132441177964211, -5074338.113851714879274 ], [ 4748731.491595445200801, -5074337.064667642116547 ], [ 4748730.850749642588198, -5074336.015483701601624 ], [ 4748730.20990376546979, -5074334.966299887746572 ], [ 4748729.569057820364833, -5074333.917116202414036 ], [ 4748728.928211811929941, -5074332.867932643741369 ], [ 4748728.287365724332631, -5074331.818749209865928 ], [ 4748727.64651957526803, -5074330.769565908238292 ], [ 4748727.005673351697624, -5074329.720382731407881 ], [ 4748726.364827061071992, -5074328.67119968123734 ], [ 4748725.723980703391135, -5074327.622016759589314 ], [ 4748725.083134270273149, -5074326.572833968326449 ], [ 4748724.44228777103126, -5074325.523651299998164 ], [ 4748723.801441201008856, -5074324.474468762055039 ], [ 4748723.160594566725194, -5074323.42528634890914 ], [ 4748722.519747855141759, -5074322.376104068011045 ], [ 4748721.878901081159711, -5074321.326921908184886 ], [ 4748721.238054232671857, -5074320.277739880606532 ], [ 4748720.597207316197455, -5074319.228557981550694 ], [ 4748719.956360327079892, -5074318.17937620729208 ], [ 4748719.315513275563717, -5074317.130194565281272 ], [ 4748718.674666150473058, -5074316.081013040617108 ], [ 4748718.033818954601884, -5074315.031831653788686 ], [ 4748717.392971690744162, -5074313.982650388032198 ], [ 4748716.752124355174601, -5074312.933469256386161 ], [ 4748716.11127695441246, -5074311.884288247674704 ], [ 4748715.470429482869804, -5074310.835107367485762 ], [ 4748714.829581939615309, -5074309.785926615819335 ], [ 4748714.188734325580299, -5074308.736745988950133 ], [ 4748713.547886647284031, -5074307.687565490603447 ], [ 4748712.90703889913857, -5074306.638385120779276 ], [ 4748712.266191079281271, -5074305.589204877614975 ], [ 4748711.625343189574778, -5074304.540024762973189 ], [ 4748710.98449522908777, -5074303.490844778716564 ], [ 4748710.343647201545537, -5074302.441664917394519 ], [ 4748709.70279910415411, -5074301.392485182732344 ], [ 4748709.061950935982168, -5074300.343305578455329 ], [ 4748708.421102698892355, -5074299.29412610270083 ], [ 4748707.780254389159381, -5074298.2449467536062 ], [ 4748707.13940601516515, -5074297.195767531171441 ], [ 4748706.498557570390403, -5074296.146588435396552 ], [ 4748705.857709059491754, -5074295.097409468144178 ], [ 4748705.216860473155975, -5074294.04823062568903 ], [ 4748704.576011817902327, -5074292.999051919206977 ], [ 4748703.935163095593452, -5074291.949873331934214 ], [ 4748703.294314302504063, -5074290.900694875046611 ], [ 4748702.65346543956548, -5074289.851516546681523 ], [ 4748702.012616510502994, -5074288.802338346838951 ], [ 4748701.371767505072057, -5074287.753160271793604 ], [ 4748700.730918435379863, -5074286.703982328996062 ], [ 4748700.09006929397583, -5074285.654804503545165 ], [ 4748699.44922008831054, -5074284.605626814067364 ], [ 4748698.808370805345476, -5074283.556449249386787 ], [ 4748698.354696522466838, -5074282.813708631321788 ], [ 4748697.713847121223807, -5074281.764531284570694 ], [ 4748697.072997652925551, -5074280.715354068204761 ], [ 4748696.432148121297359, -5074279.666176972910762 ], [ 4748695.791298514232039, -5074278.617000015452504 ], [ 4748695.150448840111494, -5074277.567823175340891 ], [ 4748694.509599089622498, -5074276.518646471202374 ], [ 4748693.868749273940921, -5074275.469469889998436 ], [ 4748693.227899393066764, -5074274.420293435454369 ], [ 4748692.587049436755478, -5074273.371117111295462 ], [ 4748691.946199415251613, -5074272.32194091565907 ], [ 4748691.305349322035909, -5074271.272764842957258 ], [ 4748690.664499160833657, -5074270.223588900640607 ], [ 4748690.023648926988244, -5074269.174413084983826 ], [ 4748689.382798627950251, -5074268.12523739784956 ], [ 4748688.741948258131742, -5074267.076061839237809 ], [ 4748688.101097816601396, -5074266.026886403560638 ], [ 4748687.460247307084501, -5074264.977711100131273 ], [ 4748686.819396724924445, -5074263.928535925224423 ], [ 4748686.178546078503132, -5074262.879360873252153 ], [ 4748685.537695361301303, -5074261.830185951665044 ], [ 4748684.896844572387636, -5074260.781011156737804 ], [ 4748684.255993712693453, -5074259.73183649033308 ], [ 4748683.615142788738012, -5074258.682661946862936 ], [ 4748682.974291794933379, -5074257.633487535640597 ], [ 4748682.333440728485584, -5074256.584313247352839 ], [ 4748681.692589587531984, -5074255.535139095038176 ], [ 4748681.051738386973739, -5074254.485965065658092 ], [ 4748680.410887110978365, -5074253.43679116666317 ], [ 4748679.770035769790411, -5074252.387617388740182 ], [ 4748679.129184358753264, -5074251.338443741202354 ], [ 4748678.488332873210311, -5074250.289270224049687 ], [ 4748677.847481318749487, -5074249.240096831694245 ], [ 4748677.206629699096084, -5074248.190923569723964 ], [ 4748676.659365879371762, -5074247.294968213886023 ], [ 4748676.018514132127166, -5074246.245795184746385 ], [ 4748675.377662307582796, -5074245.196622287854552 ], [ 4748674.736810422502458, -5074244.147449510172009 ], [ 4748674.095958462916315, -5074243.098276868462563 ], [ 4748673.455106434412301, -5074242.049104353412986 ], [ 4748672.814254338853061, -5074240.999931957572699 ], [ 4748672.173402171581984, -5074239.950759699568152 ], [ 4748671.532549928873777, -5074238.901587566360831 ], [ 4748670.891697625629604, -5074237.85241555608809 ], [ 4748670.250845247879624, -5074236.803243676200509 ], [ 4748669.609992804937065, -5074235.754071921110153 ], [ 4748668.969140291213989, -5074234.704900301992893 ], [ 4748668.328287705779076, -5074233.655728807672858 ], [ 4748667.687435051426291, -5074232.606557438150048 ], [ 4748667.046582330018282, -5074231.557386195287108 ], [ 4748666.405729537829757, -5074230.508215077221394 ], [ 4748665.764876675792038, -5074229.459044091403484 ], [ 4748665.124023743905127, -5074228.40987323410809 ], [ 4748664.483170739375055, -5074227.360702505335212 ], [ 4748663.842317670583725, -5074226.311531895771623 ], [ 4748663.201464531943202, -5074225.262361424043775 ], [ 4748662.560611320659518, -5074224.213191073387861 ], [ 4748661.919758041389287, -5074223.164020853117108 ], [ 4748661.278904688544571, -5074222.114850761368871 ], [ 4748660.638051273301244, -5074221.065680796280503 ], [ 4748659.997197784483433, -5074220.016510955989361 ], [ 4748659.356344233267009, -5074218.967341246083379 ], [ 4748658.715490603819489, -5074217.918171659111977 ], [ 4748658.074636910110712, -5074216.86900220438838 ], [ 4748657.433783139102161, -5074215.819832876324654 ], [ 4748656.792929305694997, -5074214.770663678646088 ], [ 4748656.15207539871335, -5074213.721494603902102 ], [ 4748655.511221428401768, -5074212.672325657680631 ], [ 4748654.870367380790412, -5074211.623156839981675 ], [ 4748654.229513267986476, -5074210.57398815266788 ], [ 4748653.588659090921283, -5074209.524819588288665 ], [ 4748652.947804837487638, -5074208.475651152431965 ], [ 4748652.306950511410832, -5074207.42648284137249 ], [ 4748651.666096122935414, -5074206.377314664423466 ], [ 4748651.025241662748158, -5074205.328146610409021 ], [ 4748650.384387130849063, -5074204.278978684917092 ], [ 4748649.743532533757389, -5074203.229810886085033 ], [ 4748649.102677862159908, -5074202.18064321950078 ], [ 4748648.461823125369847, -5074201.131475677713752 ], [ 4748647.820968315936625, -5074200.082308262586594 ], [ 4748647.180113444104791, -5074199.033140974119306 ], [ 4748646.53925849404186, -5074197.983973816037178 ], [ 4748645.898403479717672, -5074196.934806782752275 ], [ 4748645.257548389025033, -5074195.885639877989888 ], [ 4748644.616693231277168, -5074194.836473103612661 ], [ 4748643.975838010199368, -5074193.787306452170014 ], [ 4748643.334982714615762, -5074192.738139931112528 ], [ 4748642.694127351976931, -5074191.688973534852266 ], [ 4748642.053271916694939, -5074190.639807268977165 ], [ 4748641.412416419014335, -5074189.590641124173999 ], [ 4748640.771560844965279, -5074188.541475119069219 ], [ 4748640.130705204792321, -5074187.492309233173728 ], [ 4748639.489849489182234, -5074186.443143481388688 ], [ 4748638.848993708379567, -5074185.393977854400873 ], [ 4748638.208137861452997, -5074184.344812346622348 ], [ 4748637.567281940020621, -5074183.295646972954273 ], [ 4748636.926425949670374, -5074182.246481724083424 ], [ 4748636.285569893196225, -5074181.19731660746038 ], [ 4748635.644713765010238, -5074180.148151615634561 ], [ 4748635.003857565112412, -5074179.098986756056547 ], [ 4748634.363001299090683, -5074178.049822015687823 ], [ 4748633.722144963219762, -5074177.000657407566905 ], [ 4748633.081288557499647, -5074175.951492927968502 ], [ 4748632.440432080999017, -5074174.902328575029969 ], [ 4748631.799575532786548, -5074173.853164352476597 ], [ 4748631.158718921244144, -5074172.804000250995159 ], [ 4748630.517862236127257, -5074171.754836279898882 ], [ 4748629.877005481161177, -5074170.705672435462475 ], [ 4748629.236148658208549, -5074169.656508725136518 ], [ 4748628.595291768200696, -5074168.607345135882497 ], [ 4748627.954434807412326, -5074167.558181669563055 ], [ 4748627.313577775843441, -5074166.509018339216709 ], [ 4748626.672720675356686, -5074165.459855135530233 ], [ 4748626.031863503158092, -5074164.410692058503628 ], [ 4748625.391006263904274, -5074163.361529106274247 ], [ 4748624.750148955732584, -5074162.312366284430027 ], [ 4748624.109291575849056, -5074161.263203591108322 ], [ 4748623.468434125185013, -5074160.214041022583842 ], [ 4748622.827576604671776, -5074159.164878580719233 ], [ 4748622.420690856873989, -5074158.49875676818192 ], [ 4748621.779833219014108, -5074157.449594542384148 ], [ 4748621.138975522480905, -5074156.40043243393302 ], [ 4748620.498117751441896, -5074155.351270459592342 ], [ 4748619.857259907759726, -5074154.302108611911535 ], [ 4748619.216401999816298, -5074153.252946892753243 ], [ 4748618.575544024817646, -5074152.203785294666886 ], [ 4748617.934685977175832, -5074151.154623832553625 ], [ 4748617.293827856890857, -5074150.105462491512299 ], [ 4748616.652969669550657, -5074149.056301278993487 ], [ 4748616.012111412361264, -5074148.007140196859837 ], [ 4748615.371253087185323, -5074146.957979241386056 ], [ 4748614.730394690297544, -5074145.908818412572145 ], [ 4748614.089536221697927, -5074144.859657714143395 ], [ 4748613.448677686974406, -5074143.81049714051187 ], [ 4748612.807819083333015, -5074142.761336695402861 ], [ 4748612.166960408911109, -5074141.712176376953721 ], [ 4748611.5261016683653, -5074140.663016187027097 ], [ 4748610.885242853313684, -5074139.613856123760343 ], [ 4748610.244383972138166, -5074138.564696189016104 ], [ 4748609.60352501925081, -5074137.515536380931735 ], [ 4748608.962665998376906, -5074136.466376703232527 ], [ 4748608.321806910447776, -5074135.417217146605253 ], [ 4748607.680947750806808, -5074134.368057722225785 ], [ 4748607.040088520385325, -5074133.318898424506187 ], [ 4748606.399229222908616, -5074132.26973925344646 ], [ 4748605.758369851857424, -5074131.220580212771893 ], [ 4748605.117510415613651, -5074130.17142129689455 ], [ 4748604.47665090393275, -5074129.122262511402369 ], [ 4748603.835791327059269, -5074128.073103852570057 ], [ 4748603.194931679405272, -5074127.023945320397615 ], [ 4748602.554071966558695, -5074125.974786911159754 ], [ 4748601.913212177343667, -5074124.925628637894988 ], [ 4748601.272352322936058, -5074123.876470487564802 ], [ 4748600.631492403335869, -5074122.827312463894486 ], [ 4748599.990632406435907, -5074121.778154570609331 ], [ 4748599.349772340618074, -5074120.728996805846691 ], [ 4748598.708912208676338, -5074119.679839167743921 ], [ 4748598.068052006885409, -5074118.630681652575731 ], [ 4748597.427191735245287, -5074117.581524269655347 ], [ 4748596.786331390962005, -5074116.532367013394833 ], [ 4748596.145470983348787, -5074115.483209885656834 ], [ 4748595.504610503092408, -5074114.434052878990769 ], [ 4748594.863749952986836, -5074113.384896004572511 ], [ 4748594.222889333963394, -5074112.335739264264703 ], [ 4748593.582028646953404, -5074111.286582643166184 ], [ 4748592.94116788636893, -5074110.237426152452826 ], [ 4748592.300307057797909, -5074109.188269788399339 ], [ 4748592.046815422363579, -5074108.773277476429939 ], [ 4748591.405954498797655, -5074107.724121294915676 ], [ 4748590.765093503519893, -5074106.674965236335993 ], [ 4748590.12423244304955, -5074105.62580930441618 ], [ 4748589.483371305279434, -5074104.576653501018882 ], [ 4748588.842510104179382, -5074103.527497826144099 ], [ 4748588.201648836024106, -5074102.478342277929187 ], [ 4748587.560787493363023, -5074101.429186856374145 ], [ 4748586.919926079921424, -5074100.380031563341618 ], [ 4748586.279064600355923, -5074099.330876400694251 ], [ 4748585.638203050009906, -5074098.281721360981464 ], [ 4748584.997341429814696, -5074097.232566455379128 ], [ 4748584.356479743495584, -5074096.183411667123437 ], [ 4748583.715617982670665, -5074095.134257012978196 ], [ 4748583.074756154790521, -5074094.085102487355471 ], [ 4748582.433894257061183, -5074093.035948084667325 ], [ 4748581.793032289482653, -5074091.98679381608963 ], [ 4748581.15217025578022, -5074090.937639670446515 ], [ 4748580.511308144778013, -5074089.888485653325915 ], [ 4748579.870445970445871, -5074088.839331761002541 ], [ 4748579.229583725333214, -5074087.790178000926971 ], [ 4748578.588721413165331, -5074086.741024365648627 ], [ 4748577.947859028354287, -5074085.691870858892798 ], [ 4748577.306996575556695, -5074084.64271747879684 ], [ 4748576.666134051978588, -5074083.593564227223396 ], [ 4748576.025271458551288, -5074082.544411106035113 ], [ 4748575.384408796206117, -5074081.49525810778141 ], [ 4748574.743546065874398, -5074080.446105239912868 ], [ 4748574.102683265693486, -5074079.39695249311626 ], [ 4748573.461820396594703, -5074078.347799882292747 ], [ 4748572.820957453921437, -5074077.298647394403815 ], [ 4748572.180094446055591, -5074076.249495035037398 ], [ 4748571.539231365546584, -5074075.200342806056142 ], [ 4748570.898368217051029, -5074074.151190700009465 ], [ 4748570.257504999637604, -5074073.102038729935884 ], [ 4748569.61664171423763, -5074072.052886875346303 ], [ 4748568.975778355263174, -5074071.003735160455108 ], [ 4748568.334914930164814, -5074069.954583562910557 ], [ 4748567.694051435217261, -5074068.905432095751166 ], [ 4748567.053187867626548, -5074067.856280757114291 ], [ 4748566.412324236705899, -5074066.807129546999931 ], [ 4748565.7714605294168, -5074065.757978465408087 ], [ 4748565.13059675693512, -5074064.708827508613467 ], [ 4748564.489732913672924, -5074063.659676682204008 ], [ 4748563.84886899869889, -5074062.610525980591774 ], [ 4748563.208005018532276, -5074061.5613754093647 ], [ 4748562.567140967585146, -5074060.512224957346916 ], [ 4748561.926276843063533, -5074059.463074646890163 ], [ 4748561.285412652418017, -5074058.413924453780055 ], [ 4748560.644548394717276, -5074057.364774391055107 ], [ 4748560.003684062510729, -5074056.31562445871532 ], [ 4748559.362819665111601, -5074055.266474649310112 ], [ 4748558.721955196931958, -5074054.217324970290065 ], [ 4748558.081090663559735, -5074053.168175414204597 ], [ 4748557.440226052887738, -5074052.119025988504291 ], [ 4748556.799361376091838, -5074051.069876689463854 ], [ 4748556.158496632240713, -5074050.020727520808578 ], [ 4748555.517631815746427, -5074048.971578478813171 ], [ 4748554.87676692660898, -5074047.922429565340281 ], [ 4748554.235901970416307, -5074046.873280780389905 ], [ 4748553.595036946237087, -5074045.824132118374109 ], [ 4748552.954171854071319, -5074044.774983586743474 ], [ 4748552.313306687399745, -5074043.725835181772709 ], [ 4748551.672441459260881, -5074042.676686901599169 ], [ 4748551.031576154753566, -5074041.627538757398725 ], [ 4748550.390710783191025, -5074040.57839073240757 ], [ 4748549.749845341779292, -5074039.529242837801576 ], [ 4748549.10897982865572, -5074038.480095071718097 ], [ 4748548.655294051393867, -5074037.737375549972057 ], [ 4748548.014428423717618, -5074036.68822799436748 ], [ 4748547.373562721535563, -5074035.639080578461289 ], [ 4748546.732696956954896, -5074034.589933281764388 ], [ 4748546.091831119731069, -5074033.540786115452647 ], [ 4748545.45096520986408, -5074032.491639075800776 ], [ 4748544.810099235735834, -5074031.442492164671421 ], [ 4748544.169233190827072, -5074030.393345382064581 ], [ 4748543.528367069549859, -5074029.344198727980256 ], [ 4748542.887500886805356, -5074028.295052198693156 ], [ 4748542.246634629555047, -5074027.245905794203281 ], [ 4748541.605768309906125, -5074026.196759525686502 ], [ 4748540.964901915751398, -5074025.147613376379013 ], [ 4748540.324035451747477, -5074024.098467359319329 ], [ 4748539.683168917894363, -5074023.04932146705687 ], [ 4748539.042302317917347, -5074022.000175701454282 ], [ 4748538.401435642503202, -5074020.951030069962144 ], [ 4748537.760568900965154, -5074019.901884561404586 ], [ 4748537.119702095165849, -5074018.852739179506898 ], [ 4748536.478835212998092, -5074017.803593929857016 ], [ 4748535.837968264706433, -5074016.754448799416423 ], [ 4748535.197101241908967, -5074015.705303804948926 ], [ 4748534.556234153918922, -5074014.656158935278654 ], [ 4748533.915366998873651, -5074013.607014190405607 ], [ 4748533.274499771185219, -5074012.557869579643011 ], [ 4748532.63363247551024, -5074011.50872508995235 ], [ 4748531.992765101604164, -5074010.459580732509494 ], [ 4748531.351897671818733, -5074009.410436498001218 ], [ 4748530.711030164733529, -5074008.361292395740747 ], [ 4748530.070162586867809, -5074007.312148418277502 ], [ 4748529.429294943809509, -5074006.263004567474127 ], [ 4748528.788427231833339, -5074005.213860845193267 ], [ 4748528.147559450007975, -5074004.164717245846987 ], [ 4748527.506691595539451, -5074003.115573782473803 ], [ 4748526.865823674947023, -5074002.066430440172553 ], [ 4748526.224955684505403, -5074001.017287230119109 ], [ 4748525.584087617695332, -5073999.968144148588181 ], [ 4748524.943219491280615, -5073998.919001189991832 ], [ 4748524.302351287566125, -5073997.869858359917998 ], [ 4748523.6614830205217, -5073996.82071565836668 ], [ 4748523.020614681765437, -5073995.771573085337877 ], [ 4748522.620228335261345, -5073995.116115080192685 ], [ 4748522.65212222840637, -5073993.887133808806539 ], [ 4748522.684015983715653, -5073992.658152533695102 ], [ 4748522.71590958815068, -5073991.429171243682504 ], [ 4748522.747803048230708, -5073990.20018994063139 ], [ 4748522.779696368612349, -5073988.97120862826705 ], [ 4748522.811589539982378, -5073987.742227304726839 ], [ 4748522.843482566997409, -5073986.513245970010757 ], [ 4748522.875375448726118, -5073985.28426462225616 ], [ 4748522.907268184237182, -5073984.055283267050982 ], [ 4748522.939160778187215, -5073982.826301900669932 ], [ 4748522.971053226850927, -5073981.597320521250367 ], [ 4748523.002945530228317, -5073980.368339130654931 ], [ 4748523.034837688319385, -5073979.139357727020979 ], [ 4748523.066729702055454, -5073977.910376315936446 ], [ 4748523.098621572367847, -5073976.681394893676043 ], [ 4748523.130513291805983, -5073975.452413458377123 ], [ 4748523.162404872477055, -5073974.223432015627623 ], [ 4748523.194296306930482, -5073972.994450556114316 ], [ 4748523.226187594234943, -5073971.765469091013074 ], [ 4748523.258078741841018, -5073970.536487611010671 ], [ 4748523.289969744160771, -5073969.307506117969751 ], [ 4748523.321860595606267, -5073968.078524617478251 ], [ 4748523.353751303628087, -5073966.849543105810881 ], [ 4748523.38564187195152, -5073965.620561584830284 ], [ 4748523.417532288469374, -5073964.391580052673817 ], [ 4748523.449422563426197, -5073963.162598505616188 ], [ 4748523.48131269775331, -5073961.933616947382689 ], [ 4748523.513202681206167, -5073960.704635379835963 ], [ 4748523.545092521235347, -5073959.475653799250722 ], [ 4748523.576982222497463, -5073958.246672205626965 ], [ 4748523.608871770091355, -5073957.017690610140562 ], [ 4748523.640761179849505, -5073955.788708992302418 ], [ 4748523.672650440596044, -5073954.559727374464273 ], [ 4748523.704539558850229, -5073953.330745737999678 ], [ 4748523.736428529955447, -5073952.101764090359211 ], [ 4748523.768317358568311, -5073950.872782433405519 ], [ 4748523.800206034444273, -5073949.643800770863891 ], [ 4748523.832094573415816, -5073948.414819089695811 ], [ 4748523.863982969895005, -5073947.185837401077151 ], [ 4748523.895871218293905, -5073945.956855699419975 ], [ 4748523.927759320475161, -5073944.727873984724283 ], [ 4748523.959647276438773, -5073943.498892262578011 ], [ 4748523.991535092703998, -5073942.269910527393222 ], [ 4748524.023422759957612, -5073941.040928784757853 ], [ 4748524.055310283787549, -5073939.811947025358677 ], [ 4748524.087197660468519, -5073938.582965258508921 ], [ 4748524.119084897451103, -5073937.353983478620648 ], [ 4748524.150971985422075, -5073936.125001687556505 ], [ 4748524.182858931832016, -5073934.896019885316491 ], [ 4748524.214745730161667, -5073933.667038077488542 ], [ 4748524.246632384136319, -5073932.438056251034141 ], [ 4748524.27851889282465, -5073931.209074417129159 ], [ 4748524.310405258089304, -5073929.980092575773597 ], [ 4748524.342291481792927, -5073928.751110713928938 ], [ 4748524.37417755741626, -5073927.522128846496344 ], [ 4748524.406063488684595, -5073926.293146967887878 ], [ 4748524.437949272803962, -5073925.064165078103542 ], [ 4748524.469834913499653, -5073923.835183177143335 ], [ 4748524.501720410771668, -5073922.606201263144612 ], [ 4748524.533605761826038, -5073921.377219341695309 ], [ 4748524.565490970388055, -5073920.148237403482199 ], [ 4748524.597376028075814, -5073918.919255463406444 ], [ 4748524.62926094699651, -5073917.690273504704237 ], [ 4748524.661145719699562, -5073916.461291534826159 ], [ 4748524.693030348047614, -5073915.232309555634856 ], [ 4748524.724914827384055, -5073914.003327568992972 ], [ 4748524.756799167022109, -5073912.774345569312572 ], [ 4748524.788683356717229, -5073911.545363556593657 ], [ 4748524.806189345195889, -5073910.870589626953006 ], [ 4748524.502188883721828, -5073909.679372988641262 ], [ 4748524.19818829279393, -5073908.488156408071518 ], [ 4748523.89418757148087, -5073907.29693990200758 ], [ 4748523.59018671978265, -5073906.105723457410932 ], [ 4748523.286185742355883, -5073904.914507083594799 ], [ 4748522.98218463268131, -5073903.723290778696537 ], [ 4748522.67818339727819, -5073902.53207453340292 ], [ 4748522.374182031489909, -5073901.340858355164528 ], [ 4748522.070180534385145, -5073900.149642247706652 ], [ 4748521.766178905963898, -5073898.958426205441356 ], [ 4748521.462177151814103, -5073897.767210230231285 ], [ 4748521.158175270073116, -5073896.57599431835115 ], [ 4748520.854173257015646, -5073895.38477847725153 ], [ 4748520.550171113573015, -5073894.193562699481845 ], [ 4748520.246168845333159, -5073893.002346988767385 ], [ 4748519.94216644205153, -5073891.811131343245506 ], [ 4748519.638163912110031, -5073890.619915764778852 ], [ 4748519.334161253646016, -5073889.428700253367424 ], [ 4748519.030158468522131, -5073888.237484809011221 ], [ 4748518.726155550219119, -5073887.046269427984953 ], [ 4748518.422152504324913, -5073885.855054115876555 ], [ 4748518.118149326182902, -5073884.663838872686028 ], [ 4748517.814146024174988, -5073883.472623689100146 ], [ 4748517.510142590850592, -5073882.28140858002007 ], [ 4748517.20613902900368, -5073881.090193532407284 ], [ 4748516.902135335840285, -5073879.898978555575013 ], [ 4748516.598131514154375, -5073878.707763636484742 ], [ 4748516.294127563945949, -5073877.516548793762922 ], [ 4748515.990123486146331, -5073876.325334008783102 ], [ 4748515.686119275167584, -5073875.134119292721152 ], [ 4748515.382114934735, -5073873.942904651165009 ], [ 4748515.078110469505191, -5073872.751690067350864 ], [ 4748514.774105871096253, -5073871.560475552454591 ], [ 4748514.470101146027446, -5073870.369261104613543 ], [ 4748514.1660962915048, -5073869.178046720102429 ], [ 4748513.86209131218493, -5073867.986832402646542 ], [ 4748513.558086197823286, -5073866.795618155971169 ], [ 4748513.25408095587045, -5073865.604403972625732 ], [ 4748512.95007558260113, -5073864.413189856335521 ], [ 4748512.646070084534585, -5073863.221975803375244 ], [ 4748512.342064450494945, -5073862.030761826783419 ], [ 4748512.038058694452047, -5073860.839547906070948 ], [ 4748511.734052804298699, -5073859.648334056138992 ], [ 4748511.430046793073416, -5073858.457120273262262 ], [ 4748511.126040642149746, -5073857.265906553715467 ], [ 4748510.82203436922282, -5073856.074692899361253 ], [ 4748510.807938101701438, -5073856.019458305090666 ], [ 4748510.396935543045402, -5073854.860801076516509 ], [ 4748509.985932865180075, -5073853.702143937349319 ], [ 4748509.574930080212653, -5073852.543486887589097 ], [ 4748509.163927176967263, -5073851.384829921647906 ], [ 4748508.752924159169197, -5073850.226173045113683 ], [ 4748508.341921024955809, -5073849.067516259849072 ], [ 4748507.93091777805239, -5073847.908859558403492 ], [ 4748507.519914411008358, -5073846.750202951952815 ], [ 4748507.108910937793553, -5073845.59154642932117 ], [ 4748506.697907343506813, -5073844.432889999821782 ], [ 4748506.286903635598719, -5073843.274233657866716 ], [ 4748505.875899809412658, -5073842.115577401593328 ], [ 4748505.464895873330534, -5073840.956921236589551 ], [ 4748505.053891818039119, -5073839.798265160992742 ], [ 4748504.642887650057673, -5073838.639609174802899 ], [ 4748504.231883367523551, -5073837.480953272432089 ], [ 4748503.820878971368074, -5073836.322297461330891 ], [ 4748503.409874456934631, -5073835.163641745224595 ], [ 4748502.998869827017188, -5073834.004986111074686 ], [ 4748502.587865083478391, -5073832.846330562606454 ], [ 4748502.176860227249563, -5073831.687675107270479 ], [ 4748501.765855251811445, -5073830.529019741341472 ], [ 4748501.354850168339908, -5073829.370364459231496 ], [ 4748500.943844962865114, -5073828.211709272116423 ], [ 4748500.532839641906321, -5073827.053054170683026 ], [ 4748500.121834209188819, -5073825.894399158656597 ], [ 4748499.710828659124672, -5073824.73574423789978 ], [ 4748499.29982300195843, -5073823.577089397236705 ], [ 4748498.888817221857607, -5073822.418434653431177 ], [ 4748498.477811326272786, -5073821.259779999032617 ], [ 4748498.066805319860578, -5073820.101125430315733 ], [ 4748497.655799195170403, -5073818.942470951005816 ], [ 4748497.244792955927551, -5073817.783816559240222 ], [ 4748496.833786603063345, -5073816.625162256881595 ], [ 4748496.422780137509108, -5073815.466508043929935 ], [ 4748496.011773552745581, -5073814.307853920385242 ], [ 4748495.600766853429377, -5073813.149199882522225 ], [ 4748495.189760040491819, -5073811.990545937791467 ], [ 4748494.778753113932908, -5073810.83189207687974 ], [ 4748494.367746068164706, -5073809.67323830910027 ], [ 4748493.956738913431764, -5073808.514584625139832 ], [ 4748493.545731638558209, -5073807.355931034311652 ], [ 4748493.134724247269332, -5073806.197277534753084 ], [ 4748492.723716745153069, -5073805.038624113425612 ], [ 4748492.312709123827517, -5073803.879970788955688 ], [ 4748491.901701395399868, -5073802.721317550167441 ], [ 4748491.490693546831608, -5073801.562664400786161 ], [ 4748491.07968557998538, -5073800.404011342674494 ], [ 4748490.668677504174411, -5073799.245358370244503 ], [ 4748490.257669309154153, -5073798.086705487221479 ], [ 4748489.846661002375185, -5073796.928052695468068 ], [ 4748489.435652577318251, -5073795.769399985671043 ], [ 4748489.02464404143393, -5073794.610747369006276 ], [ 4748488.613635387271643, -5073793.452094839885831 ], [ 4748488.202626615762711, -5073792.293442403897643 ], [ 4748487.79161773249507, -5073791.134790053591132 ], [ 4748487.380608737468719, -5073789.976137787103653 ], [ 4748486.96959961950779, -5073788.817485619336367 ], [ 4748486.558590396307409, -5073787.658833533525467 ], [ 4748486.147581051103771, -5073786.500181537121534 ], [ 4748485.736571588553488, -5073785.341529633849859 ], [ 4748485.325562016107142, -5073784.182877814397216 ], [ 4748484.914552325382829, -5073783.024226086214185 ], [ 4748484.503542527556419, -5073781.86557443998754 ], [ 4748484.092532608658075, -5073780.706922890618443 ], [ 4748483.791465028189123, -5073779.858202965930104 ], [ 4748483.086382267065346, -5073778.851097891107202 ], [ 4748482.381299454718828, -5073777.843992944806814 ], [ 4748481.676216590218246, -5073776.836888141930103 ], [ 4748480.971133674494922, -5073775.829783465713263 ], [ 4748480.266050701029599, -5073774.822678927332163 ], [ 4748479.560967676341534, -5073773.815574526786804 ], [ 4748478.855884596705437, -5073772.808470258489251 ], [ 4748478.150801463983953, -5073771.801366128027439 ], [ 4748477.445718279108405, -5073770.794262135401368 ], [ 4748476.740635043941438, -5073769.787158267572522 ], [ 4748476.035551754757762, -5073768.780054543167353 ], [ 4748475.330468409694731, -5073767.772950949147344 ], [ 4748474.625385009683669, -5073766.765847500413656 ], [ 4748473.9203015640378, -5073765.758744176477194 ], [ 4748473.215218060649931, -5073764.751640992239118 ], [ 4748472.510134500451386, -5073763.744537947699428 ], [ 4748471.80505089648068, -5073762.737435027956963 ], [ 4748471.099967232905328, -5073761.730332251638174 ], [ 4748470.394883519969881, -5073760.723229605704546 ], [ 4748469.689799750223756, -5073759.716127095744014 ], [ 4748468.984715927392244, -5073758.709024725481868 ], [ 4748468.279632054269314, -5073757.701922485604882 ], [ 4748467.574548124335706, -5073756.694820383563638 ], [ 4748466.86946414783597, -5073755.687718415632844 ], [ 4748466.164380115456879, -5073754.680616581812501 ], [ 4748465.459296028129756, -5073753.673514882102609 ], [ 4748464.754211889579892, -5073752.666413320228457 ], [ 4748464.049127697944641, -5073751.659311894327402 ], [ 4748463.344043450430036, -5073750.652210602536798 ], [ 4748462.638959154486656, -5073749.645109448581934 ], [ 4748461.933874800801277, -5073748.638008421286941 ], [ 4748461.228790394961834, -5073747.630907539278269 ], [ 4748460.523705939762294, -5073746.623806789517403 ], [ 4748459.818621427752078, -5073745.616706173866987 ], [ 4748459.113536866381764, -5073744.609605692327023 ], [ 4748458.408452250994742, -5073743.602505343034863 ], [ 4748457.703367579728365, -5073742.595405133441091 ], [ 4748456.998282859101892, -5073741.588305057957768 ], [ 4748456.293198083527386, -5073740.581205116584897 ], [ 4748455.588113251142204, -5073739.574105313047767 ], [ 4748454.883028372190893, -5073738.567005645483732 ], [ 4748454.177943437360227, -5073737.559906108304858 ], [ 4748453.472858448512852, -5073736.552806712687016 ], [ 4748452.767773408442736, -5073735.545707451179624 ], [ 4748452.062688313424587, -5073734.538608318194747 ], [ 4748451.357603164389729, -5073733.531509326770902 ], [ 4748450.652517965063453, -5073732.524410469457507 ], [ 4748449.947432711720467, -5073731.517311746254563 ], [ 4748449.242347407154739, -5073730.51021315716207 ], [ 4748448.537262047640979, -5073729.503114705905318 ], [ 4748447.83217663411051, -5073728.496016388759017 ], [ 4748447.127091166563332, -5073727.488918211311102 ], [ 4748446.422005653381348, -5073726.481820160523057 ], [ 4748445.716920080594718, -5073725.474722247570753 ], [ 4748445.525114375166595, -5073725.200759623199701 ], [ 4748445.421063638292253, -5073723.975784048438072 ], [ 4748445.317012754268944, -5073722.75080850161612 ], [ 4748445.21296173427254, -5073721.52583296969533 ], [ 4748445.1089105643332, -5073720.300857467576861 ], [ 4748445.004859250970185, -5073719.075881978496909 ], [ 4748444.900807792320848, -5073717.850906515493989 ], [ 4748444.796756194904447, -5073716.625931069254875 ], [ 4748444.692704448476434, -5073715.400955647230148 ], [ 4748444.588652566075325, -5073714.175980243831873 ], [ 4748444.484600532799959, -5073712.951004857197404 ], [ 4748444.380548358894885, -5073711.726029498502612 ], [ 4748444.276496042497456, -5073710.501054158434272 ], [ 4748444.172443576157093, -5073709.276078844442964 ], [ 4748444.068390972912312, -5073708.051103543490171 ], [ 4748443.964338222518563, -5073706.826128268614411 ], [ 4748443.860285327769816, -5073705.601153012365103 ], [ 4748443.756232290528715, -5073704.376177772879601 ], [ 4748443.652179112657905, -5073703.151202563196421 ], [ 4748443.54812578856945, -5073701.926227368414402 ], [ 4748443.444072318263352, -5073700.701252195984125 ], [ 4748443.340018704533577, -5073699.47627704590559 ], [ 4748443.235964947380126, -5073698.251301916316152 ], [ 4748443.131911049596965, -5073697.02632680721581 ], [ 4748443.027857006527483, -5073695.801351718604565 ], [ 4748442.923802822828293, -5073694.576376650482416 ], [ 4748442.819748489186168, -5073693.351401606574655 ], [ 4748442.715694014914334, -5073692.12642658315599 ], [ 4748442.611639398150146, -5073690.901451572775841 ], [ 4748442.507584638893604, -5073689.676476594060659 ], [ 4748442.403529733419418, -5073688.451501628383994 ], [ 4748442.299474680796266, -5073687.226526686921716 ], [ 4748442.195419490337372, -5073686.001551767811179 ], [ 4748442.091364151798189, -5073684.776576871052384 ], [ 4748441.987308670766652, -5073683.551601991057396 ], [ 4748441.883253046311438, -5073682.326627135276794 ], [ 4748441.779197278432548, -5073681.101652296259999 ], [ 4748441.675141370855272, -5073679.876677483320236 ], [ 4748441.571085311472416, -5073678.651702681556344 ], [ 4748441.467029111459851, -5073677.426727913320065 ], [ 4748441.362972773611546, -5073676.201753158122301 ], [ 4748441.258916281163692, -5073674.97677842900157 ], [ 4748441.154859651811421, -5073673.751803714782 ], [ 4748441.050802879035473, -5073672.526829028502107 ], [ 4748440.946745959110558, -5073671.301854360848665 ], [ 4748440.842688901349902, -5073670.076879708096385 ], [ 4748440.738631695508957, -5073668.851905083283782 ], [ 4748440.634574347175658, -5073667.626930475234985 ], [ 4748440.530516853556037, -5073666.401955887675285 ], [ 4748440.426459214650095, -5073665.176981329917908 ], [ 4748440.322401436977088, -5073663.952006785199046 ], [ 4748440.218343512155116, -5073662.727032262831926 ], [ 4748440.114285442978144, -5073661.502057759091258 ], [ 4748440.011285064741969, -5073660.289536044001579 ], [ 4748439.712485414929688, -5073659.097013799473643 ], [ 4748439.413685637526214, -5073657.904491614550352 ], [ 4748439.11488573346287, -5073656.711969500407577 ], [ 4748438.816085697151721, -5073655.519447445869446 ], [ 4748438.517285529524088, -5073654.326925462111831 ], [ 4748438.218485235236585, -5073653.134403541684151 ], [ 4748437.919684804975986, -5073651.941881688311696 ], [ 4748437.620884251780808, -5073650.749359896406531 ], [ 4748437.322083568200469, -5073649.556838171556592 ], [ 4748437.023282751441002, -5073648.364316511899233 ], [ 4748436.724481806159019, -5073647.171794921159744 ], [ 4748436.425680734217167, -5073645.979273388162255 ], [ 4748436.126879529096186, -5073644.786751927807927 ], [ 4748435.828078197315335, -5073643.594230530783534 ], [ 4748435.529276727698743, -5073642.401709197089076 ], [ 4748435.230475137010217, -5073641.209187928587198 ], [ 4748434.93167341593653, -5073640.016666725277901 ], [ 4748434.632871560752392, -5073638.824145587161183 ], [ 4748434.334069580771029, -5073637.631624514237046 ], [ 4748434.035267466679215, -5073636.439103508368134 ], [ 4748433.736465225927532, -5073635.246582569554448 ], [ 4748433.437662852928042, -5073634.054061690345407 ], [ 4748433.138860351406038, -5073632.861540881916881 ], [ 4748432.840057721361518, -5073631.669020133092999 ], [ 4748432.54125496186316, -5073630.476499455049634 ], [ 4748432.242452067323029, -5073629.283978842198849 ], [ 4748431.943649051710963, -5073628.091458294540644 ], [ 4748431.644845901057124, -5073626.898937812075019 ], [ 4748431.346042619086802, -5073625.706417391076684 ], [ 4748431.047239208593965, -5073624.513897040858865 ], [ 4748430.748435670509934, -5073623.321376752108335 ], [ 4748430.449632002040744, -5073622.128856528550386 ], [ 4748430.150828199461102, -5073620.936336372047663 ], [ 4748429.852024273015559, -5073619.743816278874874 ], [ 4748429.553220216184855, -5073618.551296249032021 ], [ 4748429.2544160252437, -5073617.358776288107038 ], [ 4748428.955611705780029, -5073616.16625639423728 ], [ 4748428.656807264313102, -5073614.973736563697457 ], [ 4748428.358002685941756, -5073613.78121679648757 ], [ 4748428.059197974391282, -5073612.588697096332908 ], [ 4748427.760393138043582, -5073611.396177459508181 ], [ 4748427.461588174104691, -5073610.203657891601324 ], [ 4748427.162783074192703, -5073609.011138388887048 ], [ 4748426.863977850414813, -5073607.818618947640061 ], [ 4748426.565172494389117, -5073606.626099577173591 ], [ 4748426.266367008909583, -5073605.43358026817441 ], [ 4748425.967561397701502, -5073604.241061024367809 ], [ 4748425.66875565238297, -5073603.048541847616434 ], [ 4748425.369949772022665, -5073601.856022730469704 ], [ 4748425.071143770590425, -5073600.663503687828779 ], [ 4748424.772337637841702, -5073599.470984702929854 ], [ 4748424.473531370982528, -5073598.27846579067409 ], [ 4748424.174724976532161, -5073597.085946941748261 ], [ 4748423.87591845728457, -5073595.893428148701787 ], [ 4748423.577111802063882, -5073594.700909428298473 ], [ 4748423.278305020183325, -5073593.508390774950385 ], [ 4748423.054324281401932, -5073592.614498434588313 ], [ 4748422.413420531898737, -5073591.565390037372708 ], [ 4748421.772516712546349, -5073590.516281763091683 ], [ 4748421.131612825207412, -5073589.467173619195819 ], [ 4748420.490708861500025, -5073588.41806560382247 ], [ 4748419.84980483353138, -5073587.368957716971636 ], [ 4748419.208900737576187, -5073586.319849956780672 ], [ 4748418.567996572703123, -5073585.270742319524288 ], [ 4748417.927092330530286, -5073584.221634816378355 ], [ 4748417.286188030615449, -5073583.172527436167002 ], [ 4748416.645283652469516, -5073582.123420184478164 ], [ 4748416.004379205405712, -5073581.074313063174486 ], [ 4748415.363474693149328, -5073580.025206070393324 ], [ 4748414.722570109181106, -5073578.976099196821451 ], [ 4748414.081665453501046, -5073577.926992459222674 ], [ 4748413.44076073449105, -5073576.877885844558477 ], [ 4748412.799855940043926, -5073575.828779356554151 ], [ 4748412.158951080404222, -5073574.77967300452292 ], [ 4748411.518046147190034, -5073573.730566771700978 ], [ 4748410.877141145989299, -5073572.681460669264197 ], [ 4748410.23623607866466, -5073571.632354693487287 ], [ 4748409.595330936834216, -5073570.583248844370246 ], [ 4748408.954425726085901, -5073569.534143123775721 ], [ 4748408.313520448282361, -5073568.485037531703711 ], [ 4748407.672615103423595, -5073567.435932068154216 ], [ 4748407.031709683127701, -5073566.386826727539301 ], [ 4748406.390804196707904, -5073565.337721519172192 ], [ 4748405.749898641370237, -5073564.288616437464952 ], [ 4748405.108993016183376, -5073563.239511486142874 ], [ 4748404.46808731649071, -5073562.19040665589273 ], [ 4748403.827181555330753, -5073561.141301956027746 ], [ 4748403.186275720596313, -5073560.092197382822633 ], [ 4748402.545369817875326, -5073559.043092941865325 ], [ 4748401.904463841579854, -5073557.993988621979952 ], [ 4748401.263557802885771, -5073556.944884428754449 ], [ 4748400.622651686891913, -5073555.895780373364687 ], [ 4748399.981745506636798, -5073554.846676435321569 ], [ 4748399.340839253738523, -5073553.797572631388903 ], [ 4748398.699932938441634, -5073552.748468950390816 ], [ 4748398.059026543982327, -5073551.699365401640534 ], [ 4748397.41812008433044, -5073550.650261973962188 ], [ 4748396.777213556692004, -5073549.601158674806356 ], [ 4748396.136306956410408, -5073548.552055507898331 ], [ 4748395.495400291867554, -5073547.50295246578753 ], [ 4748394.854493551887572, -5073546.453849555924535 ], [ 4748394.213586746715009, -5073545.404746765270829 ], [ 4748393.572679868899286, -5073544.355644110590219 ], [ 4748392.931772921234369, -5073543.30654157884419 ], [ 4748392.290865908376873, -5073542.25743917003274 ], [ 4748391.649958825670183, -5073541.20833689533174 ], [ 4748391.009051666595042, -5073540.159234751015902 ], [ 4748390.368144447915256, -5073539.110132727771997 ], [ 4748389.727237152867019, -5073538.061030834913254 ], [ 4748389.086329786106944, -5073537.011929072439671 ], [ 4748388.445422356016934, -5073535.962827432900667 ], [ 4748387.804514860734344, -5073534.913725920021534 ], [ 4748387.163607286289334, -5073533.864624533802271 ], [ 4748386.5226996447891, -5073532.815523277968168 ], [ 4748385.881791937164962, -5073531.766422152519226 ], [ 4748385.240884157828987, -5073530.717321153730154 ], [ 4748384.599976308643818, -5073529.668220277875662 ], [ 4748383.999359750188887, -5073528.685072366148233 ], [ 4748383.358451768755913, -5073527.635971739888191 ], [ 4748382.7175437156111, -5073526.586871244013309 ], [ 4748382.076635592617095, -5073525.537770874798298 ], [ 4748381.435727403499186, -5073524.488670626655221 ], [ 4748380.794819140806794, -5073523.43957051075995 ], [ 4748380.153910811059177, -5073522.390470525249839 ], [ 4748379.513002411462367, -5073521.341370662674308 ], [ 4748378.872093940153718, -5073520.292270934209228 ], [ 4748378.231185398995876, -5073519.243171324953437 ], [ 4748377.590276791714132, -5073518.194071844220161 ], [ 4748376.949368115514517, -5073517.144972495734692 ], [ 4748376.308459365740418, -5073516.095873273909092 ], [ 4748375.667550547979772, -5073515.046774180606008 ], [ 4748375.0266416631639, -5073513.997675210237503 ], [ 4748374.385732709430158, -5073512.948576373979449 ], [ 4748373.744823685847223, -5073511.899477656930685 ], [ 4748373.103914590552449, -5073510.850379075855017 ], [ 4748372.463005422614515, -5073509.801280612125993 ], [ 4748371.822096192277968, -5073508.75218228623271 ], [ 4748371.18118688929826, -5073507.703084085136652 ], [ 4748370.540277515538037, -5073506.653986006975174 ], [ 4748369.899368072859943, -5073505.604888061061502 ], [ 4748369.258458559401333, -5073504.55579024553299 ], [ 4748368.617548980750144, -5073503.506692549213767 ], [ 4748367.976639330387115, -5073502.45759498886764 ], [ 4748367.335729606449604, -5073501.408497547730803 ], [ 4748366.694819822907448, -5073500.359400236979127 ], [ 4748366.641514942981303, -5073500.272146152332425 ], [ 4748366.313473902642727, -5073499.087342604994774 ], [ 4748365.985432744026184, -5073497.902539122849703 ], [ 4748365.657391453161836, -5073496.717735715210438 ], [ 4748365.329350037500262, -5073495.532932382076979 ], [ 4748365.001308494247496, -5073494.348129115998745 ], [ 4748364.67326682433486, -5073493.163325926288962 ], [ 4748364.345225028693676, -5073491.97852280177176 ], [ 4748364.017183110117912, -5073490.793719749897718 ], [ 4748363.689141060225666, -5073489.608916778117418 ], [ 4748363.361098885536194, -5073488.424113871529698 ], [ 4748363.033056586049497, -5073487.239311035722494 ], [ 4748362.705014158971608, -5073486.054508272558451 ], [ 4748362.376971600577235, -5073484.869705583900213 ], [ 4748362.048928923904896, -5073483.684902962297201 ], [ 4748361.720886119641364, -5073482.50010041333735 ], [ 4748361.392843184992671, -5073481.315297937020659 ], [ 4748361.064800126478076, -5073480.130495531484485 ], [ 4748360.736756940372288, -5073478.945693200454116 ], [ 4748360.408713629469275, -5073477.760890934616327 ], [ 4748360.080670192837715, -5073476.57608874514699 ], [ 4748359.752626624889672, -5073475.391286632046103 ], [ 4748359.424582932144403, -5073474.206484582275152 ], [ 4748359.096539119258523, -5073473.021682608872652 ], [ 4748358.768495174124837, -5073471.836880704388022 ], [ 4748358.440451104193926, -5073470.652078872546554 ], [ 4748358.112406908534467, -5073469.467277113348246 ], [ 4748357.784362588077784, -5073468.282475421205163 ], [ 4748357.456318134441972, -5073467.097673805430532 ], [ 4748357.128273563459516, -5073465.912872258573771 ], [ 4748356.800228860229254, -5073464.728070786222816 ], [ 4748356.472184031270444, -5073463.543269384652376 ], [ 4748356.14413907751441, -5073462.358468051999807 ], [ 4748355.816093996167183, -5073461.173666793853045 ], [ 4748355.488048790022731, -5073459.988865606486797 ], [ 4748355.160003454424441, -5073458.804064493626356 ], [ 4748354.831957995891571, -5073457.619263442233205 ], [ 4748354.503912408836186, -5073456.43446247279644 ], [ 4748354.175866696052253, -5073455.249661572277546 ], [ 4748353.847820860333741, -5073454.064860742539167 ], [ 4748353.519774892367423, -5073452.880059987306595 ], [ 4748353.191728800535202, -5073451.695259299129248 ], [ 4748352.863682582974434, -5073450.510458683595061 ], [ 4748352.535636238753796, -5073449.325658140704036 ], [ 4748352.207589765079319, -5073448.140857670456171 ], [ 4748351.879543172195554, -5073446.956057267263532 ], [ 4748351.551496447995305, -5073445.771256938576698 ], [ 4748351.223449598997831, -5073444.586456680670381 ], [ 4748350.895402619615197, -5073443.401656500995159 ], [ 4748350.567355516366661, -5073442.216856384649873 ], [ 4748350.239308292046189, -5073441.032056344673038 ], [ 4748349.911260936409235, -5073439.847256373614073 ], [ 4748349.583213452249765, -5073438.662456475198269 ], [ 4748349.255165844224393, -5073437.47765664383769 ], [ 4748348.927118110470474, -5073436.292856892570853 ], [ 4748348.599070250988007, -5073435.108057206496596 ], [ 4748348.271022265776992, -5073433.923257594928145 ], [ 4748347.942974150180817, -5073432.738458056002855 ], [ 4748347.614925906993449, -5073431.553658585995436 ], [ 4748347.286877541802824, -5073430.368859188631177 ], [ 4748346.958829049021006, -5073429.184059867635369 ], [ 4748346.630780428647995, -5073427.999260611832142 ], [ 4748346.302731685340405, -5073426.81446142680943 ], [ 4748345.974682814441621, -5073425.629662314429879 ], [ 4748345.646633815951645, -5073424.444863280281425 ], [ 4748345.31858469452709, -5073423.26006430760026 ], [ 4748344.990535440854728, -5073422.075265411287546 ], [ 4748344.662486064247787, -5073420.890466585755348 ], [ 4748344.334436560980976, -5073419.705667832866311 ], [ 4748344.006386931985617, -5073418.520869152620435 ], [ 4748343.678337172605097, -5073417.336070543155074 ], [ 4748343.350287293083966, -5073416.151272004470229 ], [ 4748343.022237283177674, -5073414.966473538428545 ], [ 4748342.694187145680189, -5073413.781675145030022 ], [ 4748342.386419615708292, -5073412.670130657032132 ], [ 4748341.997813092544675, -5073411.503790687769651 ], [ 4748341.609206442721188, -5073410.337450804188848 ], [ 4748341.220599684864283, -5073409.171111006289721 ], [ 4748340.831992802210152, -5073408.004771292209625 ], [ 4748340.443385804072022, -5073406.838431660085917 ], [ 4748340.054778682999313, -5073405.672092113643885 ], [ 4748339.666171447373927, -5073404.505752654746175 ], [ 4748339.277564096264541, -5073403.339413275942206 ], [ 4748338.888956622220576, -5073402.17307398468256 ], [ 4748338.500349029898643, -5073401.00673477165401 ], [ 4748338.11174132488668, -5073399.840395649895072 ], [ 4748337.723133495077491, -5073398.674056604504585 ], [ 4748337.334525549784303, -5073397.507717650383711 ], [ 4748336.94591748341918, -5073396.341378780081868 ], [ 4748336.557309301570058, -5073395.175039993599057 ], [ 4748336.168701001442969, -5073394.008701287209988 ], [ 4748335.780092583969235, -5073392.842362666502595 ], [ 4748335.391484040766954, -5073391.676024131476879 ], [ 4748335.002875388599932, -5073390.50968568213284 ], [ 4748334.614266618154943, -5073389.343347311019897 ], [ 4748334.225657720118761, -5073388.177009034901857 ], [ 4748333.837048712186515, -5073387.010670829564333 ], [ 4748333.44843958131969, -5073385.844332717359066 ], [ 4748333.059830334968865, -5073384.677994687110186 ], [ 4748332.67122096568346, -5073383.511656746268272 ], [ 4748332.282611486501992, -5073382.345318879932165 ], [ 4748331.894001879729331, -5073381.178981106728315 ], [ 4748331.505392159335315, -5073380.012643411755562 ], [ 4748331.116782323457301, -5073378.84630580060184 ], [ 4748330.728172361850739, -5073377.679968278855085 ], [ 4748330.3395622856915, -5073376.513630839064717 ], [ 4748329.950952091254294, -5073375.347293479368091 ], [ 4748329.562341782264411, -5073374.180956207215786 ], [ 4748329.173731348477304, -5073373.014619020745158 ], [ 4748328.785120801068842, -5073371.848281912505627 ], [ 4748328.396510131657124, -5073370.681944897398353 ], [ 4748328.00789934489876, -5073369.51560796238482 ], [ 4748327.619288441725075, -5073368.349271107465029 ], [ 4748327.230677423998713, -5073367.182934341952205 ], [ 4748326.842066283337772, -5073366.016597662121058 ], [ 4748326.45345501974225, -5073364.850261064246297 ], [ 4748326.064843645319343, -5073363.683924544602633 ], [ 4748325.676232151687145, -5073362.517588119953871 ], [ 4748325.287620534189045, -5073361.351251773536205 ], [ 4748324.899008800275624, -5073360.184915510937572 ], [ 4748324.834180367179215, -5073359.990346660837531 ], [ 4748324.423128943890333, -5073358.831728538498282 ], [ 4748324.012077406980097, -5073357.673110501840711 ], [ 4748323.601025752723217, -5073356.514492556452751 ], [ 4748323.18997398391366, -5073355.355874700471759 ], [ 4748322.778922100551426, -5073354.197256932035089 ], [ 4748322.367870103567839, -5073353.03863925114274 ], [ 4748321.956817992031574, -5073351.880021657794714 ], [ 4748321.545765764079988, -5073350.721404153853655 ], [ 4748321.13471341971308, -5073349.562786741182208 ], [ 4748320.72366096265614, -5073348.404169417917728 ], [ 4748320.312608391046524, -5073347.245552182197571 ], [ 4748319.901555700227618, -5073346.086935037747025 ], [ 4748319.490502897650003, -5073344.928317977115512 ], [ 4748319.07944998331368, -5073343.76970100402832 ], [ 4748318.668396952562034, -5073342.611084125936031 ], [ 4748318.257343801669776, -5073341.452467331662774 ], [ 4748317.846290543675423, -5073340.293850626796484 ], [ 4748317.435237159952521, -5073339.135234011337161 ], [ 4748317.024183665402234, -5073337.97661748714745 ], [ 4748316.613130060024559, -5073336.818001050502062 ], [ 4748316.202076340094209, -5073335.659384697675705 ], [ 4748315.791022500954568, -5073334.500768437981606 ], [ 4748315.379968548193574, -5073333.342152267694473 ], [ 4748314.968914480879903, -5073332.183536184951663 ], [ 4748314.557860295288265, -5073331.02492019161582 ], [ 4748314.146805999800563, -5073329.866304287686944 ], [ 4748313.735751586966217, -5073328.70768847130239 ], [ 4748313.324697059579194, -5073327.549072744324803 ], [ 4748312.913642418570817, -5073326.390457103028893 ], [ 4748312.502587663941085, -5073325.231841553002596 ], [ 4748312.091532790102065, -5073324.073226088657975 ], [ 4748311.68047780264169, -5073322.914610719308257 ], [ 4748311.269422700628638, -5073321.755995431914926 ], [ 4748310.858367484994233, -5073320.597380235791206 ], [ 4748310.447312150150537, -5073319.438765130937099 ], [ 4748310.036256700754166, -5073318.28015011548996 ], [ 4748309.625201139599085, -5073317.121535183861852 ], [ 4748309.214145462960005, -5073315.962920341640711 ], [ 4748308.803089672699571, -5073314.804305586963892 ], [ 4748308.392033762298524, -5073313.645690929144621 ], [ 4748307.980977741070092, -5073312.487076353281736 ], [ 4748307.569921605288982, -5073311.328461866825819 ], [ 4748307.158865352161229, -5073310.169847466051579 ], [ 4748306.747808982618153, -5073309.011233162134886 ], [ 4748306.336752500385046, -5073307.85261894017458 ], [ 4748305.925695901736617, -5073306.694004807621241 ], [ 4748305.514639190398157, -5073305.535390770062804 ], [ 4748305.103582360781729, -5073304.3767768163234 ], [ 4748304.692525422200561, -5073303.218162951990962 ], [ 4748304.281468364410102, -5073302.059549173340201 ], [ 4748303.870411192066967, -5073300.900935487821698 ], [ 4748303.459353907033801, -5073299.742321891710162 ], [ 4748303.048296501860023, -5073298.583708377555013 ], [ 4748302.63723898306489, -5073297.425094958394766 ], [ 4748302.226181350648403, -5073296.266481626778841 ], [ 4748301.815123605541885, -5073295.107868380844593 ], [ 4748301.404065744951367, -5073293.949255229905248 ], [ 4748300.99300776515156, -5073292.790642160922289 ], [ 4748300.581949671730399, -5073291.632029186934233 ], [ 4748300.170891465619206, -5073290.473416296765208 ], [ 4748299.759833144955337, -5073289.314803496003151 ], [ 4748299.348774708807468, -5073288.156190782785416 ], [ 4748298.937716156244278, -5073286.997578164562583 ], [ 4748298.526657489128411, -5073285.838965628296137 ], [ 4748298.11559870839119, -5073284.680353183299303 ], [ 4748297.814495338127017, -5073283.831661900505424 ], [ 4748297.354755156673491, -5073282.691490471363068 ], [ 4748296.895014863461256, -5073281.551319148391485 ], [ 4748296.43527446873486, -5073280.41114791482687 ], [ 4748295.975533964112401, -5073279.270976779982448 ], [ 4748295.515793351456523, -5073278.130805747583508 ], [ 4748295.056052632629871, -5073276.990634810179472 ], [ 4748294.596311807632446, -5073275.850463969632983 ], [ 4748294.13657087739557, -5073274.710293225944042 ], [ 4748293.676829840056598, -5073273.570122584700584 ], [ 4748293.217088694684207, -5073272.429952040314674 ], [ 4748292.757347439415753, -5073271.289781592786312 ], [ 4748292.297606077976525, -5073270.149611243978143 ], [ 4748291.837864609435201, -5073269.009440995752811 ], [ 4748291.37812303379178, -5073267.869270844385028 ], [ 4748290.9183813566342, -5073266.729100786149502 ], [ 4748290.45863956399262, -5073265.588930834084749 ], [ 4748289.998897671699524, -5073264.448760977014899 ], [ 4748289.539155670441687, -5073263.308591213077307 ], [ 4748289.079413557425141, -5073262.168421555310488 ], [ 4748288.619671339169145, -5073261.028251990675926 ], [ 4748288.15992902033031, -5073259.888082521036267 ], [ 4748287.700186583213508, -5073258.747913157567382 ], [ 4748287.240444046445191, -5073257.607743889093399 ], [ 4748286.780701401643455, -5073256.467574715614319 ], [ 4748286.3209586488083, -5073255.327405642718077 ], [ 4748285.861215787939727, -5073254.187236670404673 ], [ 4748285.401472825556993, -5073253.047067793086171 ], [ 4748284.941729751415551, -5073251.906899012625217 ], [ 4748284.481986571103334, -5073250.766730334609747 ], [ 4748284.022243281826377, -5073249.626561751589179 ], [ 4748283.562499888241291, -5073248.486393269151449 ], [ 4748283.102756388485432, -5073247.346224881708622 ], [ 4748282.643012775108218, -5073246.206056594848633 ], [ 4748282.183269062079489, -5073245.065888406708837 ], [ 4748281.723525237292051, -5073243.925720313563943 ], [ 4748281.263781307265162, -5073242.785552324727178 ], [ 4748280.804037269204855, -5073241.645384427160025 ], [ 4748280.344293124973774, -5073240.50521663017571 ], [ 4748279.884548875503242, -5073239.365048928186297 ], [ 4748279.424804518930614, -5073238.224881328642368 ], [ 4748278.96506005525589, -5073237.084713822230697 ], [ 4748278.879950357601047, -5073236.873641595244408 ], [ 4748278.567497985437512, -5073235.684641888365149 ], [ 4748278.255045491270721, -5073234.495642254129052 ], [ 4748277.942592864856124, -5073233.30664268694818 ], [ 4748277.630140108987689, -5073232.117643190547824 ], [ 4748277.317687233909965, -5073230.928643755614758 ], [ 4748277.005234220996499, -5073229.739644391462207 ], [ 4748276.692781084217131, -5073228.550645096227527 ], [ 4748276.38032781612128, -5073227.361645869910717 ], [ 4748276.067874424159527, -5073226.172646710649133 ], [ 4748275.75542090088129, -5073224.983647620305419 ], [ 4748275.442967247217894, -5073223.794648598879576 ], [ 4748275.130513470619917, -5073222.605649644508958 ], [ 4748274.818059561774135, -5073221.416650760918856 ], [ 4748274.50560552906245, -5073220.227651944383979 ], [ 4748274.19315136410296, -5073219.038653193041682 ], [ 4748273.880697073414922, -5073217.849654510617256 ], [ 4748273.568242654204369, -5073216.660655897110701 ], [ 4748273.255788104608655, -5073215.471657356247306 ], [ 4748272.943333422765136, -5073214.282658882439137 ], [ 4748272.630878625437617, -5073213.093660473823547 ], [ 4748272.318423688411713, -5073211.904662130400538 ], [ 4748272.005968627519906, -5073210.715663863345981 ], [ 4748271.693513440899551, -5073209.526665657758713 ], [ 4748271.381058119237423, -5073208.337667522951961 ], [ 4748271.068602678366005, -5073207.148669457063079 ], [ 4748270.756147105246782, -5073205.959671460092068 ], [ 4748270.443691403605044, -5073204.770673524588346 ], [ 4748270.131235571578145, -5073203.581675665453076 ], [ 4748269.818779615685344, -5073202.392677871510386 ], [ 4748269.506323526613414, -5073201.203680148348212 ], [ 4748269.19386731274426, -5073200.014682490378618 ], [ 4748268.88141097035259, -5073198.825684905052185 ], [ 4748268.568954495713115, -5073197.636687383055687 ], [ 4748268.256497897207737, -5073196.44768993370235 ], [ 4748267.944041167385876, -5073195.258692547678947 ], [ 4748267.836376260966063, -5073194.848993394523859 ], [ 4748267.652766198851168, -5073193.633414829149842 ], [ 4748267.4691560016945, -5073192.417836308479309 ], [ 4748267.285545664839447, -5073191.202257825061679 ], [ 4748267.101935192011297, -5073189.986679380759597 ], [ 4748266.918324573896825, -5073188.771100977435708 ], [ 4748266.734713815152645, -5073187.555522611364722 ], [ 4748266.551102917641401, -5073186.339944288134575 ], [ 4748266.367491881363094, -5073185.124366000294685 ], [ 4748266.183880703523755, -5073183.908787757158279 ], [ 4748266.000269392505288, -5073182.693209545686841 ], [ 4748265.8166579362005, -5073181.477631384506822 ], [ 4748265.633046337403357, -5073180.262053253129125 ], [ 4748265.449434603564441, -5073179.046475164592266 ], [ 4748265.265822731889784, -5073177.830897115170956 ], [ 4748265.082210717722774, -5073176.615319103002548 ], [ 4748264.898598559200764, -5073175.39974113740027 ], [ 4748264.714986265636981, -5073174.184163207188249 ], [ 4748264.531373831443489, -5073172.968585314229131 ], [ 4748264.347761261276901, -5073171.753007460385561 ], [ 4748264.164148541167378, -5073170.53742965310812 ], [ 4748263.980535690672696, -5073169.321851875633001 ], [ 4748263.796922696754336, -5073168.106274144724011 ], [ 4748263.613309564068913, -5073166.890696449205279 ], [ 4748263.429696289822459, -5073165.675118800252676 ], [ 4748263.246082883328199, -5073164.459541181102395 ], [ 4748263.062469327822328, -5073163.243963608518243 ], [ 4748262.878855633549392, -5073162.028386073186994 ], [ 4748262.695241802372038, -5073160.812808573246002 ], [ 4748262.511627834290266, -5073159.597231116145849 ], [ 4748262.328013721853495, -5073158.381653696298599 ], [ 4748262.144399471580982, -5073157.166076321154833 ], [ 4748261.960785080678761, -5073155.950498983263969 ], [ 4748261.777170551009476, -5073154.734921680763364 ], [ 4748261.593555876985192, -5073153.519344424828887 ], [ 4748261.40994106605649, -5073152.303767202422023 ], [ 4748261.226326121017337, -5073151.088190022855997 ], [ 4748261.042711028829217, -5073149.872612880542874 ], [ 4748260.859095799736679, -5073148.65703578107059 ], [ 4748260.675480427220464, -5073147.441458716988564 ], [ 4748260.491864923387766, -5073146.22588169388473 ], [ 4748260.308249275200069, -5073145.010304709896445 ], [ 4748260.124633484520018, -5073143.794727768748999 ], [ 4748259.941017557866871, -5073142.57915085926652 ], [ 4748259.757401485927403, -5073141.363573996350169 ], [ 4748259.573785278014839, -5073140.147997174412012 ], [ 4748259.390168931335211, -5073138.932420386001468 ], [ 4748259.206552444025874, -5073137.716843636706471 ], [ 4748259.022935816086829, -5073136.501266928389668 ], [ 4748258.839319051243365, -5073135.285690261051059 ], [ 4748258.65570214483887, -5073134.070113634690642 ], [ 4748258.472085098735988, -5073132.854537043720484 ], [ 4748258.288467911072075, -5073131.638960497453809 ], [ 4748258.104850584641099, -5073130.423383986577392 ], [ 4748257.921233117580414, -5073129.207807516679168 ], [ 4748257.737615514546633, -5073127.992231080308557 ], [ 4748257.553997770883143, -5073126.776654690504074 ], [ 4748257.370379882864654, -5073125.561078341677785 ], [ 4748257.186761858873069, -5073124.345502030104399 ], [ 4748257.003143696114421, -5073123.12992575392127 ], [ 4748256.819525391794741, -5073121.91434952057898 ], [ 4748256.63590694218874, -5073120.698773324489594 ], [ 4748256.452288362197578, -5073119.4831971693784 ], [ 4748256.26866963878274, -5073118.267621055245399 ], [ 4748256.08505077753216, -5073117.052044978365302 ], [ 4748255.901431770995259, -5073115.836468944326043 ], [ 4748255.717812626622617, -5073114.620892947539687 ], [ 4748255.534193346276879, -5073113.405316989868879 ], [ 4748255.350573923438787, -5073112.18974107131362 ], [ 4748255.166954357177019, -5073110.974165193736553 ], [ 4748255.021576548926532, -5073110.011753367260098 ], [ 4748255.153174403123558, -5073108.789451103657484 ], [ 4748255.284772118553519, -5073107.567148804664612 ], [ 4748255.416369695216417, -5073106.344846468418837 ], [ 4748255.547967133112252, -5073105.122544098645449 ], [ 4748255.679564425721765, -5073103.900241697207093 ], [ 4748255.811161573976278, -5073102.67793925665319 ], [ 4748255.942758585326374, -5073101.455636782571673 ], [ 4748256.074355457909405, -5073100.23333427682519 ], [ 4748256.205952182412148, -5073099.011031735688448 ], [ 4748256.337548773735762, -5073097.788729157298803 ], [ 4748256.469145218841732, -5073096.566426545381546 ], [ 4748256.60074152238667, -5073095.344123907387257 ], [ 4748256.732337689958513, -5073094.121821226552129 ], [ 4748256.863933708518744, -5073092.899518515914679 ], [ 4748256.995529592037201, -5073091.677215764299035 ], [ 4748257.127125331200659, -5073090.454912981018424 ], [ 4748257.258720933459699, -5073089.232610166072845 ], [ 4748257.39031639508903, -5073088.010307312011719 ], [ 4748257.52191171143204, -5073086.788004426285625 ], [ 4748257.653506889007986, -5073085.565701507031918 ], [ 4748257.785101922228932, -5073084.343398554250598 ], [ 4748257.91669681482017, -5073083.121095564216375 ], [ 4748258.04829157050699, -5073081.898792538791895 ], [ 4748258.179886179976165, -5073080.676489487290382 ], [ 4748258.31148065533489, -5073079.454186391085386 ], [ 4748258.443074982613325, -5073078.231883265078068 ], [ 4748258.574669169262052, -5073077.009580105543137 ], [ 4748258.706263218075037, -5073075.787276908755302 ], [ 4748258.837857126258314, -5073074.564973684027791 ], [ 4748258.969450894743204, -5073073.342670412734151 ], [ 4748259.101044514216483, -5073072.120367119088769 ], [ 4748259.23263799957931, -5073070.898063784465194 ], [ 4748259.364231340587139, -5073069.675760420039296 ], [ 4748259.495824543759227, -5073068.45345701649785 ], [ 4748259.627417605370283, -5073067.231153581291437 ], [ 4748259.75901052262634, -5073066.008850112557411 ], [ 4748259.890603300184011, -5073064.786546600982547 ], [ 4748260.022195934318006, -5073063.564243065193295 ], [ 4748260.15378843061626, -5073062.341939494013786 ], [ 4748260.285380785353482, -5073061.119635885581374 ], [ 4748260.41697299759835, -5073059.897332241758704 ], [ 4748260.5485650729388, -5073058.675028560683131 ], [ 4748260.680157001130283, -5073057.452724855393171 ], [ 4748260.811748795211315, -5073056.230421107262373 ], [ 4748260.943340444937348, -5073055.008117329329252 ], [ 4748261.074931950308383, -5073053.785813514143229 ], [ 4748261.206523317843676, -5073052.563509661704302 ], [ 4748261.338114542886615, -5073051.341205779463053 ], [ 4748261.469705631025136, -5073050.118901865556836 ], [ 4748261.601296573877335, -5073048.896597908809781 ], [ 4748261.732887377031147, -5073047.674293922260404 ], [ 4748261.864478035829961, -5073046.451989905908704 ], [ 4748261.996068554930389, -5073045.229685848578811 ], [ 4748262.12765893433243, -5073044.00738175958395 ], [ 4748262.259249174036086, -5073042.785077635198832 ], [ 4748262.328285064548254, -5073042.143822425976396 ], [ 4748262.051967673003674, -5073040.945910882204771 ], [ 4748261.77565014641732, -5073039.747999394312501 ], [ 4748261.499332492239773, -5073038.550087967887521 ], [ 4748261.223014701157808, -5073037.352176602929831 ], [ 4748260.946696782484651, -5073036.154265297576785 ], [ 4748260.670378729701042, -5073034.95635405369103 ], [ 4748260.394060546532273, -5073033.758442871272564 ], [ 4748260.117742226459086, -5073032.560531746596098 ], [ 4748259.841423777863383, -5073031.362620683386922 ], [ 4748259.565105197019875, -5073030.164709677919745 ], [ 4748259.288786481134593, -5073028.966798735782504 ], [ 4748259.012467635795474, -5073027.768887853249907 ], [ 4748258.736148661002517, -5073026.570977034047246 ], [ 4748258.459829554893076, -5073025.373066270723939 ], [ 4748258.18351031281054, -5073024.175155568867922 ], [ 4748257.907190934754908, -5073022.977244926616549 ], [ 4748257.630871432833374, -5073021.779334343969822 ], [ 4748257.354551794938743, -5073020.581423824653029 ], [ 4748257.078232027590275, -5073019.383513366803527 ], [ 4748256.801912122406065, -5073018.185602964833379 ], [ 4748256.525592089630663, -5073016.987692626193166 ], [ 4748256.249271919950843, -5073015.789782347157598 ], [ 4748255.972951625473797, -5073014.59187213331461 ], [ 4748255.696631188504398, -5073013.393961975350976 ], [ 4748255.420310630463064, -5073012.196051876991987 ], [ 4748255.143989938311279, -5073010.998141838237643 ], [ 4748254.867669106461108, -5073009.800231862813234 ], [ 4748254.591348150745034, -5073008.602321945130825 ], [ 4748254.31502705719322, -5073007.404412088915706 ], [ 4748254.038705837912858, -5073006.206502294167876 ], [ 4748253.7623844826594, -5073005.008592559024692 ], [ 4748253.486062996089458, -5073003.810682881623507 ], [ 4748253.209741378203034, -5073002.612773265689611 ], [ 4748252.933419622480869, -5073001.414863714948297 ], [ 4748252.657097745686769, -5073000.216954216361046 ], [ 4748252.380775724537671, -5072999.019044786691666 ], [ 4748252.104453580453992, -5072997.821135411038995 ], [ 4748251.828131300397217, -5072996.623226100578904 ], [ 4748251.551808889955282, -5072995.425316845998168 ], [ 4748251.275486343540251, -5072994.227407658472657 ], [ 4748250.99916366674006, -5072993.029498524963856 ], [ 4748250.722840860486031, -5072991.831589452922344 ], [ 4748250.49563357885927, -5072990.84660548530519 ], [ 4748250.508102857507765, -5072989.61730289272964 ], [ 4748250.520571985282004, -5072988.388000294566154 ], [ 4748250.533040970563889, -5072987.158697690814734 ], [ 4748250.545509815216064, -5072985.929395079612732 ], [ 4748250.557978509925306, -5072984.700092455372214 ], [ 4748250.570447063073516, -5072983.470789831131697 ], [ 4748250.582915466278791, -5072982.241487199440598 ], [ 4748250.59538372606039, -5072981.012184556573629 ], [ 4748250.607851847074926, -5072979.78288191370666 ], [ 4748250.620319812558591, -5072978.553579263389111 ], [ 4748250.632787639275193, -5072977.32427660562098 ], [ 4748250.645255322568119, -5072976.094973936676979 ], [ 4748250.657722858712077, -5072974.865671267732978 ], [ 4748250.670190249569714, -5072973.636368591338396 ], [ 4748250.682657496072352, -5072972.407065905630589 ], [ 4748250.695124591700733, -5072971.177763216197491 ], [ 4748250.707591546699405, -5072969.948460515588522 ], [ 4748250.720058359205723, -5072968.719157813116908 ], [ 4748250.732525023631752, -5072967.489855105057359 ], [ 4748250.744991543702781, -5072966.260552383959293 ], [ 4748250.757457913830876, -5072965.031249659135938 ], [ 4748250.76992414612323, -5072963.801946934312582 ], [ 4748250.782390231266618, -5072962.572644194588065 ], [ 4748250.794856175780296, -5072961.343341447412968 ], [ 4748250.80732196662575, -5072960.11403870023787 ], [ 4748250.81978761497885, -5072958.884735943749547 ], [ 4748250.832253120839596, -5072957.655433181673288 ], [ 4748250.844718482345343, -5072956.426130412146449 ], [ 4748250.8571836957708, -5072955.19682763889432 ], [ 4748250.869648767635226, -5072953.967524850741029 ], [ 4748250.88211369048804, -5072952.738222066313028 ], [ 4748250.893802724778652, -5072951.585424808785319 ], [ 4748250.538403489626944, -5072950.408550953492522 ], [ 4748250.183004129678011, -5072949.231677176430821 ], [ 4748249.827604648657143, -5072948.054803472012281 ], [ 4748249.47220504283905, -5072946.877929843962193 ], [ 4748249.116805314086378, -5072945.70105629786849 ], [ 4748248.761405457742512, -5072944.524182833731174 ], [ 4748248.406005484052002, -5072943.34730944223702 ], [ 4748248.050605388358235, -5072942.170436119660735 ], [ 4748247.695205169729888, -5072940.993562884628773 ], [ 4748247.339804825372994, -5072939.816689727827907 ], [ 4748246.984404359944165, -5072938.639816641807556 ], [ 4748246.629003767855465, -5072937.462943639606237 ], [ 4748246.273603055626154, -5072936.286070710048079 ], [ 4748245.918202221393585, -5072935.109197856858373 ], [ 4748245.562801259569824, -5072933.932325087487698 ], [ 4748245.207400180399418, -5072932.755452392622828 ], [ 4748244.851998979225755, -5072931.57857977040112 ], [ 4748244.496597652323544, -5072930.401707233861089 ], [ 4748244.141196201555431, -5072929.224834769964218 ], [ 4748243.785794627852738, -5072928.047962380573153 ], [ 4748243.430392936803401, -5072926.87109007127583 ], [ 4748243.074991116300225, -5072925.694217840209603 ], [ 4748242.719589175656438, -5072924.517345689237118 ], [ 4748242.364187113940716, -5072923.340473607182503 ], [ 4748242.008784923702478, -5072922.16360161267221 ], [ 4748241.653382617980242, -5072920.986729690805078 ], [ 4748241.297980184666812, -5072919.809857845306396 ], [ 4748240.942577628418803, -5072918.632986078038812 ], [ 4748240.587174948304892, -5072917.456114387139678 ], [ 4748240.231772148050368, -5072916.279242772608995 ], [ 4748239.876369220204651, -5072915.102371238172054 ], [ 4748239.52096617501229, -5072913.925499783828855 ], [ 4748239.165563002228737, -5072912.748628403991461 ], [ 4748238.810159711167216, -5072911.571757098659873 ], [ 4748238.454756295308471, -5072910.394885875284672 ], [ 4748238.0993527546525, -5072909.218014722689986 ], [ 4748237.743949092924595, -5072908.041143653914332 ], [ 4748237.388545309193432, -5072906.864272663369775 ], [ 4748237.0331413988024, -5072905.687401745468378 ], [ 4748236.6777373701334, -5072904.510530903935432 ], [ 4748236.322333219461143, -5072903.333660142496228 ], [ 4748235.966928941197693, -5072902.156789461150765 ], [ 4748235.611524540930986, -5072900.979918858036399 ], [ 4748235.256120018661022, -5072899.803048325702548 ], [ 4748234.900715373456478, -5072898.626177873462439 ], [ 4748234.545310606248677, -5072897.449307503178716 ], [ 4748234.189905717968941, -5072896.272437199950218 ], [ 4748233.834500701166689, -5072895.095566986128688 ], [ 4748233.479095565155149, -5072893.918696835637093 ], [ 4748233.123690304346383, -5072892.7418267801404 ], [ 4748232.76828492525965, -5072891.564956786110997 ], [ 4748232.412879420444369, -5072890.388086879625916 ], [ 4748232.057473791763186, -5072889.211217045783997 ], [ 4748231.702068037353456, -5072888.034347292035818 ], [ 4748231.346662164665759, -5072886.857477612793446 ], [ 4748230.991256168112159, -5072885.680608009919524 ], [ 4748230.635850046761334, -5072884.503738485276699 ], [ 4748230.280443808995187, -5072883.32686903886497 ], [ 4748229.925037441775203, -5072882.149999674409628 ], [ 4748229.569630952551961, -5072880.973130382597446 ], [ 4748229.214224340394139, -5072879.796261170879006 ], [ 4748228.85881760623306, -5072878.619392031803727 ], [ 4748228.503410746343434, -5072877.442522972822189 ], [ 4748228.14800376817584, -5072876.265653990209103 ], [ 4748227.792596667073667, -5072875.088785087689757 ], [ 4748227.437189438380301, -5072873.911916259676218 ], [ 4748227.081782090477645, -5072872.735047509893775 ], [ 4748226.726374616846442, -5072871.558178842067719 ], [ 4748226.370967023074627, -5072870.381310245022178 ], [ 4748226.015559305436909, -5072869.204441722482443 ], [ 4748225.660151466727257, -5072868.02757328748703 ], [ 4748225.304743505083025, -5072866.850704921409488 ], [ 4748224.949335416778922, -5072865.673836639150977 ], [ 4748224.593927211128175, -5072864.496968427672982 ], [ 4748224.238518877886236, -5072863.320100300014019 ], [ 4748223.883110422641039, -5072862.143232243135571 ], [ 4748223.527701844461262, -5072860.966364268213511 ], [ 4748223.172293144278228, -5072859.789496373385191 ], [ 4748222.816884318366647, -5072858.612628553062677 ], [ 4748222.461475373245776, -5072857.43576081097126 ], [ 4748222.294450145214796, -5072856.882689343765378 ], [ 4748222.08893236797303, -5072855.67062683776021 ], [ 4748221.883414465002716, -5072854.45856436342001 ], [ 4748221.677896415814757, -5072853.246501941233873 ], [ 4748221.472378230653703, -5072852.034439563751221 ], [ 4748221.26685990113765, -5072850.822377230972052 ], [ 4748221.061341443099082, -5072849.610314935445786 ], [ 4748220.855822840705514, -5072848.398252697661519 ], [ 4748220.65030410233885, -5072847.18619049526751 ], [ 4748220.444785227067769, -5072845.97412833571434 ], [ 4748220.239266209304333, -5072844.762066224589944 ], [ 4748220.033747058361769, -5072843.550004160031676 ], [ 4748219.828227763064206, -5072842.337942136451602 ], [ 4748219.622708334587514, -5072841.125880155712366 ], [ 4748219.417188764549792, -5072839.913818221539259 ], [ 4748219.211669056676328, -5072838.701756333932281 ], [ 4748219.006149215623736, -5072837.489694487303495 ], [ 4748218.800629231147468, -5072836.277632687240839 ], [ 4748218.595109108835459, -5072835.065570933744311 ], [ 4748218.547650967724621, -5072834.785685064271092 ], [ 4748218.794848040677607, -5072833.581431837752461 ], [ 4748219.042044987902045, -5072832.377178553491831 ], [ 4748219.28924180008471, -5072831.17292520776391 ], [ 4748219.536438478156924, -5072829.968671802431345 ], [ 4748219.783635026775301, -5072828.764418331906199 ], [ 4748220.030831443145871, -5072827.560164811089635 ], [ 4748220.278027729131281, -5072826.355911223217845 ], [ 4748220.525223879143596, -5072825.151657579466701 ], [ 4748220.772419897839427, -5072823.947403866797686 ], [ 4748221.019615788012743, -5072822.743150096386671 ], [ 4748221.266811542212963, -5072821.538896266371012 ], [ 4748221.514007166028023, -5072820.334642378613353 ], [ 4748221.761202661320567, -5072819.130388425663114 ], [ 4748222.008398020640016, -5072817.926134418696165 ], [ 4748222.255593249574304, -5072816.721880342811346 ], [ 4748222.502788340672851, -5072815.517626214772463 ], [ 4748222.749983304180205, -5072814.313372019678354 ], [ 4748222.997178139165044, -5072813.109117768704891 ], [ 4748223.244372835382819, -5072811.904863456264138 ], [ 4748223.49156740680337, -5072810.700609078630805 ], [ 4748223.738761841319501, -5072809.496354645118117 ], [ 4748223.985956148244441, -5072808.29210015013814 ], [ 4748224.233150318264961, -5072807.087845591828227 ], [ 4748224.480344357900321, -5072805.88359097763896 ], [ 4748224.727538266219199, -5072804.679336301982403 ], [ 4748224.974732035771012, -5072803.475081564858556 ], [ 4748225.221925682388246, -5072802.270826769992709 ], [ 4748225.469119196757674, -5072801.066571911796927 ], [ 4748225.716312574222684, -5072799.862316993996501 ], [ 4748225.963505823165178, -5072798.658062014728785 ], [ 4748226.210698937065899, -5072797.453806972131133 ], [ 4748226.457891921512783, -5072796.249551877379417 ], [ 4748226.705084771849215, -5072795.045296715572476 ], [ 4748226.952277489937842, -5072793.841041492298245 ], [ 4748227.199470079503953, -5072792.63678620941937 ], [ 4748227.446662536822259, -5072791.432530870661139 ], [ 4748227.693854856304824, -5072790.228275472298265 ], [ 4748227.941047050058842, -5072789.024020008742809 ], [ 4748228.188239105977118, -5072787.819764485582709 ], [ 4748228.435431038029492, -5072786.615508899092674 ], [ 4748228.682622831314802, -5072785.411253256723285 ], [ 4748228.929814492352307, -5072784.206997549161315 ], [ 4748229.177006024867296, -5072783.002741787582636 ], [ 4748229.42419742513448, -5072781.798485964536667 ], [ 4748229.671388685703278, -5072780.594230072572827 ], [ 4748229.918579823337495, -5072779.389974130317569 ], [ 4748230.165770824998617, -5072778.185718121007085 ], [ 4748230.412961698137224, -5072776.981462057679892 ], [ 4748230.660152434371412, -5072775.777205925434828 ], [ 4748230.907343045808375, -5072774.572949735447764 ], [ 4748231.154533518478274, -5072773.368693487718701 ], [ 4748231.401723860763013, -5072772.164437178522348 ], [ 4748231.648914072662592, -5072770.96018080599606 ], [ 4748231.896104152314365, -5072769.755924375727773 ], [ 4748232.143294095993042, -5072768.55166788585484 ], [ 4748232.390483913011849, -5072767.347411334514618 ], [ 4748232.637673591263592, -5072766.143154723569751 ], [ 4748232.884863146580756, -5072764.938898051157594 ], [ 4748233.132052563130856, -5072763.734641317278147 ], [ 4748233.37924184743315, -5072762.5303845256567 ], [ 4748233.626431002281606, -5072761.326127670705318 ], [ 4748233.873620024882257, -5072760.121870758011937 ], [ 4748234.120808916166425, -5072758.917613781988621 ], [ 4748234.367997671477497, -5072757.71335675008595 ], [ 4748234.615186298266053, -5072756.509099652990699 ], [ 4748234.862374790012836, -5072755.304842498153448 ], [ 4748235.109563156031072, -5072754.100585278123617 ], [ 4748235.356751384213567, -5072752.896328004077077 ], [ 4748235.603939482010901, -5072751.692070662975311 ], [ 4748235.718270146287978, -5072751.135071359574795 ], [ 4748235.766845990903676, -5072749.906666634604335 ], [ 4748235.815421694889665, -5072748.678261896595359 ], [ 4748235.863997248932719, -5072747.449857143685222 ], [ 4748235.912572665140033, -5072746.221452370285988 ], [ 4748235.961147931404412, -5072744.993047585710883 ], [ 4748236.009723052382469, -5072743.764642788097262 ], [ 4748236.058298031799495, -5072742.53623797558248 ], [ 4748236.106872864067554, -5072741.307833142578602 ], [ 4748236.155447556637228, -5072740.079428298398852 ], [ 4748236.204022102989256, -5072738.851023435592651 ], [ 4748236.252596504986286, -5072737.622618559747934 ], [ 4748236.301170757971704, -5072736.394213670864701 ], [ 4748236.349744873121381, -5072735.165808768942952 ], [ 4748236.398318842053413, -5072733.937403850257397 ], [ 4748236.446892664767802, -5072732.70899891294539 ], [ 4748236.495466339401901, -5072731.480593964457512 ], [ 4748236.544039875268936, -5072730.252188997343183 ], [ 4748236.59261326584965, -5072729.023784020915627 ], [ 4748236.64118651393801, -5072727.795379023998976 ], [ 4748236.689759611152112, -5072726.566974012181163 ], [ 4748236.738332568667829, -5072725.338568991050124 ], [ 4748236.786905379034579, -5072724.110163949429989 ], [ 4748236.83547804877162, -5072722.881758892908692 ], [ 4748236.884050572291017, -5072721.65335381962359 ], [ 4748236.932622949592769, -5072720.424948737025261 ], [ 4748236.981195183470845, -5072719.196543635800481 ], [ 4748237.029767274856567, -5072717.968138521537185 ], [ 4748237.078339220955968, -5072716.739733390510082 ], [ 4748237.126911019906402, -5072715.511328246444464 ], [ 4748237.175482681021094, -5072714.282923083752394 ], [ 4748237.22405418753624, -5072713.054517911747098 ], [ 4748237.272625557146966, -5072711.826112719252706 ], [ 4748237.321196779608727, -5072710.597707515582442 ], [ 4748237.369767859578133, -5072709.369302291423082 ], [ 4748237.418338793329895, -5072708.140897054225206 ], [ 4748237.466909581795335, -5072706.91249180957675 ], [ 4748237.515480230562389, -5072705.684086540713906 ], [ 4748237.564050725661218, -5072704.455681262537837 ], [ 4748237.612621086649597, -5072703.227275960147381 ], [ 4748237.661191297695041, -5072701.998870652168989 ], [ 4748237.709761365316808, -5072700.770465323701501 ], [ 4748237.758331287652254, -5072699.542059987783432 ], [ 4748237.806901066564023, -5072698.313654631376266 ], [ 4748237.855470702052116, -5072697.08524926006794 ], [ 4748237.904040191322565, -5072695.856843873858452 ], [ 4748237.952609537169337, -5072694.628438474610448 ], [ 4748238.001178734004498, -5072693.400033062323928 ], [ 4748238.049747792072594, -5072692.171627625823021 ], [ 4748238.089811339974403, -5072691.158340279012918 ], [ 4748238.378347096033394, -5072689.963314730674028 ], [ 4748238.66688272356987, -5072688.768289119005203 ], [ 4748238.95541822258383, -5072687.573263438418508 ], [ 4748239.243953595869243, -5072686.378237687051296 ], [ 4748239.532488843426108, -5072685.183211864903569 ], [ 4748239.821023962460458, -5072683.988185970112681 ], [ 4748240.109558950178325, -5072682.793160013854504 ], [ 4748240.398093813098967, -5072681.59813398309052 ], [ 4748240.686628553085029, -5072680.403107883408666 ], [ 4748240.975163161754608, -5072679.208081712946296 ], [ 4748241.263697640039027, -5072678.013055477291346 ], [ 4748241.55223198980093, -5072676.81802917085588 ], [ 4748241.840766216628253, -5072675.623002793639898 ], [ 4748242.129300316795707, -5072674.427976345643401 ], [ 4748242.417834286578, -5072673.232949830591679 ], [ 4748242.7063681287691, -5072672.037923242896795 ], [ 4748242.99490184430033, -5072670.842896588146687 ], [ 4748243.283435435034335, -5072669.647869866341352 ], [ 4748243.571968892589211, -5072668.452843071892858 ], [ 4748243.860502226278186, -5072667.257816208526492 ], [ 4748244.149035428650677, -5072666.062789278104901 ], [ 4748244.437568507157266, -5072664.86776227504015 ], [ 4748244.726101456210017, -5072663.672735204920173 ], [ 4748245.014634277671576, -5072662.47770806401968 ], [ 4748245.303166976198554, -5072661.282680854201317 ], [ 4748245.591699541546404, -5072660.087653573602438 ], [ 4748245.880231983028352, -5072658.892626225948334 ], [ 4748246.168764296919107, -5072657.697598805651069 ], [ 4748246.457296476699412, -5072656.502571318298578 ], [ 4748246.745828533545136, -5072655.307543763890862 ], [ 4748247.034360466524959, -5072654.11251613125205 ], [ 4748247.322892267256975, -5072652.917488437145948 ], [ 4748247.611423939466476, -5072651.722460672259331 ], [ 4748247.899955488741398, -5072650.527432836592197 ], [ 4748248.188486908562481, -5072649.332404930144548 ], [ 4748248.477018197067082, -5072648.137376956641674 ], [ 4748248.76554936170578, -5072646.942348914220929 ], [ 4748249.054080402478576, -5072645.747320804744959 ], [ 4748249.342611311003566, -5072644.552292622625828 ], [ 4748249.631142090074718, -5072643.357264367863536 ], [ 4748249.919672747142613, -5072642.162236049771309 ], [ 4748250.208203268237412, -5072640.967207659035921 ], [ 4748250.496733667328954, -5072639.772179197520018 ], [ 4748250.785263939760625, -5072638.577150667086244 ], [ 4748251.073794083669782, -5072637.382122069597244 ], [ 4748251.36232410185039, -5072636.187093397602439 ], [ 4748251.650853989645839, -5072634.992064664140344 ] ] } }
]
}
