{
"type": "FeatureCollection",
"crs": { "type": "name", "properties": { "name": "urn:ogc:def:crs:EPSG::32718" } },
"features": [
{ "type": "Feature", "properties": { "name": "reference shoreline 1" }, "geometry": { "type": "LineString", "coordinates": [ [ 771469.410386567702517, 6185802.399453338235617 ], [ 771469.857600163202733, 6185801.505026147700846 ], [ 771470.304813758702949, 6185800.610598956234753 ], [ 771470.752027354203165, 6185799.716171765699983 ], [ 771471.19924094970338, 6185798.82174457423389 ], [ 771471.646454545203596, 6185797.927317383699119 ], [ 771472.093668140703812, 6185797.032890192233026 ], [ 771472.540881736204028, 6185796.138463001698256 ], [ 771472.988095331704244, 6185795.244035810232162 ], [ 771473.43530892720446, 6185794.349608619697392 ], [ 771473.882522522704676, 6185793.455181428231299 ], [ 771474.329736118204892, 6185792.560754237696528 ], [ 771474.776949713705108, 6185791.666327046230435 ], [ 771475.224163309205323, 6185790.771899855695665 ], [ 771475.671376904705539, 6185789.877472664229572 ], [ 771476.118590500205755, 6185788.983045473694801 ], [ 771476.565804095705971, 6185788.088618282228708 ], [ 771477.013017691206187, 6185787.194191091693938 ], [ 771477.460231286706403, 6185786.299763900227845 ], [ 771477.907444882206619, 6185785.405336709693074 ], [ 771478.354658477706835, 6185784.510909518226981 ], [ 771478.801872073207051, 6185783.616482327692211 ], [ 771479.249085668707266, 6185782.722055136226118 ], [ 771479.696299264207482, 6185781.827627945691347 ], [ 771480.143512859707698, 6185780.933200754225254 ], [ 771480.590726455207914, 6185780.038773563690484 ], [ 771481.03794005070813, 6185779.144346372224391 ], [ 771481.485153646208346, 6185778.24991918168962 ], [ 771481.932367241708562, 6185777.355491990223527 ], [ 771482.379580837208778, 6185776.461064799688756 ], [ 771482.826794432708994, 6185775.566637608222663 ], [ 771483.274008028209209, 6185774.672210417687893 ], [ 771483.721221623709425, 6185773.7777832262218 ], [ 771484.168435219209641, 6185772.883356035687029 ], [ 771484.615648814709857, 6185771.988928844220936 ], [ 771485.062862410210073, 6185771.094501653686166 ], [ 771485.510076005710289, 6185770.200074462220073 ], [ 771485.957289601210505, 6185769.305647271685302 ], [ 771486.404503196710721, 6185768.411220080219209 ], [ 771486.851716792210937, 6185767.516792889684439 ], [ 771487.298930387711152, 6185766.622365698218346 ], [ 771487.746143983211368, 6185765.727938507683575 ], [ 771488.193357578711584, 6185764.833511316217482 ], [ 771488.6405711742118, 6185763.939084125682712 ], [ 771489.087784769712016, 6185763.044656934216619 ], [ 771489.534998365212232, 6185762.150229743681848 ], [ 771489.982211960712448, 6185761.255802552215755 ], [ 771490.429425556212664, 6185760.361375361680984 ], [ 771490.87663915171288, 6185759.466948170214891 ], [ 771491.323852747213095, 6185758.572520979680121 ], [ 771491.771066342713311, 6185757.678093788214028 ], [ 771492.218279938213527, 6185756.783666597679257 ], [ 771492.665493533713743, 6185755.889239406213164 ], [ 771493.112707129213959, 6185754.994812215678394 ], [ 771493.559920724714175, 6185754.100385024212301 ], [ 771494.007134320214391, 6185753.20595783367753 ], [ 771494.454347915714607, 6185752.311530642211437 ], [ 771494.901561511214823, 6185751.417103451676667 ], [ 771495.348775106715038, 6185750.522676260210574 ], [ 771495.795988702215254, 6185749.628249069675803 ], [ 771496.24320229771547, 6185748.73382187820971 ], [ 771496.690415893215686, 6185747.83939468767494 ], [ 771497.137629488715902, 6185746.944967496208847 ], [ 771497.584843084216118, 6185746.050540305674076 ], [ 771498.032056679716334, 6185745.156113114207983 ], [ 771498.47927027521655, 6185744.261685923673213 ], [ 771498.926483870716766, 6185743.367258732207119 ], [ 771499.373697466216981, 6185742.472831541672349 ], [ 771499.820911061717197, 6185741.578404350206256 ], [ 771500.268124657217413, 6185740.683977159671485 ], [ 771500.715338252717629, 6185739.789549968205392 ], [ 771501.162551848217845, 6185738.895122777670622 ], [ 771501.609765443718061, 6185738.000695586204529 ], [ 771502.056979039218277, 6185737.106268395669758 ], [ 771502.504192634718493, 6185736.211841204203665 ], [ 771502.951406230335124, 6185735.317414013668895 ], [ 771503.39861982583534, 6185734.422986822202802 ], [ 771503.845833421335556, 6185733.528559631668031 ], [ 771504.293047016835772, 6185732.634132440201938 ], [ 771504.740260612335987, 6185731.739705249667168 ], [ 771505.187474207836203, 6185730.845278058201075 ], [ 771505.634687803336419, 6185729.950850867666304 ], [ 771506.081901398836635, 6185729.056423676200211 ], [ 771506.529114994336851, 6185728.161996485665441 ], [ 771506.976328589837067, 6185727.267569294199347 ], [ 771507.423542185337283, 6185726.373142103664577 ], [ 771507.870755780837499, 6185725.478714912198484 ], [ 771508.317969376337714, 6185724.584287721663713 ], [ 771508.76518297183793, 6185723.68986053019762 ], [ 771509.212396567338146, 6185722.79543333966285 ], [ 771509.659610162838362, 6185721.901006148196757 ], [ 771510.106823758338578, 6185721.006578957661986 ], [ 771510.554037353838794, 6185720.112151766195893 ], [ 771511.00125094933901, 6185719.217724575661123 ], [ 771511.448464544839226, 6185718.32329738419503 ], [ 771511.895678140339442, 6185717.428870193660259 ], [ 771512.342891735839657, 6185716.534443002194166 ], [ 771512.790105331339873, 6185715.640015811659396 ], [ 771513.237318926840089, 6185714.745588620193303 ], [ 771513.684532522340305, 6185713.851161429658532 ], [ 771514.131746117840521, 6185712.956734238192439 ], [ 771514.578959713340737, 6185712.062307047657669 ], [ 771515.026173308840953, 6185711.167879856191576 ], [ 771515.473386904341169, 6185710.273452665656805 ], [ 771515.920600499841385, 6185709.379025474190712 ], [ 771516.3678140953416, 6185708.484598283655941 ], [ 771516.815027690841816, 6185707.590171092189848 ], [ 771517.262241286342032, 6185706.695743901655078 ], [ 771517.709454881842248, 6185705.801316710188985 ], [ 771518.156668477342464, 6185704.906889519654214 ], [ 771518.60388207284268, 6185704.012462328188121 ], [ 771519.051095668342896, 6185703.118035137653351 ], [ 771519.498309263843112, 6185702.223607946187258 ], [ 771519.945522859343328, 6185701.329180755652487 ], [ 771520.392736454843543, 6185700.434753564186394 ], [ 771520.839950050343759, 6185699.540326373651624 ], [ 771521.287163645843975, 6185698.645899182185531 ], [ 771521.734377241344191, 6185697.75147199165076 ], [ 771522.181590836844407, 6185696.857044800184667 ], [ 771522.628804432344623, 6185695.962617609649897 ], [ 771523.076018027844839, 6185695.068190418183804 ], [ 771523.523231623345055, 6185694.173763227649033 ], [ 771523.970445218845271, 6185693.27933603618294 ], [ 771524.417658814345486, 6185692.38490884564817 ], [ 771524.864872409845702, 6185691.490481654182076 ], [ 771525.312086005345918, 6185690.596054463647306 ], [ 771525.759299600846134, 6185689.701627272181213 ], [ 771526.20651319634635, 6185688.807200081646442 ], [ 771526.653726791846566, 6185687.912772890180349 ], [ 771527.100940387346782, 6185687.018345699645579 ], [ 771527.548153982846998, 6185686.123918508179486 ], [ 771527.995367578347214, 6185685.229491317644715 ], [ 771528.442581173847429, 6185684.335064126178622 ], [ 771528.889794769347645, 6185683.440636935643852 ], [ 771529.337008364847861, 6185682.546209744177759 ], [ 771529.784221960348077, 6185681.651782553642988 ], [ 771530.231435555848293, 6185680.757355362176895 ], [ 771530.678649151348509, 6185679.862928171642125 ], [ 771531.125862746848725, 6185678.968500980176032 ], [ 771531.573076342348941, 6185678.074073789641261 ], [ 771532.020289937849157, 6185677.179646598175168 ], [ 771532.467503533349372, 6185676.285219407640398 ], [ 771532.914717128849588, 6185675.390792216174304 ], [ 771533.361930724349804, 6185674.496365025639534 ], [ 771533.80914431985002, 6185673.601937834173441 ], [ 771534.256357915350236, 6185672.70751064363867 ], [ 771534.703571510850452, 6185671.813083452172577 ], [ 771535.150785106350668, 6185670.918656261637807 ], [ 771535.597998701850884, 6185670.024229070171714 ], [ 771536.0452122973511, 6185669.129801879636943 ], [ 771536.492425892851315, 6185668.23537468817085 ], [ 771536.939639488351531, 6185667.34094749763608 ], [ 771537.386853083851747, 6185666.446520306169987 ], [ 771537.834066679351963, 6185665.552093115635216 ], [ 771538.281280274852179, 6185664.657665924169123 ], [ 771538.728493870352395, 6185663.763238733634353 ], [ 771539.175707465852611, 6185662.86881154216826 ], [ 771539.622921061352827, 6185661.974384351633489 ], [ 771540.070134656853043, 6185661.079957160167396 ], [ 771540.517348252353258, 6185660.185529969632626 ], [ 771540.964561847853474, 6185659.291102778166533 ], [ 771541.41177544335369, 6185658.396675587631762 ], [ 771541.858989038853906, 6185657.502248396165669 ], [ 771542.306202634354122, 6185656.607821205630898 ], [ 771542.753416229854338, 6185655.713394014164805 ], [ 771543.200629825354554, 6185654.818966823630035 ], [ 771543.64784342085477, 6185653.924539632163942 ], [ 771544.095057016354986, 6185653.030112441629171 ], [ 771544.542270611855201, 6185652.135685250163078 ], [ 771544.989484207355417, 6185651.241258059628308 ], [ 771545.436697802855633, 6185650.346830868162215 ], [ 771545.883911398355849, 6185649.452403677627444 ], [ 771546.331124993856065, 6185648.557976486161351 ], [ 771546.778338589356281, 6185647.663549295626581 ], [ 771547.225552184856497, 6185646.769122104160488 ], [ 771547.672765780356713, 6185645.874694913625717 ], [ 771548.119979375856929, 6185644.980267722159624 ], [ 771548.567192971357144, 6185644.085840531624854 ], [ 771549.01440656685736, 6185643.191413340158761 ], [ 771549.461620162357576, 6185642.29698614962399 ], [ 771549.908833757857792, 6185641.402558958157897 ], [ 771550.356047353358008, 6185640.508131767623127 ], [ 771550.803260948858224, 6185639.613704576157033 ], [ 771551.25047454435844, 6185638.719277385622263 ], [ 771551.697688139858656, 6185637.82485019415617 ], [ 771552.144901735358872, 6185636.930423003621399 ], [ 771552.592115330859087, 6185636.035995812155306 ], [ 771553.039328926359303, 6185635.141568621620536 ], [ 771553.486542521859519, 6185634.247141430154443 ], [ 771553.933756117359735, 6185633.352714239619672 ], [ 771554.380969712859951, 6185632.458287048153579 ], [ 771554.828183308360167, 6185631.563859857618809 ], [ 771555.275396903860383, 6185630.669432666152716 ], [ 771555.722610499360599, 6185629.775005475617945 ], [ 771556.169824094860815, 6185628.880578284151852 ], [ 771556.61703769036103, 6185627.986151093617082 ], [ 771557.064251285861246, 6185627.091723902150989 ], [ 771557.511464881361462, 6185626.197296711616218 ], [ 771557.958678476861678, 6185625.302869520150125 ], [ 771558.405892072361894, 6185624.408442329615355 ], [ 771558.85310566786211, 6185623.514015138149261 ], [ 771559.300319263362326, 6185622.619587947614491 ], [ 771559.747532858862542, 6185621.725160756148398 ], [ 771560.194746454362758, 6185620.830733565613627 ], [ 771560.641960049862973, 6185619.936306374147534 ], [ 771561.089173645363189, 6185619.041879183612764 ], [ 771561.536387240863405, 6185618.147451992146671 ], [ 771561.983600836363621, 6185617.2530248016119 ], [ 771562.430814431863837, 6185616.358597610145807 ], [ 771562.878028027364053, 6185615.464170419611037 ], [ 771563.325241622864269, 6185614.569743228144944 ], [ 771563.772455218364485, 6185613.675316037610173 ], [ 771564.2196688138647, 6185612.78088884614408 ], [ 771564.666882409364916, 6185611.88646165560931 ], [ 771565.114096004865132, 6185610.992034464143217 ], [ 771565.561309600365348, 6185610.097607273608446 ], [ 771566.008523195865564, 6185609.203180082142353 ], [ 771566.45573679136578, 6185608.308752891607583 ], [ 771566.902950386865996, 6185607.41432570014149 ], [ 771567.350163982366212, 6185606.519898509606719 ], [ 771567.797377577866428, 6185605.625471318140626 ], [ 771568.244591173366643, 6185604.731044127605855 ], [ 771568.691804768866859, 6185603.836616936139762 ], [ 771569.139018364483491, 6185602.942189745604992 ], [ 771569.586231959983706, 6185602.047762554138899 ], [ 771570.033445555483922, 6185601.153335363604128 ], [ 771570.480659150984138, 6185600.258908172138035 ], [ 771570.927872746484354, 6185599.364480981603265 ], [ 771571.37508634198457, 6185598.470053790137172 ], [ 771571.822299937484786, 6185597.575626599602401 ], [ 771572.269513532985002, 6185596.681199408136308 ], [ 771572.716727128485218, 6185595.786772217601538 ], [ 771573.163940723985434, 6185594.892345026135445 ], [ 771573.611154319485649, 6185593.997917835600674 ], [ 771574.058367914985865, 6185593.103490644134581 ], [ 771574.505581510486081, 6185592.209063453599811 ], [ 771574.952795105986297, 6185591.314636262133718 ], [ 771575.400008701486513, 6185590.420209071598947 ], [ 771575.847222296986729, 6185589.525781880132854 ], [ 771576.294435892486945, 6185588.631354689598083 ], [ 771576.741649487987161, 6185587.73692749813199 ], [ 771577.188863083487377, 6185586.84250030759722 ], [ 771577.636076678987592, 6185585.948073116131127 ], [ 771578.083290274487808, 6185585.053645925596356 ], [ 771578.530503869988024, 6185584.159218734130263 ], [ 771578.97771746548824, 6185583.264791543595493 ], [ 771579.424931060988456, 6185582.3703643521294 ], [ 771579.872144656488672, 6185581.475937161594629 ], [ 771580.319358251988888, 6185580.581509970128536 ], [ 771580.766571847489104, 6185579.687082779593766 ], [ 771581.21378544298932, 6185578.792655588127673 ], [ 771581.660999038489535, 6185577.898228397592902 ], [ 771582.108212633989751, 6185577.003801206126809 ], [ 771582.555426229489967, 6185576.109374015592039 ], [ 771583.002639824990183, 6185575.214946824125946 ], [ 771583.449853420490399, 6185574.320519633591175 ], [ 771583.897067015990615, 6185573.426092442125082 ], [ 771584.344280611490831, 6185572.531665251590312 ], [ 771584.791494206991047, 6185571.637238060124218 ], [ 771585.238707802491263, 6185570.742810869589448 ], [ 771585.685921397991478, 6185569.848383678123355 ], [ 771586.133134993491694, 6185568.953956487588584 ], [ 771586.58034858899191, 6185568.059529296122491 ], [ 771587.027562184492126, 6185567.165102105587721 ], [ 771587.474775779992342, 6185566.270674914121628 ], [ 771587.921989375492558, 6185565.376247723586857 ], [ 771588.369202970992774, 6185564.481820532120764 ], [ 771588.81641656649299, 6185563.587393341585994 ], [ 771589.263630161993206, 6185562.692966150119901 ], [ 771589.375244045280851, 6185562.46973838377744 ], [ 771589.600103551987559, 6185561.49534718785435 ], [ 771589.824963058694266, 6185560.52095599193126 ], [ 771590.049822565400973, 6185559.546564796939492 ], [ 771590.27468207210768, 6185558.572173601016402 ], [ 771590.499541578814387, 6185557.597782405093312 ], [ 771590.724401085521095, 6185556.623391209170222 ], [ 771590.949260592111386, 6185555.649000014178455 ], [ 771591.174120098818094, 6185554.674608818255365 ], [ 771591.398979605524801, 6185553.700217622332275 ], [ 771591.623839112231508, 6185552.725826426409185 ], [ 771591.848698618938215, 6185551.751435231417418 ], [ 771592.073558125644922, 6185550.777044035494328 ], [ 771592.298417632351629, 6185549.802652839571238 ], [ 771592.523277139058337, 6185548.828261643648148 ], [ 771592.748136645765044, 6185547.85387044865638 ], [ 771592.972996152471751, 6185546.87947925273329 ], [ 771593.197855659178458, 6185545.9050880568102 ], [ 771593.422715165885165, 6185544.93069686088711 ], [ 771593.647574672591873, 6185543.956305665895343 ], [ 771593.87243417929858, 6185542.981914469972253 ], [ 771594.097293685888872, 6185542.007523274049163 ], [ 771594.322153192595579, 6185541.033132078126073 ], [ 771594.547012699302286, 6185540.058740883134305 ], [ 771594.771872206008993, 6185539.084349687211215 ], [ 771594.9967317127157, 6185538.109958491288126 ], [ 771595.221591219422407, 6185537.135567295365036 ], [ 771595.446450726129115, 6185536.161176100373268 ], [ 771595.671310232835822, 6185535.186784904450178 ], [ 771595.896169739542529, 6185534.212393708527088 ], [ 771596.121029246249236, 6185533.238002512603998 ], [ 771596.345888752955943, 6185532.263611317612231 ], [ 771596.570748259662651, 6185531.289220121689141 ], [ 771596.795607766369358, 6185530.314828925766051 ], [ 771597.020467273076065, 6185529.340437729842961 ], [ 771597.245326779666357, 6185528.366046534851193 ], [ 771597.470186286373064, 6185527.391655338928103 ], [ 771597.695045793079771, 6185526.417264143005013 ], [ 771597.919905299786478, 6185525.442872947081923 ], [ 771598.144764806493185, 6185524.468481752090156 ], [ 771598.369624313199893, 6185523.494090556167066 ], [ 771598.5944838199066, 6185522.519699360243976 ], [ 771598.819343326613307, 6185521.545308164320886 ], [ 771599.044202833320014, 6185520.570916969329119 ], [ 771599.269062340026721, 6185519.596525773406029 ], [ 771599.493921846733429, 6185518.622134577482939 ], [ 771599.718781353440136, 6185517.647743381559849 ], [ 771599.943640860146843, 6185516.673352186568081 ], [ 771600.16850036685355, 6185515.698960990644991 ], [ 771600.393359873443842, 6185514.724569794721901 ], [ 771600.618219380150549, 6185513.750178598798811 ], [ 771600.843078886857256, 6185512.775787403807044 ], [ 771601.067938393563963, 6185511.801396207883954 ], [ 771601.292797900270671, 6185510.827005011960864 ], [ 771601.517657406977378, 6185509.852613816037774 ], [ 771601.742516913684085, 6185508.878222620114684 ], [ 771601.967376420390792, 6185507.903831425122917 ], [ 771602.192235927097499, 6185506.929440229199827 ], [ 771602.417095433804207, 6185505.955049033276737 ], [ 771602.641954940510914, 6185504.980657837353647 ], [ 771602.866814447217621, 6185504.006266642361879 ], [ 771603.091673953924328, 6185503.031875446438789 ], [ 771603.31653346051462, 6185502.057484250515699 ], [ 771603.541392967221327, 6185501.083093054592609 ], [ 771603.766252473928034, 6185500.108701859600842 ], [ 771603.991111980634741, 6185499.134310663677752 ], [ 771604.215971487341449, 6185498.159919467754662 ], [ 771604.440830994048156, 6185497.185528271831572 ], [ 771604.665690500754863, 6185496.211137076839805 ], [ 771604.89055000746157, 6185495.236745880916715 ], [ 771605.115409514168277, 6185494.262354684993625 ], [ 771605.340269020874985, 6185493.287963489070535 ], [ 771605.565128527581692, 6185492.313572294078767 ], [ 771605.789988034288399, 6185491.339181098155677 ], [ 771606.014847540995106, 6185490.364789902232587 ], [ 771606.239707047701813, 6185489.390398706309497 ], [ 771606.464566554292105, 6185488.41600751131773 ], [ 771606.689426060998812, 6185487.44161631539464 ], [ 771606.914285567705519, 6185486.46722511947155 ], [ 771607.139145074412227, 6185485.49283392354846 ], [ 771607.364004581118934, 6185484.518442728556693 ], [ 771607.588864087825641, 6185483.544051532633603 ], [ 771607.813723594532348, 6185482.569660336710513 ], [ 771608.038583101239055, 6185481.595269140787423 ], [ 771608.263442607945763, 6185480.620877945795655 ], [ 771608.48830211465247, 6185479.646486749872565 ], [ 771608.713161621359177, 6185478.672095553949475 ], [ 771608.938021128065884, 6185477.697704358026385 ], [ 771609.162880634772591, 6185476.723313163034618 ], [ 771609.387740141479298, 6185475.748921967111528 ], [ 771609.61259964806959, 6185474.774530771188438 ], [ 771609.837459154776298, 6185473.800139575265348 ], [ 771610.062318661483005, 6185472.825748380273581 ], [ 771610.287178168189712, 6185471.851357184350491 ], [ 771610.512037674896419, 6185470.876965988427401 ], [ 771610.736897181603126, 6185469.902574792504311 ], [ 771610.961756688309833, 6185468.928183597512543 ], [ 771611.186616195016541, 6185467.953792401589453 ], [ 771611.411475701723248, 6185466.979401205666363 ], [ 771611.636335208429955, 6185466.005010009743273 ], [ 771611.861194715136662, 6185465.030618814751506 ], [ 771612.086054221843369, 6185464.056227618828416 ], [ 771612.310913728550076, 6185463.081836422905326 ], [ 771612.535773235256784, 6185462.107445226982236 ], [ 771612.760632741847076, 6185461.133054031059146 ], [ 771612.985492248553783, 6185460.158662836067379 ], [ 771613.21035175526049, 6185459.184271640144289 ], [ 771613.435211261967197, 6185458.209880444221199 ], [ 771613.660070768673904, 6185457.235489248298109 ], [ 771613.884930275380611, 6185456.261098053306341 ], [ 771614.109789782087319, 6185455.286706857383251 ], [ 771614.334649288794026, 6185454.312315661460161 ], [ 771614.559508795500733, 6185453.337924465537071 ], [ 771614.78436830220744, 6185452.363533270545304 ], [ 771615.009227808914147, 6185451.389142074622214 ], [ 771615.234087315620854, 6185450.414750878699124 ], [ 771615.458946822327562, 6185449.440359682776034 ], [ 771615.683806328917854, 6185448.465968487784266 ], [ 771615.908665835624561, 6185447.491577291861176 ], [ 771616.133525342331268, 6185446.517186095938087 ], [ 771616.358384849037975, 6185445.542794900014997 ], [ 771616.583244355744682, 6185444.568403705023229 ], [ 771616.808103862451389, 6185443.594012509100139 ], [ 771617.032963369158097, 6185442.619621313177049 ], [ 771617.257822875864804, 6185441.645230117253959 ], [ 771617.482682382571511, 6185440.670838922262192 ], [ 771617.707541889278218, 6185439.696447726339102 ], [ 771617.932401395984925, 6185438.722056530416012 ], [ 771618.157260902691633, 6185437.747665334492922 ], [ 771618.38212040939834, 6185436.773274139501154 ], [ 771618.606979916105047, 6185435.798882943578064 ], [ 771618.831839422695339, 6185434.824491747654974 ], [ 771619.056698929402046, 6185433.850100551731884 ], [ 771619.281558436108753, 6185432.875709356740117 ], [ 771619.50641794281546, 6185431.901318160817027 ], [ 771619.731277449522167, 6185430.926926964893937 ], [ 771619.956136956228875, 6185429.952535768970847 ], [ 771620.180996462935582, 6185428.97814457397908 ], [ 771620.405855969642289, 6185428.00375337805599 ], [ 771620.630715476348996, 6185427.0293621821329 ], [ 771620.855574983055703, 6185426.05497098620981 ], [ 771621.080434489762411, 6185425.080579791218042 ], [ 771621.305293996469118, 6185424.106188595294952 ], [ 771621.530153503175825, 6185423.131797399371862 ], [ 771621.755013009882532, 6185422.157406203448772 ], [ 771621.979872516472824, 6185421.183015008457005 ], [ 771622.204732023179531, 6185420.208623812533915 ], [ 771622.429591529886238, 6185419.234232616610825 ], [ 771622.654451036592945, 6185418.259841420687735 ], [ 771622.879310543299653, 6185417.285450225695968 ], [ 771623.10417005000636, 6185416.311059029772878 ], [ 771623.329029556713067, 6185415.336667833849788 ], [ 771623.553889063419774, 6185414.362276637926698 ], [ 771623.778748570126481, 6185413.38788544293493 ], [ 771624.003608076833189, 6185412.41349424701184 ], [ 771624.228467583539896, 6185411.43910305108875 ], [ 771624.453327090246603, 6185410.46471185516566 ], [ 771624.67818659695331, 6185409.49032065924257 ], [ 771624.903046103543602, 6185408.515929464250803 ], [ 771625.127905610250309, 6185407.541538268327713 ], [ 771625.352765116957016, 6185406.567147072404623 ], [ 771625.577624623663723, 6185405.592755876481533 ], [ 771625.802484130370431, 6185404.618364681489766 ], [ 771626.027343637077138, 6185403.643973485566676 ], [ 771626.252203143783845, 6185402.669582289643586 ], [ 771626.477062650490552, 6185401.695191093720496 ], [ 771626.701922157197259, 6185400.720799898728728 ], [ 771626.926781663903967, 6185399.746408702805638 ], [ 771627.151641170610674, 6185398.772017506882548 ], [ 771627.376500677317381, 6185397.797626310959458 ], [ 771627.601360184024088, 6185396.823235115967691 ], [ 771627.826219690730795, 6185395.848843920044601 ], [ 771628.051079197321087, 6185394.874452724121511 ], [ 771628.275938704027794, 6185393.900061528198421 ], [ 771628.500798210734501, 6185392.925670333206654 ], [ 771628.725657717441209, 6185391.951279137283564 ], [ 771628.950517224147916, 6185390.976887941360474 ], [ 771629.175376730854623, 6185390.002496745437384 ], [ 771629.40023623756133, 6185389.028105550445616 ], [ 771629.625095744268037, 6185388.053714354522526 ], [ 771629.849955250974745, 6185387.079323158599436 ], [ 771630.074814757681452, 6185386.104931962676346 ], [ 771630.299674264388159, 6185385.130540767684579 ], [ 771630.524533771094866, 6185384.156149571761489 ], [ 771630.749393277801573, 6185383.181758375838399 ], [ 771630.97425278450828, 6185382.207367179915309 ], [ 771631.199112291098572, 6185381.232975984923542 ], [ 771631.423971797805279, 6185380.258584789000452 ], [ 771631.648831304511987, 6185379.284193593077362 ], [ 771631.873690811218694, 6185378.309802397154272 ], [ 771632.098550317925401, 6185377.335411202162504 ], [ 771632.323409824632108, 6185376.361020006239414 ], [ 771632.548269331338815, 6185375.386628810316324 ], [ 771632.773128838045523, 6185374.412237614393234 ], [ 771632.99798834475223, 6185373.437846419401467 ], [ 771633.222847851458937, 6185372.463455223478377 ], [ 771633.447707358165644, 6185371.489064027555287 ], [ 771633.672566864872351, 6185370.514672831632197 ], [ 771633.897426371579058, 6185369.540281636640429 ], [ 771634.122285878285766, 6185368.56589044071734 ], [ 771634.347145384876058, 6185367.59149924479425 ], [ 771634.572004891582765, 6185366.61710804887116 ], [ 771634.796864398289472, 6185365.642716853879392 ], [ 771635.021723904996179, 6185364.668325657956302 ], [ 771635.246583411702886, 6185363.693934462033212 ], [ 771635.471442918409593, 6185362.719543266110122 ], [ 771635.696302425116301, 6185361.745152071118355 ], [ 771635.921161931823008, 6185360.770760875195265 ], [ 771636.146021438529715, 6185359.796369679272175 ], [ 771636.370880945236422, 6185358.821978483349085 ], [ 771636.595740451943129, 6185357.847587287425995 ], [ 771636.820599958649836, 6185356.873196092434227 ], [ 771637.045459465356544, 6185355.898804896511137 ], [ 771637.270318971946836, 6185354.924413700588048 ], [ 771637.495178478653543, 6185353.950022504664958 ], [ 771637.72003798536025, 6185352.97563130967319 ], [ 771637.944897492066957, 6185352.0012401137501 ], [ 771638.169756998773664, 6185351.02684891782701 ], [ 771638.394616505480371, 6185350.05245772190392 ], [ 771638.619476012187079, 6185349.078066526912153 ], [ 771638.844335518893786, 6185348.103675330989063 ], [ 771639.069195025600493, 6185347.129284135065973 ], [ 771639.2940545323072, 6185346.154892939142883 ], [ 771639.518914039013907, 6185345.180501744151115 ], [ 771639.743773545720614, 6185344.206110548228025 ], [ 771639.968633052427322, 6185343.231719352304935 ], [ 771640.193492559134029, 6185342.257328156381845 ], [ 771640.418352065724321, 6185341.282936961390078 ], [ 771640.643211572431028, 6185340.308545765466988 ], [ 771640.868071079137735, 6185339.334154569543898 ], [ 771641.092930585844442, 6185338.359763373620808 ], [ 771641.317790092551149, 6185337.385372178629041 ], [ 771641.542649599257857, 6185336.410980982705951 ], [ 771641.767509105964564, 6185335.436589786782861 ], [ 771641.992368612671271, 6185334.462198590859771 ], [ 771642.217228119377978, 6185333.487807395868003 ], [ 771642.442087626084685, 6185332.513416199944913 ], [ 771642.666947132791393, 6185331.539025004021823 ], [ 771642.8918066394981, 6185330.564633808098733 ], [ 771643.116666146204807, 6185329.590242613106966 ], [ 771643.341525652911514, 6185328.615851417183876 ], [ 771643.566385159501806, 6185327.641460221260786 ], [ 771643.791244666208513, 6185326.667069025337696 ], [ 771644.01610417291522, 6185325.692677830345929 ], [ 771644.240963679621927, 6185324.718286634422839 ], [ 771644.465823186328635, 6185323.743895438499749 ], [ 771644.690682693035342, 6185322.769504242576659 ], [ 771644.915542199742049, 6185321.795113047584891 ], [ 771645.140401706448756, 6185320.820721851661801 ], [ 771645.365261213155463, 6185319.846330655738711 ], [ 771645.590120719862171, 6185318.871939459815621 ], [ 771645.814980226568878, 6185317.897548264823854 ], [ 771646.039839733275585, 6185316.923157068900764 ], [ 771646.264699239982292, 6185315.948765872977674 ], [ 771646.489558746688999, 6185314.974374677054584 ], [ 771646.714418253279291, 6185313.999983482062817 ], [ 771646.939277759985998, 6185313.025592286139727 ], [ 771647.164137266692705, 6185312.051201090216637 ], [ 771647.388996773399413, 6185311.076809894293547 ], [ 771647.61385628010612, 6185310.102418699301779 ], [ 771647.838715786812827, 6185309.128027503378689 ], [ 771648.063575293519534, 6185308.153636307455599 ], [ 771648.288434800226241, 6185307.179245111532509 ], [ 771648.513294306932949, 6185306.204853915609419 ], [ 771648.738153813639656, 6185305.230462720617652 ], [ 771648.963013320346363, 6185304.256071524694562 ], [ 771649.18787282705307, 6185303.281680328771472 ], [ 771649.412732333759777, 6185302.307289132848382 ], [ 771649.637591840350069, 6185301.332897937856615 ], [ 771649.862451347056776, 6185300.358506741933525 ], [ 771650.087310853763483, 6185299.384115546010435 ], [ 771650.312170360470191, 6185298.409724350087345 ], [ 771650.537029867176898, 6185297.435333155095577 ], [ 771650.761889373883605, 6185296.460941959172487 ], [ 771650.986748880590312, 6185295.486550763249397 ], [ 771651.211608387297019, 6185294.512159567326307 ], [ 771651.436467894003727, 6185293.53776837233454 ], [ 771651.661327400710434, 6185292.56337717641145 ], [ 771651.886186907417141, 6185291.58898598048836 ], [ 771652.111046414123848, 6185290.61459478456527 ], [ 771652.335905920830555, 6185289.640203589573503 ], [ 771652.560765427537262, 6185288.665812393650413 ], [ 771652.785624934127554, 6185287.691421197727323 ], [ 771653.010484440834261, 6185286.717030001804233 ], [ 771653.235343947540969, 6185285.742638806812465 ], [ 771653.460203454247676, 6185284.768247610889375 ], [ 771653.685062960954383, 6185283.793856414966285 ], [ 771653.90992246766109, 6185282.819465219043195 ], [ 771654.134781974367797, 6185281.845074024051428 ], [ 771654.359641481074505, 6185280.870682828128338 ], [ 771654.584500987781212, 6185279.896291632205248 ], [ 771654.809360494487919, 6185278.921900436282158 ], [ 771654.81062085123267, 6185278.916438890621066 ], [ 771655.233506316551939, 6185278.010255750268698 ], [ 771655.656391781871207, 6185277.104072610847652 ], [ 771656.079277247190475, 6185276.197889470495284 ], [ 771656.502162712509744, 6185275.291706331074238 ], [ 771656.925048177945428, 6185274.385523190721869 ], [ 771657.347933643264696, 6185273.479340050369501 ], [ 771657.770819108583964, 6185272.573156910948455 ], [ 771658.193704573903233, 6185271.666973770596087 ], [ 771658.616590039222501, 6185270.760790630243719 ], [ 771659.03947550454177, 6185269.854607490822673 ], [ 771659.462360969861038, 6185268.948424350470304 ], [ 771659.885246435180306, 6185268.042241211049259 ], [ 771660.308131900499575, 6185267.13605807069689 ], [ 771660.731017365935259, 6185266.229874930344522 ], [ 771661.153902831254527, 6185265.323691790923476 ], [ 771661.576788296573795, 6185264.417508650571108 ], [ 771661.999673761893064, 6185263.511325511150062 ], [ 771662.422559227212332, 6185262.605142370797694 ], [ 771662.845444692531601, 6185261.698959230445325 ], [ 771663.268330157850869, 6185260.79277609102428 ], [ 771663.691215623170137, 6185259.886592950671911 ], [ 771664.114101088489406, 6185258.980409810319543 ], [ 771664.536986553808674, 6185258.074226670898497 ], [ 771664.959872019244358, 6185257.168043530546129 ], [ 771665.382757484563626, 6185256.261860391125083 ], [ 771665.805642949882895, 6185255.355677250772715 ], [ 771666.228528415202163, 6185254.449494110420346 ], [ 771666.651413880521432, 6185253.5433109709993 ], [ 771667.0742993458407, 6185252.637127830646932 ], [ 771667.497184811159968, 6185251.730944691225886 ], [ 771667.920070276479237, 6185250.824761550873518 ], [ 771668.342955741798505, 6185249.91857841052115 ], [ 771668.765841207234189, 6185249.012395271100104 ], [ 771669.188726672553457, 6185248.106212130747736 ], [ 771669.611612137872726, 6185247.200028990395367 ], [ 771670.034497603191994, 6185246.293845850974321 ], [ 771670.457383068511263, 6185245.387662710621953 ], [ 771670.880268533830531, 6185244.481479571200907 ], [ 771671.303153999149799, 6185243.575296430848539 ], [ 771671.726039464469068, 6185242.669113290496171 ], [ 771672.148924929788336, 6185241.762930151075125 ], [ 771672.57181039522402, 6185240.856747010722756 ], [ 771672.994695860543288, 6185239.950563871301711 ], [ 771673.417581325862557, 6185239.044380730949342 ], [ 771673.840466791181825, 6185238.138197590596974 ], [ 771674.263352256501094, 6185237.232014451175928 ], [ 771674.686237721820362, 6185236.32583131082356 ], [ 771675.10912318713963, 6185235.419648170471191 ], [ 771675.532008652458899, 6185234.513465031050146 ], [ 771675.954894117778167, 6185233.607281890697777 ], [ 771676.377779583213851, 6185232.701098751276731 ], [ 771676.800665048533119, 6185231.794915610924363 ], [ 771677.223550513852388, 6185230.888732470571995 ], [ 771677.646435979171656, 6185229.982549331150949 ], [ 771678.069321444490924, 6185229.076366190798581 ], [ 771678.492206909810193, 6185228.170183050446212 ], [ 771678.915092375129461, 6185227.263999911025167 ], [ 771679.33797784044873, 6185226.357816770672798 ], [ 771679.760863305767998, 6185225.451633631251752 ], [ 771680.183748771087267, 6185224.545450490899384 ], [ 771680.60663423652295, 6185223.639267350547016 ], [ 771681.029519701842219, 6185222.73308421112597 ], [ 771681.452405167161487, 6185221.826901070773602 ], [ 771681.875290632480755, 6185220.920717931352556 ], [ 771682.298176097800024, 6185220.014534791000187 ], [ 771682.721061563119292, 6185219.108351650647819 ], [ 771683.143947028438561, 6185218.202168511226773 ], [ 771683.566832493757829, 6185217.295985370874405 ], [ 771683.989717959077097, 6185216.389802230522037 ], [ 771684.412603424512781, 6185215.483619091100991 ], [ 771684.83548888983205, 6185214.577435950748622 ], [ 771685.258374355151318, 6185213.671252811327577 ], [ 771685.681259820470586, 6185212.765069670975208 ], [ 771686.104145285789855, 6185211.85888653062284 ], [ 771686.527030751109123, 6185210.952703391201794 ], [ 771686.949916216428392, 6185210.046520250849426 ], [ 771687.37280168174766, 6185209.14033711142838 ], [ 771687.795687147066928, 6185208.234153971076012 ], [ 771688.218572612502612, 6185207.327970830723643 ], [ 771688.641458077821881, 6185206.421787691302598 ], [ 771689.064343543141149, 6185205.515604550950229 ], [ 771689.487229008460417, 6185204.609421410597861 ], [ 771689.910114473779686, 6185203.703238271176815 ], [ 771690.332999939098954, 6185202.797055130824447 ], [ 771690.755885404418223, 6185201.890871991403401 ], [ 771691.178770869737491, 6185200.984688851051033 ], [ 771691.601656335056759, 6185200.078505710698664 ], [ 771692.024541800492443, 6185199.172322571277618 ], [ 771692.447427265811712, 6185198.26613943092525 ], [ 771692.87031273113098, 6185197.359956291504204 ], [ 771693.293198196450248, 6185196.453773151151836 ], [ 771693.716083661769517, 6185195.547590010799468 ], [ 771694.138969127088785, 6185194.641406871378422 ], [ 771694.561854592408054, 6185193.735223731026053 ], [ 771694.984740057727322, 6185192.829040590673685 ], [ 771695.40762552304659, 6185191.922857451252639 ], [ 771695.830510988365859, 6185191.016674310900271 ], [ 771696.253396453801543, 6185190.110491171479225 ], [ 771696.676281919120811, 6185189.204308031126857 ], [ 771697.099167384440079, 6185188.298124890774488 ], [ 771697.522052849759348, 6185187.391941751353443 ], [ 771697.944938315078616, 6185186.485758611001074 ], [ 771698.367823780397885, 6185185.579575471580029 ], [ 771698.790709245717153, 6185184.67339233122766 ], [ 771699.213594711036421, 6185183.767209190875292 ], [ 771699.63648017635569, 6185182.861026051454246 ], [ 771700.059365641791373, 6185181.954842911101878 ], [ 771700.482251107110642, 6185181.048659770749509 ], [ 771700.90513657242991, 6185180.142476631328464 ], [ 771701.328022037749179, 6185179.236293490976095 ], [ 771701.750907503068447, 6185178.330110351555049 ], [ 771702.173792968387716, 6185177.423927211202681 ], [ 771702.596678433706984, 6185176.517744070850313 ], [ 771703.019563899026252, 6185175.611560931429267 ], [ 771703.442449364345521, 6185174.705377791076899 ], [ 771703.865334829781204, 6185173.799194651655853 ], [ 771704.288220295100473, 6185172.893011511303484 ], [ 771704.711105760419741, 6185171.986828370951116 ], [ 771705.13399122573901, 6185171.08064523153007 ], [ 771705.556876691058278, 6185170.174462091177702 ], [ 771705.979762156377546, 6185169.268278950825334 ], [ 771706.402647621696815, 6185168.362095811404288 ], [ 771706.825533087016083, 6185167.455912671051919 ], [ 771707.248418552335352, 6185166.549729531630874 ], [ 771707.671304017771035, 6185165.643546391278505 ], [ 771708.094189483090304, 6185164.737363250926137 ], [ 771708.517074948409572, 6185163.831180111505091 ], [ 771708.939960413728841, 6185162.924996971152723 ], [ 771709.362845879048109, 6185162.018813831731677 ], [ 771709.785731344367377, 6185161.112630691379309 ], [ 771710.208616809686646, 6185160.20644755102694 ], [ 771710.631502275005914, 6185159.300264411605895 ], [ 771711.054387740325183, 6185158.394081271253526 ], [ 771711.477273205644451, 6185157.487898130901158 ], [ 771711.900158671080135, 6185156.581714991480112 ], [ 771712.323044136399403, 6185155.675531851127744 ], [ 771712.745929601718672, 6185154.769348711706698 ], [ 771713.16881506703794, 6185153.86316557135433 ], [ 771713.591700532357208, 6185152.956982431001961 ], [ 771714.014585997676477, 6185152.050799291580915 ], [ 771714.437471462995745, 6185151.144616151228547 ], [ 771714.860356928315014, 6185150.238433011807501 ], [ 771715.283242393634282, 6185149.332249871455133 ], [ 771715.706127859069966, 6185148.426066731102765 ], [ 771716.129013324389234, 6185147.519883591681719 ], [ 771716.551898789708503, 6185146.61370045132935 ], [ 771716.974784255027771, 6185145.707517310976982 ], [ 771717.397669720347039, 6185144.801334171555936 ], [ 771717.820555185666308, 6185143.895151031203568 ], [ 771718.243440650985576, 6185142.988967891782522 ], [ 771718.666326116304845, 6185142.082784751430154 ], [ 771719.089211581624113, 6185141.176601611077785 ], [ 771719.512097047059797, 6185140.27041847165674 ], [ 771719.934982512379065, 6185139.364235331304371 ], [ 771720.357867977698334, 6185138.458052190952003 ], [ 771720.780753443017602, 6185137.551869051530957 ], [ 771721.20363890833687, 6185136.645685911178589 ], [ 771721.626524373656139, 6185135.739502771757543 ], [ 771722.049409838975407, 6185134.833319631405175 ], [ 771722.472295304294676, 6185133.927136491052806 ], [ 771722.895180769613944, 6185133.020953351631761 ], [ 771723.318066235049628, 6185132.114770211279392 ], [ 771723.740951700368896, 6185131.208587071858346 ], [ 771724.163837165688165, 6185130.302403931505978 ], [ 771724.586722631007433, 6185129.39622079115361 ], [ 771725.009608096326701, 6185128.490037651732564 ], [ 771725.43249356164597, 6185127.583854511380196 ], [ 771725.855379026965238, 6185126.677671371027827 ], [ 771726.278264492284507, 6185125.771488231606781 ], [ 771726.701149957603775, 6185124.865305091254413 ], [ 771727.124035423039459, 6185123.959121951833367 ], [ 771727.546920888358727, 6185123.052938811480999 ], [ 771727.969806353677996, 6185122.146755671128631 ], [ 771728.392691818997264, 6185121.240572531707585 ], [ 771728.815577284316532, 6185120.334389391355217 ], [ 771729.238462749635801, 6185119.428206251934171 ], [ 771729.661348214955069, 6185118.522023111581802 ], [ 771730.084233680274338, 6185117.615839971229434 ], [ 771730.507119145593606, 6185116.709656831808388 ], [ 771730.930004610912874, 6185115.80347369145602 ], [ 771731.151893791509792, 6185115.327996876090765 ], [ 771731.692651382880285, 6185114.486818401142955 ], [ 771732.233408974134363, 6185113.645639925263822 ], [ 771732.774166565504856, 6185112.804461450316012 ], [ 771733.314924156758934, 6185111.963282974436879 ], [ 771733.855681748129427, 6185111.122104499489069 ], [ 771734.396439339383505, 6185110.280926023609936 ], [ 771734.937196930753998, 6185109.439747548662126 ], [ 771735.477954522008076, 6185108.598569072782993 ], [ 771736.018712113378569, 6185107.757390597835183 ], [ 771736.559469704632647, 6185106.91621212195605 ], [ 771737.100227296003141, 6185106.07503364700824 ], [ 771737.640984887257218, 6185105.233855171129107 ], [ 771738.181742478627712, 6185104.392676696181297 ], [ 771738.722500069881789, 6185103.551498221233487 ], [ 771739.263257661252283, 6185102.710319745354354 ], [ 771739.80401525250636, 6185101.869141270406544 ], [ 771740.344772843876854, 6185101.027962794527411 ], [ 771740.885530435130931, 6185100.186784319579601 ], [ 771741.426288026501425, 6185099.345605843700469 ], [ 771741.967045617755502, 6185098.504427368752658 ], [ 771742.507803209125996, 6185097.663248892873526 ], [ 771743.048560800380073, 6185096.822070417925715 ], [ 771743.589318391750567, 6185095.980891942046583 ], [ 771744.130075983004645, 6185095.139713467098773 ], [ 771744.670833574375138, 6185094.29853499121964 ], [ 771745.211591165629216, 6185093.45735651627183 ], [ 771745.752348756999709, 6185092.616178041324019 ], [ 771746.293106348253787, 6185091.774999565444887 ], [ 771746.83386393962428, 6185090.933821090497077 ], [ 771747.374621530878358, 6185090.092642614617944 ], [ 771747.915379122248851, 6185089.251464139670134 ], [ 771748.456136713502929, 6185088.410285663791001 ], [ 771748.996894304873422, 6185087.569107188843191 ], [ 771749.5376518961275, 6185086.727928712964058 ], [ 771750.078409487497993, 6185085.886750238016248 ], [ 771750.619167078752071, 6185085.045571762137115 ], [ 771751.159924670122564, 6185084.204393287189305 ], [ 771751.700682261376642, 6185083.363214811310172 ], [ 771752.241439852747135, 6185082.522036336362362 ], [ 771752.782197444001213, 6185081.680857861414552 ], [ 771753.322955035371706, 6185080.839679385535419 ], [ 771753.863712626625784, 6185079.998500910587609 ], [ 771754.404470217996277, 6185079.157322434708476 ], [ 771754.945227809250355, 6185078.316143959760666 ], [ 771755.485985400620848, 6185077.474965483881533 ], [ 771756.026742991874926, 6185076.633787008933723 ], [ 771756.567500583245419, 6185075.79260853305459 ], [ 771757.108258174499497, 6185074.95143005810678 ], [ 771757.64901576586999, 6185074.110251582227647 ], [ 771758.189773357124068, 6185073.269073107279837 ], [ 771758.730530948494561, 6185072.427894632332027 ], [ 771759.271288539748639, 6185071.586716156452894 ], [ 771759.812046131119132, 6185070.745537681505084 ], [ 771760.35280372237321, 6185069.904359205625951 ], [ 771760.893561313743703, 6185069.063180730678141 ], [ 771761.434318904997781, 6185068.222002254799008 ], [ 771761.975076496368274, 6185067.380823779851198 ], [ 771762.515834087622352, 6185066.539645303972065 ], [ 771763.056591678992845, 6185065.698466829024255 ], [ 771763.597349270246923, 6185064.857288353145123 ], [ 771764.138106861617416, 6185064.016109878197312 ], [ 771764.678864452871494, 6185063.17493140231818 ], [ 771765.219622044241987, 6185062.333752927370369 ], [ 771765.760379635496065, 6185061.492574452422559 ], [ 771766.301137226866558, 6185060.651395976543427 ], [ 771766.841894818120636, 6185059.810217501595616 ], [ 771767.382652409491129, 6185058.969039025716484 ], [ 771767.923410000745207, 6185058.127860550768673 ], [ 771768.4641675921157, 6185057.286682074889541 ], [ 771769.004925183369778, 6185056.44550359994173 ], [ 771769.545682774740271, 6185055.604325124062598 ], [ 771770.086440365994349, 6185054.763146649114788 ], [ 771770.627197957364842, 6185053.921968173235655 ], [ 771771.16795554861892, 6185053.080789698287845 ], [ 771771.708713139989413, 6185052.239611222408712 ], [ 771772.249470731243491, 6185051.398432747460902 ], [ 771772.790228322613984, 6185050.557254272513092 ], [ 771773.330985913868062, 6185049.716075796633959 ], [ 771773.871743505238555, 6185048.874897321686149 ], [ 771774.412501096492633, 6185048.033718845807016 ], [ 771774.953258687863126, 6185047.192540370859206 ], [ 771775.494016279117204, 6185046.351361894980073 ], [ 771776.034773870487697, 6185045.510183420032263 ], [ 771776.575531461741775, 6185044.66900494415313 ], [ 771777.116289053112268, 6185043.82782646920532 ], [ 771777.657046644366346, 6185042.986647993326187 ], [ 771778.197804235736839, 6185042.145469518378377 ], [ 771778.738561826990917, 6185041.304291042499244 ], [ 771779.27931941836141, 6185040.463112567551434 ], [ 771779.820077009615488, 6185039.621934092603624 ], [ 771780.360834600985982, 6185038.780755616724491 ], [ 771780.901592192240059, 6185037.939577141776681 ], [ 771781.442349783610553, 6185037.098398665897548 ], [ 771781.983107374981046, 6185036.257220190949738 ], [ 771782.523864966235124, 6185035.416041715070605 ], [ 771783.064622557605617, 6185034.574863240122795 ], [ 771783.605380148859695, 6185033.733684764243662 ], [ 771784.146137740230188, 6185032.892506289295852 ], [ 771784.686895331484266, 6185032.051327813416719 ], [ 771785.227652922854759, 6185031.210149338468909 ], [ 771785.768410514108837, 6185030.368970862589777 ], [ 771786.30916810547933, 6185029.527792387641966 ], [ 771786.849925696733408, 6185028.686613912694156 ], [ 771787.390683288103901, 6185027.845435436815023 ], [ 771787.931440879357979, 6185027.004256961867213 ], [ 771788.472198470728472, 6185026.163078485988081 ], [ 771789.01295606198255, 6185025.32190001104027 ], [ 771789.553713653353043, 6185024.480721535161138 ], [ 771790.094471244607121, 6185023.639543060213327 ], [ 771790.635228835977614, 6185022.798364584334195 ], [ 771791.175986427231692, 6185021.957186109386384 ], [ 771791.716744018602185, 6185021.116007633507252 ], [ 771792.257501609856263, 6185020.274829158559442 ], [ 771792.798259201226756, 6185019.433650682680309 ], [ 771793.339016792480834, 6185018.592472207732499 ], [ 771793.879774383851327, 6185017.751293732784688 ], [ 771794.420531975105405, 6185016.910115256905556 ], [ 771794.961289566475898, 6185016.068936781957746 ], [ 771795.502047157729976, 6185015.227758306078613 ], [ 771796.042804749100469, 6185014.386579831130803 ], [ 771796.583562340354547, 6185013.54540135525167 ], [ 771797.12431993172504, 6185012.70422288030386 ], [ 771797.665077522979118, 6185011.863044404424727 ], [ 771798.205835114349611, 6185011.021865929476917 ], [ 771798.746592705603689, 6185010.180687453597784 ], [ 771799.287350296974182, 6185009.339508978649974 ], [ 771799.82810788822826, 6185008.498330502770841 ], [ 771800.368865479598753, 6185007.657152027823031 ], [ 771800.909623070852831, 6185006.815973552875221 ], [ 771801.450380662223324, 6185005.974795076996088 ], [ 771801.991138253477402, 6185005.133616602048278 ], [ 771802.531895844847895, 6185004.292438126169145 ], [ 771803.072653436101973, 6185003.451259651221335 ], [ 771803.613411027472466, 6185002.610081175342202 ], [ 771804.154168618726544, 6185001.768902700394392 ], [ 771804.694926210097037, 6185000.927724224515259 ], [ 771805.235683801351115, 6185000.086545749567449 ], [ 771805.776441392721608, 6184999.245367273688316 ], [ 771806.317198983975686, 6184998.404188798740506 ], [ 771806.857956575346179, 6184997.563010322861373 ], [ 771807.398714166600257, 6184996.721831847913563 ], [ 771807.93947175797075, 6184995.880653372965753 ], [ 771808.480229349224828, 6184995.03947489708662 ], [ 771809.020986940595321, 6184994.19829642213881 ], [ 771809.561744531849399, 6184993.357117946259677 ], [ 771810.102502123219892, 6184992.515939471311867 ], [ 771810.64325971447397, 6184991.674760995432734 ], [ 771811.184017305844463, 6184990.833582520484924 ], [ 771811.724774897098541, 6184989.992404044605792 ], [ 771812.265532488469034, 6184989.151225569657981 ], [ 771812.806290079723112, 6184988.310047093778849 ], [ 771813.347047671093605, 6184987.468868618831038 ], [ 771813.887805262347683, 6184986.627690143883228 ], [ 771814.428562853718176, 6184985.786511668004096 ], [ 771814.969320444972254, 6184984.945333193056285 ], [ 771815.510078036342748, 6184984.104154717177153 ], [ 771816.050835627596825, 6184983.262976242229342 ], [ 771816.591593218967319, 6184982.42179776635021 ], [ 771817.132350810221396, 6184981.5806192914024 ], [ 771817.67310840159189, 6184980.739440815523267 ], [ 771818.213865992845967, 6184979.898262340575457 ], [ 771818.754623584216461, 6184979.057083864696324 ], [ 771819.295381175470538, 6184978.215905389748514 ], [ 771819.836138766841032, 6184977.374726913869381 ], [ 771820.376896358095109, 6184976.533548438921571 ], [ 771820.917653949465603, 6184975.692369963973761 ], [ 771821.45841154071968, 6184974.851191488094628 ], [ 771821.999169132090174, 6184974.010013013146818 ], [ 771822.539926723344252, 6184973.168834537267685 ], [ 771823.080684314714745, 6184972.327656062319875 ], [ 771823.621441905968823, 6184971.486477586440742 ], [ 771824.162199497339316, 6184970.645299111492932 ], [ 771824.702957088593394, 6184969.804120635613799 ], [ 771825.243714679963887, 6184968.962942160665989 ], [ 771825.784472271217965, 6184968.121763684786856 ], [ 771826.325229862588458, 6184967.280585209839046 ], [ 771826.865987453842536, 6184966.439406733959913 ], [ 771827.406745045213029, 6184965.598228259012103 ], [ 771827.947502636467107, 6184964.757049784064293 ], [ 771828.4882602278376, 6184963.91587130818516 ], [ 771829.029017819091678, 6184963.07469283323735 ], [ 771829.30495900043752, 6184962.64545099530369 ], [ 771829.667405261541717, 6184961.713446323759854 ], [ 771830.029851522762328, 6184960.781441652216017 ], [ 771830.392297783866525, 6184959.849436980672181 ], [ 771830.754744045087136, 6184958.917432309128344 ], [ 771831.117190306191333, 6184957.985427637584507 ], [ 771831.479636567411944, 6184957.053422966040671 ], [ 771831.842082828516141, 6184956.121418294496834 ], [ 771832.204529089620337, 6184955.189413622952998 ], [ 771832.566975350840949, 6184954.257408951409161 ], [ 771832.929421611945145, 6184953.325404279865324 ], [ 771833.291867873165756, 6184952.393399608321488 ], [ 771833.654314134269953, 6184951.461394936777651 ], [ 771834.016760395490564, 6184950.529390265233815 ], [ 771834.379206656594761, 6184949.597385593689978 ], [ 771834.741652917815372, 6184948.665380922146142 ], [ 771835.104099178919569, 6184947.733376250602305 ], [ 771835.466545440023765, 6184946.801371579058468 ], [ 771835.828991701244377, 6184945.869366907514632 ], [ 771836.191437962348573, 6184944.937362235970795 ], [ 771836.553884223569185, 6184944.005357564426959 ], [ 771836.916330484673381, 6184943.073352892883122 ], [ 771837.278776745893992, 6184942.141348221339285 ], [ 771837.641223006998189, 6184941.209343549795449 ], [ 771838.003669268102385, 6184940.277338878251612 ], [ 771838.366115529322997, 6184939.345334206707776 ], [ 771838.728561790427193, 6184938.413329535163939 ], [ 771839.091008051647805, 6184937.481324863620102 ], [ 771839.453454312752001, 6184936.549320192076266 ], [ 771839.815900573972613, 6184935.617315520532429 ], [ 771840.178346835076809, 6184934.685310848988593 ], [ 771840.540793096181005, 6184933.753306177444756 ], [ 771840.903239357401617, 6184932.821301505900919 ], [ 771841.265685618505813, 6184931.889296834357083 ], [ 771841.628131879726425, 6184930.957292162813246 ], [ 771841.990578140830621, 6184930.02528749126941 ], [ 771842.353024402051233, 6184929.093282819725573 ], [ 771842.715470663155429, 6184928.161278148181736 ], [ 771843.077916924376041, 6184927.2292734766379 ], [ 771843.440363185480237, 6184926.297268805094063 ], [ 771843.802809446584433, 6184925.365264133550227 ], [ 771844.165255707805045, 6184924.43325946200639 ], [ 771844.527701968909241, 6184923.501254790462554 ], [ 771844.890148230129853, 6184922.569250118918717 ], [ 771845.252594491234049, 6184921.63724544737488 ], [ 771845.615040752454661, 6184920.705240775831044 ], [ 771845.977487013558857, 6184919.773236104287207 ], [ 771846.339933274663053, 6184918.841231432743371 ], [ 771846.702379535883665, 6184917.909226761199534 ], [ 771847.064825796987861, 6184916.977222089655697 ], [ 771847.427272058208473, 6184916.045217418111861 ], [ 771847.789718319312669, 6184915.113212746568024 ], [ 771848.152164580533281, 6184914.181208075024188 ], [ 771848.514610841637477, 6184913.249203403480351 ], [ 771848.877057102741674, 6184912.317198731936514 ], [ 771849.239503363962285, 6184911.385194060392678 ], [ 771849.601949625066482, 6184910.453189388848841 ], [ 771849.964395886287093, 6184909.521184717305005 ], [ 771850.326842147391289, 6184908.589180045761168 ], [ 771850.689288408611901, 6184907.657175374217331 ], [ 771851.051734669716097, 6184906.725170702673495 ], [ 771851.414180930936709, 6184905.793166031129658 ], [ 771851.776627192040905, 6184904.861161359585822 ], [ 771852.139073453145102, 6184903.929156688041985 ], [ 771852.501519714365713, 6184902.997152016498148 ], [ 771852.86396597546991, 6184902.065147344954312 ], [ 771853.226412236690521, 6184901.133142673410475 ], [ 771853.588858497794718, 6184900.201138001866639 ], [ 771853.951304759015329, 6184899.269133330322802 ], [ 771854.313751020119525, 6184898.337128658778965 ], [ 771854.676197281223722, 6184897.405123987235129 ], [ 771855.038643542444333, 6184896.473119315691292 ], [ 771855.40108980354853, 6184895.541114644147456 ], [ 771855.763536064769141, 6184894.609109972603619 ], [ 771856.125982325873338, 6184893.677105301059783 ], [ 771856.488428587093949, 6184892.745100629515946 ], [ 771856.850874848198146, 6184891.813095957972109 ], [ 771857.213321109302342, 6184890.881091286428273 ], [ 771857.575767370522954, 6184889.949086614884436 ], [ 771857.93821363162715, 6184889.0170819433406 ], [ 771858.300659892847762, 6184888.085077271796763 ], [ 771858.663106153951958, 6184887.153072600252926 ], [ 771859.025552415172569, 6184886.22106792870909 ], [ 771859.387998676276766, 6184885.289063257165253 ], [ 771859.750444937497377, 6184884.357058585621417 ], [ 771860.112891198601574, 6184883.42505391407758 ], [ 771860.47533745970577, 6184882.493049242533743 ], [ 771860.837783720926382, 6184881.561044570989907 ], [ 771861.200229982030578, 6184880.62903989944607 ], [ 771861.56267624325119, 6184879.697035227902234 ], [ 771861.925122504355386, 6184878.765030556358397 ], [ 771862.287568765575998, 6184877.83302588481456 ], [ 771862.650015026680194, 6184876.901021213270724 ], [ 771863.01246128778439, 6184875.969016541726887 ], [ 771863.374907549005002, 6184875.037011870183051 ], [ 771863.737353810109198, 6184874.105007198639214 ], [ 771864.09980007132981, 6184873.173002527095377 ], [ 771864.462246332434006, 6184872.240997855551541 ], [ 771864.824692593654618, 6184871.308993184007704 ], [ 771865.187138854758814, 6184870.376988512463868 ], [ 771865.549585115979426, 6184869.444983840920031 ], [ 771865.912031377083622, 6184868.512979169376194 ], [ 771866.274477638187818, 6184867.580974497832358 ], [ 771866.63692389940843, 6184866.648969826288521 ], [ 771866.999370160512626, 6184865.716965154744685 ], [ 771867.361816421733238, 6184864.784960483200848 ], [ 771867.724262682837434, 6184863.852955811657012 ], [ 771868.086708944058046, 6184862.920951140113175 ], [ 771868.449155205162242, 6184861.988946468569338 ], [ 771868.811601466266438, 6184861.056941797025502 ], [ 771869.17404772748705, 6184860.124937125481665 ], [ 771869.536493988591246, 6184859.192932453937829 ], [ 771869.898940249811858, 6184858.260927782393992 ], [ 771870.261386510916054, 6184857.328923110850155 ], [ 771870.623832772136666, 6184856.396918439306319 ], [ 771870.986279033240862, 6184855.464913767762482 ], [ 771871.348725294345059, 6184854.532909096218646 ], [ 771871.71117155556567, 6184853.600904424674809 ], [ 771872.073617816669866, 6184852.668899753130972 ], [ 771872.436064077890478, 6184851.736895081587136 ], [ 771872.798510338994674, 6184850.804890410043299 ], [ 771873.160956600215286, 6184849.872885738499463 ], [ 771873.523402861319482, 6184848.940881066955626 ], [ 771873.885849122540094, 6184848.008876395411789 ], [ 771874.24829538364429, 6184847.076871723867953 ], [ 771874.610741644748487, 6184846.144867052324116 ], [ 771874.973187905969098, 6184845.21286238078028 ], [ 771875.335634167073295, 6184844.280857709236443 ], [ 771875.698080428293906, 6184843.348853037692606 ], [ 771876.060526689398102, 6184842.41684836614877 ], [ 771876.422972950618714, 6184841.484843694604933 ], [ 771876.78541921172291, 6184840.552839023061097 ], [ 771877.147865472827107, 6184839.62083435151726 ], [ 771877.510311734047718, 6184838.688829679973423 ], [ 771877.872757995151915, 6184837.756825008429587 ], [ 771878.235204256372526, 6184836.82482033688575 ], [ 771878.597650517476723, 6184835.892815665341914 ], [ 771878.960096778697334, 6184834.960810993798077 ], [ 771879.322543039801531, 6184834.028806322254241 ], [ 771879.684989300905727, 6184833.096801650710404 ], [ 771880.047435562126338, 6184832.164796979166567 ], [ 771880.409881823230535, 6184831.232792307622731 ], [ 771880.772328084451146, 6184830.300787636078894 ], [ 771881.134774345555343, 6184829.368782964535058 ], [ 771881.497220606775954, 6184828.436778292991221 ], [ 771881.859666867880151, 6184827.504773621447384 ], [ 771882.222113129100762, 6184826.572768949903548 ], [ 771882.584559390204959, 6184825.640764278359711 ], [ 771882.947005651309155, 6184824.708759606815875 ], [ 771883.309451912529767, 6184823.776754935272038 ], [ 771883.671898173633963, 6184822.844750263728201 ], [ 771884.034344434854575, 6184821.912745592184365 ], [ 771884.396790695958771, 6184820.980740920640528 ], [ 771884.759236957179382, 6184820.048736249096692 ], [ 771885.121683218283579, 6184819.116731577552855 ], [ 771885.484129479387775, 6184818.184726906009018 ], [ 771885.846575740608387, 6184817.252722234465182 ], [ 771886.209022001712583, 6184816.320717562921345 ], [ 771886.571468262933195, 6184815.388712891377509 ], [ 771886.933914524037391, 6184814.456708219833672 ], [ 771887.296360785258003, 6184813.524703548289835 ], [ 771887.658807046362199, 6184812.592698876745999 ], [ 771888.021253307466395, 6184811.660694205202162 ], [ 771888.383699568687007, 6184810.728689533658326 ], [ 771888.746145829791203, 6184809.796684862114489 ], [ 771889.108592091011815, 6184808.864680190570652 ], [ 771889.471038352116011, 6184807.932675519026816 ], [ 771889.833484613336623, 6184807.000670847482979 ], [ 771890.195930874440819, 6184806.068666175939143 ], [ 771890.558377135661431, 6184805.136661504395306 ], [ 771890.920823396765627, 6184804.20465683285147 ], [ 771891.283269657869823, 6184803.272652161307633 ], [ 771891.645715919090435, 6184802.340647489763796 ], [ 771892.008162180194631, 6184801.40864281821996 ], [ 771892.370608441415243, 6184800.476638146676123 ], [ 771892.733054702519439, 6184799.544633475132287 ], [ 771893.095500963740051, 6184798.61262880358845 ], [ 771893.457947224844247, 6184797.680624132044613 ], [ 771893.820393485948443, 6184796.748619460500777 ], [ 771894.182839747169055, 6184795.81661478895694 ], [ 771894.545286008273251, 6184794.884610117413104 ], [ 771894.907732269493863, 6184793.952605445869267 ], [ 771895.270178530598059, 6184793.02060077432543 ], [ 771895.632624791818671, 6184792.088596102781594 ], [ 771895.995071052922867, 6184791.156591431237757 ], [ 771896.357517314027064, 6184790.224586759693921 ], [ 771896.719963575247675, 6184789.292582088150084 ], [ 771897.082409836351871, 6184788.36057741753757 ], [ 771897.444856097572483, 6184787.428572745993733 ], [ 771897.807302358676679, 6184786.496568074449897 ], [ 771898.169748619897291, 6184785.56456340290606 ], [ 771898.532194881001487, 6184784.632558731362224 ], [ 771898.894641142222099, 6184783.700554059818387 ], [ 771899.257087403326295, 6184782.76854938827455 ], [ 771899.619533664430492, 6184781.836544716730714 ], [ 771899.981979925651103, 6184780.904540045186877 ], [ 771900.3444261867553, 6184779.972535373643041 ], [ 771900.706872447975911, 6184779.040530702099204 ], [ 771901.069318709080108, 6184778.108526030555367 ], [ 771901.431764970300719, 6184777.176521359011531 ], [ 771901.794211231404915, 6184776.244516687467694 ], [ 771902.156657492509112, 6184775.312512015923858 ], [ 771902.519103753729723, 6184774.380507344380021 ], [ 771902.88155001483392, 6184773.448502672836185 ], [ 771903.243996276054531, 6184772.516498001292348 ], [ 771903.606442537158728, 6184771.584493329748511 ], [ 771903.968888798379339, 6184770.652488658204675 ], [ 771904.331335059483536, 6184769.720483986660838 ], [ 771904.693781320587732, 6184768.788479315117002 ], [ 771905.056227581808344, 6184767.856474643573165 ], [ 771905.41867384291254, 6184766.924469972029328 ], [ 771905.646231940598227, 6184766.339320577681065 ], [ 771905.947363308514468, 6184765.385737912729383 ], [ 771906.24849467643071, 6184764.4321552477777 ], [ 771906.549626044463366, 6184763.478572581894696 ], [ 771906.850757412379608, 6184762.524989916943014 ], [ 771907.151888780295849, 6184761.571407251991332 ], [ 771907.45302014821209, 6184760.617824587039649 ], [ 771907.754151516128331, 6184759.664241922087967 ], [ 771908.055282884044573, 6184758.710659256204963 ], [ 771908.356414252077229, 6184757.757076591253281 ], [ 771908.657545619993471, 6184756.803493926301599 ], [ 771908.958676987909712, 6184755.849911261349916 ], [ 771909.259808355825953, 6184754.896328596398234 ], [ 771909.560939723742194, 6184753.94274593051523 ], [ 771909.862071091658436, 6184752.989163265563548 ], [ 771910.163202459691092, 6184752.035580600611866 ], [ 771910.464333827607334, 6184751.081997935660183 ], [ 771910.765465195523575, 6184750.128415270708501 ], [ 771911.066596563439816, 6184749.174832604825497 ], [ 771911.367727931356058, 6184748.221249939873815 ], [ 771911.668859299388714, 6184747.267667274922132 ], [ 771911.969990667304955, 6184746.31408460997045 ], [ 771912.271122035221197, 6184745.360501945018768 ], [ 771912.572253403137438, 6184744.406919279135764 ], [ 771912.873384771053679, 6184743.453336614184082 ], [ 771913.174516138969921, 6184742.499753949232399 ], [ 771913.475647507002577, 6184741.546171284280717 ], [ 771913.776778874918818, 6184740.592588619329035 ], [ 771914.07791024283506, 6184739.639005954377353 ], [ 771914.379041610751301, 6184738.685423288494349 ], [ 771914.680172978667542, 6184737.731840623542666 ], [ 771914.981304346700199, 6184736.778257958590984 ], [ 771915.28243571461644, 6184735.824675293639302 ], [ 771915.583567082532682, 6184734.87109262868762 ], [ 771915.884698450448923, 6184733.917509962804615 ], [ 771916.185829818365164, 6184732.963927297852933 ], [ 771916.486961186281405, 6184732.010344632901251 ], [ 771916.788092554314062, 6184731.056761967949569 ], [ 771917.089223922230303, 6184730.103179302997887 ], [ 771917.390355290146545, 6184729.149596637114882 ], [ 771917.691486658062786, 6184728.1960139721632 ], [ 771917.992618025979027, 6184727.242431307211518 ], [ 771918.293749393895268, 6184726.288848642259836 ], [ 771918.594880761927925, 6184725.335265977308154 ], [ 771918.896012129844166, 6184724.381683311425149 ], [ 771919.197143497760408, 6184723.428100646473467 ], [ 771919.498274865676649, 6184722.474517981521785 ], [ 771919.79940623359289, 6184721.520935316570103 ], [ 771920.100537601625547, 6184720.567352651618421 ], [ 771920.401668969541788, 6184719.613769985735416 ], [ 771920.702800337458029, 6184718.660187320783734 ], [ 771921.003931705374271, 6184717.706604655832052 ], [ 771921.305063073290512, 6184716.75302199088037 ], [ 771921.606194441206753, 6184715.799439325928688 ], [ 771921.90732580923941, 6184714.845856660045683 ], [ 771922.208457177155651, 6184713.892273995094001 ], [ 771922.509588545071892, 6184712.938691330142319 ], [ 771922.810719912988134, 6184711.985108665190637 ], [ 771923.111851280904375, 6184711.031526000238955 ], [ 771923.412982648820616, 6184710.07794333435595 ], [ 771923.714114016853273, 6184709.124360669404268 ], [ 771924.015245384769514, 6184708.170778004452586 ], [ 771924.316376752685755, 6184707.217195339500904 ], [ 771924.617508120601997, 6184706.263612674549222 ], [ 771924.918639488518238, 6184705.310030008666217 ], [ 771925.219770856550895, 6184704.356447343714535 ], [ 771925.520902224467136, 6184703.402864678762853 ], [ 771925.822033592383377, 6184702.449282013811171 ], [ 771926.123164960299619, 6184701.495699348859489 ], [ 771926.42429632821586, 6184700.542116682976484 ], [ 771926.725427696132101, 6184699.588534018024802 ], [ 771927.026559064164758, 6184698.63495135307312 ], [ 771927.327690432080999, 6184697.681368688121438 ], [ 771927.62882179999724, 6184696.727786023169756 ], [ 771927.929953167913482, 6184695.774203357286751 ], [ 771928.231084535829723, 6184694.820620692335069 ], [ 771928.532215903862379, 6184693.867038027383387 ], [ 771928.833347271778621, 6184692.913455362431705 ], [ 771929.134478639694862, 6184691.959872697480023 ], [ 771929.435610007611103, 6184691.006290032528341 ], [ 771929.736741375527345, 6184690.052707366645336 ], [ 771930.037872743443586, 6184689.099124701693654 ], [ 771930.339004111476243, 6184688.145542036741972 ], [ 771930.640135479392484, 6184687.19195937179029 ], [ 771930.941266847308725, 6184686.238376706838608 ], [ 771931.242398215224966, 6184685.284794040955603 ], [ 771931.543529583141208, 6184684.331211376003921 ], [ 771931.844660951057449, 6184683.377628711052239 ], [ 771932.145792319090106, 6184682.424046046100557 ], [ 771932.446923687006347, 6184681.470463381148875 ], [ 771932.748055054922588, 6184680.51688071526587 ], [ 771933.049186422838829, 6184679.563298050314188 ], [ 771933.350317790755071, 6184678.609715385362506 ], [ 771933.651449158787727, 6184677.656132720410824 ], [ 771933.952580526703969, 6184676.702550055459142 ], [ 771934.25371189462021, 6184675.748967389576137 ], [ 771934.554843262536451, 6184674.795384724624455 ], [ 771934.855974630452693, 6184673.841802059672773 ], [ 771935.157105998368934, 6184672.888219394721091 ], [ 771935.45823736640159, 6184671.934636729769409 ], [ 771935.759368734317832, 6184670.981054063886404 ], [ 771936.060500102234073, 6184670.027471398934722 ], [ 771936.361631470150314, 6184669.07388873398304 ], [ 771936.662762838066556, 6184668.120306069031358 ], [ 771936.963894205982797, 6184667.166723404079676 ], [ 771937.265025574015453, 6184666.213140738196671 ], [ 771937.566156941931695, 6184665.259558073244989 ], [ 771937.867288309847936, 6184664.305975408293307 ], [ 771938.168419677764177, 6184663.352392743341625 ], [ 771938.469551045680419, 6184662.398810078389943 ], [ 771938.770682413713075, 6184661.445227412506938 ], [ 771939.071813781629317, 6184660.491644747555256 ], [ 771939.372945149545558, 6184659.538062082603574 ], [ 771939.674076517461799, 6184658.584479417651892 ], [ 771939.97520788537804, 6184657.63089675270021 ], [ 771940.276339253294282, 6184656.677314086817205 ], [ 771940.577470621326938, 6184655.723731421865523 ], [ 771940.87860198924318, 6184654.770148756913841 ], [ 771941.179733357159421, 6184653.816566091962159 ], [ 771941.480864725075662, 6184652.862983427010477 ], [ 771941.781996092991903, 6184651.909400761127472 ], [ 771942.08312746102456, 6184650.95581809617579 ], [ 771942.384258828940801, 6184650.002235431224108 ], [ 771942.685390196857043, 6184649.048652766272426 ], [ 771942.986521564773284, 6184648.095070101320744 ], [ 771943.287652932689525, 6184647.141487436369061 ], [ 771943.588784300605766, 6184646.187904770486057 ], [ 771943.889915668638423, 6184645.234322105534375 ], [ 771944.191047036554664, 6184644.280739440582693 ], [ 771944.492178404470906, 6184643.327156775631011 ], [ 771944.793309772387147, 6184642.373574110679328 ], [ 771945.094441140303388, 6184641.419991444796324 ], [ 771945.39557250821963, 6184640.466408779844642 ], [ 771945.696703876252286, 6184639.51282611489296 ], [ 771945.997835244168527, 6184638.559243449941278 ], [ 771946.298966612084769, 6184637.605660784989595 ], [ 771946.60009798000101, 6184636.652078119106591 ], [ 771946.901229347917251, 6184635.698495454154909 ], [ 771947.202360715949908, 6184634.744912789203227 ], [ 771947.503492083866149, 6184633.791330124251544 ], [ 771947.80462345178239, 6184632.837747459299862 ], [ 771948.105754819698632, 6184631.884164793416858 ], [ 771948.406886187614873, 6184630.930582128465176 ], [ 771948.708017555531114, 6184629.976999463513494 ], [ 771949.009148923563771, 6184629.023416798561811 ], [ 771949.310280291480012, 6184628.069834133610129 ], [ 771949.611411659396254, 6184627.116251467727125 ], [ 771949.912543027312495, 6184626.162668802775443 ], [ 771950.213674395228736, 6184625.209086137823761 ], [ 771950.514805763144977, 6184624.255503472872078 ], [ 771950.815937131177634, 6184623.301920807920396 ], [ 771951.117068499093875, 6184622.348338142037392 ], [ 771951.418199867010117, 6184621.39475547708571 ], [ 771951.719331234926358, 6184620.441172812134027 ], [ 771952.020462602842599, 6184619.487590147182345 ], [ 771952.321593970875256, 6184618.534007482230663 ], [ 771952.622725338791497, 6184617.580424816347659 ], [ 771952.923856706707738, 6184616.626842151395977 ], [ 771953.22498807462398, 6184615.673259486444294 ], [ 771953.526119442540221, 6184614.719676821492612 ], [ 771953.827250810456462, 6184613.76609415654093 ], [ 771954.128382178489119, 6184612.812511490657926 ], [ 771954.42951354640536, 6184611.858928825706244 ], [ 771954.730644914321601, 6184610.905346160754561 ], [ 771955.031776282237843, 6184609.951763495802879 ], [ 771955.332907650154084, 6184608.998180830851197 ], [ 771955.634039018186741, 6184608.044598164968193 ], [ 771955.935170386102982, 6184607.09101550001651 ], [ 771956.236301754019223, 6184606.137432835064828 ], [ 771956.537433121935464, 6184605.183850170113146 ], [ 771956.838564489851706, 6184604.230267505161464 ], [ 771957.139695857767947, 6184603.27668483927846 ], [ 771957.440827225800604, 6184602.323102174326777 ], [ 771957.741958593716845, 6184601.369519509375095 ], [ 771958.043089961633086, 6184600.415936844423413 ], [ 771958.344221329549327, 6184599.462354179471731 ], [ 771958.645352697465569, 6184598.508771514520049 ], [ 771958.94648406538181, 6184597.555188848637044 ], [ 771959.247615433414467, 6184596.601606183685362 ], [ 771959.548746801330708, 6184595.64802351873368 ], [ 771959.849878169246949, 6184594.694440853781998 ], [ 771960.151009537163191, 6184593.740858188830316 ], [ 771960.452140905079432, 6184592.787275522947311 ], [ 771960.753272273112088, 6184591.833692857995629 ], [ 771961.05440364102833, 6184590.880110193043947 ], [ 771961.355535008944571, 6184589.926527528092265 ], [ 771961.656666376860812, 6184588.972944863140583 ], [ 771961.957797744777054, 6184588.019362197257578 ], [ 771962.258929112693295, 6184587.065779532305896 ], [ 771962.560060480725951, 6184586.112196867354214 ], [ 771962.861191848642193, 6184585.158614202402532 ], [ 771963.162323216558434, 6184584.20503153745085 ], [ 771963.463454584474675, 6184583.251448871567845 ], [ 771963.764585952390917, 6184582.297866206616163 ], [ 771964.065717320307158, 6184581.344283541664481 ], [ 771964.366848688339815, 6184580.390700876712799 ], [ 771964.667980056256056, 6184579.437118211761117 ], [ 771964.969111424172297, 6184578.483535545878112 ], [ 771965.270242792088538, 6184577.52995288092643 ], [ 771965.57137416000478, 6184576.576370215974748 ], [ 771965.872505528037436, 6184575.622787551023066 ], [ 771966.173636895953678, 6184574.669204886071384 ], [ 771966.474768263869919, 6184573.715622220188379 ], [ 771966.77589963178616, 6184572.762039555236697 ], [ 771967.077030999702401, 6184571.808456890285015 ], [ 771967.378162367618643, 6184570.854874225333333 ], [ 771967.679293735651299, 6184569.901291560381651 ], [ 771967.980425103567541, 6184568.947708894498646 ], [ 771968.281556471483782, 6184567.994126229546964 ], [ 771968.582687839400023, 6184567.040543564595282 ], [ 771968.883819207316265, 6184566.0869608996436 ], [ 771969.184950575348921, 6184565.133378234691918 ], [ 771969.486081943265162, 6184564.179795568808913 ], [ 771969.787213311181404, 6184563.226212903857231 ], [ 771970.088344679097645, 6184562.272630238905549 ], [ 771970.389476047013886, 6184561.319047573953867 ], [ 771970.690607414930128, 6184560.365464909002185 ], [ 771970.991738782962784, 6184559.41188224311918 ], [ 771971.081608746550046, 6184559.12729402538389 ], [ 771971.427314105327241, 6184558.188950908370316 ], [ 771971.773019464220852, 6184557.250607791356742 ], [ 771972.118724822998047, 6184556.312264675274491 ], [ 771972.464430181891657, 6184555.373921558260918 ], [ 771972.810135540668853, 6184554.435578441247344 ], [ 771973.155840899562463, 6184553.49723532423377 ], [ 771973.501546258339658, 6184552.558892207220197 ], [ 771973.847251617233269, 6184551.620549091137946 ], [ 771974.192956976010464, 6184550.682205974124372 ], [ 771974.538662334787659, 6184549.743862857110798 ], [ 771974.88436769368127, 6184548.805519740097225 ], [ 771975.230073052458465, 6184547.867176624014974 ], [ 771975.575778411352076, 6184546.9288335070014 ], [ 771975.921483770129271, 6184545.990490389987826 ], [ 771976.267189129022881, 6184545.052147272974253 ], [ 771976.612894487800077, 6184544.113804155960679 ], [ 771976.958599846577272, 6184543.175461039878428 ], [ 771977.304305205470882, 6184542.237117922864854 ], [ 771977.650010564248078, 6184541.298774805851281 ], [ 771977.995715923141688, 6184540.360431688837707 ], [ 771978.341421281918883, 6184539.422088571824133 ], [ 771978.687126640812494, 6184538.483745455741882 ], [ 771979.032831999589689, 6184537.545402338728309 ], [ 771979.3785373584833, 6184536.607059221714735 ], [ 771979.724242717260495, 6184535.668716104701161 ], [ 771980.06994807603769, 6184534.730372987687588 ], [ 771980.415653434931301, 6184533.792029871605337 ], [ 771980.761358793708496, 6184532.853686754591763 ], [ 771981.107064152602106, 6184531.915343637578189 ], [ 771981.452769511379302, 6184530.977000520564616 ], [ 771981.798474870272912, 6184530.038657404482365 ], [ 771982.144180229050107, 6184529.100314287468791 ], [ 771982.489885587943718, 6184528.161971170455217 ], [ 771982.835590946720913, 6184527.223628053441644 ], [ 771983.181296305498108, 6184526.28528493642807 ], [ 771983.527001664391719, 6184525.346941820345819 ], [ 771983.872707023168914, 6184524.408598703332245 ], [ 771984.218412382062525, 6184523.470255586318672 ], [ 771984.56411774083972, 6184522.531912469305098 ], [ 771984.90982309973333, 6184521.593569352291524 ], [ 771985.255528458510526, 6184520.655226236209273 ], [ 771985.601233817404136, 6184519.7168831191957 ], [ 771985.946939176181331, 6184518.778540002182126 ], [ 771986.292644534958526, 6184517.840196885168552 ], [ 771986.638349893852137, 6184516.901853769086301 ], [ 771986.984055252629332, 6184515.963510652072728 ], [ 771987.329760611522943, 6184515.025167535059154 ], [ 771987.675465970300138, 6184514.08682441804558 ], [ 771988.021171329193749, 6184513.148481301032007 ], [ 771988.366876687970944, 6184512.210138184949756 ], [ 771988.712582046748139, 6184511.271795067936182 ], [ 771989.05828740564175, 6184510.333451950922608 ], [ 771989.403992764418945, 6184509.395108833909035 ], [ 771989.749698123312555, 6184508.456765716895461 ], [ 771990.09540348208975, 6184507.51842260081321 ], [ 771990.441108840983361, 6184506.580079483799636 ], [ 771990.786814199760556, 6184505.641736366786063 ], [ 771991.132519558654167, 6184504.703393249772489 ], [ 771991.478224917431362, 6184503.765050132758915 ], [ 771991.823930276208557, 6184502.826707016676664 ], [ 771992.169635635102168, 6184501.888363899663091 ], [ 771992.515340993879363, 6184500.950020782649517 ], [ 771992.861046352772973, 6184500.011677665635943 ], [ 771993.206751711550169, 6184499.073334549553692 ], [ 771993.552457070443779, 6184498.134991432540119 ], [ 771993.898162429220974, 6184497.196648315526545 ], [ 771994.243867788114585, 6184496.258305198512971 ], [ 771994.58957314689178, 6184495.319962081499398 ], [ 771994.935278505668975, 6184494.381618965417147 ], [ 771995.280983864562586, 6184493.443275848403573 ], [ 771995.626689223339781, 6184492.504932731389999 ], [ 771995.972394582233392, 6184491.566589614376426 ], [ 771996.318099941010587, 6184490.628246497362852 ], [ 771996.663805299904197, 6184489.689903381280601 ], [ 771997.009510658681393, 6184488.751560264267027 ], [ 771997.355216017575003, 6184487.813217147253454 ], [ 771997.700921376352198, 6184486.87487403023988 ], [ 771998.046626735129394, 6184485.936530913226306 ], [ 771998.392332094023004, 6184484.998187797144055 ], [ 771998.738037452800199, 6184484.059844680130482 ], [ 771999.08374281169381, 6184483.121501563116908 ], [ 771999.429448170471005, 6184482.183158446103334 ], [ 771999.775153529364616, 6184481.244815330021083 ], [ 772000.120858888141811, 6184480.30647221300751 ], [ 772000.466564246919006, 6184479.368129095993936 ], [ 772000.812269605812617, 6184478.429785978980362 ], [ 772001.157974964589812, 6184477.491442861966789 ], [ 772001.503680323483422, 6184476.553099745884538 ], [ 772001.849385682260618, 6184475.614756628870964 ], [ 772002.195091041154228, 6184474.67641351185739 ], [ 772002.540796399931423, 6184473.738070394843817 ], [ 772002.886501758825034, 6184472.799727277830243 ], [ 772003.232207117602229, 6184471.861384161747992 ], [ 772003.577912476379424, 6184470.923041044734418 ], [ 772003.923617835273035, 6184469.984697927720845 ], [ 772004.26932319405023, 6184469.046354810707271 ], [ 772004.615028552943841, 6184468.10801169462502 ], [ 772004.960733911721036, 6184467.169668577611446 ], [ 772005.306439270614646, 6184466.231325460597873 ], [ 772005.652144629391842, 6184465.292982343584299 ], [ 772005.997849988285452, 6184464.354639226570725 ], [ 772006.343555347062647, 6184463.416296110488474 ], [ 772006.689260705839843, 6184462.477952993474901 ], [ 772007.034966064733453, 6184461.539609876461327 ], [ 772007.380671423510648, 6184460.601266759447753 ], [ 772007.726376782404259, 6184459.66292364243418 ], [ 772008.072082141181454, 6184458.724580526351929 ], [ 772008.417787500075065, 6184457.786237409338355 ], [ 772008.76349285885226, 6184456.847894292324781 ], [ 772009.10919821774587, 6184455.909551175311208 ], [ 772009.454903576523066, 6184454.971208058297634 ], [ 772009.800608935300261, 6184454.032864942215383 ], [ 772010.146314294193871, 6184453.094521825201809 ], [ 772010.492019652971067, 6184452.156178708188236 ], [ 772010.837725011864677, 6184451.217835591174662 ], [ 772011.183430370641872, 6184450.279492475092411 ], [ 772011.529135729535483, 6184449.341149358078837 ], [ 772011.874841088312678, 6184448.402806241065264 ], [ 772012.220546447089873, 6184447.46446312405169 ], [ 772012.566251805983484, 6184446.526120007038116 ], [ 772012.911957164760679, 6184445.587776890955865 ], [ 772013.25766252365429, 6184444.649433773942292 ], [ 772013.603367882431485, 6184443.711090656928718 ], [ 772013.949073241325095, 6184442.772747539915144 ], [ 772014.294778600102291, 6184441.834404422901571 ], [ 772014.640483958995901, 6184440.89606130681932 ], [ 772014.986189317773096, 6184439.957718189805746 ], [ 772015.331894676550291, 6184439.019375072792172 ], [ 772015.677600035443902, 6184438.081031955778599 ], [ 772016.023305394221097, 6184437.142688838765025 ], [ 772016.369010753114708, 6184436.204345722682774 ], [ 772016.714716111891903, 6184435.2660026056692 ], [ 772017.060421470785514, 6184434.327659488655627 ], [ 772017.406126829562709, 6184433.389316371642053 ], [ 772017.751832188456319, 6184432.450973255559802 ], [ 772018.097537547233514, 6184431.512630138546228 ], [ 772018.44324290601071, 6184430.574287021532655 ], [ 772018.78894826490432, 6184429.635943904519081 ], [ 772019.134653623681515, 6184428.697600787505507 ], [ 772019.480358982575126, 6184427.759257671423256 ], [ 772019.826064341352321, 6184426.820914554409683 ], [ 772020.171769700245932, 6184425.882571437396109 ], [ 772020.517475059023127, 6184424.944228320382535 ], [ 772020.863180417916737, 6184424.005885203368962 ], [ 772021.208885776693933, 6184423.067542087286711 ], [ 772021.554591135471128, 6184422.129198970273137 ], [ 772021.900296494364738, 6184421.190855853259563 ], [ 772022.246001853141934, 6184420.25251273624599 ], [ 772022.591707212035544, 6184419.314169620163739 ], [ 772022.937412570812739, 6184418.375826503150165 ], [ 772023.28311792970635, 6184417.437483386136591 ], [ 772023.628823288483545, 6184416.499140269123018 ], [ 772023.97452864726074, 6184415.560797152109444 ], [ 772024.320234006154351, 6184414.622454036027193 ], [ 772024.665939364931546, 6184413.684110919013619 ], [ 772025.011644723825157, 6184412.745767802000046 ], [ 772025.357350082602352, 6184411.807424684986472 ], [ 772025.703055441495962, 6184410.869081567972898 ], [ 772026.048760800273158, 6184409.930738451890647 ], [ 772026.394466159166768, 6184408.992395334877074 ], [ 772026.740171517943963, 6184408.0540522178635 ], [ 772027.085876876721159, 6184407.115709100849926 ], [ 772027.431582235614769, 6184406.177365983836353 ], [ 772027.777287594391964, 6184405.239022867754102 ], [ 772028.122992953285575, 6184404.300679750740528 ], [ 772028.46869831206277, 6184403.362336633726954 ], [ 772028.814403670956381, 6184402.423993516713381 ], [ 772029.160109029733576, 6184401.48565040063113 ], [ 772029.505814388627186, 6184400.547307283617556 ], [ 772029.851519747404382, 6184399.608964166603982 ], [ 772030.197225106181577, 6184398.670621049590409 ], [ 772030.542930465075187, 6184397.732277932576835 ], [ 772030.888635823852383, 6184396.793934816494584 ], [ 772031.234341182745993, 6184395.85559169948101 ], [ 772031.580046541523188, 6184394.917248582467437 ], [ 772031.925751900416799, 6184393.978905465453863 ], [ 772032.271457259193994, 6184393.040562348440289 ], [ 772032.617162618087605, 6184392.102219232358038 ], [ 772032.9628679768648, 6184391.163876115344465 ], [ 772033.308573335641995, 6184390.225532998330891 ], [ 772033.654278694535606, 6184389.287189881317317 ], [ 772033.999984053312801, 6184388.348846764303744 ], [ 772034.345689412206411, 6184387.410503648221493 ], [ 772034.691394770983607, 6184386.472160531207919 ], [ 772035.037100129877217, 6184385.533817414194345 ], [ 772035.382805488654412, 6184384.595474297180772 ], [ 772035.728510847431608, 6184383.657131181098521 ], [ 772036.074216206325218, 6184382.718788064084947 ], [ 772036.419921565102413, 6184381.780444947071373 ], [ 772036.765626923996024, 6184380.8421018300578 ], [ 772037.111332282773219, 6184379.903758713044226 ], [ 772037.45703764166683, 6184378.965415596961975 ], [ 772037.802743000444025, 6184378.027072479948401 ], [ 772038.148448359337635, 6184377.088729362934828 ], [ 772038.494153718114831, 6184376.150386245921254 ], [ 772038.839859076892026, 6184375.212043128907681 ], [ 772039.185564435785636, 6184374.273700012825429 ], [ 772039.531269794562832, 6184373.335356895811856 ], [ 772039.876975153456442, 6184372.397013778798282 ], [ 772040.222680512233637, 6184371.458670661784708 ], [ 772040.568385871127248, 6184370.520327544771135 ], [ 772040.914091229904443, 6184369.581984428688884 ], [ 772041.259796588798054, 6184368.64364131167531 ], [ 772041.605501947575249, 6184367.705298194661736 ], [ 772041.951207306352444, 6184366.766955077648163 ], [ 772042.296912665246055, 6184365.828611961565912 ], [ 772042.64261802402325, 6184364.890268844552338 ], [ 772042.98832338291686, 6184363.951925727538764 ], [ 772043.334028741694055, 6184363.013582610525191 ], [ 772043.679734100587666, 6184362.075239493511617 ], [ 772044.025439459364861, 6184361.136896377429366 ], [ 772044.371144818258472, 6184360.198553260415792 ], [ 772044.716850177035667, 6184359.260210143402219 ], [ 772045.062555535812862, 6184358.321867026388645 ], [ 772045.408260894706473, 6184357.383523909375072 ], [ 772045.753966253483668, 6184356.44518079329282 ], [ 772046.099671612377279, 6184355.506837676279247 ], [ 772046.445376971154474, 6184354.568494559265673 ], [ 772046.791082330048084, 6184353.6301514422521 ], [ 772047.136787688825279, 6184352.691808326169848 ], [ 772047.422881686827168, 6184351.915267474018037 ], [ 772047.764624749892391, 6184350.975474050268531 ], [ 772048.106367812957615, 6184350.035680627450347 ], [ 772048.448110876139253, 6184349.09588720370084 ], [ 772048.789853939204477, 6184348.156093779951334 ], [ 772049.1315970022697, 6184347.216300356201828 ], [ 772049.473340065334924, 6184346.276506933383644 ], [ 772049.815083128400147, 6184345.336713509634137 ], [ 772050.15682619146537, 6184344.396920085884631 ], [ 772050.498569254647009, 6184343.457126663066447 ], [ 772050.840312317712232, 6184342.51733323931694 ], [ 772051.182055380777456, 6184341.577539815567434 ], [ 772051.523798443842679, 6184340.637746391817927 ], [ 772051.865541506907903, 6184339.697952968999743 ], [ 772052.207284570089541, 6184338.758159545250237 ], [ 772052.549027633154765, 6184337.818366121500731 ], [ 772052.890770696219988, 6184336.878572697751224 ], [ 772053.232513759285212, 6184335.93877927493304 ], [ 772053.574256822350435, 6184334.998985851183534 ], [ 772053.915999885415658, 6184334.059192427434027 ], [ 772054.257742948597297, 6184333.119399004615843 ], [ 772054.59948601166252, 6184332.179605580866337 ], [ 772054.941229074727744, 6184331.23981215711683 ], [ 772055.282972137792967, 6184330.300018733367324 ], [ 772055.624715200858191, 6184329.36022531054914 ], [ 772055.966458264039829, 6184328.420431886799634 ], [ 772056.308201327105053, 6184327.480638463050127 ], [ 772056.649944390170276, 6184326.540845040231943 ], [ 772056.9916874532355, 6184325.601051616482437 ], [ 772057.333430516300723, 6184324.66125819273293 ], [ 772057.675173579365946, 6184323.721464768983424 ], [ 772058.016916642547585, 6184322.78167134616524 ], [ 772058.358659705612808, 6184321.841877922415733 ], [ 772058.700402768678032, 6184320.902084498666227 ], [ 772059.042145831743255, 6184319.962291075848043 ], [ 772059.383888894808479, 6184319.022497652098536 ], [ 772059.725631957990117, 6184318.08270422834903 ], [ 772060.067375021055341, 6184317.142910804599524 ], [ 772060.409118084120564, 6184316.20311738178134 ], [ 772060.750861147185788, 6184315.263323958031833 ], [ 772061.092604210251011, 6184314.323530534282327 ], [ 772061.434347273316234, 6184313.38373711053282 ], [ 772061.776090336497873, 6184312.443943687714636 ], [ 772062.117833399563096, 6184311.50415026396513 ], [ 772062.45957646262832, 6184310.564356840215623 ], [ 772062.801319525693543, 6184309.624563417397439 ], [ 772063.143062588758767, 6184308.684769993647933 ], [ 772063.484805651940405, 6184307.744976569898427 ], [ 772063.826548715005629, 6184306.80518314614892 ], [ 772064.168291778070852, 6184305.865389723330736 ], [ 772064.510034841136076, 6184304.92559629958123 ], [ 772064.851777904201299, 6184303.985802875831723 ], [ 772065.193520967266522, 6184303.046009453013539 ], [ 772065.535264030448161, 6184302.106216029264033 ], [ 772065.877007093513384, 6184301.166422605514526 ], [ 772066.218750156578608, 6184300.22662918176502 ], [ 772066.560493219643831, 6184299.286835758946836 ], [ 772066.902236282709055, 6184298.34704233519733 ], [ 772067.243979345890693, 6184297.407248911447823 ], [ 772067.585722408955917, 6184296.467455488629639 ], [ 772067.92746547202114, 6184295.527662064880133 ], [ 772068.269208535086364, 6184294.587868641130626 ], [ 772068.610951598151587, 6184293.64807521738112 ], [ 772068.95269466121681, 6184292.708281794562936 ], [ 772069.294437724398449, 6184291.768488370813429 ], [ 772069.636180787463672, 6184290.828694947063923 ], [ 772069.977923850528896, 6184289.888901523314416 ], [ 772070.319666913594119, 6184288.949108100496233 ], [ 772070.661409976659343, 6184288.009314676746726 ], [ 772071.003153039840981, 6184287.06952125299722 ], [ 772071.344896102906205, 6184286.129727830179036 ], [ 772071.686639165971428, 6184285.189934406429529 ], [ 772072.028382229036652, 6184284.250140982680023 ], [ 772072.370125292101875, 6184283.310347558930516 ], [ 772072.711868355167098, 6184282.370554136112332 ], [ 772073.053611418348737, 6184281.430760712362826 ], [ 772073.39535448141396, 6184280.490967288613319 ], [ 772073.737097544479184, 6184279.551173865795135 ], [ 772074.078840607544407, 6184278.611380442045629 ], [ 772074.420583670609631, 6184277.671587018296123 ], [ 772074.762326733791269, 6184276.731793594546616 ], [ 772075.104069796856493, 6184275.792000171728432 ], [ 772075.445812859921716, 6184274.852206747978926 ], [ 772075.78755592298694, 6184273.912413324229419 ], [ 772076.129298986052163, 6184272.972619901411235 ], [ 772076.471042049117386, 6184272.032826477661729 ], [ 772076.812785112299025, 6184271.093033053912222 ], [ 772077.154528175364248, 6184270.153239630162716 ], [ 772077.496271238429472, 6184269.213446207344532 ], [ 772077.838014301494695, 6184268.273652783595026 ], [ 772078.179757364559919, 6184267.333859359845519 ], [ 772078.521500427741557, 6184266.394065936096013 ], [ 772078.863243490806781, 6184265.454272513277829 ], [ 772079.204986553872004, 6184264.514479089528322 ], [ 772079.546729616937228, 6184263.574685665778816 ], [ 772079.888472680002451, 6184262.634892242960632 ], [ 772080.230215743067674, 6184261.695098819211125 ], [ 772080.571958806249313, 6184260.755305395461619 ], [ 772080.913701869314536, 6184259.815511971712112 ], [ 772081.25544493237976, 6184258.875718548893929 ], [ 772081.597187995444983, 6184257.935925125144422 ], [ 772081.938931058510207, 6184256.996131701394916 ], [ 772082.280674121691845, 6184256.056338278576732 ], [ 772082.622417184757069, 6184255.116544854827225 ], [ 772082.964160247822292, 6184254.176751431077719 ], [ 772083.305903310887516, 6184253.236958007328212 ], [ 772083.647646373952739, 6184252.297164584510028 ], [ 772083.989389437017962, 6184251.357371160760522 ], [ 772084.331132500199601, 6184250.417577737011015 ], [ 772084.672875563264824, 6184249.477784314192832 ], [ 772085.014618626330048, 6184248.537990890443325 ], [ 772085.356361689395271, 6184247.598197466693819 ], [ 772085.698104752460495, 6184246.658404042944312 ], [ 772086.039847815642133, 6184245.718610620126128 ], [ 772086.381590878707357, 6184244.778817196376622 ], [ 772086.72333394177258, 6184243.839023772627115 ], [ 772087.065077004837804, 6184242.899230349808931 ], [ 772087.406820067903027, 6184241.959436926059425 ], [ 772087.74856313096825, 6184241.019643502309918 ], [ 772088.090306194149889, 6184240.079850078560412 ], [ 772088.432049257215112, 6184239.140056655742228 ], [ 772088.773792320280336, 6184238.200263231992722 ], [ 772089.115535383345559, 6184237.260469808243215 ], [ 772089.457278446410783, 6184236.320676384493709 ], [ 772089.799021509592421, 6184235.380882961675525 ], [ 772090.140764572657645, 6184234.441089537926018 ], [ 772090.482507635722868, 6184233.501296114176512 ], [ 772090.824250698788092, 6184232.561502691358328 ], [ 772091.165993761853315, 6184231.621709267608821 ], [ 772091.507736824918538, 6184230.681915843859315 ], [ 772091.849479888100177, 6184229.742122420109808 ], [ 772092.1912229511654, 6184228.802328997291625 ], [ 772092.532966014230624, 6184227.862535573542118 ], [ 772092.874709077295847, 6184226.922742149792612 ], [ 772093.216452140361071, 6184225.982948726974428 ], [ 772093.558195203542709, 6184225.043155303224921 ], [ 772093.899938266607933, 6184224.103361879475415 ], [ 772094.241681329673156, 6184223.163568455725908 ], [ 772094.58342439273838, 6184222.223775032907724 ], [ 772094.925167455803603, 6184221.283981609158218 ], [ 772095.266910518868826, 6184220.344188185408711 ], [ 772095.608653582050465, 6184219.404394762590528 ], [ 772095.950396645115688, 6184218.464601338841021 ], [ 772096.292139708180912, 6184217.524807915091515 ], [ 772096.633882771246135, 6184216.585014491342008 ], [ 772096.975625834311359, 6184215.645221068523824 ], [ 772097.317368897492997, 6184214.705427644774318 ], [ 772097.659111960558221, 6184213.765634221024811 ], [ 772098.000855023623444, 6184212.825840797275305 ], [ 772098.342598086688668, 6184211.886047374457121 ], [ 772098.684341149753891, 6184210.946253950707614 ], [ 772099.026084212819114, 6184210.006460526958108 ], [ 772099.367827276000753, 6184209.066667104139924 ], [ 772099.709570339065976, 6184208.126873680390418 ], [ 772100.0513134021312, 6184207.187080256640911 ], [ 772100.393056465196423, 6184206.247286832891405 ], [ 772100.734799528261647, 6184205.307493410073221 ], [ 772101.076542591443285, 6184204.367699986323714 ], [ 772101.418285654508509, 6184203.427906562574208 ], [ 772101.760028717573732, 6184202.488113139756024 ], [ 772102.101771780638956, 6184201.548319716006517 ], [ 772102.443514843704179, 6184200.608526292257011 ], [ 772102.785257906769402, 6184199.668732868507504 ], [ 772103.127000969951041, 6184198.728939445689321 ], [ 772103.468744033016264, 6184197.789146021939814 ], [ 772103.810487096081488, 6184196.849352598190308 ], [ 772104.152230159146711, 6184195.909559175372124 ], [ 772104.493973222211935, 6184194.969765751622617 ], [ 772104.835716285393573, 6184194.029972327873111 ], [ 772105.177459348458797, 6184193.090178904123604 ], [ 772105.51920241152402, 6184192.15038548130542 ], [ 772105.860945474589244, 6184191.210592057555914 ], [ 772106.202688537654467, 6184190.270798633806407 ], [ 772106.54443160071969, 6184189.331005210056901 ], [ 772106.886174663901329, 6184188.391211787238717 ], [ 772107.227917726966552, 6184187.451418363489211 ], [ 772107.569660790031776, 6184186.511624939739704 ], [ 772107.911403853096999, 6184185.57183151692152 ], [ 772108.253146916162223, 6184184.632038093172014 ], [ 772108.594889979343861, 6184183.692244669422507 ], [ 772108.936633042409085, 6184182.752451245673001 ], [ 772109.278376105474308, 6184181.812657822854817 ], [ 772109.620119168539532, 6184180.87286439910531 ], [ 772109.961862231604755, 6184179.933070975355804 ], [ 772110.303605294669978, 6184178.99327755253762 ], [ 772110.645348357851617, 6184178.053484128788114 ], [ 772110.98709142091684, 6184177.113690705038607 ], [ 772111.328834483982064, 6184176.173897281289101 ], [ 772111.670577547047287, 6184175.234103858470917 ], [ 772112.012320610112511, 6184174.29431043472141 ], [ 772112.354063673294149, 6184173.354517010971904 ], [ 772112.695806736359373, 6184172.41472358815372 ], [ 772113.037549799424596, 6184171.474930164404213 ], [ 772113.37929286248982, 6184170.535136740654707 ], [ 772113.721035925555043, 6184169.5953433169052 ], [ 772114.062778988620266, 6184168.655549894087017 ], [ 772114.404522051801905, 6184167.71575647033751 ], [ 772114.746265114867128, 6184166.775963046588004 ], [ 772115.088008177932352, 6184165.836169622838497 ], [ 772115.429751240997575, 6184164.896376200020313 ], [ 772115.771494304062799, 6184163.956582776270807 ], [ 772116.113237367244437, 6184163.0167893525213 ], [ 772116.454980430309661, 6184162.076995929703116 ], [ 772116.796723493374884, 6184161.13720250595361 ], [ 772117.138466556440108, 6184160.197409082204103 ], [ 772117.480209619505331, 6184159.257615658454597 ], [ 772117.821952682570554, 6184158.317822235636413 ], [ 772118.163695745752193, 6184157.378028811886907 ], [ 772118.505438808817416, 6184156.4382353881374 ], [ 772118.84718187188264, 6184155.498441965319216 ], [ 772119.188924934947863, 6184154.55864854156971 ], [ 772119.530667998013087, 6184153.618855117820203 ], [ 772119.872411061194725, 6184152.679061694070697 ], [ 772120.214154124259949, 6184151.739268271252513 ], [ 772120.555897187325172, 6184150.799474847503006 ], [ 772120.897640250390396, 6184149.8596814237535 ], [ 772121.239383313455619, 6184148.919888000935316 ], [ 772121.581126376520842, 6184147.98009457718581 ], [ 772121.922869439702481, 6184147.040301153436303 ], [ 772122.264612502767704, 6184146.100507729686797 ], [ 772122.606355565832928, 6184145.160714306868613 ], [ 772122.948098628898151, 6184144.220920883119106 ], [ 772123.289841691963375, 6184143.2811274593696 ], [ 772123.631584755145013, 6184142.341334035620093 ], [ 772123.973327818210237, 6184141.401540612801909 ], [ 772124.31507088127546, 6184140.461747189052403 ], [ 772124.656813944340684, 6184139.521953765302896 ], [ 772124.998557007405907, 6184138.582160342484713 ], [ 772125.34030007047113, 6184137.642366918735206 ], [ 772125.682043133652769, 6184136.7025734949857 ], [ 772126.023786196717992, 6184135.762780071236193 ], [ 772126.365529259783216, 6184134.822986648418009 ], [ 772126.707272322848439, 6184133.883193224668503 ], [ 772127.049015385913663, 6184132.943399800918996 ], [ 772127.390758449095301, 6184132.003606378100812 ], [ 772127.732501512160525, 6184131.063812954351306 ], [ 772128.074244575225748, 6184130.124019530601799 ], [ 772128.415987638290972, 6184129.184226106852293 ], [ 772128.757730701356195, 6184128.244432684034109 ], [ 772129.099473764421418, 6184127.304639260284603 ], [ 772129.441216827603057, 6184126.364845836535096 ], [ 772129.78295989066828, 6184125.425052413716912 ], [ 772130.124702953733504, 6184124.485258989967406 ], [ 772130.466446016798727, 6184123.545465566217899 ], [ 772130.808189079863951, 6184122.605672142468393 ], [ 772131.149932143045589, 6184121.665878719650209 ], [ 772131.491675206110813, 6184120.726085295900702 ], [ 772131.833418269176036, 6184119.786291872151196 ], [ 772132.17516133224126, 6184118.84649844840169 ], [ 772132.516904395306483, 6184117.906705025583506 ], [ 772132.858647458488122, 6184116.966911601833999 ], [ 772133.200390521553345, 6184116.027118178084493 ], [ 772133.542133584618568, 6184115.087324755266309 ], [ 772133.883876647683792, 6184114.147531331516802 ], [ 772134.225619710749015, 6184113.207737907767296 ], [ 772134.567362773814239, 6184112.267944484017789 ], [ 772134.670050761429593, 6184111.985552518628538 ], [ 772135.034450110048056, 6184111.05430973879993 ], [ 772135.398849458550103, 6184110.123066958971322 ], [ 772135.763248807168566, 6184109.191824179142714 ], [ 772136.127648155787028, 6184108.260581400245428 ], [ 772136.492047504289076, 6184107.32933862041682 ], [ 772136.856446852907538, 6184106.398095840588212 ], [ 772137.220846201526001, 6184105.466853060759604 ], [ 772137.585245550028048, 6184104.535610280930996 ], [ 772137.949644898646511, 6184103.604367501102388 ], [ 772138.314044247264974, 6184102.67312472127378 ], [ 772138.678443595767021, 6184101.741881941445172 ], [ 772139.042842944385484, 6184100.810639162547886 ], [ 772139.407242293003947, 6184099.879396382719278 ], [ 772139.771641641505994, 6184098.94815360289067 ], [ 772140.136040990124457, 6184098.016910823062062 ], [ 772140.500440338742919, 6184097.085668043233454 ], [ 772140.864839687361382, 6184096.154425263404846 ], [ 772141.229239035863429, 6184095.223182483576238 ], [ 772141.593638384481892, 6184094.291939704678953 ], [ 772141.958037733100355, 6184093.360696924850345 ], [ 772142.322437081602402, 6184092.429454145021737 ], [ 772142.686836430220865, 6184091.498211365193129 ], [ 772143.051235778839327, 6184090.566968585364521 ], [ 772143.415635127341375, 6184089.635725805535913 ], [ 772143.780034475959837, 6184088.704483025707304 ], [ 772144.1444338245783, 6184087.773240245878696 ], [ 772144.508833173080347, 6184086.841997466981411 ], [ 772144.87323252169881, 6184085.910754687152803 ], [ 772145.237631870317273, 6184084.979511907324195 ], [ 772145.60203121881932, 6184084.048269127495587 ], [ 772145.966430567437783, 6184083.117026347666979 ], [ 772146.330829916056246, 6184082.185783567838371 ], [ 772146.695229264558293, 6184081.254540788009763 ], [ 772147.059628613176756, 6184080.323298008181155 ], [ 772147.424027961795218, 6184079.392055229283869 ], [ 772147.788427310297266, 6184078.460812449455261 ], [ 772148.152826658915728, 6184077.529569669626653 ], [ 772148.517226007534191, 6184076.598326889798045 ], [ 772148.881625356036238, 6184075.667084109969437 ], [ 772149.246024704654701, 6184074.735841330140829 ], [ 772149.610424053273164, 6184073.804598550312221 ], [ 772149.974823401775211, 6184072.873355771414936 ], [ 772150.339222750393674, 6184071.942112991586328 ], [ 772150.703622099012136, 6184071.01087021175772 ], [ 772151.068021447630599, 6184070.079627431929111 ], [ 772151.432420796132647, 6184069.148384652100503 ], [ 772151.796820144751109, 6184068.217141872271895 ], [ 772152.161219493369572, 6184067.285899092443287 ], [ 772152.525618841871619, 6184066.354656312614679 ], [ 772152.890018190490082, 6184065.423413533717394 ], [ 772153.254417539108545, 6184064.492170753888786 ], [ 772153.618816887610592, 6184063.560927974060178 ], [ 772153.983216236229055, 6184062.62968519423157 ], [ 772154.347615584847517, 6184061.698442414402962 ], [ 772154.712014933349565, 6184060.767199634574354 ], [ 772155.076414281968027, 6184059.835956854745746 ], [ 772155.44081363058649, 6184058.90471407584846 ], [ 772155.805212979088537, 6184057.973471296019852 ], [ 772156.169612327707, 6184057.042228516191244 ], [ 772156.534011676325463, 6184056.110985736362636 ], [ 772156.89841102482751, 6184055.179742956534028 ], [ 772157.262810373445973, 6184054.24850017670542 ], [ 772157.627209722064435, 6184053.317257396876812 ], [ 772157.991609070566483, 6184052.386014617048204 ], [ 772158.356008419184946, 6184051.454771838150918 ], [ 772158.720407767803408, 6184050.52352905832231 ], [ 772159.084807116305456, 6184049.592286278493702 ], [ 772159.449206464923918, 6184048.661043498665094 ], [ 772159.813605813542381, 6184047.729800718836486 ], [ 772160.178005162044428, 6184046.798557939007878 ], [ 772160.542404510662891, 6184045.86731515917927 ], [ 772160.906803859281354, 6184044.936072380281985 ], [ 772161.271203207783401, 6184044.004829600453377 ], [ 772161.635602556401864, 6184043.073586820624769 ], [ 772162.000001905020326, 6184042.142344040796161 ], [ 772162.364401253638789, 6184041.211101260967553 ], [ 772162.728800602140836, 6184040.279858481138945 ], [ 772163.093199950759299, 6184039.348615701310337 ], [ 772163.457599299377762, 6184038.417372921481729 ], [ 772163.821998647879809, 6184037.486130142584443 ], [ 772164.186397996498272, 6184036.554887362755835 ], [ 772164.550797345116735, 6184035.623644582927227 ], [ 772164.915196693618782, 6184034.692401803098619 ], [ 772165.279596042237245, 6184033.761159023270011 ], [ 772165.643995390855707, 6184032.829916243441403 ], [ 772166.008394739357755, 6184031.898673463612795 ], [ 772166.372794087976217, 6184030.967430683784187 ], [ 772166.73719343659468, 6184030.036187904886901 ], [ 772167.101592785096727, 6184029.104945125058293 ], [ 772167.46599213371519, 6184028.173702345229685 ], [ 772167.830391482333653, 6184027.242459565401077 ], [ 772168.1947908308357, 6184026.311216785572469 ], [ 772168.559190179454163, 6184025.379974005743861 ], [ 772168.923589528072625, 6184024.448731225915253 ], [ 772169.287988876574673, 6184023.517488447017968 ], [ 772169.652388225193135, 6184022.58624566718936 ], [ 772170.016787573811598, 6184021.655002887360752 ], [ 772170.381186922313645, 6184020.723760107532144 ], [ 772170.745586270932108, 6184019.792517327703536 ], [ 772171.109985619550571, 6184018.861274547874928 ], [ 772171.474384968052618, 6184017.930031768046319 ], [ 772171.838784316671081, 6184016.998788988217711 ], [ 772172.203183665289544, 6184016.067546209320426 ], [ 772172.567583013791591, 6184015.136303429491818 ], [ 772172.931982362410054, 6184014.20506064966321 ], [ 772173.296381711028516, 6184013.273817869834602 ], [ 772173.660781059646979, 6184012.342575090005994 ], [ 772174.025180408149026, 6184011.411332310177386 ], [ 772174.389579756767489, 6184010.480089530348778 ], [ 772174.753979105385952, 6184009.548846751451492 ], [ 772175.118378453887999, 6184008.617603971622884 ], [ 772175.482777802506462, 6184007.686361191794276 ], [ 772175.847177151124924, 6184006.755118411965668 ], [ 772176.211576499626972, 6184005.82387563213706 ], [ 772176.575975848245434, 6184004.892632852308452 ], [ 772176.940375196863897, 6184003.961390072479844 ], [ 772177.304774545365945, 6184003.030147292651236 ], [ 772177.669173893984407, 6184002.098904513753951 ], [ 772178.03357324260287, 6184001.167661733925343 ], [ 772178.397972591104917, 6184000.236418954096735 ], [ 772178.76237193972338, 6183999.305176174268126 ], [ 772179.126771288341843, 6183998.373933394439518 ], [ 772179.49117063684389, 6183997.44269061461091 ], [ 772179.855569985462353, 6183996.511447834782302 ], [ 772180.219969334080815, 6183995.580205055885017 ], [ 772180.584368682582863, 6183994.648962276056409 ], [ 772180.948768031201325, 6183993.717719496227801 ], [ 772181.313167379819788, 6183992.786476716399193 ], [ 772181.677566728321835, 6183991.855233936570585 ], [ 772182.041966076940298, 6183990.923991156741977 ], [ 772182.406365425558761, 6183989.992748376913369 ], [ 772182.770764774060808, 6183989.061505597084761 ], [ 772183.135164122679271, 6183988.130262818187475 ], [ 772183.499563471297733, 6183987.199020038358867 ], [ 772183.863962819916196, 6183986.267777258530259 ], [ 772184.228362168418244, 6183985.336534478701651 ], [ 772184.592761517036706, 6183984.405291698873043 ], [ 772184.957160865655169, 6183983.474048919044435 ], [ 772185.321560214157216, 6183982.542806139215827 ], [ 772185.685959562775679, 6183981.611563359387219 ], [ 772186.050358911394142, 6183980.680320580489933 ], [ 772186.414758259896189, 6183979.749077800661325 ], [ 772186.779157608514652, 6183978.817835020832717 ], [ 772187.143556957133114, 6183977.886592241004109 ], [ 772187.507956305635162, 6183976.955349461175501 ], [ 772187.872355654253624, 6183976.024106681346893 ], [ 772188.236755002872087, 6183975.092863901518285 ], [ 772188.601154351374134, 6183974.161621122621 ], [ 772188.965553699992597, 6183973.230378342792392 ], [ 772189.32995304861106, 6183972.299135562963784 ], [ 772189.694352397113107, 6183971.367892783135176 ], [ 772190.05875174573157, 6183970.436650003306568 ], [ 772190.423151094350033, 6183969.50540722347796 ], [ 772190.78755044285208, 6183968.574164443649352 ], [ 772191.151949791470543, 6183967.642921663820744 ], [ 772191.516349140089005, 6183966.711678884923458 ], [ 772191.880748488591053, 6183965.78043610509485 ], [ 772192.245147837209515, 6183964.849193325266242 ], [ 772192.609547185827978, 6183963.917950545437634 ], [ 772192.973946534330025, 6183962.986707765609026 ], [ 772193.338345882948488, 6183962.055464985780418 ], [ 772193.702745231566951, 6183961.12422220595181 ], [ 772194.067144580068998, 6183960.192979427054524 ], [ 772194.431543928687461, 6183959.261736647225916 ], [ 772194.795943277305923, 6183958.330493867397308 ], [ 772195.160342625924386, 6183957.3992510875687 ], [ 772195.524741974426433, 6183956.468008307740092 ], [ 772195.889141323044896, 6183955.536765527911484 ], [ 772196.253540671663359, 6183954.605522748082876 ], [ 772196.617940020165406, 6183953.674279968254268 ], [ 772196.982339368783869, 6183952.743037189356983 ], [ 772197.346738717402332, 6183951.811794409528375 ], [ 772197.711138065904379, 6183950.880551629699767 ], [ 772198.075537414522842, 6183949.949308849871159 ], [ 772198.439936763141304, 6183949.018066070042551 ], [ 772198.804336111643352, 6183948.086823290213943 ], [ 772199.168735460261814, 6183947.155580510385334 ], [ 772199.533134808880277, 6183946.224337731488049 ], [ 772199.897534157382324, 6183945.293094951659441 ], [ 772200.261933506000787, 6183944.361852171830833 ], [ 772200.62633285461925, 6183943.430609392002225 ], [ 772200.990732203121297, 6183942.499366612173617 ], [ 772201.35513155173976, 6183941.568123832345009 ], [ 772201.719530900358222, 6183940.636881052516401 ], [ 772202.08393024886027, 6183939.705638272687793 ], [ 772202.448329597478732, 6183938.774395493790507 ], [ 772202.812728946097195, 6183937.843152713961899 ], [ 772203.177128294599243, 6183936.911909934133291 ], [ 772203.541527643217705, 6183935.980667154304683 ], [ 772203.905926991836168, 6183935.049424374476075 ], [ 772204.270326340338215, 6183934.118181594647467 ], [ 772204.634725688956678, 6183933.186938814818859 ], [ 772204.999125037575141, 6183932.255696034990251 ], [ 772205.363524386077188, 6183931.324453256092966 ], [ 772205.727923734695651, 6183930.393210476264358 ], [ 772206.092323083314113, 6183929.46196769643575 ], [ 772206.456722431932576, 6183928.530724916607141 ], [ 772206.821121780434623, 6183927.599482136778533 ], [ 772207.185521129053086, 6183926.668239356949925 ], [ 772207.549920477671549, 6183925.736996577121317 ], [ 772207.914319826173596, 6183924.805753798224032 ], [ 772208.278719174792059, 6183923.874511018395424 ], [ 772208.643118523410521, 6183922.943268238566816 ], [ 772209.007517871912569, 6183922.012025458738208 ], [ 772209.371917220531031, 6183921.0807826789096 ], [ 772209.736316569149494, 6183920.149539899080992 ], [ 772210.100715917651542, 6183919.218297119252384 ], [ 772210.465115266270004, 6183918.287054339423776 ], [ 772210.829514614888467, 6183917.35581156052649 ], [ 772211.193913963390514, 6183916.424568780697882 ], [ 772211.558313312008977, 6183915.493326000869274 ], [ 772211.92271266062744, 6183914.562083221040666 ], [ 772212.287112009129487, 6183913.630840441212058 ], [ 772212.65151135774795, 6183912.69959766138345 ], [ 772213.015910706366412, 6183911.768354881554842 ], [ 772213.38031005486846, 6183910.837112102657557 ], [ 772213.744709403486922, 6183909.905869322828948 ], [ 772214.109108752105385, 6183908.97462654300034 ], [ 772214.473508100607432, 6183908.043383763171732 ], [ 772214.837907449225895, 6183907.112140983343124 ], [ 772215.202306797844358, 6183906.180898203514516 ], [ 772215.566706146346405, 6183905.249655423685908 ], [ 772215.931105494964868, 6183904.3184126438573 ], [ 772216.295504843583331, 6183903.387169864960015 ], [ 772216.659904192201793, 6183902.455927085131407 ], [ 772217.024303540703841, 6183901.524684305302799 ], [ 772217.388702889322303, 6183900.593441525474191 ], [ 772217.753102237940766, 6183899.662198745645583 ], [ 772218.117501586442813, 6183898.730955965816975 ], [ 772218.481900935061276, 6183897.799713185988367 ], [ 772218.846300283679739, 6183896.868470407091081 ], [ 772219.210699632181786, 6183895.937227627262473 ], [ 772219.575098980800249, 6183895.005984847433865 ], [ 772219.939498329418711, 6183894.074742067605257 ], [ 772220.303897677920759, 6183893.143499287776649 ], [ 772220.668297026539221, 6183892.212256507948041 ], [ 772221.032696375157684, 6183891.281013728119433 ], [ 772221.397095723659731, 6183890.349770948290825 ], [ 772221.761495072278194, 6183889.418528169393539 ], [ 772222.125894420896657, 6183888.487285389564931 ], [ 772222.490293769398704, 6183887.556042609736323 ], [ 772222.854693118017167, 6183886.624799829907715 ], [ 772223.21909246663563, 6183885.693557050079107 ], [ 772223.583491815137677, 6183884.762314270250499 ], [ 772223.94789116375614, 6183883.831071490421891 ], [ 772224.312290512374602, 6183882.899828710593283 ], [ 772224.67668986087665, 6183881.968585931695998 ], [ 772225.041089209495112, 6183881.03734315186739 ], [ 772225.405488558113575, 6183880.106100372038782 ], [ 772225.769887906615622, 6183879.174857592210174 ], [ 772226.134287255234085, 6183878.243614812381566 ], [ 772226.498686603852548, 6183877.312372032552958 ], [ 772226.863085952354595, 6183876.381129252724349 ], [ 772227.227485300973058, 6183875.449886473827064 ], [ 772227.59188464959152, 6183874.518643693998456 ], [ 772227.956283998209983, 6183873.587400914169848 ], [ 772228.32068334671203, 6183872.65615813434124 ], [ 772228.685082695330493, 6183871.724915354512632 ], [ 772229.049482043948956, 6183870.793672574684024 ], [ 772229.413881392451003, 6183869.862429794855416 ], [ 772229.778280741069466, 6183868.931187015026808 ], [ 772230.142680089687929, 6183867.999944236129522 ], [ 772230.507079438189976, 6183867.068701456300914 ], [ 772230.871478786808439, 6183866.137458676472306 ], [ 772231.235878135426901, 6183865.206215896643698 ], [ 772231.600277483928949, 6183864.27497311681509 ], [ 772231.964676832547411, 6183863.343730336986482 ], [ 772232.329076181165874, 6183862.412487557157874 ], [ 772232.693475529667921, 6183861.481244778260589 ], [ 772232.823115970357321, 6183861.149941429495811 ], [ 772233.248913006740622, 6183860.245122727006674 ], [ 772233.674710043007508, 6183859.340304025448859 ], [ 772234.100507079390809, 6183858.435485322959721 ], [ 772234.526304115657695, 6183857.530666620470583 ], [ 772234.952101152040996, 6183856.625847918912768 ], [ 772235.377898188307881, 6183855.721029216423631 ], [ 772235.803695224691182, 6183854.816210513934493 ], [ 772236.229492260958068, 6183853.911391811445355 ], [ 772236.655289297341369, 6183853.00657310988754 ], [ 772237.081086333608255, 6183852.101754407398403 ], [ 772237.506883369991556, 6183851.196935704909265 ], [ 772237.932680406258442, 6183850.29211700335145 ], [ 772238.358477442641743, 6183849.387298300862312 ], [ 772238.784274478908628, 6183848.482479598373175 ], [ 772239.210071515291929, 6183847.57766089681536 ], [ 772239.63586855167523, 6183846.672842194326222 ], [ 772240.061665587942116, 6183845.768023491837084 ], [ 772240.487462624325417, 6183844.863204790279269 ], [ 772240.913259660592303, 6183843.958386087790132 ], [ 772241.339056696975604, 6183843.053567385300994 ], [ 772241.764853733242489, 6183842.148748682811856 ], [ 772242.19065076962579, 6183841.243929981254041 ], [ 772242.616447805892676, 6183840.339111278764904 ], [ 772243.042244842275977, 6183839.434292576275766 ], [ 772243.468041878542863, 6183838.529473874717951 ], [ 772243.893838914926164, 6183837.624655172228813 ], [ 772244.31963595119305, 6183836.719836469739676 ], [ 772244.745432987576351, 6183835.81501776818186 ], [ 772245.171230023959652, 6183834.910199065692723 ], [ 772245.597027060226537, 6183834.005380363203585 ], [ 772246.022824096609838, 6183833.10056166164577 ], [ 772246.448621132876724, 6183832.195742959156632 ], [ 772246.874418169260025, 6183831.290924256667495 ], [ 772247.300215205526911, 6183830.38610555510968 ], [ 772247.726012241910212, 6183829.481286852620542 ], [ 772248.151809278177097, 6183828.576468150131404 ], [ 772248.577606314560398, 6183827.671649447642267 ], [ 772249.003403350827284, 6183826.766830746084452 ], [ 772249.429200387210585, 6183825.862012043595314 ], [ 772249.854997423477471, 6183824.957193341106176 ], [ 772250.280794459860772, 6183824.052374639548361 ], [ 772250.706591496127658, 6183823.147555937059224 ], [ 772251.132388532510959, 6183822.242737234570086 ], [ 772251.55818556889426, 6183821.337918533012271 ], [ 772251.983982605161145, 6183820.433099830523133 ], [ 772252.409779641544446, 6183819.528281128033996 ], [ 772252.835576677811332, 6183818.623462426476181 ], [ 772253.261373714194633, 6183817.718643723987043 ], [ 772253.687170750461519, 6183816.813825021497905 ], [ 772254.11296778684482, 6183815.909006319008768 ], [ 772254.538764823111705, 6183815.004187617450953 ], [ 772254.964561859495007, 6183814.099368914961815 ], [ 772255.390358895761892, 6183813.194550212472677 ], [ 772255.816155932145193, 6183812.289731510914862 ], [ 772256.241952968412079, 6183811.384912808425725 ], [ 772256.66775000479538, 6183810.480094105936587 ], [ 772257.093547041178681, 6183809.575275404378772 ], [ 772257.519344077445567, 6183808.670456701889634 ], [ 772257.945141113828868, 6183807.765637999400496 ], [ 772258.370938150095753, 6183806.860819297842681 ], [ 772258.796735186479054, 6183805.956000595353544 ], [ 772259.22253222274594, 6183805.051181892864406 ], [ 772259.648329259129241, 6183804.146363190375268 ], [ 772260.074126295396127, 6183803.241544488817453 ], [ 772260.499923331779428, 6183802.336725786328316 ], [ 772260.925720368046314, 6183801.431907083839178 ], [ 772261.351517404429615, 6183800.527088382281363 ], [ 772261.7773144406965, 6183799.622269679792225 ], [ 772262.203111477079801, 6183798.717450977303088 ], [ 772262.628908513346687, 6183797.812632275745273 ], [ 772263.054705549729988, 6183796.907813573256135 ], [ 772263.480502586113289, 6183796.002994870766997 ], [ 772263.906299622380175, 6183795.098176169209182 ], [ 772264.332096658763476, 6183794.193357466720045 ], [ 772264.757893695030361, 6183793.288538764230907 ], [ 772265.183690731413662, 6183792.383720061741769 ], [ 772265.609487767680548, 6183791.478901360183954 ], [ 772266.035284804063849, 6183790.574082657694817 ], [ 772266.461081840330735, 6183789.669263955205679 ], [ 772266.886878876714036, 6183788.764445253647864 ], [ 772267.312675912980922, 6183787.859626551158726 ], [ 772267.738472949364223, 6183786.954807848669589 ], [ 772268.164269985631108, 6183786.049989147111773 ], [ 772268.590067022014409, 6183785.145170444622636 ], [ 772269.01586405839771, 6183784.240351742133498 ], [ 772269.441661094664596, 6183783.335533040575683 ], [ 772269.867458131047897, 6183782.430714338086545 ], [ 772270.293255167314783, 6183781.525895635597408 ], [ 772270.719052203698084, 6183780.621076934039593 ], [ 772271.144849239964969, 6183779.716258231550455 ], [ 772271.57064627634827, 6183778.811439529061317 ], [ 772271.996443312615156, 6183777.90662082657218 ], [ 772272.422240348998457, 6183777.001802125014365 ], [ 772272.848037385265343, 6183776.096983422525227 ], [ 772273.273834421648644, 6183775.192164720036089 ], [ 772273.69963145791553, 6183774.287346018478274 ], [ 772274.125428494298831, 6183773.382527315989137 ], [ 772274.551225530565716, 6183772.477708613499999 ], [ 772274.977022566949017, 6183771.572889911942184 ], [ 772275.402819603332318, 6183770.668071209453046 ], [ 772275.828616639599204, 6183769.763252506963909 ], [ 772276.254413675982505, 6183768.858433805406094 ], [ 772276.680210712249391, 6183767.953615102916956 ], [ 772277.106007748632692, 6183767.048796400427818 ], [ 772277.531804784899577, 6183766.143977697938681 ], [ 772277.957601821282879, 6183765.239158996380866 ], [ 772278.383398857549764, 6183764.334340293891728 ], [ 772278.809195893933065, 6183763.42952159140259 ], [ 772279.234992930199951, 6183762.524702889844775 ], [ 772279.660789966583252, 6183761.619884187355638 ], [ 772280.086587002850138, 6183760.7150654848665 ], [ 772280.512384039233439, 6183759.810246783308685 ], [ 772280.93818107561674, 6183758.905428080819547 ], [ 772281.363978111883625, 6183758.00060937833041 ], [ 772281.789775148266926, 6183757.095790676772594 ], [ 772282.215572184533812, 6183756.190971974283457 ], [ 772282.641369220917113, 6183755.286153271794319 ], [ 772283.067166257183999, 6183754.381334569305182 ], [ 772283.4929632935673, 6183753.476515867747366 ], [ 772283.918760329834186, 6183752.571697165258229 ], [ 772284.344557366217487, 6183751.666878462769091 ], [ 772284.770354402484372, 6183750.762059761211276 ], [ 772285.196151438867673, 6183749.857241058722138 ], [ 772285.621948475134559, 6183748.952422356233001 ], [ 772286.04774551151786, 6183748.047603654675186 ], [ 772286.473542547784746, 6183747.142784952186048 ], [ 772286.899339584168047, 6183746.23796624969691 ], [ 772287.325136620551348, 6183745.333147548139095 ], [ 772287.750933656818233, 6183744.428328845649958 ], [ 772288.176730693201534, 6183743.52351014316082 ], [ 772288.60252772946842, 6183742.618691440671682 ], [ 772289.028324765851721, 6183741.713872739113867 ], [ 772289.454121802118607, 6183740.80905403662473 ], [ 772289.879918838501908, 6183739.904235334135592 ], [ 772290.305715874768794, 6183738.999416632577777 ], [ 772290.731512911152095, 6183738.094597930088639 ], [ 772291.15730994741898, 6183737.189779227599502 ], [ 772291.583106983802281, 6183736.284960526041687 ], [ 772292.008904020069167, 6183735.380141823552549 ], [ 772292.434701056452468, 6183734.475323121063411 ], [ 772292.860498092835769, 6183733.570504419505596 ], [ 772293.286295129102655, 6183732.665685717016459 ], [ 772293.712092165485956, 6183731.760867014527321 ], [ 772294.137889201752841, 6183730.856048312969506 ], [ 772294.563686238136142, 6183729.951229610480368 ], [ 772294.989483274403028, 6183729.04641090799123 ], [ 772295.415280310786329, 6183728.141592205502093 ], [ 772295.841077347053215, 6183727.236773503944278 ], [ 772296.266874383436516, 6183726.33195480145514 ], [ 772296.692671419703402, 6183725.427136098966002 ], [ 772297.118468456086703, 6183724.522317397408187 ], [ 772297.544265492353588, 6183723.61749869491905 ], [ 772297.970062528736889, 6183722.712679992429912 ], [ 772298.395859565003775, 6183721.807861290872097 ], [ 772298.821656601387076, 6183720.903042588382959 ], [ 772299.247453637770377, 6183719.998223885893822 ], [ 772299.673250674037263, 6183719.093405184336007 ], [ 772300.099047710420564, 6183718.188586481846869 ], [ 772300.52484474668745, 6183717.283767779357731 ], [ 772300.950641783070751, 6183716.378949076868594 ], [ 772301.376438819337636, 6183715.474130375310779 ], [ 772301.802235855720937, 6183714.569311672821641 ], [ 772302.228032891987823, 6183713.664492970332503 ], [ 772302.653829928371124, 6183712.759674268774688 ], [ 772303.07962696463801, 6183711.854855566285551 ], [ 772303.505424001021311, 6183710.950036863796413 ], [ 772303.931221037288196, 6183710.045218162238598 ], [ 772304.357018073671497, 6183709.14039945974946 ], [ 772304.782815109938383, 6183708.235580757260323 ], [ 772305.208612146321684, 6183707.330762055702507 ], [ 772305.634409182704985, 6183706.42594335321337 ], [ 772306.060206218971871, 6183705.521124650724232 ], [ 772306.486003255355172, 6183704.616305948235095 ], [ 772306.911800291622058, 6183703.711487246677279 ], [ 772307.337597328005359, 6183702.806668544188142 ], [ 772307.763394364272244, 6183701.901849841699004 ], [ 772308.189191400655545, 6183700.997031140141189 ], [ 772308.614988436922431, 6183700.092212437652051 ], [ 772309.040785473305732, 6183699.187393735162914 ], [ 772309.466582509572618, 6183698.282575033605099 ], [ 772309.892379545955919, 6183697.377756331115961 ], [ 772310.318176582222804, 6183696.472937628626823 ], [ 772310.743973618606105, 6183695.568118927069008 ], [ 772311.169770654989406, 6183694.663300224579871 ], [ 772311.595567691256292, 6183693.758481522090733 ], [ 772312.021364727639593, 6183692.853662819601595 ], [ 772312.447161763906479, 6183691.94884411804378 ], [ 772312.87295880028978, 6183691.044025415554643 ], [ 772313.298755836556666, 6183690.139206713065505 ], [ 772313.724552872939967, 6183689.23438801150769 ], [ 772314.150349909206852, 6183688.329569309018552 ], [ 772314.576146945590153, 6183687.424750606529415 ], [ 772315.001943981857039, 6183686.5199319049716 ], [ 772315.42774101824034, 6183685.615113202482462 ], [ 772315.853538054507226, 6183684.710294499993324 ], [ 772316.279335090890527, 6183683.805475798435509 ], [ 772316.705132127157412, 6183682.900657095946372 ], [ 772317.130929163540713, 6183681.995838393457234 ], [ 772317.556726199924015, 6183681.091019691899419 ], [ 772317.9825232361909, 6183680.186200989410281 ], [ 772318.408320272574201, 6183679.281382286921144 ], [ 772318.834117308841087, 6183678.376563584432006 ], [ 772319.259914345224388, 6183677.471744882874191 ], [ 772319.685711381491274, 6183676.566926180385053 ], [ 772320.070285044959746, 6183675.749707145616412 ], [ 772320.406621441943571, 6183674.807965233922005 ], [ 772320.742957838927396, 6183673.866223322227597 ], [ 772321.07929423591122, 6183672.92448141053319 ], [ 772321.415630632895045, 6183671.982739498838782 ], [ 772321.751967029995285, 6183671.040997588075697 ], [ 772322.08830342697911, 6183670.09925567638129 ], [ 772322.424639823962934, 6183669.157513764686882 ], [ 772322.760976220946759, 6183668.215771852992475 ], [ 772323.097312617930584, 6183667.274029941298068 ], [ 772323.433649014914408, 6183666.33228802960366 ], [ 772323.769985411898233, 6183665.390546117909253 ], [ 772324.106321808882058, 6183664.448804206214845 ], [ 772324.442658205865882, 6183663.507062294520438 ], [ 772324.778994602966122, 6183662.56532038282603 ], [ 772325.115330999949947, 6183661.623578472062945 ], [ 772325.451667396933772, 6183660.681836560368538 ], [ 772325.788003793917596, 6183659.74009464867413 ], [ 772326.124340190901421, 6183658.798352736979723 ], [ 772326.460676587885246, 6183657.856610825285316 ], [ 772326.79701298486907, 6183656.914868913590908 ], [ 772327.133349381852895, 6183655.973127001896501 ], [ 772327.469685778953135, 6183655.031385090202093 ], [ 772327.80602217593696, 6183654.089643178507686 ], [ 772328.142358572920784, 6183653.147901267744601 ], [ 772328.478694969904609, 6183652.206159356050193 ], [ 772328.815031366888434, 6183651.264417444355786 ], [ 772329.151367763872258, 6183650.322675532661378 ], [ 772329.487704160856083, 6183649.380933620966971 ], [ 772329.824040557839908, 6183648.439191709272563 ], [ 772330.160376954823732, 6183647.497449797578156 ], [ 772330.496713351923972, 6183646.555707885883749 ], [ 772330.833049748907797, 6183645.613965974189341 ], [ 772331.169386145891622, 6183644.672224063426256 ], [ 772331.505722542875446, 6183643.730482151731849 ], [ 772331.842058939859271, 6183642.788740240037441 ], [ 772332.178395336843096, 6183641.846998328343034 ], [ 772332.51473173382692, 6183640.905256416648626 ], [ 772332.851068130810745, 6183639.963514504954219 ], [ 772333.18740452779457, 6183639.021772593259811 ], [ 772333.52374092489481, 6183638.080030681565404 ], [ 772333.860077321878634, 6183637.138288769870996 ], [ 772334.196413718862459, 6183636.196546858176589 ], [ 772334.532750115846284, 6183635.254804947413504 ], [ 772334.869086512830108, 6183634.313063035719097 ], [ 772335.205422909813933, 6183633.371321124024689 ], [ 772335.541759306797758, 6183632.429579212330282 ], [ 772335.878095703781582, 6183631.487837300635874 ], [ 772336.214432100765407, 6183630.546095388941467 ], [ 772336.550768497865647, 6183629.604353477247059 ], [ 772336.887104894849472, 6183628.662611565552652 ], [ 772337.223441291833296, 6183627.720869653858244 ], [ 772337.559777688817121, 6183626.77912774309516 ], [ 772337.896114085800946, 6183625.837385831400752 ], [ 772338.23245048278477, 6183624.895643919706345 ], [ 772338.568786879768595, 6183623.953902008011937 ], [ 772338.90512327675242, 6183623.01216009631753 ], [ 772339.241459673736244, 6183622.070418184623122 ], [ 772339.577796070836484, 6183621.128676272928715 ], [ 772339.914132467820309, 6183620.186934361234307 ], [ 772340.250468864804134, 6183619.2451924495399 ], [ 772340.586805261787958, 6183618.303450537845492 ], [ 772340.923141658771783, 6183617.361708627082407 ], [ 772341.259478055755608, 6183616.419966715388 ], [ 772341.595814452739432, 6183615.478224803693593 ], [ 772341.932150849723257, 6183614.536482891999185 ], [ 772342.268487246823497, 6183613.594740980304778 ], [ 772342.604823643807322, 6183612.65299906861037 ], [ 772342.941160040791146, 6183611.711257156915963 ], [ 772343.277496437774971, 6183610.769515245221555 ], [ 772343.613832834758796, 6183609.827773333527148 ], [ 772343.95016923174262, 6183608.886031422764063 ], [ 772344.286505628726445, 6183607.944289511069655 ], [ 772344.62284202571027, 6183607.002547599375248 ], [ 772344.959178422694094, 6183606.06080568768084 ], [ 772345.295514819794334, 6183605.119063775986433 ], [ 772345.631851216778159, 6183604.177321864292026 ], [ 772345.968187613761984, 6183603.235579952597618 ], [ 772346.304524010745808, 6183602.293838040903211 ], [ 772346.640860407729633, 6183601.352096129208803 ], [ 772346.977196804713458, 6183600.410354218445718 ], [ 772347.313533201697282, 6183599.468612306751311 ], [ 772347.649869598681107, 6183598.526870395056903 ], [ 772347.986205995664932, 6183597.585128483362496 ], [ 772348.322542392765172, 6183596.643386571668088 ], [ 772348.658878789748996, 6183595.701644659973681 ], [ 772348.995215186732821, 6183594.759902748279274 ], [ 772349.331551583716646, 6183593.818160836584866 ], [ 772349.667887980700471, 6183592.876418924890459 ], [ 772350.004224377684295, 6183591.934677013196051 ], [ 772350.34056077466812, 6183590.992935102432966 ], [ 772350.676897171651945, 6183590.051193190738559 ], [ 772351.013233568635769, 6183589.109451279044151 ], [ 772351.349569965736009, 6183588.167709367349744 ], [ 772351.685906362719834, 6183587.225967455655336 ], [ 772352.022242759703659, 6183586.284225543960929 ], [ 772352.358579156687483, 6183585.342483632266521 ], [ 772352.694915553671308, 6183584.400741720572114 ], [ 772353.031251950655133, 6183583.458999808877707 ], [ 772353.367588347638957, 6183582.517257898114622 ], [ 772353.703924744622782, 6183581.575515986420214 ], [ 772354.040261141606607, 6183580.633774074725807 ], [ 772354.376597538706847, 6183579.692032163031399 ], [ 772354.712933935690671, 6183578.750290251336992 ], [ 772355.049270332674496, 6183577.808548339642584 ], [ 772355.385606729658321, 6183576.866806427948177 ], [ 772355.721943126642145, 6183575.925064516253769 ], [ 772356.05827952362597, 6183574.983322604559362 ], [ 772356.394615920609795, 6183574.041580693796277 ], [ 772356.730952317593619, 6183573.09983878210187 ], [ 772357.067288714693859, 6183572.158096870407462 ], [ 772357.403625111677684, 6183571.216354958713055 ], [ 772357.739961508661509, 6183570.274613047018647 ], [ 772358.076297905645333, 6183569.33287113532424 ], [ 772358.412634302629158, 6183568.391129223629832 ], [ 772358.748970699612983, 6183567.449387311935425 ], [ 772359.085307096596807, 6183566.507645400241017 ], [ 772359.421643493580632, 6183565.56590348854661 ], [ 772359.757979890564457, 6183564.624161577783525 ], [ 772360.094316287664697, 6183563.682419666089118 ], [ 772360.430652684648521, 6183562.74067775439471 ], [ 772360.766989081632346, 6183561.798935842700303 ], [ 772361.103325478616171, 6183560.857193931005895 ], [ 772361.439661875599995, 6183559.915452019311488 ], [ 772361.77599827258382, 6183558.97371010761708 ], [ 772362.112334669567645, 6183558.031968195922673 ], [ 772362.448671066551469, 6183557.090226284228265 ], [ 772362.785007463535294, 6183556.14848437346518 ], [ 772363.121343860635534, 6183555.206742461770773 ], [ 772363.457680257619359, 6183554.265000550076365 ], [ 772363.794016654603183, 6183553.323258638381958 ], [ 772364.130353051587008, 6183552.381516726687551 ], [ 772364.466689448570833, 6183551.439774814993143 ], [ 772364.803025845554657, 6183550.498032903298736 ], [ 772365.139362242538482, 6183549.556290991604328 ], [ 772365.475698639522307, 6183548.614549079909921 ], [ 772365.812035036506131, 6183547.672807168215513 ], [ 772366.148371433606371, 6183546.731065257452428 ], [ 772366.484707830590196, 6183545.789323345758021 ], [ 772366.821044227574021, 6183544.847581434063613 ], [ 772367.157380624557845, 6183543.905839522369206 ], [ 772367.49371702154167, 6183542.964097610674798 ], [ 772367.830053418525495, 6183542.022355698980391 ], [ 772368.166389815509319, 6183541.080613787285984 ], [ 772368.502726212493144, 6183540.138871875591576 ], [ 772368.839062609476969, 6183539.197129963897169 ], [ 772369.175399006577209, 6183538.255388053134084 ], [ 772369.511735403561033, 6183537.313646141439676 ], [ 772369.848071800544858, 6183536.371904229745269 ], [ 772370.184408197528683, 6183535.430162318050861 ], [ 772370.520744594512507, 6183534.488420406356454 ], [ 772370.857080991496332, 6183533.546678494662046 ], [ 772371.193417388480157, 6183532.604936582967639 ], [ 772371.529753785463981, 6183531.663194671273232 ], [ 772371.866090182564221, 6183530.721452759578824 ], [ 772372.202426579548046, 6183529.779710848815739 ], [ 772372.538762976531871, 6183528.837968937121332 ], [ 772372.875099373515695, 6183527.896227025426924 ], [ 772373.21143577049952, 6183526.954485113732517 ], [ 772373.547772167483345, 6183526.012743202038109 ], [ 772373.884108564467169, 6183525.071001290343702 ], [ 772374.220444961450994, 6183524.129259378649294 ], [ 772374.556781358434819, 6183523.187517466954887 ], [ 772374.599765716469847, 6183523.067161264829338 ], [ 772374.812195360776968, 6183522.089984901249409 ], [ 772375.02462500508409, 6183521.112808536738157 ], [ 772375.237054649507627, 6183520.135632173158228 ], [ 772375.449484293814749, 6183519.1584558095783 ], [ 772375.66191393812187, 6183518.181279445067048 ], [ 772375.874343582428992, 6183517.204103081487119 ], [ 772376.086773226736113, 6183516.226926716975868 ], [ 772376.29920287115965, 6183515.249750353395939 ], [ 772376.511632515466772, 6183514.27257398981601 ], [ 772376.724062159773894, 6183513.295397625304759 ], [ 772376.936491804081015, 6183512.31822126172483 ], [ 772377.148921448388137, 6183511.341044898144901 ], [ 772377.361351092811674, 6183510.363868533633649 ], [ 772377.573780737118796, 6183509.38669217005372 ], [ 772377.786210381425917, 6183508.409515805542469 ], [ 772377.998640025733039, 6183507.43233944196254 ], [ 772378.211069670156576, 6183506.455163078382611 ], [ 772378.423499314463697, 6183505.47798671387136 ], [ 772378.635928958770819, 6183504.500810350291431 ], [ 772378.848358603077941, 6183503.523633986711502 ], [ 772379.060788247385062, 6183502.546457622200251 ], [ 772379.273217891808599, 6183501.569281258620322 ], [ 772379.485647536115721, 6183500.592104895040393 ], [ 772379.698077180422843, 6183499.614928530529141 ], [ 772379.910506824729964, 6183498.637752166949213 ], [ 772380.122936469037086, 6183497.660575802437961 ], [ 772380.335366113460623, 6183496.683399438858032 ], [ 772380.547795757767744, 6183495.706223075278103 ], [ 772380.760225402074866, 6183494.729046710766852 ], [ 772380.972655046381988, 6183493.751870347186923 ], [ 772381.185084690689109, 6183492.774693983606994 ], [ 772381.397514335112646, 6183491.797517619095743 ], [ 772381.609943979419768, 6183490.820341255515814 ], [ 772381.822373623726889, 6183489.843164891004562 ], [ 772382.034803268034011, 6183488.865988527424634 ], [ 772382.247232912341133, 6183487.888812163844705 ], [ 772382.45966255676467, 6183486.911635799333453 ], [ 772382.672092201071791, 6183485.934459435753524 ], [ 772382.884521845378913, 6183484.957283072173595 ], [ 772383.096951489686035, 6183483.980106707662344 ], [ 772383.309381134109572, 6183483.002930344082415 ], [ 772383.521810778416693, 6183482.025753980502486 ], [ 772383.734240422723815, 6183481.048577615991235 ], [ 772383.946670067030936, 6183480.071401252411306 ], [ 772384.159099711338058, 6183479.094224887900054 ], [ 772384.371529355761595, 6183478.117048524320126 ], [ 772384.583959000068717, 6183477.139872160740197 ], [ 772384.796388644375838, 6183476.162695796228945 ], [ 772385.00881828868296, 6183475.185519432649016 ], [ 772385.221247932990082, 6183474.208343069069088 ], [ 772385.433677577413619, 6183473.231166704557836 ], [ 772385.64610722172074, 6183472.253990340977907 ], [ 772385.858536866027862, 6183471.276813976466656 ], [ 772386.070966510334983, 6183470.299637612886727 ], [ 772386.283396154642105, 6183469.322461249306798 ], [ 772386.495825799065642, 6183468.345284884795547 ], [ 772386.708255443372764, 6183467.368108521215618 ], [ 772386.920685087679885, 6183466.390932157635689 ], [ 772387.133114731987007, 6183465.413755793124437 ], [ 772387.345544376294129, 6183464.436579429544508 ], [ 772387.557974020717666, 6183463.45940306596458 ], [ 772387.770403665024787, 6183462.482226701453328 ], [ 772387.982833309331909, 6183461.505050337873399 ], [ 772388.19526295363903, 6183460.527873973362148 ], [ 772388.407692598062567, 6183459.550697609782219 ], [ 772388.620122242369689, 6183458.57352124620229 ], [ 772388.832551886676811, 6183457.596344881691039 ], [ 772389.044981530983932, 6183456.61916851811111 ], [ 772389.257411175291054, 6183455.641992154531181 ], [ 772389.469840819714591, 6183454.664815790019929 ], [ 772389.682270464021713, 6183453.687639426440001 ], [ 772389.894700108328834, 6183452.710463061928749 ], [ 772390.107129752635956, 6183451.73328669834882 ], [ 772390.319559396943077, 6183450.756110334768891 ], [ 772390.531989041366614, 6183449.77893397025764 ], [ 772390.744418685673736, 6183448.801757606677711 ], [ 772390.956848329980858, 6183447.824581243097782 ], [ 772391.169277974287979, 6183446.847404878586531 ], [ 772391.381707618595101, 6183445.870228515006602 ], [ 772391.594137263018638, 6183444.893052151426673 ], [ 772391.80656690732576, 6183443.915875786915421 ], [ 772392.018996551632881, 6183442.938699423335493 ], [ 772392.231426195940003, 6183441.961523058824241 ], [ 772392.443855840247124, 6183440.984346695244312 ], [ 772392.656285484670661, 6183440.007170331664383 ], [ 772392.868715128977783, 6183439.029993967153132 ], [ 772393.081144773284905, 6183438.052817603573203 ], [ 772393.293574417592026, 6183437.075641239993274 ], [ 772393.506004062015563, 6183436.098464875482023 ], [ 772393.718433706322685, 6183435.121288511902094 ], [ 772393.930863350629807, 6183434.144112148322165 ], [ 772394.143292994936928, 6183433.166935783810914 ], [ 772394.35572263924405, 6183432.189759420230985 ], [ 772394.568152283667587, 6183431.212583055719733 ], [ 772394.780581927974708, 6183430.235406692139804 ], [ 772394.99301157228183, 6183429.258230328559875 ], [ 772395.205441216588952, 6183428.281053964048624 ], [ 772395.417870860896073, 6183427.303877600468695 ], [ 772395.63030050531961, 6183426.326701236888766 ], [ 772395.842730149626732, 6183425.349524872377515 ], [ 772396.055159793933854, 6183424.372348508797586 ], [ 772396.267589438240975, 6183423.395172144286335 ], [ 772396.480019082548097, 6183422.417995780706406 ], [ 772396.692448726971634, 6183421.440819417126477 ], [ 772396.904878371278755, 6183420.463643052615225 ], [ 772397.117308015585877, 6183419.486466689035296 ], [ 772397.329737659892999, 6183418.509290325455368 ], [ 772397.54216730420012, 6183417.532113960944116 ], [ 772397.754596948623657, 6183416.554937597364187 ], [ 772397.967026592930779, 6183415.577761233784258 ], [ 772398.1794562372379, 6183414.600584869273007 ], [ 772398.391885881545022, 6183413.623408505693078 ], [ 772398.604315525852144, 6183412.646232141181827 ], [ 772398.816745170275681, 6183411.669055777601898 ], [ 772399.029174814582802, 6183410.691879414021969 ], [ 772399.241604458889924, 6183409.714703049510717 ], [ 772399.454034103197046, 6183408.737526685930789 ], [ 772399.666463747620583, 6183407.76035032235086 ], [ 772399.878893391927704, 6183406.783173957839608 ], [ 772400.091323036234826, 6183405.805997594259679 ], [ 772400.303752680541947, 6183404.828821229748428 ], [ 772400.516182324849069, 6183403.851644866168499 ], [ 772400.728611969272606, 6183402.87446850258857 ], [ 772400.941041613579728, 6183401.897292138077319 ], [ 772401.153471257886849, 6183400.92011577449739 ], [ 772401.365900902193971, 6183399.942939410917461 ], [ 772401.578330546501093, 6183398.965763046406209 ], [ 772401.79076019092463, 6183397.988586682826281 ], [ 772402.003189835231751, 6183397.011410319246352 ], [ 772402.215619479538873, 6183396.0342339547351 ], [ 772402.428049123845994, 6183395.057057591155171 ], [ 772402.640478768153116, 6183394.07988122664392 ], [ 772402.852908412576653, 6183393.102704863063991 ], [ 772403.065338056883775, 6183392.125528499484062 ], [ 772403.277767701190896, 6183391.148352134972811 ], [ 772403.490197345498018, 6183390.171175771392882 ], [ 772403.70262698980514, 6183389.193999407812953 ], [ 772403.915056634228677, 6183388.216823043301702 ], [ 772404.127486278535798, 6183387.239646679721773 ], [ 772404.33991592284292, 6183386.262470315210521 ], [ 772404.552345567150041, 6183385.285293951630592 ], [ 772404.764775211573578, 6183384.308117588050663 ], [ 772404.9772048558807, 6183383.330941223539412 ], [ 772405.189634500187822, 6183382.353764859959483 ], [ 772405.402064144494943, 6183381.376588496379554 ], [ 772405.614493788802065, 6183380.399412131868303 ], [ 772405.826923433225602, 6183379.422235768288374 ], [ 772406.039353077532724, 6183378.445059404708445 ], [ 772406.251782721839845, 6183377.467883040197194 ], [ 772406.464212366146967, 6183376.490706676617265 ], [ 772406.676642010454088, 6183375.513530312106013 ], [ 772406.889071654877625, 6183374.536353948526084 ], [ 772407.101501299184747, 6183373.559177584946156 ], [ 772407.313930943491869, 6183372.582001220434904 ], [ 772407.52636058779899, 6183371.604824856854975 ], [ 772407.738790232106112, 6183370.627648493275046 ], [ 772407.951219876529649, 6183369.650472128763795 ], [ 772408.163649520836771, 6183368.673295765183866 ], [ 772408.376079165143892, 6183367.696119400672615 ], [ 772408.588508809451014, 6183366.718943037092686 ], [ 772408.800938453758135, 6183365.741766673512757 ], [ 772409.013368098181672, 6183364.764590309001505 ], [ 772409.225797742488794, 6183363.787413945421576 ], [ 772409.438227386795916, 6183362.810237581841648 ], [ 772409.650657031103037, 6183361.833061217330396 ], [ 772409.863086675526574, 6183360.855884853750467 ], [ 772410.075516319833696, 6183359.878708490170538 ], [ 772410.287945964140818, 6183358.901532125659287 ], [ 772410.500375608447939, 6183357.924355762079358 ], [ 772410.712805252755061, 6183356.947179397568107 ], [ 772410.925234897178598, 6183355.970003033988178 ], [ 772411.137664541485719, 6183354.992826670408249 ], [ 772411.350094185792841, 6183354.015650305896997 ], [ 772411.562523830099963, 6183353.038473942317069 ], [ 772411.774953474407084, 6183352.06129757873714 ], [ 772411.987383118830621, 6183351.084121214225888 ], [ 772412.199812763137743, 6183350.106944850645959 ], [ 772412.412242407444865, 6183349.129768486134708 ], [ 772412.624672051751986, 6183348.152592122554779 ], [ 772412.837101696059108, 6183347.17541575897485 ], [ 772413.049531340482645, 6183346.198239394463599 ], [ 772413.261960984789766, 6183345.22106303088367 ], [ 772413.474390629096888, 6183344.243886667303741 ], [ 772413.68682027340401, 6183343.26671030279249 ], [ 772413.899249917711131, 6183342.289533939212561 ], [ 772414.111679562134668, 6183341.312357575632632 ], [ 772414.32410920644179, 6183340.33518121112138 ], [ 772414.536538850748911, 6183339.358004847541451 ], [ 772414.748968495056033, 6183338.3808284830302 ], [ 772414.96139813947957, 6183337.403652119450271 ], [ 772415.173827783786692, 6183336.426475755870342 ], [ 772415.386257428093813, 6183335.449299391359091 ], [ 772415.598687072400935, 6183334.472123027779162 ], [ 772415.811116716708057, 6183333.494946664199233 ], [ 772416.023546361131594, 6183332.517770299687982 ], [ 772416.235976005438715, 6183331.540593936108053 ], [ 772416.448405649745837, 6183330.563417571596801 ], [ 772416.660835294052958, 6183329.586241208016872 ], [ 772416.87326493836008, 6183328.609064844436944 ], [ 772417.085694582783617, 6183327.631888479925692 ], [ 772417.298124227090739, 6183326.654712116345763 ], [ 772417.51055387139786, 6183325.677535752765834 ], [ 772417.722983515704982, 6183324.700359388254583 ], [ 772417.935413160012104, 6183323.723183024674654 ], [ 772418.147842804435641, 6183322.746006661094725 ], [ 772418.360272448742762, 6183321.768830296583474 ], [ 772418.572702093049884, 6183320.791653933003545 ], [ 772418.785131737357005, 6183319.814477568492293 ], [ 772418.997561381664127, 6183318.837301204912364 ], [ 772419.209991026087664, 6183317.860124841332436 ], [ 772419.422420670394786, 6183316.882948476821184 ], [ 772419.634850314701907, 6183315.905772113241255 ], [ 772419.847279959009029, 6183314.928595749661326 ], [ 772420.059709603316151, 6183313.951419385150075 ], [ 772420.272139247739688, 6183312.974243021570146 ], [ 772420.484568892046809, 6183311.997066657058895 ], [ 772420.696998536353931, 6183311.019890293478966 ], [ 772420.909428180661052, 6183310.042713929899037 ], [ 772421.121857825084589, 6183309.065537565387785 ], [ 772421.334287469391711, 6183308.088361201807857 ], [ 772421.546717113698833, 6183307.111184838227928 ], [ 772421.759146758005954, 6183306.134008473716676 ], [ 772421.971576402313076, 6183305.156832110136747 ], [ 772422.184006046736613, 6183304.179655746556818 ], [ 772422.396435691043735, 6183303.202479382045567 ], [ 772422.608865335350856, 6183302.225303018465638 ], [ 772422.821294979657978, 6183301.248126653954387 ], [ 772423.033724623965099, 6183300.270950290374458 ], [ 772423.246154268388636, 6183299.293773926794529 ], [ 772423.458583912695758, 6183298.316597562283278 ], [ 772423.67101355700288, 6183297.339421198703349 ], [ 772423.883443201310001, 6183296.36224483512342 ], [ 772424.095872845617123, 6183295.385068470612168 ], [ 772424.30830249004066, 6183294.407892107032239 ], [ 772424.520732134347782, 6183293.430715742520988 ], [ 772424.733161778654903, 6183292.453539378941059 ], [ 772424.945591422962025, 6183291.47636301536113 ], [ 772425.158021067269146, 6183290.499186650849879 ], [ 772425.370450711692683, 6183289.52201028726995 ], [ 772425.582880355999805, 6183288.544833923690021 ], [ 772425.795310000306927, 6183287.56765755917877 ], [ 772426.007739644614048, 6183286.590481195598841 ], [ 772426.220169289037585, 6183285.613304832018912 ], [ 772426.432598933344707, 6183284.63612846750766 ], [ 772426.645028577651829, 6183283.658952103927732 ], [ 772426.85745822195895, 6183282.68177573941648 ], [ 772427.069887866266072, 6183281.704599375836551 ], [ 772427.282317510689609, 6183280.727423012256622 ], [ 772427.49474715499673, 6183279.750246647745371 ], [ 772427.707176799303852, 6183278.773070284165442 ], [ 772427.919606443610974, 6183277.795893920585513 ], [ 772428.132036087918095, 6183276.818717556074262 ], [ 772428.344465732341632, 6183275.841541192494333 ], [ 772428.556895376648754, 6183274.864364828914404 ], [ 772428.769325020955876, 6183273.887188464403152 ], [ 772428.981754665262997, 6183272.910012100823224 ], [ 772429.129246388096362, 6183272.231550175696611 ], [ 772429.35410589480307, 6183271.257158979773521 ], [ 772429.578965401509777, 6183270.282767783850431 ], [ 772429.803824908216484, 6183269.308376588858664 ], [ 772430.028684414923191, 6183268.333985392935574 ], [ 772430.253543921629898, 6183267.359594197012484 ], [ 772430.478403428336605, 6183266.385203001089394 ], [ 772430.703262935043313, 6183265.410811806097627 ], [ 772430.928122441633604, 6183264.436420610174537 ], [ 772431.152981948340312, 6183263.462029414251447 ], [ 772431.377841455047019, 6183262.487638218328357 ], [ 772431.602700961753726, 6183261.513247023336589 ], [ 772431.827560468460433, 6183260.538855827413499 ], [ 772432.05241997516714, 6183259.564464631490409 ], [ 772432.277279481873848, 6183258.590073435567319 ], [ 772432.502138988580555, 6183257.615682240575552 ], [ 772432.726998495287262, 6183256.641291044652462 ], [ 772432.951858001993969, 6183255.666899848729372 ], [ 772433.176717508700676, 6183254.692508652806282 ], [ 772433.401577015407383, 6183253.718117457814515 ], [ 772433.626436522114091, 6183252.743726261891425 ], [ 772433.851296028820798, 6183251.769335065968335 ], [ 772434.076155535527505, 6183250.794943870045245 ], [ 772434.301015042117797, 6183249.820552675053477 ], [ 772434.525874548824504, 6183248.846161479130387 ], [ 772434.750734055531211, 6183247.871770283207297 ], [ 772434.975593562237918, 6183246.897379087284207 ], [ 772435.200453068944626, 6183245.92298789229244 ], [ 772435.425312575651333, 6183244.94859669636935 ], [ 772435.65017208235804, 6183243.97420550044626 ], [ 772435.875031589064747, 6183242.99981430452317 ], [ 772436.099891095771454, 6183242.025423109531403 ], [ 772436.324750602478161, 6183241.051031913608313 ], [ 772436.549610109184869, 6183240.076640717685223 ], [ 772436.774469615891576, 6183239.102249521762133 ], [ 772436.999329122598283, 6183238.127858326770365 ], [ 772437.22418862930499, 6183237.153467130847275 ], [ 772437.449048136011697, 6183236.179075934924185 ], [ 772437.673907642601989, 6183235.204684739001095 ], [ 772437.898767149308696, 6183234.230293544009328 ], [ 772438.123626656015404, 6183233.255902348086238 ], [ 772438.348486162722111, 6183232.281511152163148 ], [ 772438.573345669428818, 6183231.307119956240058 ], [ 772438.798205176135525, 6183230.332728761248291 ], [ 772439.023064682842232, 6183229.358337565325201 ], [ 772439.247924189548939, 6183228.383946369402111 ], [ 772439.472783696255647, 6183227.409555173479021 ], [ 772439.697643202962354, 6183226.435163978487253 ], [ 772439.922502709669061, 6183225.460772782564163 ], [ 772440.147362216375768, 6183224.486381586641073 ], [ 772440.372221723082475, 6183223.511990390717983 ], [ 772440.597081229789183, 6183222.537599195726216 ], [ 772440.82194073649589, 6183221.563207999803126 ], [ 772441.046800243086182, 6183220.588816803880036 ], [ 772441.271659749792889, 6183219.614425607956946 ], [ 772441.496519256499596, 6183218.640034412033856 ], [ 772441.721378763206303, 6183217.665643217042089 ], [ 772441.94623826991301, 6183216.691252021118999 ], [ 772442.171097776619717, 6183215.716860825195909 ], [ 772442.395957283326425, 6183214.742469629272819 ], [ 772442.620816790033132, 6183213.768078434281051 ], [ 772442.845676296739839, 6183212.793687238357961 ], [ 772443.070535803446546, 6183211.819296042434871 ], [ 772443.295395310153253, 6183210.844904846511781 ], [ 772443.520254816859961, 6183209.870513651520014 ], [ 772443.745114323566668, 6183208.896122455596924 ], [ 772443.969973830273375, 6183207.921731259673834 ], [ 772444.194833336980082, 6183206.947340063750744 ], [ 772444.419692843570374, 6183205.972948868758976 ], [ 772444.644552350277081, 6183204.998557672835886 ], [ 772444.869411856983788, 6183204.024166476912796 ], [ 772445.094271363690495, 6183203.049775280989707 ], [ 772445.319130870397203, 6183202.075384085997939 ], [ 772445.54399037710391, 6183201.100992890074849 ], [ 772445.768849883810617, 6183200.126601694151759 ], [ 772445.993709390517324, 6183199.152210498228669 ], [ 772446.218568897224031, 6183198.177819303236902 ], [ 772446.443428403930739, 6183197.203428107313812 ], [ 772446.668287910637446, 6183196.229036911390722 ], [ 772446.893147417344153, 6183195.254645715467632 ], [ 772447.11800692405086, 6183194.280254520475864 ], [ 772447.342866430757567, 6183193.305863324552774 ], [ 772447.567725937464274, 6183192.331472128629684 ], [ 772447.792585444054566, 6183191.357080932706594 ], [ 772448.017444950761274, 6183190.382689737714827 ], [ 772448.242304457467981, 6183189.408298541791737 ], [ 772448.467163964174688, 6183188.433907345868647 ], [ 772448.692023470881395, 6183187.459516149945557 ], [ 772448.916882977588102, 6183186.48512495495379 ], [ 772449.141742484294809, 6183185.5107337590307 ], [ 772449.366601991001517, 6183184.53634256310761 ], [ 772449.591461497708224, 6183183.56195136718452 ], [ 772449.816321004414931, 6183182.587560172192752 ], [ 772450.041180511121638, 6183181.613168976269662 ], [ 772450.266040017828345, 6183180.638777780346572 ], [ 772450.490899524535052, 6183179.664386584423482 ], [ 772450.71575903124176, 6183178.689995389431715 ], [ 772450.940618537948467, 6183177.715604193508625 ], [ 772451.165478044538759, 6183176.741212997585535 ], [ 772451.390337551245466, 6183175.766821801662445 ], [ 772451.615197057952173, 6183174.792430606670678 ], [ 772451.84005656465888, 6183173.818039410747588 ], [ 772452.064916071365587, 6183172.843648214824498 ], [ 772452.289775578072295, 6183171.869257018901408 ], [ 772452.514635084779002, 6183170.89486582390964 ], [ 772452.739494591485709, 6183169.92047462798655 ], [ 772452.964354098192416, 6183168.94608343206346 ], [ 772453.189213604899123, 6183167.97169223614037 ], [ 772453.41407311160583, 6183166.99730104021728 ], [ 772453.638932618312538, 6183166.022909845225513 ], [ 772453.863792125019245, 6183165.048518649302423 ], [ 772454.088651631725952, 6183164.074127453379333 ], [ 772454.313511138432659, 6183163.099736257456243 ], [ 772454.538370645022951, 6183162.125345062464476 ], [ 772454.763230151729658, 6183161.150953866541386 ], [ 772454.988089658436365, 6183160.176562670618296 ], [ 772455.212949165143073, 6183159.202171474695206 ], [ 772455.43780867184978, 6183158.227780279703438 ], [ 772455.662668178556487, 6183157.253389083780348 ], [ 772455.887527685263194, 6183156.278997887857258 ], [ 772456.112387191969901, 6183155.304606691934168 ], [ 772456.337246698676609, 6183154.330215496942401 ], [ 772456.562106205383316, 6183153.355824301019311 ], [ 772456.786965712090023, 6183152.381433105096221 ], [ 772457.01182521879673, 6183151.407041909173131 ], [ 772457.236684725503437, 6183150.432650714181364 ], [ 772457.461544232210144, 6183149.458259518258274 ], [ 772457.686403738916852, 6183148.483868322335184 ], [ 772457.911263245507143, 6183147.509477126412094 ], [ 772458.136122752213851, 6183146.535085931420326 ], [ 772458.360982258920558, 6183145.560694735497236 ], [ 772458.585841765627265, 6183144.586303539574146 ], [ 772458.810701272333972, 6183143.611912343651056 ], [ 772459.035560779040679, 6183142.637521148659289 ], [ 772459.260420285747387, 6183141.663129952736199 ], [ 772459.485279792454094, 6183140.688738756813109 ], [ 772459.710139299160801, 6183139.714347560890019 ], [ 772459.934998805867508, 6183138.739956365898252 ], [ 772460.159858312574215, 6183137.765565169975162 ], [ 772460.384717819280922, 6183136.791173974052072 ], [ 772460.60957732598763, 6183135.816782778128982 ], [ 772460.834436832694337, 6183134.842391583137214 ], [ 772461.059296339401044, 6183133.868000387214124 ], [ 772461.284155845991336, 6183132.893609191291034 ], [ 772461.509015352698043, 6183131.919217995367944 ], [ 772461.73387485940475, 6183130.944826800376177 ], [ 772461.846934791072272, 6183130.454900429584086 ], [ 772462.234991791076027, 6183129.533265054225922 ], [ 772462.623048791196197, 6183128.611629678867757 ], [ 772463.011105791199952, 6183127.689994304440916 ], [ 772463.399162791320123, 6183126.768358929082751 ], [ 772463.787219791323878, 6183125.846723553724587 ], [ 772464.175276791444048, 6183124.925088178366423 ], [ 772464.563333791447803, 6183124.003452803939581 ], [ 772464.951390791567974, 6183123.081817428581417 ], [ 772465.339447791571729, 6183122.160182053223252 ], [ 772465.727504791691899, 6183121.238546677865088 ], [ 772466.115561791695654, 6183120.316911303438246 ], [ 772466.503618791815825, 6183119.395275928080082 ], [ 772466.89167579181958, 6183118.473640552721918 ], [ 772467.27973279193975, 6183117.552005177363753 ], [ 772467.667789791943505, 6183116.630369802936912 ], [ 772468.05584679194726, 6183115.708734427578747 ], [ 772468.443903792067431, 6183114.787099052220583 ], [ 772468.831960792071186, 6183113.865463676862419 ], [ 772469.220017792191356, 6183112.943828301504254 ], [ 772469.608074792195112, 6183112.022192927077413 ], [ 772469.996131792315282, 6183111.100557551719248 ], [ 772470.384188792319037, 6183110.178922176361084 ], [ 772470.772245792439207, 6183109.25728680100292 ], [ 772471.160302792442963, 6183108.335651426576078 ], [ 772471.548359792563133, 6183107.414016051217914 ], [ 772471.936416792566888, 6183106.492380675859749 ], [ 772472.324473792687058, 6183105.570745300501585 ], [ 772472.712530792690814, 6183104.649109926074743 ], [ 772473.100587792694569, 6183103.727474550716579 ], [ 772473.488644792814739, 6183102.805839175358415 ], [ 772473.876701792818494, 6183101.88420380000025 ], [ 772474.264758792938665, 6183100.962568425573409 ], [ 772474.65281579294242, 6183100.040933050215244 ], [ 772475.04087279306259, 6183099.11929767485708 ], [ 772475.428929793066345, 6183098.197662299498916 ], [ 772475.816986793186516, 6183097.276026925072074 ], [ 772476.205043793190271, 6183096.35439154971391 ], [ 772476.593100793310441, 6183095.432756174355745 ], [ 772476.981157793314196, 6183094.511120798997581 ], [ 772477.369214793434367, 6183093.589485423639417 ], [ 772477.757271793438122, 6183092.667850049212575 ], [ 772478.145328793558292, 6183091.746214673854411 ], [ 772478.533385793562047, 6183090.824579298496246 ], [ 772478.921442793565802, 6183089.902943923138082 ], [ 772479.309499793685973, 6183088.98130854871124 ], [ 772479.697556793689728, 6183088.059673173353076 ], [ 772480.085613793809898, 6183087.138037797994912 ], [ 772480.473670793813653, 6183086.216402422636747 ], [ 772480.861727793933824, 6183085.294767048209906 ], [ 772481.249784793937579, 6183084.373131672851741 ], [ 772481.637841794057749, 6183083.451496297493577 ], [ 772482.025898794061504, 6183082.529860922135413 ], [ 772482.413955794181675, 6183081.608225547708571 ], [ 772482.80201279418543, 6183080.686590172350407 ], [ 772483.1900697943056, 6183079.764954796992242 ], [ 772483.578126794309355, 6183078.843319421634078 ], [ 772483.966183794429526, 6183077.921684046275914 ], [ 772484.354240794433281, 6183077.000048671849072 ], [ 772484.742297794437036, 6183076.078413296490908 ], [ 772485.130354794557206, 6183075.156777921132743 ], [ 772485.518411794560961, 6183074.235142545774579 ], [ 772485.906468794681132, 6183073.313507171347737 ], [ 772486.294525794684887, 6183072.391871795989573 ], [ 772486.682582794805057, 6183071.470236420631409 ], [ 772487.070639794808812, 6183070.548601045273244 ], [ 772487.458696794928983, 6183069.626965670846403 ], [ 772487.846753794932738, 6183068.705330295488238 ], [ 772488.234810795052908, 6183067.783694920130074 ], [ 772488.622867795056663, 6183066.86205954477191 ], [ 772489.010924795176834, 6183065.940424170345068 ], [ 772489.398981795180589, 6183065.018788794986904 ], [ 772489.787038795300759, 6183064.097153419628739 ], [ 772490.175095795304514, 6183063.175518044270575 ], [ 772490.56315279530827, 6183062.253882668912411 ], [ 772490.95120979542844, 6183061.332247294485569 ], [ 772491.339266795432195, 6183060.410611919127405 ], [ 772491.727323795552365, 6183059.48897654376924 ], [ 772492.115380795556121, 6183058.567341168411076 ], [ 772492.503437795676291, 6183057.645705793984234 ], [ 772492.891494795680046, 6183056.72407041862607 ], [ 772493.279551795800216, 6183055.802435043267906 ], [ 772493.667608795803972, 6183054.880799667909741 ], [ 772494.055665795924142, 6183053.9591642934829 ], [ 772494.443722795927897, 6183053.037528918124735 ], [ 772494.831779796048068, 6183052.115893542766571 ], [ 772495.219836796051823, 6183051.194258167408407 ], [ 772495.607893796055578, 6183050.272622792981565 ], [ 772495.995950796175748, 6183049.350987417623401 ], [ 772496.384007796179503, 6183048.429352042265236 ], [ 772496.772064796299674, 6183047.507716666907072 ], [ 772497.160121796303429, 6183046.586081291548908 ], [ 772497.548178796423599, 6183045.664445917122066 ], [ 772497.936235796427354, 6183044.742810541763902 ], [ 772498.324292796547525, 6183043.821175166405737 ], [ 772498.71234979655128, 6183042.899539791047573 ], [ 772499.10040679667145, 6183041.977904416620731 ], [ 772499.488463796675205, 6183041.056269041262567 ], [ 772499.876520796795376, 6183040.134633665904403 ], [ 772500.264577796799131, 6183039.212998290546238 ], [ 772500.652634796919301, 6183038.291362916119397 ], [ 772501.040691796923056, 6183037.369727540761232 ], [ 772501.428748796926811, 6183036.448092165403068 ], [ 772501.816805797046982, 6183035.526456790044904 ], [ 772502.204862797050737, 6183034.604821415618062 ], [ 772502.592919797170907, 6183033.683186040259898 ], [ 772502.980976797174662, 6183032.761550664901733 ], [ 772503.369033797294833, 6183031.839915289543569 ], [ 772503.757090797298588, 6183030.918279915116727 ], [ 772504.145147797418758, 6183029.996644539758563 ], [ 772504.533204797422513, 6183029.075009164400399 ], [ 772504.921261797542684, 6183028.153373789042234 ], [ 772505.309318797546439, 6183027.23173841368407 ], [ 772505.697375797666609, 6183026.310103039257228 ], [ 772506.085432797670364, 6183025.388467663899064 ], [ 772506.473489797790535, 6183024.4668322885409 ], [ 772506.86154679779429, 6183023.545196913182735 ], [ 772507.249603797798045, 6183022.623561538755894 ], [ 772507.637660797918215, 6183021.701926163397729 ], [ 772508.02571779792197, 6183020.780290788039565 ], [ 772508.413774798042141, 6183019.858655412681401 ], [ 772508.801831798045896, 6183018.937020038254559 ], [ 772509.189888798166066, 6183018.015384662896395 ], [ 772509.577945798169822, 6183017.09374928753823 ], [ 772509.966002798289992, 6183016.172113912180066 ], [ 772510.354059798293747, 6183015.250478537753224 ], [ 772510.742116798413917, 6183014.32884316239506 ], [ 772511.130173798417673, 6183013.407207787036896 ], [ 772511.518230798537843, 6183012.485572411678731 ], [ 772511.906287798541598, 6183011.563937036320567 ], [ 772512.294344798661768, 6183010.642301661893725 ], [ 772512.682401798665524, 6183009.720666286535561 ], [ 772513.070458798669279, 6183008.799030911177397 ], [ 772513.458515798789449, 6183007.877395535819232 ], [ 772513.846572798793204, 6183006.955760161392391 ], [ 772514.234629798913375, 6183006.034124786034226 ], [ 772514.62268679891713, 6183005.112489410676062 ], [ 772515.0107437990373, 6183004.190854035317898 ], [ 772515.398800799041055, 6183003.269218660891056 ], [ 772515.786857799161226, 6183002.347583285532892 ], [ 772516.174914799164981, 6183001.425947910174727 ], [ 772516.562971799285151, 6183000.504312534816563 ], [ 772516.951028799288906, 6182999.582677160389721 ], [ 772517.339085799409077, 6182998.661041785031557 ], [ 772517.727142799412832, 6182997.739406409673393 ], [ 772518.115199799416587, 6182996.817771034315228 ], [ 772518.503256799536757, 6182995.896135658957064 ], [ 772518.891313799540512, 6182994.974500284530222 ], [ 772519.279370799660683, 6182994.052864909172058 ], [ 772519.667427799664438, 6182993.131229533813894 ], [ 772520.055484799784608, 6182992.209594158455729 ], [ 772520.443541799788363, 6182991.287958784028888 ], [ 772520.831598799908534, 6182990.366323408670723 ], [ 772521.219655799912289, 6182989.444688033312559 ], [ 772521.607712800032459, 6182988.523052657954395 ], [ 772521.995769800036214, 6182987.601417283527553 ], [ 772522.383826800156385, 6182986.679781908169389 ], [ 772522.77188380016014, 6182985.758146532811224 ], [ 772523.15994080028031, 6182984.83651115745306 ], [ 772523.547997800284065, 6182983.914875783026218 ], [ 772523.93605480028782, 6182982.993240407668054 ], [ 772524.324111800407991, 6182982.07160503230989 ], [ 772524.712168800411746, 6182981.149969656951725 ], [ 772525.100225800531916, 6182980.228334282524884 ], [ 772525.488282800535671, 6182979.306698907166719 ], [ 772525.876339800655842, 6182978.385063531808555 ], [ 772526.264396800659597, 6182977.463428156450391 ], [ 772526.652453800779767, 6182976.541792781092227 ], [ 772527.040510800783522, 6182975.620157406665385 ], [ 772527.428567800903693, 6182974.69852203130722 ], [ 772527.816624800907448, 6182973.776886655949056 ], [ 772528.204681801027618, 6182972.855251280590892 ], [ 772528.592738801031373, 6182971.93361590616405 ], [ 772528.980795801151544, 6182971.011980530805886 ], [ 772529.368852801155299, 6182970.090345155447721 ], [ 772529.756909801159054, 6182969.168709780089557 ], [ 772530.144966801279224, 6182968.247074405662715 ], [ 772530.53302380128298, 6182967.325439030304551 ], [ 772530.92108080140315, 6182966.403803654946387 ], [ 772531.309137801406905, 6182965.482168279588223 ], [ 772531.697194801527075, 6182964.560532905161381 ], [ 772532.085251801530831, 6182963.638897529803216 ], [ 772532.473308801651001, 6182962.717262154445052 ], [ 772532.861365801654756, 6182961.795626779086888 ], [ 772533.249422801774926, 6182960.873991403728724 ], [ 772533.637479801778682, 6182959.952356029301882 ], [ 772534.025536801898852, 6182959.030720653943717 ], [ 772534.413593801902607, 6182958.109085278585553 ], [ 772534.801650802022777, 6182957.187449903227389 ], [ 772535.189707802026533, 6182956.265814528800547 ], [ 772535.577764802030288, 6182955.344179153442383 ], [ 772535.965821802150458, 6182954.422543778084219 ], [ 772536.353878802154213, 6182953.500908402726054 ], [ 772536.741935802274384, 6182952.579273028299212 ], [ 772537.129992802278139, 6182951.657637652941048 ], [ 772537.518049802398309, 6182950.736002277582884 ], [ 772537.906106802402064, 6182949.81436690222472 ], [ 772538.294163802522235, 6182948.892731527797878 ], [ 772538.68222080252599, 6182947.971096152439713 ], [ 772539.07027780264616, 6182947.049460777081549 ], [ 772539.458334802649915, 6182946.127825401723385 ], [ 772539.846391802770086, 6182945.206190026365221 ], [ 772540.234448802773841, 6182944.284554651938379 ], [ 772540.622505802777596, 6182943.362919276580215 ], [ 772541.010562802897766, 6182942.44128390122205 ], [ 772541.398619802901521, 6182941.519648525863886 ], [ 772541.786676803021692, 6182940.598013151437044 ], [ 772542.174733803025447, 6182939.67637777607888 ], [ 772542.562790803145617, 6182938.754742400720716 ], [ 772542.950847803149372, 6182937.833107025362551 ], [ 772543.338904803269543, 6182936.911471650935709 ], [ 772543.726961803273298, 6182935.989836275577545 ], [ 772544.115018803393468, 6182935.068200900219381 ], [ 772544.503075803397223, 6182934.146565524861217 ], [ 772544.891132803517394, 6182933.224930150434375 ], [ 772545.279189803521149, 6182932.30329477507621 ], [ 772545.667246803641319, 6182931.381659399718046 ], [ 772546.055303803645074, 6182930.460024024359882 ], [ 772546.443360803648829, 6182929.53838864993304 ], [ 772546.831417803769, 6182928.616753274574876 ], [ 772547.219474803772755, 6182927.695117899216712 ], [ 772547.607531803892925, 6182926.773482523858547 ], [ 772547.99558880389668, 6182925.851847148500383 ], [ 772548.383645804016851, 6182924.930211774073541 ], [ 772548.771702804020606, 6182924.008576398715377 ], [ 772549.094103865674697, 6182923.242873877286911 ], [ 772549.397307522944175, 6182922.28994809743017 ], [ 772549.700511180213653, 6182921.337022317573428 ], [ 772550.00371483748313, 6182920.384096536785364 ], [ 772550.306918494752608, 6182919.431170756928623 ], [ 772550.610122152022086, 6182918.478244977071881 ], [ 772550.913325809291564, 6182917.52531919721514 ], [ 772551.216529466561042, 6182916.572393417358398 ], [ 772551.51973312383052, 6182915.619467637501657 ], [ 772551.822936781216413, 6182914.666541856713593 ], [ 772552.126140438485891, 6182913.713616076856852 ], [ 772552.429344095755368, 6182912.76069029700011 ], [ 772552.732547753024846, 6182911.807764517143369 ], [ 772553.035751410294324, 6182910.854838737286627 ], [ 772553.338955067563802, 6182909.901912957429886 ], [ 772553.64215872483328, 6182908.948987176641822 ], [ 772553.945362382102758, 6182907.99606139678508 ], [ 772554.248566039372236, 6182907.043135616928339 ], [ 772554.551769696641713, 6182906.090209837071598 ], [ 772554.854973353911191, 6182905.137284057214856 ], [ 772555.158177011180669, 6182904.184358277358115 ], [ 772555.461380668450147, 6182903.231432496570051 ], [ 772555.764584325719625, 6182902.278506716713309 ], [ 772556.067787982989103, 6182901.325580936856568 ], [ 772556.37099164025858, 6182900.372655156999826 ], [ 772556.674195297644474, 6182899.419729377143085 ], [ 772556.977398954913951, 6182898.466803597286344 ], [ 772557.280602612183429, 6182897.51387781649828 ], [ 772557.583806269452907, 6182896.560952036641538 ], [ 772557.887009926722385, 6182895.608026256784797 ], [ 772558.190213583991863, 6182894.655100476928055 ], [ 772558.493417241261341, 6182893.702174697071314 ], [ 772558.796620898530819, 6182892.749248917214572 ], [ 772559.099824555800296, 6182891.796323136426508 ], [ 772559.403028213069774, 6182890.843397356569767 ], [ 772559.706231870339252, 6182889.890471576713026 ], [ 772560.00943552760873, 6182888.937545796856284 ], [ 772560.312639184878208, 6182887.984620016999543 ], [ 772560.615842842147686, 6182887.031694237142801 ], [ 772560.919046499417163, 6182886.078768456354737 ], [ 772561.222250156686641, 6182885.125842676497996 ], [ 772561.525453814072534, 6182884.172916896641254 ], [ 772561.828657471342012, 6182883.219991116784513 ], [ 772562.13186112861149, 6182882.267065336927772 ], [ 772562.435064785880968, 6182881.31413955707103 ], [ 772562.738268443150446, 6182880.361213776282966 ], [ 772563.041472100419924, 6182879.408287996426225 ], [ 772563.344675757689402, 6182878.455362216569483 ], [ 772563.647879414958879, 6182877.502436436712742 ], [ 772563.951083072228357, 6182876.549510656856 ], [ 772564.254286729497835, 6182875.596584876999259 ], [ 772564.557490386767313, 6182874.643659096211195 ], [ 772564.860694044036791, 6182873.690733316354454 ], [ 772565.163897701306269, 6182872.737807536497712 ], [ 772565.467101358575746, 6182871.784881756640971 ], [ 772565.770305015845224, 6182870.831955976784229 ], [ 772566.073508673114702, 6182869.879030196927488 ], [ 772566.376712330500595, 6182868.926104416139424 ], [ 772566.679915987770073, 6182867.973178636282682 ], [ 772566.983119645039551, 6182867.020252856425941 ], [ 772567.286323302309029, 6182866.0673270765692 ], [ 772567.589526959578507, 6182865.114401296712458 ], [ 772567.892730616847984, 6182864.161475516855717 ], [ 772568.195934274117462, 6182863.208549736067653 ], [ 772568.49913793138694, 6182862.255623956210911 ], [ 772568.802341588656418, 6182861.30269817635417 ], [ 772569.105545245925896, 6182860.349772396497428 ], [ 772569.408748903195374, 6182859.396846616640687 ], [ 772569.711952560464852, 6182858.443920836783946 ], [ 772570.015156217734329, 6182857.490995055995882 ], [ 772570.318359875003807, 6182856.53806927613914 ], [ 772570.621563532273285, 6182855.585143496282399 ], [ 772570.924767189542763, 6182854.632217716425657 ], [ 772571.227970846928656, 6182853.679291936568916 ], [ 772571.531174504198134, 6182852.726366156712174 ], [ 772571.834378161467612, 6182851.77344037592411 ], [ 772572.13758181873709, 6182850.820514596067369 ], [ 772572.440785476006567, 6182849.867588816210628 ], [ 772572.743989133276045, 6182848.914663036353886 ], [ 772573.047192790545523, 6182847.961737256497145 ], [ 772573.350396447815001, 6182847.008811476640403 ], [ 772573.653600105084479, 6182846.055885695852339 ], [ 772573.956803762353957, 6182845.102959915995598 ], [ 772574.260007419623435, 6182844.150034136138856 ], [ 772574.563211076892912, 6182843.197108356282115 ], [ 772574.86641473416239, 6182842.244182576425374 ], [ 772575.169618391431868, 6182841.291256796568632 ], [ 772575.472822048701346, 6182840.338331015780568 ], [ 772575.776025705970824, 6182839.385405235923827 ], [ 772576.079229363356717, 6182838.432479456067085 ], [ 772576.382433020626195, 6182837.479553676210344 ], [ 772576.685636677895673, 6182836.526627896353602 ], [ 772576.98884033516515, 6182835.573702116496861 ], [ 772577.292043992434628, 6182834.620776335708797 ], [ 772577.595247649704106, 6182833.667850555852056 ], [ 772577.898451306973584, 6182832.714924775995314 ], [ 772578.201654964243062, 6182831.761998996138573 ], [ 772578.50485862151254, 6182830.809073216281831 ], [ 772578.808062278782018, 6182829.85614743642509 ], [ 772579.111265936051495, 6182828.903221655637026 ], [ 772579.414469593320973, 6182827.950295875780284 ], [ 772579.717673250590451, 6182826.997370095923543 ], [ 772580.020876907859929, 6182826.044444316066802 ], [ 772580.324080565129407, 6182825.09151853621006 ], [ 772580.627284222398885, 6182824.138592756353319 ], [ 772580.930487879668362, 6182823.185666975565255 ], [ 772581.233691537054256, 6182822.232741195708513 ], [ 772581.536895194323733, 6182821.279815415851772 ], [ 772581.840098851593211, 6182820.32688963599503 ], [ 772582.143302508862689, 6182819.373963856138289 ], [ 772582.446506166132167, 6182818.421038076281548 ], [ 772582.749709823401645, 6182817.468112295493484 ], [ 772583.052913480671123, 6182816.515186515636742 ], [ 772583.356117137940601, 6182815.562260735780001 ], [ 772583.659320795210078, 6182814.609334955923259 ], [ 772583.962524452479556, 6182813.656409176066518 ], [ 772584.265728109749034, 6182812.703483395278454 ], [ 772584.568931767018512, 6182811.750557615421712 ], [ 772584.87213542428799, 6182810.797631835564971 ], [ 772585.175339081557468, 6182809.84470605570823 ], [ 772585.478542738826945, 6182808.891780275851488 ], [ 772585.781746396096423, 6182807.938854495994747 ], [ 772586.084950053482316, 6182806.985928715206683 ], [ 772586.388153710751794, 6182806.033002935349941 ], [ 772586.691357368021272, 6182805.0800771554932 ], [ 772586.99456102529075, 6182804.127151375636458 ], [ 772587.297764682560228, 6182803.174225595779717 ], [ 772587.600968339829706, 6182802.221299815922976 ], [ 772587.904171997099183, 6182801.268374035134912 ], [ 772588.207375654368661, 6182800.31544825527817 ], [ 772588.510579311638139, 6182799.362522475421429 ], [ 772588.813782968907617, 6182798.409596695564687 ], [ 772589.116986626177095, 6182797.456670915707946 ], [ 772589.420190283446573, 6182796.503745135851204 ], [ 772589.723393940716051, 6182795.55081935506314 ], [ 772590.026597597985528, 6182794.597893575206399 ], [ 772590.329801255255006, 6182793.644967795349658 ], [ 772590.633004912524484, 6182792.692042015492916 ], [ 772590.936208569910377, 6182791.739116235636175 ], [ 772591.239412227179855, 6182790.786190455779433 ], [ 772591.542615884449333, 6182789.833264674991369 ], [ 772591.845819541718811, 6182788.880338895134628 ], [ 772592.149023198988289, 6182787.927413115277886 ], [ 772592.452226856257766, 6182786.974487335421145 ], [ 772592.755430513527244, 6182786.021561555564404 ], [ 772593.058634170796722, 6182785.068635775707662 ], [ 772593.3618378280662, 6182784.115709994919598 ], [ 772593.665041485335678, 6182783.162784215062857 ], [ 772593.968245142605156, 6182782.209858435206115 ], [ 772594.271448799874634, 6182781.256932655349374 ], [ 772594.574652457144111, 6182780.304006875492632 ], [ 772594.877856114413589, 6182779.351081095635891 ], [ 772595.181059771683067, 6182778.398155314847827 ], [ 772595.484263428952545, 6182777.445229534991086 ], [ 772595.787467086338438, 6182776.492303755134344 ], [ 772596.090670743607916, 6182775.539377975277603 ], [ 772596.393874400877394, 6182774.586452195420861 ], [ 772596.697078058146872, 6182773.63352641556412 ], [ 772597.000281715416349, 6182772.680600634776056 ], [ 772597.303485372685827, 6182771.727674854919314 ], [ 772597.606689029955305, 6182770.774749075062573 ], [ 772597.909892687224783, 6182769.821823295205832 ], [ 772598.213096344494261, 6182768.86889751534909 ], [ 772598.516300001763739, 6182767.915971735492349 ], [ 772598.819503659033217, 6182766.963045954704285 ], [ 772599.122707316302694, 6182766.010120174847543 ], [ 772599.425910973572172, 6182765.057194394990802 ], [ 772599.72911463084165, 6182764.10426861513406 ], [ 772600.032318288111128, 6182763.151342835277319 ], [ 772600.335521945380606, 6182762.198417055420578 ], [ 772600.638725602766499, 6182761.245491274632514 ], [ 772600.941929260035977, 6182760.292565494775772 ], [ 772601.245132917305455, 6182759.339639714919031 ], [ 772601.548336574574932, 6182758.386713935062289 ], [ 772601.85154023184441, 6182757.433788155205548 ], [ 772602.154743889113888, 6182756.480862375348806 ], [ 772602.457947546383366, 6182755.527936594560742 ], [ 772602.761151203652844, 6182754.575010814704001 ], [ 772603.064354860922322, 6182753.62208503484726 ], [ 772603.3675585181918, 6182752.669159254990518 ], [ 772603.670762175461277, 6182751.716233475133777 ], [ 772603.973965832730755, 6182750.763307695277035 ], [ 772604.277169490000233, 6182749.810381914488971 ], [ 772604.580373147269711, 6182748.85745613463223 ], [ 772604.883576804539189, 6182747.904530354775488 ], [ 772605.186780461808667, 6182746.951604574918747 ], [ 772605.48998411919456, 6182745.998678795062006 ], [ 772605.793187776464038, 6182745.045753015205264 ], [ 772606.096391433733515, 6182744.0928272344172 ], [ 772606.399595091002993, 6182743.139901454560459 ], [ 772606.702798748272471, 6182742.186975674703717 ], [ 772607.006002405541949, 6182741.234049894846976 ], [ 772607.309206062811427, 6182740.281124114990234 ], [ 772607.612409720080905, 6182739.328198335133493 ], [ 772607.915613377350383, 6182738.375272554345429 ], [ 772608.21881703461986, 6182737.422346774488688 ], [ 772608.522020691889338, 6182736.469420994631946 ], [ 772608.825224349158816, 6182735.516495214775205 ], [ 772609.128428006428294, 6182734.563569434918463 ], [ 772609.431631663697772, 6182733.610643655061722 ], [ 772609.73483532096725, 6182732.657717874273658 ], [ 772610.038038978236727, 6182731.704792094416916 ], [ 772610.341242635506205, 6182730.751866314560175 ], [ 772610.644446292892098, 6182729.798940534703434 ], [ 772610.947649950161576, 6182728.846014754846692 ], [ 772611.250853607431054, 6182727.893088974989951 ], [ 772611.554057264700532, 6182726.940163194201887 ], [ 772611.85726092197001, 6182725.987237414345145 ], [ 772612.160464579239488, 6182725.034311634488404 ], [ 772612.463668236508965, 6182724.081385854631662 ], [ 772612.766871893778443, 6182723.128460074774921 ], [ 772613.070075551047921, 6182722.17553429491818 ], [ 772613.373279208317399, 6182721.222608514130116 ], [ 772613.676482865586877, 6182720.269682734273374 ], [ 772613.979686522856355, 6182719.316756954416633 ], [ 772614.282890180125833, 6182718.363831174559891 ], [ 772614.58609383739531, 6182717.41090539470315 ], [ 772614.889297494664788, 6182716.457979614846408 ], [ 772615.192501151934266, 6182715.505053834058344 ], [ 772615.495704809320159, 6182714.552128054201603 ], [ 772615.798908466589637, 6182713.599202274344862 ], [ 772616.102112123859115, 6182712.64627649448812 ], [ 772616.405315781128593, 6182711.693350714631379 ], [ 772616.708519438398071, 6182710.740424934774637 ], [ 772617.011723095667548, 6182709.787499153986573 ], [ 772617.314926752937026, 6182708.834573374129832 ], [ 772617.618130410206504, 6182707.88164759427309 ], [ 772617.921334067475982, 6182706.928721814416349 ], [ 772618.22453772474546, 6182705.975796034559608 ], [ 772618.527741382014938, 6182705.022870253771544 ], [ 772618.830945039284416, 6182704.069944473914802 ], [ 772619.134148696553893, 6182703.117018694058061 ], [ 772619.437352353823371, 6182702.164092914201319 ], [ 772619.740556011092849, 6182701.211167134344578 ], [ 772620.043759668362327, 6182700.258241354487836 ], [ 772620.34696332574822, 6182699.305315573699772 ], [ 772620.650166983017698, 6182698.352389793843031 ], [ 772620.953370640287176, 6182697.39946401398629 ], [ 772621.256574297556654, 6182696.446538234129548 ], [ 772621.559777954826131, 6182695.493612454272807 ], [ 772621.862981612095609, 6182694.540686674416065 ], [ 772622.166185269365087, 6182693.587760893628001 ], [ 772622.469388926634565, 6182692.63483511377126 ], [ 772622.772592583904043, 6182691.681909333914518 ], [ 772623.075796241173521, 6182690.728983554057777 ], [ 772623.378999898442999, 6182689.776057774201035 ], [ 772623.682203555712476, 6182688.823131994344294 ], [ 772623.985407212981954, 6182687.87020621355623 ], [ 772624.288610870251432, 6182686.917280433699489 ], [ 772624.59181452752091, 6182685.964354653842747 ], [ 772624.895018184790388, 6182685.011428873986006 ], [ 772625.198221842176281, 6182684.058503094129264 ], [ 772625.435376805951819, 6182683.313158921897411 ], [ 772625.882590401452035, 6182682.418731731362641 ], [ 772626.329803996952251, 6182681.524304539896548 ], [ 772626.777017592452466, 6182680.629877349361777 ], [ 772627.224231187952682, 6182679.735450157895684 ], [ 772627.671444783452898, 6182678.841022967360914 ], [ 772628.118658378953114, 6182677.946595775894821 ], [ 772628.56587197445333, 6182677.05216858536005 ], [ 772629.013085569953546, 6182676.157741393893957 ], [ 772629.460299165453762, 6182675.263314203359187 ], [ 772629.907512760953978, 6182674.368887011893094 ], [ 772630.354726356454194, 6182673.474459821358323 ], [ 772630.801939951954409, 6182672.58003262989223 ], [ 772631.249153547454625, 6182671.68560543935746 ], [ 772631.696367142954841, 6182670.791178247891366 ], [ 772632.143580738455057, 6182669.896751057356596 ], [ 772632.590794333955273, 6182669.002323865890503 ], [ 772633.038007929455489, 6182668.107896675355732 ], [ 772633.485221524955705, 6182667.213469483889639 ], [ 772633.932435120455921, 6182666.319042293354869 ], [ 772634.379648715956137, 6182665.424615101888776 ], [ 772634.826862311456352, 6182664.530187911354005 ], [ 772635.274075906956568, 6182663.635760719887912 ], [ 772635.721289502456784, 6182662.741333529353142 ], [ 772636.168503097957, 6182661.846906337887049 ], [ 772636.615716693457216, 6182660.952479147352278 ], [ 772637.062930288957432, 6182660.058051955886185 ], [ 772637.510143884457648, 6182659.163624765351415 ], [ 772637.957357479957864, 6182658.269197573885322 ], [ 772638.40457107545808, 6182657.374770383350551 ], [ 772638.851784670958295, 6182656.480343191884458 ], [ 772639.298998266458511, 6182655.585916001349688 ], [ 772639.746211861958727, 6182654.691488809883595 ], [ 772640.193425457458943, 6182653.797061619348824 ], [ 772640.640639052959159, 6182652.902634427882731 ], [ 772641.087852648459375, 6182652.00820723734796 ], [ 772641.535066243959591, 6182651.113780045881867 ], [ 772641.982279839459807, 6182650.219352855347097 ], [ 772642.429493434960023, 6182649.324925663881004 ], [ 772642.876707030460238, 6182648.430498473346233 ], [ 772643.323920625960454, 6182647.53607128188014 ], [ 772643.77113422146067, 6182646.64164409134537 ], [ 772644.218347816960886, 6182645.747216899879277 ], [ 772644.665561412461102, 6182644.852789709344506 ], [ 772645.112775007961318, 6182643.958362517878413 ], [ 772645.559988603461534, 6182643.063935327343643 ], [ 772646.00720219896175, 6182642.16950813587755 ], [ 772646.454415794461966, 6182641.275080945342779 ], [ 772646.901629389962181, 6182640.380653753876686 ], [ 772647.348842985462397, 6182639.486226563341916 ], [ 772647.796056580962613, 6182638.591799371875823 ], [ 772648.243270176462829, 6182637.697372181341052 ], [ 772648.690483771963045, 6182636.802944989874959 ], [ 772649.137697367463261, 6182635.908517799340189 ], [ 772649.584910962963477, 6182635.014090607874095 ], [ 772650.032124558463693, 6182634.119663417339325 ], [ 772650.479338153963909, 6182633.225236225873232 ], [ 772650.926551749464124, 6182632.330809035338461 ], [ 772651.373765345080756, 6182631.436381843872368 ], [ 772651.820978940580972, 6182630.541954653337598 ], [ 772652.268192536081187, 6182629.647527461871505 ], [ 772652.715406131581403, 6182628.753100271336734 ], [ 772653.162619727081619, 6182627.858673079870641 ], [ 772653.609833322581835, 6182626.964245889335871 ], [ 772654.057046918082051, 6182626.069818697869778 ], [ 772654.504260513582267, 6182625.175391507335007 ], [ 772654.951474109082483, 6182624.280964315868914 ], [ 772655.398687704582699, 6182623.386537125334144 ], [ 772655.845901300082915, 6182622.492109933868051 ], [ 772656.29311489558313, 6182621.59768274333328 ], [ 772656.740328491083346, 6182620.703255551867187 ], [ 772657.187542086583562, 6182619.808828361332417 ], [ 772657.634755682083778, 6182618.914401169866323 ], [ 772658.081969277583994, 6182618.019973979331553 ], [ 772658.52918287308421, 6182617.12554678786546 ], [ 772658.976396468584426, 6182616.231119597330689 ], [ 772659.423610064084642, 6182615.336692405864596 ], [ 772659.870823659584858, 6182614.442265215329826 ], [ 772660.318037255085073, 6182613.547838023863733 ], [ 772660.765250850585289, 6182612.653410833328962 ], [ 772661.212464446085505, 6182611.758983641862869 ], [ 772661.659678041585721, 6182610.864556451328099 ], [ 772662.106891637085937, 6182609.970129259862006 ], [ 772662.554105232586153, 6182609.075702069327235 ], [ 772663.001318828086369, 6182608.181274877861142 ], [ 772663.448532423586585, 6182607.286847687326372 ], [ 772663.895746019086801, 6182606.392420495860279 ], [ 772664.342959614587016, 6182605.497993305325508 ], [ 772664.790173210087232, 6182604.603566113859415 ], [ 772665.237386805587448, 6182603.709138923324645 ], [ 772665.684600401087664, 6182602.814711731858552 ], [ 772666.13181399658788, 6182601.920284541323781 ], [ 772666.579027592088096, 6182601.025857349857688 ], [ 772667.026241187588312, 6182600.131430159322917 ], [ 772667.473454783088528, 6182599.237002967856824 ], [ 772667.920668378588744, 6182598.342575777322054 ], [ 772668.367881974088959, 6182597.448148585855961 ], [ 772668.815095569589175, 6182596.55372139532119 ], [ 772669.262309165089391, 6182595.659294203855097 ], [ 772669.709522760589607, 6182594.764867013320327 ], [ 772670.156736356089823, 6182593.870439821854234 ], [ 772670.603949951590039, 6182592.976012631319463 ], [ 772671.051163547090255, 6182592.08158543985337 ], [ 772671.498377142590471, 6182591.1871582493186 ], [ 772671.945590738090687, 6182590.292731057852507 ], [ 772672.392804333590902, 6182589.398303867317736 ], [ 772672.840017929091118, 6182588.503876675851643 ], [ 772673.287231524591334, 6182587.609449485316873 ], [ 772673.73444512009155, 6182586.71502229385078 ], [ 772674.181658715591766, 6182585.820595103316009 ], [ 772674.628872311091982, 6182584.926167911849916 ], [ 772675.076085906592198, 6182584.031740721315145 ], [ 772675.523299502092414, 6182583.137313529849052 ], [ 772675.970513097592629, 6182582.242886339314282 ], [ 772676.417726693092845, 6182581.348459147848189 ], [ 772676.864940288593061, 6182580.454031957313418 ], [ 772677.312153884093277, 6182579.559604765847325 ], [ 772677.759367479593493, 6182578.665177575312555 ], [ 772678.206581075093709, 6182577.770750383846462 ], [ 772678.653794670593925, 6182576.876323193311691 ], [ 772679.101008266094141, 6182575.981896001845598 ], [ 772679.548221861594357, 6182575.087468811310828 ], [ 772679.995435457094572, 6182574.193041619844735 ], [ 772680.442649052594788, 6182573.298614429309964 ], [ 772680.889862648095004, 6182572.404187237843871 ], [ 772681.33707624359522, 6182571.509760047309101 ], [ 772681.784289839095436, 6182570.615332855843008 ], [ 772682.231503434595652, 6182569.720905665308237 ], [ 772682.678717030095868, 6182568.826478473842144 ], [ 772683.125930625596084, 6182567.932051283307374 ], [ 772683.5731442210963, 6182567.03762409184128 ], [ 772684.020357816596515, 6182566.14319690130651 ], [ 772684.467571412096731, 6182565.248769709840417 ], [ 772684.914785007596947, 6182564.354342519305646 ], [ 772685.361998603097163, 6182563.459915327839553 ], [ 772685.809212198597379, 6182562.565488137304783 ], [ 772686.256425794097595, 6182561.67106094583869 ], [ 772686.703639389597811, 6182560.776633755303919 ], [ 772687.150852985098027, 6182559.882206563837826 ], [ 772687.598066580598243, 6182558.987779373303056 ], [ 772688.045280176098458, 6182558.093352181836963 ], [ 772688.492493771598674, 6182557.198924991302192 ], [ 772688.93970736709889, 6182556.304497799836099 ], [ 772689.386920962599106, 6182555.410070609301329 ], [ 772689.834134558099322, 6182554.515643417835236 ], [ 772690.281348153599538, 6182553.621216227300465 ], [ 772690.728561749099754, 6182552.726789035834372 ], [ 772690.870753611903638, 6182552.442405310459435 ], [ 772691.102374139241874, 6182551.469599096104503 ], [ 772691.333994666463695, 6182550.496792880818248 ], [ 772691.565615193801932, 6182549.523986666463315 ], [ 772691.797235721140169, 6182548.551180452108383 ], [ 772692.028856248478405, 6182547.578374236822128 ], [ 772692.260476775700226, 6182546.605568022467196 ], [ 772692.492097303038463, 6182545.632761808112264 ], [ 772692.7237178303767, 6182544.659955592826009 ], [ 772692.955338357714936, 6182543.687149378471076 ], [ 772693.186958884936757, 6182542.714343163184822 ], [ 772693.418579412274994, 6182541.741536948829889 ], [ 772693.650199939613231, 6182540.768730734474957 ], [ 772693.881820466835052, 6182539.795924519188702 ], [ 772694.113440994173288, 6182538.82311830483377 ], [ 772694.345061521511525, 6182537.850312090478837 ], [ 772694.576682048849761, 6182536.877505875192583 ], [ 772694.808302576071583, 6182535.90469966083765 ], [ 772695.039923103409819, 6182534.931893446482718 ], [ 772695.271543630748056, 6182533.959087231196463 ], [ 772695.503164157969877, 6182532.986281016841531 ], [ 772695.734784685308114, 6182532.013474802486598 ], [ 772695.96640521264635, 6182531.040668587200344 ], [ 772696.198025739984587, 6182530.067862372845411 ], [ 772696.429646267206408, 6182529.095056157559156 ], [ 772696.661266794544645, 6182528.122249943204224 ], [ 772696.892887321882881, 6182527.149443728849292 ], [ 772697.124507849221118, 6182526.176637513563037 ], [ 772697.356128376442939, 6182525.203831299208105 ], [ 772697.587748903781176, 6182524.231025084853172 ], [ 772697.819369431119412, 6182523.258218869566917 ], [ 772698.050989958341233, 6182522.285412655211985 ], [ 772698.28261048567947, 6182521.312606440857053 ], [ 772698.514231013017707, 6182520.339800225570798 ], [ 772698.745851540355943, 6182519.366994011215866 ], [ 772698.977472067577764, 6182518.394187796860933 ], [ 772699.209092594916001, 6182517.421381581574678 ], [ 772699.440713122254238, 6182516.448575367219746 ], [ 772699.672333649592474, 6182515.475769152864814 ], [ 772699.903954176814295, 6182514.502962937578559 ], [ 772700.135574704152532, 6182513.530156723223627 ], [ 772700.367195231490768, 6182512.557350507937372 ], [ 772700.59881575871259, 6182511.584544293582439 ], [ 772700.830436286050826, 6182510.611738079227507 ], [ 772701.062056813389063, 6182509.638931863941252 ], [ 772701.293677340727299, 6182508.66612564958632 ], [ 772701.525297867949121, 6182507.693319435231388 ], [ 772701.756918395287357, 6182506.720513219945133 ], [ 772701.988538922625594, 6182505.7477070055902 ], [ 772702.220159449847415, 6182504.774900791235268 ], [ 772702.451779977185652, 6182503.802094575949013 ], [ 772702.683400504523888, 6182502.829288361594081 ], [ 772702.915021031862125, 6182501.856482147239149 ], [ 772703.146641559083946, 6182500.883675931952894 ], [ 772703.378262086422183, 6182499.910869717597961 ], [ 772703.609882613760419, 6182498.938063502311707 ], [ 772703.841503141098656, 6182497.965257287956774 ], [ 772704.073123668320477, 6182496.992451073601842 ], [ 772704.304744195658714, 6182496.019644858315587 ], [ 772704.53636472299695, 6182495.046838643960655 ], [ 772704.767985250218771, 6182494.074032429605722 ], [ 772704.999605777557008, 6182493.101226214319468 ], [ 772705.231226304895245, 6182492.12842 ], [ 772705.462846832233481, 6182491.155613785609603 ], [ 772705.694467359455302, 6182490.182807570323348 ], [ 772705.926087886793539, 6182489.210001355968416 ], [ 772706.157708414131775, 6182488.237195141613483 ], [ 772706.389328941470012, 6182487.264388926327229 ], [ 772706.620949468691833, 6182486.291582711972296 ], [ 772706.85256999603007, 6182485.318776497617364 ], [ 772707.084190523368306, 6182484.345970282331109 ], [ 772707.315811050590128, 6182483.373164067976177 ], [ 772707.547431577928364, 6182482.400357852689922 ], [ 772707.779052105266601, 6182481.42755163833499 ], [ 772708.010672632604837, 6182480.454745423980057 ], [ 772708.242293159826659, 6182479.481939208693802 ], [ 772708.473913687164895, 6182478.50913299433887 ], [ 772708.705534214503132, 6182477.536326779983938 ], [ 772708.937154741841368, 6182476.563520564697683 ], [ 772709.16877526906319, 6182475.590714350342751 ], [ 772709.400395796401426, 6182474.617908135987818 ], [ 772709.632016323739663, 6182473.645101920701563 ], [ 772709.863636850961484, 6182472.672295706346631 ], [ 772710.095257378299721, 6182471.699489491991699 ], [ 772710.326877905637957, 6182470.726683276705444 ], [ 772710.558498432976194, 6182469.753877062350512 ], [ 772710.790118960198015, 6182468.781070847064257 ], [ 772711.021739487536252, 6182467.808264632709324 ], [ 772711.253360014874488, 6182466.835458418354392 ], [ 772711.484980542096309, 6182465.862652203068137 ], [ 772711.716601069434546, 6182464.889845988713205 ], [ 772711.948221596772783, 6182463.917039774358273 ], [ 772712.179842124111019, 6182462.944233559072018 ], [ 772712.41146265133284, 6182461.971427344717085 ], [ 772712.643083178671077, 6182460.998621130362153 ], [ 772712.874703706009313, 6182460.025814915075898 ], [ 772713.10632423334755, 6182459.053008700720966 ], [ 772713.337944760569371, 6182458.080202486366034 ], [ 772713.569565287907608, 6182457.107396271079779 ], [ 772713.801185815245844, 6182456.134590056724846 ], [ 772714.032806342467666, 6182455.161783842369914 ], [ 772714.264426869805902, 6182454.188977627083659 ], [ 772714.496047397144139, 6182453.216171412728727 ], [ 772714.727667924482375, 6182452.243365197442472 ], [ 772714.959288451704197, 6182451.27055898308754 ], [ 772715.190908979042433, 6182450.297752768732607 ], [ 772715.42252950638067, 6182449.324946553446352 ], [ 772715.654150033718906, 6182448.35214033909142 ], [ 772715.885770560940728, 6182447.379334124736488 ], [ 772716.117391088278964, 6182446.406527909450233 ], [ 772716.349011615617201, 6182445.433721695095301 ], [ 772716.580632142839022, 6182444.460915480740368 ], [ 772716.812252670177259, 6182443.488109265454113 ], [ 772717.043873197515495, 6182442.515303051099181 ], [ 772717.275493724853732, 6182441.542496836744249 ], [ 772717.507114252075553, 6182440.569690621457994 ], [ 772717.73873477941379, 6182439.596884407103062 ], [ 772717.970355306752026, 6182438.624078191816807 ], [ 772718.201975833973847, 6182437.651271977461874 ], [ 772718.433596361312084, 6182436.678465763106942 ], [ 772718.66521688865032, 6182435.705659547820687 ], [ 772718.896837415988557, 6182434.732853333465755 ], [ 772719.128457943210378, 6182433.760047119110823 ], [ 772719.360078470548615, 6182432.787240903824568 ], [ 772719.591698997886851, 6182431.814434689469635 ], [ 772719.823319525225088, 6182430.841628475114703 ], [ 772720.054940052446909, 6182429.868822259828448 ], [ 772720.286560579785146, 6182428.896016045473516 ], [ 772720.518181107123382, 6182427.923209831118584 ], [ 772720.749801634345204, 6182426.950403615832329 ], [ 772720.98142216168344, 6182425.977597401477396 ], [ 772721.213042689021677, 6182425.004791187122464 ], [ 772721.444663216359913, 6182424.031984971836209 ], [ 772721.676283743581735, 6182423.059178757481277 ], [ 772721.907904270919971, 6182422.086372542195022 ], [ 772722.139524798258208, 6182421.11356632784009 ], [ 772722.371145325596444, 6182420.140760113485157 ], [ 772722.602765852818266, 6182419.167953898198903 ], [ 772722.834386380156502, 6182418.19514768384397 ], [ 772723.066006907494739, 6182417.222341469489038 ], [ 772723.29762743471656, 6182416.249535254202783 ], [ 772723.529247962054797, 6182415.276729039847851 ], [ 772723.760868489393033, 6182414.303922825492918 ], [ 772723.99248901673127, 6182413.331116610206664 ], [ 772724.224109543953091, 6182412.358310395851731 ], [ 772724.455730071291327, 6182411.385504181496799 ], [ 772724.687350598629564, 6182410.412697966210544 ], [ 772724.918971125851385, 6182409.439891751855612 ], [ 772725.150591653189622, 6182408.467085536569357 ], [ 772725.382212180527858, 6182407.494279322214425 ], [ 772725.613832707866095, 6182406.521473107859492 ], [ 772725.845453235087916, 6182405.548666892573237 ], [ 772726.077073762426153, 6182404.575860678218305 ], [ 772726.308694289764389, 6182403.603054463863373 ], [ 772726.540314817102626, 6182402.630248248577118 ], [ 772726.771935344324447, 6182401.657442034222186 ], [ 772727.003555871662684, 6182400.684635819867253 ], [ 772727.23517639900092, 6182399.711829604580998 ], [ 772727.466796926222742, 6182398.739023390226066 ], [ 772727.698417453560978, 6182397.766217175871134 ], [ 772727.930037980899215, 6182396.793410960584879 ], [ 772728.161658508237451, 6182395.820604746229947 ], [ 772728.393279035459273, 6182394.847798531875014 ], [ 772728.624899562797509, 6182393.874992316588759 ], [ 772728.856520090135746, 6182392.902186102233827 ], [ 772729.088140617473982, 6182391.929379886947572 ], [ 772729.319761144695804, 6182390.95657367259264 ], [ 772729.55138167203404, 6182389.983767458237708 ], [ 772729.783002199372277, 6182389.010961242951453 ], [ 772730.014622726594098, 6182388.03815502859652 ], [ 772730.246243253932334, 6182387.065348814241588 ], [ 772730.477863781270571, 6182386.092542598955333 ], [ 772730.709484308608808, 6182385.119736384600401 ], [ 772730.941104835830629, 6182384.146930170245469 ], [ 772731.172725363168865, 6182383.174123954959214 ], [ 772731.404345890507102, 6182382.201317740604281 ], [ 772731.635966417728923, 6182381.228511526249349 ], [ 772731.86758694506716, 6182380.255705310963094 ], [ 772732.099207472405396, 6182379.282899096608162 ], [ 772732.330827999743633, 6182378.310092881321907 ], [ 772732.562448526965454, 6182377.337286666966975 ], [ 772732.794069054303691, 6182376.364480452612042 ], [ 772733.025689581641927, 6182375.391674237325788 ], [ 772733.257310108980164, 6182374.418868022970855 ], [ 772733.488930636201985, 6182373.446061808615923 ], [ 772733.720551163540222, 6182372.473255593329668 ], [ 772733.952171690878458, 6182371.500449378974736 ], [ 772734.18379221810028, 6182370.527643164619803 ], [ 772734.415412745438516, 6182369.554836949333549 ], [ 772734.647033272776753, 6182368.582030734978616 ], [ 772734.878653800114989, 6182367.609224520623684 ], [ 772735.110274327336811, 6182366.636418305337429 ], [ 772735.341894854675047, 6182365.663612090982497 ], [ 772735.573515382013284, 6182364.690805876627564 ], [ 772735.80513590935152, 6182363.71799966134131 ], [ 772736.036756436573341, 6182362.745193446986377 ], [ 772736.268376963911578, 6182361.772387231700122 ], [ 772736.499997491249815, 6182360.79958101734519 ], [ 772736.731618018471636, 6182359.826774802990258 ], [ 772736.963238545809872, 6182358.853968587704003 ], [ 772737.194859073148109, 6182357.881162373349071 ], [ 772737.426479600486346, 6182356.908356158994138 ], [ 772737.658100127708167, 6182355.935549943707883 ], [ 772737.889720655046403, 6182354.962743729352951 ], [ 772738.12134118238464, 6182353.989937514998019 ], [ 772738.352961709606461, 6182353.017131299711764 ], [ 772738.584582236944698, 6182352.044325085356832 ], [ 772738.816202764282934, 6182351.071518871001899 ], [ 772739.047823291621171, 6182350.098712655715644 ], [ 772739.279443818842992, 6182349.125906441360712 ], [ 772739.511064346181229, 6182348.153100226074457 ], [ 772739.742684873519465, 6182347.180294011719525 ], [ 772739.974305400857702, 6182346.207487797364593 ], [ 772740.205925928079523, 6182345.234681582078338 ], [ 772740.43754645541776, 6182344.261875367723405 ], [ 772740.669166982755996, 6182343.289069153368473 ], [ 772740.900787509977818, 6182342.316262938082218 ], [ 772741.132408037316054, 6182341.343456723727286 ], [ 772741.364028564654291, 6182340.370650509372354 ], [ 772741.595649091992527, 6182339.397844294086099 ], [ 772741.827269619214348, 6182338.425038079731166 ], [ 772742.058890146552585, 6182337.452231865376234 ], [ 772742.290510673890822, 6182336.479425650089979 ], [ 772742.522131201229058, 6182335.506619435735047 ], [ 772742.753751728450879, 6182334.533813221380115 ], [ 772742.985372255789116, 6182333.56100700609386 ], [ 772743.216992783127353, 6182332.588200791738927 ], [ 772743.448613310349174, 6182331.615394576452672 ], [ 772743.68023383768741, 6182330.64258836209774 ], [ 772743.911854365025647, 6182329.669782147742808 ], [ 772744.143474892363884, 6182328.696975932456553 ], [ 772744.375095419585705, 6182327.724169718101621 ], [ 772744.606715946923941, 6182326.751363503746688 ], [ 772744.838336474262178, 6182325.778557288460433 ], [ 772745.069957001600415, 6182324.805751074105501 ], [ 772745.301577528822236, 6182323.832944859750569 ], [ 772745.400234283530153, 6182323.418586489744484 ], [ 772745.6427699085325, 6182322.448443989269435 ], [ 772745.885305533651263, 6182321.478301489725709 ], [ 772746.127841158653609, 6182320.50815898925066 ], [ 772746.370376783655956, 6182319.538016488775611 ], [ 772746.612912408658303, 6182318.567873989231884 ], [ 772746.855448033777066, 6182317.597731488756835 ], [ 772747.097983658779413, 6182316.627588988281786 ], [ 772747.340519283781759, 6182315.65744648873806 ], [ 772747.583054908900522, 6182314.687303988263011 ], [ 772747.825590533902869, 6182313.717161488719285 ], [ 772748.068126158905216, 6182312.747018988244236 ], [ 772748.310661783907562, 6182311.776876487769186 ], [ 772748.553197409026325, 6182310.80673398822546 ], [ 772748.795733034028672, 6182309.836591487750411 ], [ 772749.038268659031019, 6182308.866448987275362 ], [ 772749.280804284149781, 6182307.896306487731636 ], [ 772749.523339909152128, 6182306.926163987256587 ], [ 772749.765875534154475, 6182305.956021486781538 ], [ 772750.008411159156822, 6182304.985878987237811 ], [ 772750.250946784275584, 6182304.015736486762762 ], [ 772750.493482409277931, 6182303.045593986287713 ], [ 772750.736018034280278, 6182302.075451486743987 ], [ 772750.97855365939904, 6182301.105308986268938 ], [ 772751.221089284401387, 6182300.135166485793889 ], [ 772751.463624909403734, 6182299.165023986250162 ], [ 772751.706160534406081, 6182298.194881485775113 ], [ 772751.948696159524843, 6182297.224738986231387 ], [ 772752.19123178452719, 6182296.254596485756338 ], [ 772752.433767409529537, 6182295.284453985281289 ], [ 772752.676303034648299, 6182294.314311485737562 ], [ 772752.918838659650646, 6182293.344168985262513 ], [ 772753.161374284652993, 6182292.374026484787464 ], [ 772753.40390990965534, 6182291.403883985243738 ], [ 772753.646445534774102, 6182290.433741484768689 ], [ 772753.888981159776449, 6182289.46359898429364 ], [ 772754.131516784778796, 6182288.493456484749913 ], [ 772754.374052409897558, 6182287.523313984274864 ], [ 772754.616588034899905, 6182286.553171483799815 ], [ 772754.859123659902252, 6182285.583028984256089 ], [ 772755.101659284904599, 6182284.61288648378104 ], [ 772755.344194910023361, 6182283.642743984237313 ], [ 772755.586730535025708, 6182282.672601483762264 ], [ 772755.829266160028055, 6182281.702458983287215 ], [ 772756.071801785146818, 6182280.732316483743489 ], [ 772756.314337410149164, 6182279.76217398326844 ], [ 772756.556873035151511, 6182278.792031482793391 ], [ 772756.799408660153858, 6182277.821888983249664 ], [ 772757.041944285272621, 6182276.851746482774615 ], [ 772757.284479910274968, 6182275.881603982299566 ], [ 772757.527015535277314, 6182274.91146148275584 ], [ 772757.769551160396077, 6182273.941318982280791 ], [ 772758.012086785398424, 6182272.971176481805742 ], [ 772758.254622410400771, 6182272.001033982262015 ], [ 772758.497158035403118, 6182271.030891481786966 ], [ 772758.73969366052188, 6182270.060748981311917 ], [ 772758.982229285524227, 6182269.090606481768191 ], [ 772759.224764910526574, 6182268.120463981293142 ], [ 772759.467300535645336, 6182267.150321481749415 ], [ 772759.709836160647683, 6182266.180178981274366 ], [ 772759.95237178565003, 6182265.210036480799317 ], [ 772760.194907410652377, 6182264.239893981255591 ], [ 772760.437443035771139, 6182263.269751480780542 ], [ 772760.679978660773486, 6182262.299608980305493 ], [ 772760.922514285775833, 6182261.329466480761766 ], [ 772761.165049910894595, 6182260.359323980286717 ], [ 772761.407585535896942, 6182259.389181479811668 ], [ 772761.650121160899289, 6182258.419038980267942 ], [ 772761.892656785901636, 6182257.448896479792893 ], [ 772762.135192411020398, 6182256.478753979317844 ], [ 772762.377728036022745, 6182255.508611479774117 ], [ 772762.620263661025092, 6182254.538468979299068 ], [ 772762.862799286143854, 6182253.568326478824019 ], [ 772763.105334911146201, 6182252.598183979280293 ], [ 772763.347870536148548, 6182251.628041478805244 ], [ 772763.590406161150895, 6182250.657898979261518 ], [ 772763.832941786269657, 6182249.687756478786469 ], [ 772764.075477411272004, 6182248.717613978311419 ], [ 772764.318013036274351, 6182247.747471478767693 ], [ 772764.560548661393113, 6182246.777328978292644 ], [ 772764.80308428639546, 6182245.807186477817595 ], [ 772765.045619911397807, 6182244.837043978273869 ], [ 772765.288155536400154, 6182243.86690147779882 ], [ 772765.530691161518916, 6182242.896758977323771 ], [ 772765.773226786521263, 6182241.926616477780044 ], [ 772766.01576241152361, 6182240.956473977304995 ], [ 772766.258298036642373, 6182239.986331476829946 ], [ 772766.50083366164472, 6182239.01618897728622 ], [ 772766.743369286647066, 6182238.046046476811171 ], [ 772766.985904911649413, 6182237.075903976336122 ], [ 772767.228440536768176, 6182236.105761476792395 ], [ 772767.470976161770523, 6182235.135618976317346 ], [ 772767.71351178677287, 6182234.16547647677362 ], [ 772767.956047411891632, 6182233.195333976298571 ], [ 772768.198583036893979, 6182232.225191475823522 ], [ 772768.441118661896326, 6182231.255048976279795 ], [ 772768.683654286898673, 6182230.284906475804746 ], [ 772768.926189912017435, 6182229.314763975329697 ], [ 772769.168725537019782, 6182228.344621475785971 ], [ 772769.411261162022129, 6182227.374478975310922 ], [ 772769.653796787024476, 6182226.404336474835873 ], [ 772769.896332412143238, 6182225.434193975292146 ], [ 772770.138868037145585, 6182224.464051474817097 ], [ 772770.381403662147932, 6182223.493908974342048 ], [ 772770.623939287266694, 6182222.523766474798322 ], [ 772770.866474912269041, 6182221.553623974323273 ], [ 772771.109010537271388, 6182220.583481474779546 ], [ 772771.351546162273735, 6182219.613338974304497 ], [ 772771.594081787392497, 6182218.643196473829448 ], [ 772771.836617412394844, 6182217.673053974285722 ], [ 772772.079153037397191, 6182216.702911473810673 ], [ 772772.321688662515953, 6182215.732768973335624 ], [ 772772.5642242875183, 6182214.762626473791897 ], [ 772772.806759912520647, 6182213.792483973316848 ], [ 772773.049295537522994, 6182212.822341472841799 ], [ 772773.291831162641756, 6182211.852198973298073 ], [ 772773.534366787644103, 6182210.882056472823024 ], [ 772773.77690241264645, 6182209.911913972347975 ], [ 772774.019438037765212, 6182208.941771472804248 ], [ 772774.261973662767559, 6182207.971628972329199 ], [ 772774.504509287769906, 6182207.00148647185415 ], [ 772774.747044912772253, 6182206.031343972310424 ], [ 772774.989580537891015, 6182205.061201471835375 ], [ 772775.232116162893362, 6182204.091058972291648 ], [ 772775.474651787895709, 6182203.120916471816599 ], [ 772775.717187413014472, 6182202.15077397134155 ], [ 772775.959723038016818, 6182201.180631471797824 ], [ 772776.202258663019165, 6182200.210488971322775 ], [ 772776.444794288021512, 6182199.240346470847726 ], [ 772776.687329913140275, 6182198.270203971303999 ], [ 772776.929865538142622, 6182197.30006147082895 ], [ 772777.172401163144968, 6182196.329918970353901 ], [ 772777.414936788263731, 6182195.359776470810175 ], [ 772777.657472413266078, 6182194.389633970335126 ], [ 772777.900008038268425, 6182193.419491469860077 ], [ 772778.117922686506063, 6182192.547832877375185 ], [ 772778.36045831150841, 6182191.577690376900136 ], [ 772778.602993936627172, 6182190.60754787735641 ], [ 772778.845529561629519, 6182189.637405376881361 ], [ 772779.088065186631866, 6182188.667262876406312 ], [ 772779.330600811634213, 6182187.697120376862586 ], [ 772779.573136436752975, 6182186.726977876387537 ], [ 772779.815672061755322, 6182185.756835375912488 ], [ 772780.058207686757669, 6182184.786692876368761 ], [ 772780.300743311876431, 6182183.816550375893712 ], [ 772780.543278936878778, 6182182.846407876349986 ], [ 772780.785814561881125, 6182181.876265375874937 ], [ 772781.028350186999887, 6182180.906122875399888 ], [ 772781.270885812002234, 6182179.935980375856161 ], [ 772781.513421437004581, 6182178.965837875381112 ], [ 772781.755957062006928, 6182177.995695374906063 ], [ 772781.99849268712569, 6182177.025552875362337 ], [ 772782.241028312128037, 6182176.055410374887288 ], [ 772782.483563937130384, 6182175.085267874412239 ], [ 772782.726099562249146, 6182174.115125374868512 ], [ 772782.968635187251493, 6182173.144982874393463 ], [ 772783.21117081225384, 6182172.174840373918414 ], [ 772783.453706437256187, 6182171.204697874374688 ], [ 772783.696242062374949, 6182170.234555373899639 ], [ 772783.938777687377296, 6182169.26441287342459 ], [ 772784.181313312379643, 6182168.294270373880863 ], [ 772784.423848937498406, 6182167.324127873405814 ], [ 772784.666384562500753, 6182166.353985373862088 ], [ 772784.908920187503099, 6182165.383842873387039 ], [ 772785.151455812505446, 6182164.41370037291199 ], [ 772785.393991437624209, 6182163.443557873368263 ], [ 772785.636527062626556, 6182162.473415372893214 ], [ 772785.879062687628902, 6182161.503272872418165 ], [ 772786.121598312747665, 6182160.533130372874439 ], [ 772786.364133937750012, 6182159.56298787239939 ], [ 772786.606669562752359, 6182158.592845371924341 ], [ 772786.849205187871121, 6182157.622702872380614 ], [ 772787.091740812873468, 6182156.652560371905565 ], [ 772787.334276437875815, 6182155.682417871430516 ], [ 772787.576812062878162, 6182154.71227537188679 ], [ 772787.819347687996924, 6182153.742132871411741 ], [ 772788.061883312999271, 6182152.771990371868014 ], [ 772788.304418938001618, 6182151.801847871392965 ], [ 772788.54695456312038, 6182150.831705370917916 ], [ 772788.789490188122727, 6182149.86156287137419 ], [ 772789.032025813125074, 6182148.891420370899141 ], [ 772789.274561438127421, 6182147.921277870424092 ], [ 772789.517097063246183, 6182146.951135370880365 ], [ 772789.75963268824853, 6182145.980992870405316 ], [ 772790.002168313250877, 6182145.010850369930267 ], [ 772790.244703938369639, 6182144.040707870386541 ], [ 772790.487239563371986, 6182143.070565369911492 ], [ 772790.729775188374333, 6182142.100422869436443 ], [ 772790.97231081337668, 6182141.130280369892716 ], [ 772791.214846438495442, 6182140.160137869417667 ], [ 772791.457382063497789, 6182139.189995368942618 ], [ 772791.699917688500136, 6182138.219852869398892 ], [ 772791.942453313618898, 6182137.249710368923843 ], [ 772792.184988938621245, 6182136.279567869380116 ], [ 772792.427524563623592, 6182135.309425368905067 ], [ 772792.670060188742355, 6182134.339282868430018 ], [ 772792.912595813744701, 6182133.369140368886292 ], [ 772793.155131438747048, 6182132.398997868411243 ], [ 772793.397667063749395, 6182131.428855367936194 ], [ 772793.640202688868158, 6182130.458712868392467 ], [ 772793.882738313870504, 6182129.488570367917418 ], [ 772794.125273938872851, 6182128.518427867442369 ], [ 772794.367809563991614, 6182127.548285367898643 ], [ 772794.610345188993961, 6182126.578142867423594 ], [ 772794.852880813996308, 6182125.608000366948545 ], [ 772795.095416438998654, 6182124.637857867404819 ], [ 772795.337952064117417, 6182123.66771536692977 ], [ 772795.580487689119764, 6182122.69757286645472 ], [ 772795.823023314122111, 6182121.727430366910994 ], [ 772796.065558939240873, 6182120.757287866435945 ], [ 772796.30809456424322, 6182119.787145366892219 ], [ 772796.550630189245567, 6182118.81700286641717 ], [ 772796.793165814247914, 6182117.846860365942121 ], [ 772797.035701439366676, 6182116.876717866398394 ], [ 772797.278237064369023, 6182115.906575365923345 ], [ 772797.52077268937137, 6182114.936432865448296 ], [ 772797.763308314490132, 6182113.96629036590457 ], [ 772798.005843939492479, 6182112.996147865429521 ], [ 772798.248379564494826, 6182112.026005364954472 ], [ 772798.490915189613588, 6182111.055862865410745 ], [ 772798.733450814615935, 6182110.085720364935696 ], [ 772798.975986439618282, 6182109.115577864460647 ], [ 772799.218522064620629, 6182108.145435364916921 ], [ 772799.461057689739391, 6182107.175292864441872 ], [ 772799.703593314741738, 6182106.205150364898145 ], [ 772799.946128939744085, 6182105.235007864423096 ], [ 772800.188664564862847, 6182104.264865363948047 ], [ 772800.431200189865194, 6182103.294722864404321 ], [ 772800.673735814867541, 6182102.324580363929272 ], [ 772800.916271439869888, 6182101.354437863454223 ], [ 772801.15880706498865, 6182100.384295363910496 ], [ 772801.401342689990997, 6182099.414152863435447 ], [ 772801.643878314993344, 6182098.444010362960398 ], [ 772801.886413940112107, 6182097.473867863416672 ], [ 772802.128949565114453, 6182096.503725362941623 ], [ 772802.3714851901168, 6182095.533582862466574 ], [ 772802.614020815119147, 6182094.563440362922847 ], [ 772802.85655644023791, 6182093.593297862447798 ], [ 772803.099092065240256, 6182092.623155361972749 ], [ 772803.341627690242603, 6182091.653012862429023 ], [ 772803.584163315361366, 6182090.682870361953974 ], [ 772803.826698940363713, 6182089.712727862410247 ], [ 772804.06923456536606, 6182088.742585361935198 ], [ 772804.311770190484822, 6182087.772442861460149 ], [ 772804.554305815487169, 6182086.802300361916423 ], [ 772804.796841440489516, 6182085.832157861441374 ], [ 772805.039377065491863, 6182084.862015360966325 ], [ 772805.281912690610625, 6182083.891872861422598 ], [ 772805.524448315612972, 6182082.921730360947549 ], [ 772805.766983940615319, 6182081.9515878604725 ], [ 772806.009519565734081, 6182080.981445360928774 ], [ 772806.252055190736428, 6182080.011302860453725 ], [ 772806.494590815738775, 6182079.041160359978676 ], [ 772806.737126440741122, 6182078.071017860434949 ], [ 772806.979662065859884, 6182077.1008753599599 ], [ 772807.222197690862231, 6182076.130732859484851 ], [ 772807.464733315864578, 6182075.160590359941125 ], [ 772807.70726894098334, 6182074.190447859466076 ], [ 772807.949804565985687, 6182073.220305359922349 ], [ 772808.192340190988034, 6182072.2501628594473 ], [ 772808.434875815990381, 6182071.280020358972251 ], [ 772808.677411441109143, 6182070.309877859428525 ], [ 772808.91994706611149, 6182069.339735358953476 ], [ 772809.162482691113837, 6182068.369592858478427 ], [ 772809.405018316232599, 6182067.3994503589347 ], [ 772809.647553941234946, 6182066.429307858459651 ], [ 772809.890089566237293, 6182065.459165357984602 ], [ 772810.132625191356055, 6182064.489022858440876 ], [ 772810.375160816358402, 6182063.518880357965827 ], [ 772810.617696441360749, 6182062.548737857490778 ], [ 772810.860232066363096, 6182061.578595357947052 ], [ 772811.102767691481858, 6182060.608452857472003 ], [ 772811.345303316484205, 6182059.638310357928276 ], [ 772811.587838941486552, 6182058.668167857453227 ], [ 772811.830374566605315, 6182057.698025356978178 ], [ 772812.072910191607662, 6182056.727882857434452 ], [ 772812.315445816610008, 6182055.757740356959403 ], [ 772812.557981441612355, 6182054.787597856484354 ], [ 772812.800517066731118, 6182053.817455356940627 ], [ 772813.043052691733465, 6182052.847312856465578 ], [ 772813.285588316735812, 6182051.877170355990529 ], [ 772813.528123941854574, 6182050.907027856446803 ], [ 772813.770659566856921, 6182049.936885355971754 ], [ 772814.013195191859268, 6182048.966742855496705 ], [ 772814.255730816861615, 6182047.996600355952978 ], [ 772814.498266441980377, 6182047.026457855477929 ], [ 772814.740802066982724, 6182046.05631535500288 ], [ 772814.983337691985071, 6182045.086172855459154 ], [ 772815.225873317103833, 6182044.116030354984105 ], [ 772815.46840894210618, 6182043.145887855440378 ], [ 772815.710944567108527, 6182042.175745354965329 ], [ 772815.953480192227289, 6182041.20560285449028 ], [ 772816.196015817229636, 6182040.235460354946554 ], [ 772816.438551442231983, 6182039.265317854471505 ], [ 772816.68108706723433, 6182038.295175353996456 ], [ 772816.923622692353092, 6182037.325032854452729 ], [ 772817.166158317355439, 6182036.35489035397768 ], [ 772817.408693942357786, 6182035.384747853502631 ], [ 772817.651229567476548, 6182034.414605353958905 ], [ 772817.893765192478895, 6182033.444462853483856 ], [ 772818.136300817481242, 6182032.474320353008807 ], [ 772818.378836442483589, 6182031.50417785346508 ], [ 772818.621372067602351, 6182030.534035352990031 ], [ 772818.863907692604698, 6182029.563892852514982 ], [ 772819.106443317607045, 6182028.593750352971256 ], [ 772819.348978942725807, 6182027.623607852496207 ], [ 772819.591514567728154, 6182026.65346535295248 ], [ 772819.834050192730501, 6182025.683322852477431 ], [ 772820.076585817849264, 6182024.713180352002382 ], [ 772820.31912144285161, 6182023.743037852458656 ], [ 772820.561657067853957, 6182022.772895351983607 ], [ 772820.804192692856304, 6182021.802752851508558 ], [ 772821.046728317975067, 6182020.832610351964831 ], [ 772821.289263942977414, 6182019.862467851489782 ], [ 772821.53179956797976, 6182018.892325351014733 ], [ 772821.774335193098523, 6182017.922182851471007 ], [ 772822.01687081810087, 6182016.952040350995958 ], [ 772822.259406443103217, 6182015.981897850520909 ], [ 772822.501942068105564, 6182015.011755350977182 ], [ 772822.744477693224326, 6182014.041612850502133 ], [ 772822.987013318226673, 6182013.071470350027084 ], [ 772823.22954894322902, 6182012.101327850483358 ], [ 772823.472084568347782, 6182011.131185350008309 ], [ 772823.714620193350129, 6182010.161042850464582 ], [ 772823.957155818352476, 6182009.190900349989533 ], [ 772824.199691443354823, 6182008.220757849514484 ], [ 772824.442227068473585, 6182007.250615349970758 ], [ 772824.684762693475932, 6182006.280472849495709 ], [ 772824.927298318478279, 6182005.31033034902066 ], [ 772825.169833943597041, 6182004.340187849476933 ], [ 772825.412369568599388, 6182003.370045349001884 ], [ 772825.654905193601735, 6182002.399902848526835 ], [ 772825.897440818720497, 6182001.429760348983109 ], [ 772826.139976443722844, 6182000.45961784850806 ], [ 772826.382512068725191, 6181999.489475348033011 ], [ 772826.625047693727538, 6181998.519332848489285 ], [ 772826.8675833188463, 6181997.549190348014235 ], [ 772827.110118943848647, 6181996.579047848470509 ], [ 772827.352654568850994, 6181995.60890534799546 ], [ 772827.595190193969756, 6181994.638762847520411 ], [ 772827.837725818972103, 6181993.668620347976685 ], [ 772828.08026144397445, 6181992.698477847501636 ], [ 772828.322797068976797, 6181991.728335347026587 ], [ 772828.565332694095559, 6181990.75819284748286 ], [ 772828.807868319097906, 6181989.788050347007811 ], [ 772829.050403944100253, 6181988.817907846532762 ], [ 772829.292939569219016, 6181987.847765346989036 ], [ 772829.535475194221362, 6181986.877622846513987 ], [ 772829.778010819223709, 6181985.907480346038938 ], [ 772830.020546444226056, 6181984.937337846495211 ], [ 772830.263082069344819, 6181983.967195346020162 ], [ 772830.505617694347166, 6181982.997052845545113 ], [ 772830.748153319349512, 6181982.026910346001387 ], [ 772830.990688944468275, 6181981.056767845526338 ], [ 772831.233224569470622, 6181980.086625345982611 ], [ 772831.475760194472969, 6181979.116482845507562 ], [ 772831.718295819591731, 6181978.146340345032513 ], [ 772831.960831444594078, 6181977.176197845488787 ], [ 772832.203367069596425, 6181976.206055345013738 ], [ 772832.445902694598772, 6181975.235912844538689 ], [ 772832.647403358016163, 6181974.429910191334784 ], [ 772832.922124485950917, 6181973.468386244028807 ], [ 772833.196845613769256, 6181972.506862295791507 ], [ 772833.471566741704009, 6181971.545338348485529 ], [ 772833.746287869638763, 6181970.583814401179552 ], [ 772834.021008997457102, 6181969.622290452942252 ], [ 772834.295730125391856, 6181968.660766505636275 ], [ 772834.57045125332661, 6181967.699242557398975 ], [ 772834.845172381144948, 6181966.737718610092998 ], [ 772835.119893509079702, 6181965.77619466278702 ], [ 772835.394614637014456, 6181964.81467071454972 ], [ 772835.669335764832795, 6181963.853146767243743 ], [ 772835.944056892767549, 6181962.891622819937766 ], [ 772836.218778020702302, 6181961.930098871700466 ], [ 772836.493499148637056, 6181960.968574924394488 ], [ 772836.768220276455395, 6181960.007050977088511 ], [ 772837.042941404390149, 6181959.045527028851211 ], [ 772837.317662532324903, 6181958.084003081545234 ], [ 772837.592383660143241, 6181957.122479134239256 ], [ 772837.867104788077995, 6181956.160955186001956 ], [ 772838.141825916012749, 6181955.199431238695979 ], [ 772838.416547043831088, 6181954.237907290458679 ], [ 772838.691268171765842, 6181953.276383343152702 ], [ 772838.965989299700595, 6181952.314859395846725 ], [ 772839.240710427518934, 6181951.353335447609425 ], [ 772839.515431555453688, 6181950.391811500303447 ], [ 772839.790152683388442, 6181949.43028755299747 ], [ 772840.06487381120678, 6181948.46876360476017 ], [ 772840.339594939141534, 6181947.507239657454193 ], [ 772840.614316067076288, 6181946.545715710148215 ], [ 772840.889037194894627, 6181945.584191761910915 ], [ 772841.163758322829381, 6181944.622667814604938 ], [ 772841.438479450764135, 6181943.661143866367638 ], [ 772841.713200578582473, 6181942.699619919061661 ], [ 772841.987921706517227, 6181941.738095971755683 ], [ 772842.262642834451981, 6181940.776572023518384 ], [ 772842.537363962270319, 6181939.815048076212406 ], [ 772842.812085090205073, 6181938.853524128906429 ], [ 772843.086806218139827, 6181937.892000180669129 ], [ 772843.361527346074581, 6181936.930476233363152 ], [ 772843.63624847389292, 6181935.968952286057174 ], [ 772843.910969601827674, 6181935.007428337819874 ], [ 772844.185690729762428, 6181934.045904390513897 ], [ 772844.460411857580766, 6181933.08438044320792 ], [ 772844.73513298551552, 6181932.12285649497062 ], [ 772845.009854113450274, 6181931.161332547664642 ], [ 772845.284575241268612, 6181930.199808599427342 ], [ 772845.559296369203366, 6181929.238284652121365 ], [ 772845.83401749713812, 6181928.276760704815388 ], [ 772846.108738624956459, 6181927.315236756578088 ], [ 772846.383459752891213, 6181926.35371280927211 ], [ 772846.658180880825967, 6181925.392188861966133 ], [ 772846.932902008644305, 6181924.430664913728833 ], [ 772847.207623136579059, 6181923.469140966422856 ], [ 772847.482344264513813, 6181922.507617019116879 ], [ 772847.757065392332152, 6181921.546093070879579 ], [ 772848.031786520266905, 6181920.584569123573601 ], [ 772848.306507648201659, 6181919.623045176267624 ], [ 772848.581228776019998, 6181918.661521228030324 ], [ 772848.855949903954752, 6181917.699997280724347 ], [ 772849.130671031889506, 6181916.738473332487047 ], [ 772849.405392159707844, 6181915.776949385181069 ], [ 772849.680113287642598, 6181914.815425437875092 ], [ 772849.954834415577352, 6181913.853901489637792 ], [ 772850.229555543512106, 6181912.892377542331815 ], [ 772850.504276671330445, 6181911.930853595025837 ], [ 772850.778997799265198, 6181910.969329646788538 ], [ 772851.053718927199952, 6181910.00780569948256 ], [ 772851.328440055018291, 6181909.046281752176583 ], [ 772851.603161182953045, 6181908.084757803939283 ], [ 772851.877882310887799, 6181907.123233856633306 ], [ 772852.152603438706137, 6181906.161709908396006 ], [ 772852.427324566640891, 6181905.200185961090028 ], [ 772852.702045694575645, 6181904.238662013784051 ], [ 772852.976766822393984, 6181903.277138065546751 ], [ 772853.251487950328737, 6181902.315614118240774 ], [ 772853.526209078263491, 6181901.354090170934796 ], [ 772853.80093020608183, 6181900.392566222697496 ], [ 772854.075651334016584, 6181899.431042275391519 ], [ 772854.350372461951338, 6181898.469518328085542 ], [ 772854.625093589769676, 6181897.507994379848242 ], [ 772854.89981471770443, 6181896.546470432542264 ], [ 772855.174535845639184, 6181895.584946485236287 ], [ 772855.449256973457523, 6181894.623422536998987 ], [ 772855.723978101392277, 6181893.66189858969301 ], [ 772855.99869922932703, 6181892.70037464145571 ], [ 772856.273420357145369, 6181891.738850694149733 ], [ 772856.548141485080123, 6181890.777326746843755 ], [ 772856.822862613014877, 6181889.815802798606455 ], [ 772857.097583740949631, 6181888.854278851300478 ], [ 772857.372304868767969, 6181887.892754903994501 ], [ 772857.647025996702723, 6181886.931230955757201 ], [ 772857.921747124637477, 6181885.969707008451223 ], [ 772858.196468252455816, 6181885.008183061145246 ], [ 772858.47118938039057, 6181884.046659112907946 ], [ 772858.745910508325323, 6181883.085135165601969 ], [ 772859.020631636143662, 6181882.123611217364669 ], [ 772859.295352764078416, 6181881.162087270058692 ], [ 772859.57007389201317, 6181880.200563322752714 ], [ 772859.844795019831508, 6181879.239039374515414 ], [ 772860.119516147766262, 6181878.277515427209437 ], [ 772860.394237275701016, 6181877.31599147990346 ], [ 772860.668958403519355, 6181876.35446753166616 ], [ 772860.943679531454109, 6181875.392943584360182 ], [ 772861.218400659388863, 6181874.431419637054205 ], [ 772861.493121787207201, 6181873.469895688816905 ], [ 772861.767842915141955, 6181872.508371741510928 ], [ 772862.042564043076709, 6181871.54684779420495 ], [ 772862.317285170895047, 6181870.58532384596765 ], [ 772862.592006298829801, 6181869.623799898661673 ], [ 772862.866727426764555, 6181868.662275950424373 ], [ 772863.141448554582894, 6181867.700752003118396 ], [ 772863.416169682517648, 6181866.739228055812418 ], [ 772863.690890810452402, 6181865.777704107575119 ], [ 772863.965611938387156, 6181864.816180160269141 ], [ 772864.240333066205494, 6181863.854656212963164 ], [ 772864.515054194140248, 6181862.893132264725864 ], [ 772864.789775322075002, 6181861.931608317419887 ], [ 772865.06449644989334, 6181860.970084370113909 ], [ 772865.339217577828094, 6181860.008560421876609 ], [ 772865.613938705762848, 6181859.047036474570632 ], [ 772865.888659833581187, 6181858.085512527264655 ], [ 772866.163380961515941, 6181857.123988579027355 ], [ 772866.438102089450695, 6181856.162464631721377 ], [ 772866.712823217269033, 6181855.200940683484077 ], [ 772866.987544345203787, 6181854.2394167361781 ], [ 772867.262265473138541, 6181853.277892788872123 ], [ 772867.53698660095688, 6181852.316368840634823 ], [ 772867.811707728891633, 6181851.354844893328846 ], [ 772868.086428856826387, 6181850.393320946022868 ], [ 772868.361149984644726, 6181849.431796997785568 ], [ 772868.63587111257948, 6181848.470273050479591 ], [ 772868.910592240514234, 6181847.508749103173614 ], [ 772869.185313368332572, 6181846.547225154936314 ], [ 772869.460034496267326, 6181845.585701207630336 ], [ 772869.73475562420208, 6181844.624177259393036 ], [ 772870.009476752020419, 6181843.662653312087059 ], [ 772870.284197879955173, 6181842.701129364781082 ], [ 772870.558919007889926, 6181841.739605416543782 ], [ 772870.83364013582468, 6181840.778081469237804 ], [ 772871.108361263643019, 6181839.816557521931827 ], [ 772871.383082391577773, 6181838.855033573694527 ], [ 772871.657803519512527, 6181837.89350962638855 ], [ 772871.932524647330865, 6181836.931985679082572 ], [ 772872.207245775265619, 6181835.970461730845273 ], [ 772872.481966903200373, 6181835.008937783539295 ], [ 772872.756688031018712, 6181834.047413836233318 ], [ 772873.031409158953466, 6181833.085889887996018 ], [ 772873.306130286888219, 6181832.124365940690041 ], [ 772873.580851414706558, 6181831.162841992452741 ], [ 772873.855572542641312, 6181830.201318045146763 ], [ 772874.130293670576066, 6181829.239794097840786 ], [ 772874.405014798394404, 6181828.278270149603486 ], [ 772874.679735926329158, 6181827.316746202297509 ], [ 772874.954457054263912, 6181826.355222254991531 ], [ 772875.229178182082251, 6181825.393698306754231 ], [ 772875.503899310017005, 6181824.432174359448254 ], [ 772875.778620437951759, 6181823.470650412142277 ], [ 772876.053341565770097, 6181822.509126463904977 ], [ 772876.328062693704851, 6181821.547602516599 ], [ 772876.602783821639605, 6181820.5860785683617 ], [ 772876.877504949457943, 6181819.624554621055722 ], [ 772877.152226077392697, 6181818.663030673749745 ], [ 772877.426947205327451, 6181817.701506725512445 ], [ 772877.701668333262205, 6181816.739982778206468 ], [ 772877.976389461080544, 6181815.77845883090049 ], [ 772878.251110589015298, 6181814.81693488266319 ], [ 772878.525831716950051, 6181813.855410935357213 ], [ 772878.80055284476839, 6181812.893886988051236 ], [ 772879.075273972703144, 6181811.932363039813936 ], [ 772879.349995100637898, 6181810.970839092507958 ], [ 772879.624716228456236, 6181810.009315145201981 ], [ 772879.89943735639099, 6181809.047791196964681 ], [ 772880.174158484325744, 6181808.086267249658704 ], [ 772880.448879612144083, 6181807.124743301421404 ], [ 772880.723600740078837, 6181806.163219354115427 ], [ 772880.998321868013591, 6181805.201695406809449 ], [ 772881.273042995831929, 6181804.240171458572149 ], [ 772881.547764123766683, 6181803.278647511266172 ], [ 772881.822485251701437, 6181802.317123563960195 ], [ 772882.097206379519776, 6181801.355599615722895 ], [ 772882.371927507454529, 6181800.394075668416917 ], [ 772882.646648635389283, 6181799.43255172111094 ], [ 772882.921369763207622, 6181798.47102777287364 ], [ 772883.196090891142376, 6181797.509503825567663 ], [ 772883.47081201907713, 6181796.547979877330363 ], [ 772883.745533146895468, 6181795.586455930024385 ], [ 772884.020254274830222, 6181794.624931982718408 ], [ 772884.294975402764976, 6181793.663408034481108 ], [ 772884.56969653069973, 6181792.701884087175131 ], [ 772884.844417658518068, 6181791.740360139869153 ], [ 772885.119138786452822, 6181790.778836191631854 ], [ 772885.393859914387576, 6181789.817312244325876 ], [ 772885.668581042205915, 6181788.855788297019899 ], [ 772885.943302170140669, 6181787.894264348782599 ], [ 772886.218023298075423, 6181786.932740401476622 ], [ 772886.492744425893761, 6181785.971216454170644 ], [ 772886.767465553828515, 6181785.009692505933344 ], [ 772887.042186681763269, 6181784.048168558627367 ], [ 772887.316907809581608, 6181783.086644610390067 ], [ 772887.591628937516361, 6181782.12512066308409 ], [ 772887.866350065451115, 6181781.163596715778112 ], [ 772888.141071193269454, 6181780.202072767540812 ], [ 772888.415792321204208, 6181779.240548820234835 ], [ 772888.690513449138962, 6181778.279024872928858 ], [ 772888.9652345769573, 6181777.317500924691558 ], [ 772889.239955704892054, 6181776.355976977385581 ], [ 772889.514676832826808, 6181775.394453030079603 ], [ 772889.789397960645147, 6181774.432929081842303 ], [ 772890.064119088579901, 6181773.471405134536326 ], [ 772890.338840216514654, 6181772.509881187230349 ], [ 772890.613561344332993, 6181771.548357238993049 ], [ 772890.888282472267747, 6181770.586833291687071 ], [ 772891.163003600202501, 6181769.625309343449771 ], [ 772891.437724728137255, 6181768.663785396143794 ], [ 772891.712445855955593, 6181767.702261448837817 ], [ 772891.987166983890347, 6181766.740737500600517 ], [ 772892.261888111825101, 6181765.779213553294539 ], [ 772892.53660923964344, 6181764.817689605988562 ], [ 772892.811330367578194, 6181763.856165657751262 ], [ 772893.086051495512947, 6181762.894641710445285 ], [ 772893.360772623331286, 6181761.933117763139307 ], [ 772893.63549375126604, 6181760.971593814902008 ], [ 772893.910214879200794, 6181760.01006986759603 ], [ 772894.184936007019132, 6181759.04854591935873 ], [ 772894.459657134953886, 6181758.087021972052753 ], [ 772894.73437826288864, 6181757.125498024746776 ], [ 772895.009099390706979, 6181756.163974076509476 ], [ 772895.283820518641733, 6181755.202450129203498 ], [ 772895.558541646576487, 6181754.240926181897521 ], [ 772895.833262774394825, 6181753.279402233660221 ], [ 772896.107983902329579, 6181752.317878286354244 ], [ 772896.382705030264333, 6181751.356354339048266 ], [ 772896.657426158082671, 6181750.394830390810966 ], [ 772896.932147286017425, 6181749.433306443504989 ], [ 772897.206868413952179, 6181748.471782496199012 ], [ 772897.481589541770518, 6181747.510258547961712 ], [ 772897.756310669705272, 6181746.548734600655735 ], [ 772898.031031797640026, 6181745.587210652418435 ], [ 772898.082780163967982, 6181745.406091370619833 ], [ 772898.231120616896078, 6181744.417155018076301 ], [ 772898.379461069824174, 6181743.428218664601445 ], [ 772898.52780152275227, 6181742.439282312057912 ], [ 772898.676141975680366, 6181741.45034595951438 ], [ 772898.824482428608462, 6181740.461409606039524 ], [ 772898.972822881536558, 6181739.472473253495991 ], [ 772899.121163334464654, 6181738.483536900952458 ], [ 772899.26950378739275, 6181737.494600547477603 ], [ 772899.417844240320846, 6181736.50566419493407 ], [ 772899.566184693248942, 6181735.516727842390537 ], [ 772899.714525146177039, 6181734.527791488915682 ], [ 772899.862865599105135, 6181733.538855136372149 ], [ 772900.011206052033231, 6181732.549918782897294 ], [ 772900.159546504961327, 6181731.560982430353761 ], [ 772900.307886957889423, 6181730.572046077810228 ], [ 772900.456227410817519, 6181729.583109724335372 ], [ 772900.604567863745615, 6181728.59417337179184 ], [ 772900.752908316673711, 6181727.605237019248307 ], [ 772900.901248769601807, 6181726.616300665773451 ], [ 772901.049589222529903, 6181725.627364313229918 ], [ 772901.197929675457999, 6181724.638427960686386 ], [ 772901.346270128386095, 6181723.64949160721153 ], [ 772901.494610581314191, 6181722.660555254667997 ], [ 772901.642951034242287, 6181721.671618902124465 ], [ 772901.791291487170383, 6181720.682682548649609 ], [ 772901.939631940098479, 6181719.693746196106076 ], [ 772902.087972393026575, 6181718.704809843562543 ], [ 772902.236312845954672, 6181717.715873490087688 ], [ 772902.384653298882768, 6181716.726937137544155 ], [ 772902.532993751810864, 6181715.738000785000622 ], [ 772902.68133420473896, 6181714.749064431525767 ], [ 772902.829674657783471, 6181713.760128078982234 ], [ 772902.978015110711567, 6181712.771191725507379 ], [ 772903.126355563639663, 6181711.782255372963846 ], [ 772903.274696016567759, 6181710.793319020420313 ], [ 772903.423036469495855, 6181709.804382666945457 ], [ 772903.571376922423951, 6181708.815446314401925 ], [ 772903.719717375352047, 6181707.826509961858392 ], [ 772903.868057828280143, 6181706.837573608383536 ], [ 772904.016398281208239, 6181705.848637255840003 ], [ 772904.164738734136336, 6181704.859700903296471 ], [ 772904.313079187064432, 6181703.870764549821615 ], [ 772904.461419639992528, 6181702.881828197278082 ], [ 772904.609760092920624, 6181701.89289184473455 ], [ 772904.75810054584872, 6181700.903955491259694 ], [ 772904.906440998776816, 6181699.915019138716161 ], [ 772905.054781451704912, 6181698.926082786172628 ], [ 772905.203121904633008, 6181697.937146432697773 ], [ 772905.351462357561104, 6181696.94821008015424 ], [ 772905.4998028104892, 6181695.959273727610707 ], [ 772905.648143263417296, 6181694.970337374135852 ], [ 772905.796483716345392, 6181693.981401021592319 ], [ 772905.944824169273488, 6181692.992464669048786 ], [ 772906.093164622201584, 6181692.003528315573931 ], [ 772906.24150507512968, 6181691.014591963030398 ], [ 772906.389845528057776, 6181690.025655609555542 ], [ 772906.538185980985872, 6181689.03671925701201 ], [ 772906.686526433913969, 6181688.047782904468477 ], [ 772906.834866886842065, 6181687.058846550993621 ], [ 772906.983207339770161, 6181686.069910198450089 ], [ 772907.131547792698257, 6181685.080973845906556 ], [ 772907.279888245626353, 6181684.0920374924317 ], [ 772907.428228698554449, 6181683.103101139888167 ], [ 772907.576569151482545, 6181682.114164787344635 ], [ 772907.724909604410641, 6181681.125228433869779 ], [ 772907.873250057338737, 6181680.136292081326246 ], [ 772908.021590510266833, 6181679.147355728782713 ], [ 772908.169930963194929, 6181678.158419375307858 ], [ 772908.318271416123025, 6181677.169483022764325 ], [ 772908.466611869051121, 6181676.180546670220792 ], [ 772908.614952321979217, 6181675.191610316745937 ], [ 772908.763292774907313, 6181674.202673964202404 ], [ 772908.911633227835409, 6181673.213737611658871 ], [ 772909.059973680763505, 6181672.224801258184016 ], [ 772909.208314133691601, 6181671.235864905640483 ], [ 772909.356654586619698, 6181670.246928552165627 ], [ 772909.504995039547794, 6181669.257992199622095 ], [ 772909.65333549247589, 6181668.269055847078562 ], [ 772909.801675945403986, 6181667.280119493603706 ], [ 772909.950016398332082, 6181666.291183141060174 ], [ 772910.098356851260178, 6181665.302246788516641 ], [ 772910.246697304188274, 6181664.313310435041785 ], [ 772910.39503775711637, 6181663.324374082498252 ], [ 772910.543378210044466, 6181662.33543772995472 ], [ 772910.691718662972562, 6181661.346501376479864 ], [ 772910.840059115900658, 6181660.357565023936331 ], [ 772910.988399568828754, 6181659.368628671392798 ], [ 772911.13674002175685, 6181658.379692317917943 ], [ 772911.285080474684946, 6181657.39075596537441 ], [ 772911.433420927613042, 6181656.401819612830877 ], [ 772911.581761380541138, 6181655.412883259356022 ], [ 772911.730101833469234, 6181654.423946906812489 ], [ 772911.87844228639733, 6181653.435010554268956 ], [ 772912.026782739325427, 6181652.446074200794101 ], [ 772912.175123192369938, 6181651.457137848250568 ], [ 772912.323463645298034, 6181650.468201495707035 ], [ 772912.47180409822613, 6181649.47926514223218 ], [ 772912.620144551154226, 6181648.490328789688647 ], [ 772912.768485004082322, 6181647.501392436213791 ], [ 772912.916825457010418, 6181646.512456083670259 ], [ 772913.065165909938514, 6181645.523519731126726 ], [ 772913.21350636286661, 6181644.53458337765187 ], [ 772913.361846815794706, 6181643.545647025108337 ], [ 772913.510187268722802, 6181642.556710672564805 ], [ 772913.658527721650898, 6181641.567774319089949 ], [ 772913.806868174578995, 6181640.578837966546416 ], [ 772913.955208627507091, 6181639.589901614002883 ], [ 772914.103549080435187, 6181638.600965260528028 ], [ 772914.251889533363283, 6181637.612028907984495 ], [ 772914.400229986291379, 6181636.623092555440962 ], [ 772914.548570439219475, 6181635.634156201966107 ], [ 772914.696910892147571, 6181634.645219849422574 ], [ 772914.845251345075667, 6181633.656283496879041 ], [ 772914.993591798003763, 6181632.667347143404186 ], [ 772915.141932250931859, 6181631.678410790860653 ], [ 772915.290272703859955, 6181630.68947443831712 ], [ 772915.438613156788051, 6181629.700538084842265 ], [ 772915.586953609716147, 6181628.711601732298732 ], [ 772915.735294062644243, 6181627.722665378823876 ], [ 772915.883634515572339, 6181626.733729026280344 ], [ 772916.031974968500435, 6181625.744792673736811 ], [ 772916.180315421428531, 6181624.755856320261955 ], [ 772916.328655874356627, 6181623.766919967718422 ], [ 772916.476996327284724, 6181622.77798361517489 ], [ 772916.62533678021282, 6181621.789047261700034 ], [ 772916.773677233140916, 6181620.800110909156501 ], [ 772916.922017686069012, 6181619.811174556612968 ], [ 772917.070358138997108, 6181618.822238203138113 ], [ 772917.218698591925204, 6181617.83330185059458 ], [ 772917.3670390448533, 6181616.844365498051047 ], [ 772917.515379497781396, 6181615.855429144576192 ], [ 772917.663719950709492, 6181614.866492792032659 ], [ 772917.812060403637588, 6181613.877556439489126 ], [ 772917.960400856565684, 6181612.888620086014271 ], [ 772918.10874130949378, 6181611.899683733470738 ], [ 772918.257081762421876, 6181610.910747380927205 ], [ 772918.405422215349972, 6181609.92181102745235 ], [ 772918.553762668278068, 6181608.932874674908817 ], [ 772918.702103121206164, 6181607.943938322365284 ], [ 772918.85044357413426, 6181606.955001968890429 ], [ 772918.998784027062356, 6181605.966065616346896 ], [ 772919.147124479990453, 6181604.97712926287204 ], [ 772919.295464932918549, 6181603.988192910328507 ], [ 772919.443805385846645, 6181602.999256557784975 ], [ 772919.592145838774741, 6181602.010320204310119 ], [ 772919.740486291702837, 6181601.021383851766586 ], [ 772919.888826744630933, 6181600.032447499223053 ], [ 772920.037167197559029, 6181599.043511145748198 ], [ 772920.185507650487125, 6181598.054574793204665 ], [ 772920.333848103415221, 6181597.065638440661132 ], [ 772920.482188556343317, 6181596.076702087186277 ], [ 772920.630529009271413, 6181595.087765734642744 ], [ 772920.778869462199509, 6181594.098829382099211 ], [ 772920.927209915127605, 6181593.109893028624356 ], [ 772921.075550368055701, 6181592.120956676080823 ], [ 772921.223890820983797, 6181591.13202032353729 ], [ 772921.372231273911893, 6181590.143083970062435 ], [ 772921.520571726839989, 6181589.154147617518902 ], [ 772921.668912179884501, 6181588.165211264975369 ], [ 772921.817252632812597, 6181587.176274911500514 ], [ 772921.965593085740693, 6181586.187338558956981 ], [ 772922.113933538668789, 6181585.198402206413448 ], [ 772922.262273991596885, 6181584.209465852938592 ], [ 772922.410614444524981, 6181583.22052950039506 ], [ 772922.558954897453077, 6181582.231593146920204 ], [ 772922.707295350381173, 6181581.242656794376671 ], [ 772922.855635803309269, 6181580.253720441833138 ], [ 772923.003976256237365, 6181579.264784088358283 ], [ 772923.152316709165461, 6181578.27584773581475 ], [ 772923.300657162093557, 6181577.286911383271217 ], [ 772923.448997615021653, 6181576.297975029796362 ], [ 772923.59733806794975, 6181575.309038677252829 ], [ 772923.745678520877846, 6181574.320102324709296 ], [ 772923.894018973805942, 6181573.331165971234441 ], [ 772924.042359426734038, 6181572.342229618690908 ], [ 772924.190699879662134, 6181571.353293266147375 ], [ 772924.33904033259023, 6181570.36435691267252 ], [ 772924.487380785518326, 6181569.375420560128987 ], [ 772924.635721238446422, 6181568.386484207585454 ], [ 772924.784061691374518, 6181567.397547854110599 ], [ 772924.932402144302614, 6181566.408611501567066 ], [ 772925.08074259723071, 6181565.419675149023533 ], [ 772925.229083050158806, 6181564.430738795548677 ], [ 772925.377423503086902, 6181563.441802443005145 ], [ 772925.525763956014998, 6181562.452866089530289 ], [ 772925.674104408943094, 6181561.463929736986756 ], [ 772925.82244486187119, 6181560.474993384443223 ], [ 772925.970785314799286, 6181559.486057030968368 ], [ 772926.119125767727382, 6181558.497120678424835 ], [ 772926.267466220655479, 6181557.508184325881302 ], [ 772926.415806673583575, 6181556.519247972406447 ], [ 772926.564147126511671, 6181555.530311619862914 ], [ 772926.712487579439767, 6181554.541375267319381 ], [ 772926.860828032367863, 6181553.552438913844526 ], [ 772927.009168485295959, 6181552.563502561300993 ], [ 772927.157508938224055, 6181551.57456620875746 ], [ 772927.305849391152151, 6181550.585629855282605 ], [ 772927.454189844080247, 6181549.596693502739072 ], [ 772927.602530297008343, 6181548.607757150195539 ], [ 772927.750870749936439, 6181547.618820796720684 ], [ 772927.899211202864535, 6181546.629884444177151 ], [ 772928.047551655792631, 6181545.640948091633618 ], [ 772928.195892108720727, 6181544.652011738158762 ], [ 772928.344232561648823, 6181543.66307538561523 ], [ 772928.492573014576919, 6181542.674139033071697 ], [ 772928.640913467505015, 6181541.685202679596841 ], [ 772928.789253920433111, 6181540.696266327053308 ], [ 772928.937594373361208, 6181539.707329973578453 ], [ 772929.085934826289304, 6181538.71839362103492 ], [ 772929.2342752792174, 6181537.729457268491387 ], [ 772929.382615732145496, 6181536.740520915016532 ], [ 772929.530956185073592, 6181535.751584562472999 ], [ 772929.679296638001688, 6181534.762648209929466 ], [ 772929.827637090929784, 6181533.773711856454611 ], [ 772929.97597754385788, 6181532.784775503911078 ], [ 772930.124317996785976, 6181531.795839151367545 ], [ 772930.272658449714072, 6181530.80690279789269 ], [ 772930.420998902642168, 6181529.817966445349157 ], [ 772930.569339355570264, 6181528.829030092805624 ], [ 772930.71767980849836, 6181527.840093739330769 ], [ 772930.800468566943891, 6181527.288168683648109 ], [ 772931.286111498135142, 6181526.414011407643557 ], [ 772931.771754429326393, 6181525.539854131639004 ], [ 772932.257397360517643, 6181524.665696855634451 ], [ 772932.743040291708894, 6181523.791539579629898 ], [ 772933.228683222900145, 6181522.917382302694023 ], [ 772933.71432615397498, 6181522.04322502668947 ], [ 772934.199969085166231, 6181521.169067750684917 ], [ 772934.685612016357481, 6181520.294910474680364 ], [ 772935.171254947548732, 6181519.420753198675811 ], [ 772935.656897878739983, 6181518.546595922671258 ], [ 772936.142540809931234, 6181517.672438646666706 ], [ 772936.628183741122484, 6181516.798281370662153 ], [ 772937.113826672313735, 6181515.924124093726277 ], [ 772937.599469603504986, 6181515.049966817721725 ], [ 772938.085112534696236, 6181514.175809541717172 ], [ 772938.570755465887487, 6181513.301652265712619 ], [ 772939.056398396962322, 6181512.427494989708066 ], [ 772939.542041328153573, 6181511.553337713703513 ], [ 772940.027684259344824, 6181510.67918043769896 ], [ 772940.513327190536074, 6181509.805023161694407 ], [ 772940.998970121727325, 6181508.930865884758532 ], [ 772941.484613052918576, 6181508.056708608753979 ], [ 772941.970255984109826, 6181507.182551332749426 ], [ 772942.455898915301077, 6181506.308394056744874 ], [ 772942.941541846492328, 6181505.434236780740321 ], [ 772943.427184777683578, 6181504.560079504735768 ], [ 772943.912827708874829, 6181503.685922228731215 ], [ 772944.398470639949664, 6181502.811764952726662 ], [ 772944.884113571140915, 6181501.937607675790787 ], [ 772945.369756502332166, 6181501.063450399786234 ], [ 772945.855399433523417, 6181500.189293123781681 ], [ 772946.341042364714667, 6181499.315135847777128 ], [ 772946.826685295905918, 6181498.440978571772575 ], [ 772947.312328227097169, 6181497.566821295768023 ], [ 772947.797971158288419, 6181496.69266401976347 ], [ 772948.28361408947967, 6181495.818506743758917 ], [ 772948.769257020670921, 6181494.944349466823041 ], [ 772949.254899951862171, 6181494.070192190818489 ], [ 772949.740542883053422, 6181493.196034914813936 ], [ 772950.226185814128257, 6181492.321877638809383 ], [ 772950.711828745319508, 6181491.44772036280483 ], [ 772951.197471676510759, 6181490.573563086800277 ], [ 772951.683114607702009, 6181489.699405810795724 ], [ 772952.16875753889326, 6181488.825248534791172 ], [ 772952.654400470084511, 6181487.951091257855296 ], [ 772953.140043401275761, 6181487.076933981850743 ], [ 772953.625686332467012, 6181486.20277670584619 ], [ 772954.111329263658263, 6181485.328619429841638 ], [ 772954.596972194849513, 6181484.454462153837085 ], [ 772955.082615126040764, 6181483.580304877832532 ], [ 772955.5682580571156, 6181482.706147601827979 ], [ 772956.05390098830685, 6181481.831990325823426 ], [ 772956.539543919498101, 6181480.957833048887551 ], [ 772957.025186850689352, 6181480.083675772882998 ], [ 772957.510829781880602, 6181479.209518496878445 ], [ 772957.996472713071853, 6181478.335361220873892 ], [ 772958.482115644263104, 6181477.461203944869339 ], [ 772958.967758575454354, 6181476.587046668864787 ], [ 772959.453401506645605, 6181475.712889392860234 ], [ 772959.939044437836856, 6181474.838732116855681 ], [ 772960.424687369028106, 6181473.964574839919806 ], [ 772960.910330300102942, 6181473.090417563915253 ], [ 772961.395973231294192, 6181472.2162602879107 ], [ 772961.881616162485443, 6181471.342103011906147 ], [ 772962.367259093676694, 6181470.467945735901594 ], [ 772962.852902024867944, 6181469.593788459897041 ], [ 772963.338544956059195, 6181468.719631183892488 ], [ 772963.824187887250446, 6181467.845473907887936 ], [ 772964.309830818441696, 6181466.97131663095206 ], [ 772964.795473749632947, 6181466.097159354947507 ], [ 772965.281116680824198, 6181465.223002078942955 ], [ 772965.766759612015449, 6181464.348844802938402 ], [ 772966.252402543090284, 6181463.474687526933849 ], [ 772966.738045474281535, 6181462.600530250929296 ], [ 772967.223688405472785, 6181461.726372974924743 ], [ 772967.709331336664036, 6181460.85221569892019 ], [ 772968.194974267855287, 6181459.978058421984315 ], [ 772968.680617199046537, 6181459.103901145979762 ], [ 772969.166260130237788, 6181458.229743869975209 ], [ 772969.651903061429039, 6181457.355586593970656 ], [ 772970.137545992620289, 6181456.481429317966104 ], [ 772970.62318892381154, 6181455.607272041961551 ], [ 772971.108831855002791, 6181454.733114765956998 ], [ 772971.594474786077626, 6181453.858957489952445 ], [ 772972.080117717268877, 6181452.98480021301657 ], [ 772972.565760648460127, 6181452.110642937012017 ], [ 772973.051403579651378, 6181451.236485661007464 ], [ 772973.537046510842629, 6181450.362328385002911 ], [ 772974.022689442033879, 6181449.488171108998358 ], [ 772974.50833237322513, 6181448.614013832993805 ], [ 772974.993975304416381, 6181447.739856556989253 ], [ 772975.479618235607632, 6181446.8656992809847 ], [ 772975.965261166798882, 6181445.991542004048824 ], [ 772976.450904097990133, 6181445.117384728044271 ], [ 772976.936547029064968, 6181444.243227452039719 ], [ 772977.422189960256219, 6181443.369070176035166 ], [ 772977.90783289144747, 6181442.494912900030613 ], [ 772978.39347582263872, 6181441.62075562402606 ], [ 772978.879118753829971, 6181440.746598348021507 ], [ 772979.364761685021222, 6181439.872441072016954 ], [ 772979.850404616212472, 6181438.998283795081079 ], [ 772980.336047547403723, 6181438.124126519076526 ], [ 772980.821690478594974, 6181437.249969243071973 ], [ 772981.307333409786224, 6181436.37581196706742 ], [ 772981.792976340977475, 6181435.501654691062868 ], [ 772982.278619272168726, 6181434.627497415058315 ], [ 772982.764262203243561, 6181433.753340139053762 ], [ 772983.249905134434812, 6181432.879182863049209 ], [ 772983.735548065626062, 6181432.005025586113334 ], [ 772984.221190996817313, 6181431.130868310108781 ], [ 772984.706833928008564, 6181430.256711034104228 ], [ 772985.192476859199814, 6181429.382553758099675 ], [ 772985.329949238570407, 6181429.135103475302458 ], [ 772985.526065373676829, 6181428.154522799886763 ], [ 772985.722181508899666, 6181427.173942123539746 ], [ 772985.918297644006088, 6181426.193361448124051 ], [ 772986.11441377911251, 6181425.212780772708356 ], [ 772986.310529914218932, 6181424.232200097292662 ], [ 772986.50664604944177, 6181423.251619420945644 ], [ 772986.702762184548192, 6181422.27103874552995 ], [ 772986.898878319654614, 6181421.290458070114255 ], [ 772987.094994454761036, 6181420.309877393767238 ], [ 772987.291110589983873, 6181419.329296718351543 ], [ 772987.487226725090295, 6181418.348716042935848 ], [ 772987.683342860196717, 6181417.368135366588831 ], [ 772987.879458995419554, 6181416.387554691173136 ], [ 772988.075575130525976, 6181415.406974015757442 ], [ 772988.271691265632398, 6181414.426393340341747 ], [ 772988.46780740073882, 6181413.44581266399473 ], [ 772988.663923535961658, 6181412.465231988579035 ], [ 772988.86003967106808, 6181411.48465131316334 ], [ 772989.056155806174502, 6181410.504070636816323 ], [ 772989.252271941280924, 6181409.523489961400628 ], [ 772989.448388076503761, 6181408.542909285984933 ], [ 772989.644504211610183, 6181407.562328609637916 ], [ 772989.840620346716605, 6181406.581747934222221 ], [ 772990.036736481823027, 6181405.601167258806527 ], [ 772990.232852617045864, 6181404.620586583390832 ], [ 772990.428968752152286, 6181403.640005907043815 ], [ 772990.625084887258708, 6181402.65942523162812 ], [ 772990.821201022481546, 6181401.678844556212425 ], [ 772991.017317157587968, 6181400.698263879865408 ], [ 772991.21343329269439, 6181399.717683204449713 ], [ 772991.409549427800812, 6181398.737102529034019 ], [ 772991.605665563023649, 6181397.756521853618324 ], [ 772991.801781698130071, 6181396.775941177271307 ], [ 772991.997897833236493, 6181395.795360501855612 ], [ 772992.194013968342915, 6181394.814779826439917 ], [ 772992.390130103565753, 6181393.8341991500929 ], [ 772992.586246238672175, 6181392.853618474677205 ], [ 772992.782362373778597, 6181391.87303779926151 ], [ 772992.978478509001434, 6181390.892457122914493 ], [ 772993.174594644107856, 6181389.911876447498798 ], [ 772993.370710779214278, 6181388.931295772083104 ], [ 772993.5668269143207, 6181387.950715096667409 ], [ 772993.762943049543537, 6181386.970134420320392 ], [ 772993.959059184649959, 6181385.989553744904697 ], [ 772994.155175319756381, 6181385.008973069489002 ], [ 772994.351291454862803, 6181384.028392393141985 ], [ 772994.547407590085641, 6181383.04781171772629 ], [ 772994.743523725192063, 6181382.067231042310596 ], [ 772994.939639860298485, 6181381.086650366894901 ], [ 772995.135755995404907, 6181380.106069690547884 ], [ 772995.331872130627744, 6181379.125489015132189 ], [ 772995.527988265734166, 6181378.144908339716494 ], [ 772995.724104400840588, 6181377.164327663369477 ], [ 772995.920220536063425, 6181376.183746987953782 ], [ 772996.116336671169847, 6181375.203166312538087 ], [ 772996.312452806276269, 6181374.22258563619107 ], [ 772996.508568941382691, 6181373.242004960775375 ], [ 772996.704685076605529, 6181372.261424285359681 ], [ 772996.900801211711951, 6181371.280843609943986 ], [ 772997.096917346818373, 6181370.300262933596969 ], [ 772997.293033481924795, 6181369.319682258181274 ], [ 772997.489149617147632, 6181368.339101582765579 ], [ 772997.685265752254054, 6181367.358520906418562 ], [ 772997.881381887360476, 6181366.377940231002867 ], [ 772998.077498022583313, 6181365.397359555587173 ], [ 772998.273614157689735, 6181364.416778879240155 ], [ 772998.469730292796157, 6181363.436198203824461 ], [ 772998.665846427902579, 6181362.455617528408766 ], [ 772998.861962563125417, 6181361.475036852993071 ], [ 772999.058078698231839, 6181360.494456176646054 ], [ 772999.254194833338261, 6181359.513875501230359 ], [ 772999.450310968444683, 6181358.533294825814664 ], [ 772999.64642710366752, 6181357.552714149467647 ], [ 772999.842543238773942, 6181356.572133474051952 ], [ 773000.038659373880364, 6181355.591552798636258 ], [ 773000.234775508986786, 6181354.610972123220563 ], [ 773000.430891644209623, 6181353.630391446873546 ], [ 773000.627007779316045, 6181352.649810771457851 ], [ 773000.823123914422467, 6181351.669230096042156 ], [ 773001.019240049645305, 6181350.688649419695139 ], [ 773001.215356184751727, 6181349.708068744279444 ], [ 773001.411472319858149, 6181348.72748806886375 ], [ 773001.607588454964571, 6181347.746907392516732 ], [ 773001.803704590187408, 6181346.766326717101038 ], [ 773001.99982072529383, 6181345.785746041685343 ], [ 773002.195936860400252, 6181344.805165366269648 ], [ 773002.392052995506674, 6181343.824584689922631 ], [ 773002.588169130729511, 6181342.844004014506936 ], [ 773002.784285265835933, 6181341.863423339091241 ], [ 773002.980401400942355, 6181340.882842662744224 ], [ 773003.176517536165193, 6181339.902261987328529 ], [ 773003.372633671271615, 6181338.921681311912835 ], [ 773003.568749806378037, 6181337.94110063649714 ], [ 773003.764865941484459, 6181336.960519960150123 ], [ 773003.960982076707296, 6181335.979939284734428 ], [ 773004.157098211813718, 6181334.999358609318733 ], [ 773004.35321434692014, 6181334.018777932971716 ], [ 773004.549330482026562, 6181333.038197257556021 ], [ 773004.745446617249399, 6181332.057616582140326 ], [ 773004.941562752355821, 6181331.077035905793309 ], [ 773005.137678887462243, 6181330.096455230377614 ], [ 773005.333795022568665, 6181329.11587455496192 ], [ 773005.529911157791503, 6181328.135293879546225 ], [ 773005.726027292897925, 6181327.154713203199208 ], [ 773005.922143428004347, 6181326.174132527783513 ], [ 773006.118259563227184, 6181325.193551852367818 ], [ 773006.314375698333606, 6181324.212971176020801 ], [ 773006.510491833440028, 6181323.232390500605106 ], [ 773006.70660796854645, 6181322.251809825189412 ], [ 773006.902724103769287, 6181321.271229148842394 ], [ 773007.098840238875709, 6181320.2906484734267 ], [ 773007.294956373982131, 6181319.310067798011005 ], [ 773007.491072509088553, 6181318.32948712259531 ], [ 773007.687188644311391, 6181317.348906446248293 ], [ 773007.883304779417813, 6181316.368325770832598 ], [ 773008.079420914524235, 6181315.387745095416903 ], [ 773008.275537049747072, 6181314.407164419069886 ], [ 773008.471653184853494, 6181313.426583743654191 ], [ 773008.667769319959916, 6181312.446003068238497 ], [ 773008.863885455066338, 6181311.465422392822802 ], [ 773009.060001590289176, 6181310.484841716475785 ], [ 773009.256117725395598, 6181309.50426104106009 ], [ 773009.45223386050202, 6181308.523680365644395 ], [ 773009.648349995608442, 6181307.543099689297378 ], [ 773009.844466130831279, 6181306.562519013881683 ], [ 773010.040582265937701, 6181305.581938338465989 ], [ 773010.236698401044123, 6181304.601357662118971 ], [ 773010.432814536150545, 6181303.620776986703277 ], [ 773010.628930671373382, 6181302.640196311287582 ], [ 773010.825046806479804, 6181301.659615635871887 ], [ 773011.021162941586226, 6181300.67903495952487 ], [ 773011.217279076809064, 6181299.698454284109175 ], [ 773011.413395211915486, 6181298.71787360869348 ], [ 773011.609511347021908, 6181297.737292932346463 ], [ 773011.80562748212833, 6181296.756712256930768 ], [ 773012.001743617351167, 6181295.776131581515074 ], [ 773012.197859752457589, 6181294.795550906099379 ], [ 773012.393975887564011, 6181293.814970229752362 ], [ 773012.590092022670433, 6181292.834389554336667 ], [ 773012.78620815789327, 6181291.853808878920972 ], [ 773012.982324292999692, 6181290.873228202573955 ], [ 773013.178440428106114, 6181289.89264752715826 ], [ 773013.374556563328952, 6181288.912066851742566 ], [ 773013.570672698435374, 6181287.931486175395548 ], [ 773013.766788833541796, 6181286.950905499979854 ], [ 773013.962904968648218, 6181285.970324824564159 ], [ 773014.159021103871055, 6181284.989744149148464 ], [ 773014.355137238977477, 6181284.009163472801447 ], [ 773014.551253374083899, 6181283.028582797385752 ], [ 773014.747369509190321, 6181282.048002121970057 ], [ 773014.943485644413158, 6181281.06742144562304 ], [ 773015.13960177951958, 6181280.086840770207345 ], [ 773015.335717914626002, 6181279.106260094791651 ], [ 773015.531834049732424, 6181278.125679418444633 ], [ 773015.727950184955262, 6181277.145098743028939 ], [ 773015.924066320061684, 6181276.164518067613244 ], [ 773016.120182455168106, 6181275.183937392197549 ], [ 773016.316298590390943, 6181274.203356715850532 ], [ 773016.512414725497365, 6181273.222776040434837 ], [ 773016.708530860603787, 6181272.242195365019143 ], [ 773016.904646995710209, 6181271.261614688672125 ], [ 773017.100763130933046, 6181270.281034013256431 ], [ 773017.296879266039468, 6181269.300453337840736 ], [ 773017.49299540114589, 6181268.319872662425041 ], [ 773017.689111536252312, 6181267.339291986078024 ], [ 773017.88522767147515, 6181266.358711310662329 ], [ 773018.081343806581572, 6181265.378130635246634 ], [ 773018.277459941687994, 6181264.397549958899617 ], [ 773018.473576076910831, 6181263.416969283483922 ], [ 773018.669692212017253, 6181262.436388608068228 ], [ 773018.865808347123675, 6181261.45580793172121 ], [ 773019.061924482230097, 6181260.475227256305516 ], [ 773019.258040617452934, 6181259.494646580889821 ], [ 773019.454156752559356, 6181258.514065905474126 ], [ 773019.650272887665778, 6181257.533485229127109 ], [ 773019.8463890227722, 6181256.552904553711414 ], [ 773020.042505157995038, 6181255.57232387829572 ], [ 773020.23862129310146, 6181254.591743201948702 ], [ 773020.434737428207882, 6181253.611162526533008 ], [ 773020.630853563314304, 6181252.630581851117313 ], [ 773020.826969698537141, 6181251.650001174770296 ], [ 773021.023085833643563, 6181250.669420499354601 ], [ 773021.219201968749985, 6181249.688839823938906 ], [ 773021.415318103972822, 6181248.708259148523211 ], [ 773021.611434239079244, 6181247.727678472176194 ], [ 773021.807550374185666, 6181246.747097796760499 ], [ 773022.003666509292088, 6181245.766517121344805 ], [ 773022.199782644514926, 6181244.785936444997787 ], [ 773022.395898779621348, 6181243.805355769582093 ], [ 773022.59201491472777, 6181242.824775094166398 ], [ 773022.788131049834192, 6181241.844194418750703 ], [ 773022.984247185057029, 6181240.863613742403686 ], [ 773023.180363320163451, 6181239.883033066987991 ], [ 773023.376479455269873, 6181238.902452391572297 ], [ 773023.57259559049271, 6181237.921871715225279 ], [ 773023.768711725599132, 6181236.941291039809585 ], [ 773023.964827860705554, 6181235.96071036439389 ], [ 773024.160943995811976, 6181234.980129688046873 ], [ 773024.357060131034814, 6181233.999549012631178 ], [ 773024.553176266141236, 6181233.018968337215483 ], [ 773024.749292401247658, 6181232.038387661799788 ], [ 773024.94540853635408, 6181231.057806985452771 ], [ 773025.141524671576917, 6181230.077226310037076 ], [ 773025.337640806683339, 6181229.096645634621382 ], [ 773025.533756941789761, 6181228.116064958274364 ], [ 773025.729873076896183, 6181227.13548428285867 ], [ 773025.925989212119021, 6181226.154903607442975 ], [ 773026.122105347225443, 6181225.17432293202728 ], [ 773026.318221482331865, 6181224.193742255680263 ], [ 773026.514337617554702, 6181223.213161580264568 ], [ 773026.710453752661124, 6181222.232580904848874 ], [ 773026.906569887767546, 6181221.252000228501856 ], [ 773027.102686022873968, 6181220.271419553086162 ], [ 773027.298802158096805, 6181219.290838877670467 ], [ 773027.494918293203227, 6181218.31025820132345 ], [ 773027.691034428309649, 6181217.329677525907755 ], [ 773027.887150563416071, 6181216.34909685049206 ], [ 773028.083266698638909, 6181215.368516175076365 ], [ 773028.279382833745331, 6181214.387935498729348 ], [ 773028.475498968851753, 6181213.407354823313653 ], [ 773028.67161510407459, 6181212.426774147897959 ], [ 773028.867731239181012, 6181211.446193471550941 ], [ 773028.95353377587162, 6181211.017180788330734 ], [ 773029.196069400873967, 6181210.047038287855685 ], [ 773029.438605025992729, 6181209.076895788311958 ], [ 773029.681140650995076, 6181208.106753287836909 ], [ 773029.923676275997423, 6181207.13661078736186 ], [ 773030.166211901116185, 6181206.166468287818134 ], [ 773030.408747526118532, 6181205.196325787343085 ], [ 773030.651283151120879, 6181204.226183286868036 ], [ 773030.893818776123226, 6181203.256040787324309 ], [ 773031.136354401241988, 6181202.28589828684926 ], [ 773031.378890026244335, 6181201.315755787305534 ], [ 773031.621425651246682, 6181200.345613286830485 ], [ 773031.863961276365444, 6181199.375470786355436 ], [ 773032.106496901367791, 6181198.405328286811709 ], [ 773032.349032526370138, 6181197.43518578633666 ], [ 773032.5915681514889, 6181196.465043285861611 ], [ 773032.834103776491247, 6181195.494900786317885 ], [ 773033.076639401493594, 6181194.524758285842836 ], [ 773033.319175026495941, 6181193.554615785367787 ], [ 773033.561710651614703, 6181192.58447328582406 ], [ 773033.80424627661705, 6181191.614330785349011 ], [ 773034.046781901619397, 6181190.644188284873962 ], [ 773034.289317526738159, 6181189.674045785330236 ], [ 773034.531853151740506, 6181188.703903284855187 ], [ 773034.774388776742853, 6181187.73376078531146 ], [ 773035.016924401861615, 6181186.763618284836411 ], [ 773035.259460026863962, 6181185.793475784361362 ], [ 773035.501995651866309, 6181184.823333284817636 ], [ 773035.744531276868656, 6181183.853190784342587 ], [ 773035.987066901987419, 6181182.883048283867538 ], [ 773036.229602526989765, 6181181.912905784323812 ], [ 773036.472138151992112, 6181180.942763283848763 ], [ 773036.714673777110875, 6181179.972620783373713 ], [ 773036.957209402113222, 6181179.002478283829987 ], [ 773037.199745027115569, 6181178.032335783354938 ], [ 773037.442280652234331, 6181177.062193282879889 ], [ 773037.684816277236678, 6181176.092050783336163 ], [ 773037.927351902239025, 6181175.121908282861114 ], [ 773038.169887527241372, 6181174.151765782386065 ], [ 773038.412423152360134, 6181173.181623282842338 ], [ 773038.654958777362481, 6181172.211480782367289 ], [ 773038.897494402364828, 6181171.241338282823563 ], [ 773039.14003002748359, 6181170.271195782348514 ], [ 773039.382565652485937, 6181169.301053281873465 ], [ 773039.625101277488284, 6181168.330910782329738 ], [ 773039.867636902607046, 6181167.360768281854689 ], [ 773040.110172527609393, 6181166.39062578137964 ], [ 773040.35270815261174, 6181165.420483281835914 ], [ 773040.595243777730502, 6181164.450340781360865 ], [ 773040.837779402732849, 6181163.480198280885816 ], [ 773041.080315027735196, 6181162.510055781342089 ], [ 773041.322850652737543, 6181161.53991328086704 ], [ 773041.565386277856305, 6181160.569770780391991 ], [ 773041.807921902858652, 6181159.599628280848265 ], [ 773042.050457527860999, 6181158.629485780373216 ], [ 773042.292993152979761, 6181157.659343279898167 ], [ 773042.535528777982108, 6181156.68920078035444 ], [ 773042.778064402984455, 6181155.719058279879391 ], [ 773043.020600028103217, 6181154.748915780335665 ], [ 773043.263135653105564, 6181153.778773279860616 ], [ 773043.505671278107911, 6181152.808630779385567 ], [ 773043.748206903110258, 6181151.83848827984184 ], [ 773043.990742528229021, 6181150.868345779366791 ], [ 773044.233278153231367, 6181149.898203278891742 ], [ 773044.475813778233714, 6181148.928060779348016 ], [ 773044.718349403352477, 6181147.957918278872967 ], [ 773044.960885028354824, 6181146.987775778397918 ], [ 773045.203420653357171, 6181146.017633278854191 ], [ 773045.445956278475933, 6181145.047490778379142 ], [ 773045.68849190347828, 6181144.077348277904093 ], [ 773045.931027528480627, 6181143.107205778360367 ], [ 773046.173563153482974, 6181142.137063277885318 ], [ 773046.416098778601736, 6181141.166920778341591 ], [ 773046.658634403604083, 6181140.196778277866542 ], [ 773046.90117002860643, 6181139.226635777391493 ], [ 773047.143705653725192, 6181138.256493277847767 ], [ 773047.386241278727539, 6181137.286350777372718 ], [ 773047.628776903729886, 6181136.316208276897669 ], [ 773047.871312528848648, 6181135.346065777353942 ], [ 773048.113848153850995, 6181134.375923276878893 ], [ 773048.356383778853342, 6181133.405780776403844 ], [ 773048.598919403855689, 6181132.435638276860118 ], [ 773048.841455028974451, 6181131.465495776385069 ], [ 773049.083990653976798, 6181130.49535327591002 ], [ 773049.326526278979145, 6181129.525210776366293 ], [ 773049.569061904097907, 6181128.555068275891244 ], [ 773049.811597529100254, 6181127.584925775416195 ], [ 773050.054133154102601, 6181126.614783275872469 ], [ 773050.296668779221363, 6181125.64464077539742 ], [ 773050.53920440422371, 6181124.674498275853693 ], [ 773050.781740029226057, 6181123.704355775378644 ], [ 773051.024275654344819, 6181122.734213274903595 ], [ 773051.266811279347166, 6181121.764070775359869 ], [ 773051.509346904349513, 6181120.79392827488482 ], [ 773051.75188252935186, 6181119.823785774409771 ], [ 773051.994418154470623, 6181118.853643274866045 ], [ 773052.236953779472969, 6181117.883500774390996 ], [ 773052.479489404475316, 6181116.913358273915946 ], [ 773052.722025029594079, 6181115.94321577437222 ], [ 773052.964560654596426, 6181114.973073273897171 ], [ 773053.207096279598773, 6181114.002930773422122 ], [ 773053.449631904717535, 6181113.032788273878396 ], [ 773053.692167529719882, 6181112.062645773403347 ], [ 773053.934703154722229, 6181111.092503272928298 ], [ 773054.177238779724576, 6181110.122360773384571 ], [ 773054.419774404843338, 6181109.152218272909522 ], [ 773054.662310029845685, 6181108.182075773365796 ], [ 773054.904845654848032, 6181107.211933272890747 ], [ 773055.147381279966794, 6181106.241790772415698 ], [ 773055.389916904969141, 6181105.271648272871971 ], [ 773055.632452529971488, 6181104.301505772396922 ], [ 773055.87498815509025, 6181103.331363271921873 ], [ 773056.117523780092597, 6181102.361220772378147 ], [ 773056.360059405094944, 6181101.391078271903098 ], [ 773056.602595030097291, 6181100.420935771428049 ], [ 773056.845130655216053, 6181099.450793271884322 ], [ 773057.0876662802184, 6181098.480650771409273 ], [ 773057.330201905220747, 6181097.510508270934224 ], [ 773057.572737530339509, 6181096.540365771390498 ], [ 773057.815273155341856, 6181095.570223270915449 ], [ 773058.057808780344203, 6181094.600080771371722 ], [ 773058.300344405462965, 6181093.629938270896673 ], [ 773058.542880030465312, 6181092.659795770421624 ], [ 773058.785415655467659, 6181091.689653270877898 ], [ 773059.027951280470006, 6181090.719510770402849 ], [ 773059.270486905588768, 6181089.7493682699278 ], [ 773059.513022530591115, 6181088.779225770384073 ], [ 773059.755558155593462, 6181087.809083269909024 ], [ 773059.998093780712225, 6181086.838940769433975 ], [ 773060.240629405714571, 6181085.868798269890249 ], [ 773060.483165030716918, 6181084.8986557694152 ], [ 773060.725700655835681, 6181083.928513268940151 ], [ 773060.968236280838028, 6181082.958370769396424 ], [ 773061.210771905840375, 6181081.988228268921375 ], [ 773061.453307530959137, 6181081.018085768446326 ], [ 773061.695843155961484, 6181080.0479432689026 ], [ 773061.938378780963831, 6181079.077800768427551 ], [ 773062.180914405966178, 6181078.107658268883824 ], [ 773062.42345003108494, 6181077.137515768408775 ], [ 773062.665985656087287, 6181076.167373267933726 ], [ 773062.908521281089634, 6181075.19723076839 ], [ 773063.151056906208396, 6181074.227088267914951 ], [ 773063.393592531210743, 6181073.256945767439902 ], [ 773063.63612815621309, 6181072.286803267896175 ], [ 773063.878663781331852, 6181071.316660767421126 ], [ 773064.121199406334199, 6181070.346518266946077 ], [ 773064.363735031336546, 6181069.376375767402351 ], [ 773064.606270656338893, 6181068.406233266927302 ], [ 773064.848806281457655, 6181067.436090766452253 ], [ 773065.091341906460002, 6181066.465948266908526 ], [ 773065.333877531462349, 6181065.495805766433477 ], [ 773065.576413156581111, 6181064.525663266889751 ], [ 773065.818948781583458, 6181063.555520766414702 ], [ 773066.061484406585805, 6181062.585378265939653 ], [ 773066.304020031704567, 6181061.615235766395926 ], [ 773066.546555656706914, 6181060.645093265920877 ], [ 773066.789091281709261, 6181059.674950765445828 ], [ 773067.031626906711608, 6181058.704808265902102 ], [ 773067.27416253183037, 6181057.734665765427053 ], [ 773067.516698156832717, 6181056.764523264952004 ], [ 773067.759233781835064, 6181055.794380765408278 ], [ 773068.001769406953827, 6181054.824238264933228 ], [ 773068.244305031956173, 6181053.854095764458179 ], [ 773068.48684065695852, 6181052.883953264914453 ], [ 773068.729376282077283, 6181051.913810764439404 ], [ 773068.97191190707963, 6181050.943668263964355 ], [ 773069.214447532081977, 6181049.973525764420629 ], [ 773069.456983157200739, 6181049.00338326394558 ], [ 773069.699518782203086, 6181048.033240764401853 ], [ 773069.942054407205433, 6181047.063098263926804 ], [ 773070.18459003220778, 6181046.092955763451755 ], [ 773070.427125657326542, 6181045.122813263908029 ], [ 773070.669661282328889, 6181044.15267076343298 ], [ 773070.912196907331236, 6181043.182528262957931 ], [ 773071.154732532449998, 6181042.212385763414204 ], [ 773071.397268157452345, 6181041.242243262939155 ], [ 773071.639803782454692, 6181040.272100762464106 ], [ 773071.882339407573454, 6181039.30195826292038 ], [ 773072.124875032575801, 6181038.331815762445331 ], [ 773072.367410657578148, 6181037.361673261970282 ], [ 773072.577118313172832, 6181036.522842640057206 ], [ 773072.764230421045795, 6181035.540504073724151 ], [ 773072.951342528918758, 6181034.558165507391095 ], [ 773073.138454636791721, 6181033.57582694105804 ], [ 773073.325566744781099, 6181032.593488374724984 ], [ 773073.512678852654062, 6181031.611149808391929 ], [ 773073.699790960527025, 6181030.628811241127551 ], [ 773073.886903068399988, 6181029.646472674794495 ], [ 773074.074015176272951, 6181028.66413410846144 ], [ 773074.261127284145914, 6181027.681795542128384 ], [ 773074.448239392018877, 6181026.699456975795329 ], [ 773074.635351500008255, 6181025.717118409462273 ], [ 773074.822463607881218, 6181024.734779843129218 ], [ 773075.009575715754181, 6181023.752441276796162 ], [ 773075.196687823627144, 6181022.770102710463107 ], [ 773075.383799931500107, 6181021.787764144130051 ], [ 773075.57091203937307, 6181020.805425576865673 ], [ 773075.758024147246033, 6181019.823087010532618 ], [ 773075.945136255235411, 6181018.840748444199562 ], [ 773076.132248363108374, 6181017.858409877866507 ], [ 773076.319360470981337, 6181016.876071311533451 ], [ 773076.5064725788543, 6181015.893732745200396 ], [ 773076.693584686727263, 6181014.91139417886734 ], [ 773076.880696794600226, 6181013.929055612534285 ], [ 773077.067808902473189, 6181012.946717046201229 ], [ 773077.254921010462567, 6181011.964378479868174 ], [ 773077.44203311833553, 6181010.982039913535118 ], [ 773077.629145226208493, 6181009.99970134627074 ], [ 773077.816257334081456, 6181009.017362779937685 ], [ 773078.003369441954419, 6181008.035024213604629 ], [ 773078.190481549827382, 6181007.052685647271574 ], [ 773078.377593657700345, 6181006.070347080938518 ], [ 773078.564705765689723, 6181005.088008514605463 ], [ 773078.751817873562686, 6181004.105669948272407 ], [ 773078.938929981435649, 6181003.123331381939352 ], [ 773079.126042089308612, 6181002.140992815606296 ], [ 773079.313154197181575, 6181001.158654249273241 ], [ 773079.500266305054538, 6181000.176315682008862 ], [ 773079.687378412927501, 6180999.193977115675807 ], [ 773079.874490520800464, 6180998.211638549342752 ], [ 773080.061602628789842, 6180997.229299983009696 ], [ 773080.248714736662805, 6180996.246961416676641 ], [ 773080.435826844535768, 6180995.264622850343585 ], [ 773080.622938952408731, 6180994.28228428401053 ], [ 773080.810051060281694, 6180993.299945717677474 ], [ 773080.997163168154657, 6180992.317607151344419 ], [ 773081.18427527602762, 6180991.335268585011363 ], [ 773081.371387384016998, 6180990.352930017746985 ], [ 773081.558499491889961, 6180989.370591451413929 ], [ 773081.745611599762924, 6180988.388252885080874 ], [ 773081.932723707635887, 6180987.405914318747818 ], [ 773082.11983581550885, 6180986.423575752414763 ], [ 773082.306947923381813, 6180985.441237186081707 ], [ 773082.494060031254776, 6180984.458898619748652 ], [ 773082.681172139244154, 6180983.476560053415596 ], [ 773082.868284247117117, 6180982.494221487082541 ], [ 773083.05539635499008, 6180981.511882920749485 ], [ 773083.242508462863043, 6180980.52954435441643 ], [ 773083.429620570736006, 6180979.547205787152052 ], [ 773083.616732678608969, 6180978.564867220818996 ], [ 773083.803844786481932, 6180977.582528654485941 ], [ 773083.99095689447131, 6180976.600190088152885 ], [ 773084.178069002344273, 6180975.61785152181983 ], [ 773084.365181110217236, 6180974.635512955486774 ], [ 773084.552293218090199, 6180973.653174389153719 ], [ 773084.739405325963162, 6180972.670835822820663 ], [ 773084.926517433836125, 6180971.688497256487608 ], [ 773085.113629541709088, 6180970.706158690154552 ], [ 773085.300741649698466, 6180969.723820122890174 ], [ 773085.487853757571429, 6180968.741481556557119 ], [ 773085.674965865444392, 6180967.759142990224063 ], [ 773085.862077973317355, 6180966.776804423891008 ], [ 773086.049190081190318, 6180965.794465857557952 ], [ 773086.236302189063281, 6180964.812127291224897 ], [ 773086.423414296936244, 6180963.829788724891841 ], [ 773086.610526404925622, 6180962.847450158558786 ], [ 773086.797638512798585, 6180961.86511159222573 ], [ 773086.984750620671548, 6180960.882773025892675 ], [ 773087.171862728544511, 6180959.900434459559619 ], [ 773087.358974836417474, 6180958.918095892295241 ], [ 773087.546086944290437, 6180957.935757325962186 ], [ 773087.7331990521634, 6180956.95341875962913 ], [ 773087.920311160152778, 6180955.971080193296075 ], [ 773088.107423268025741, 6180954.988741626963019 ], [ 773088.294535375898704, 6180954.006403060629964 ], [ 773088.481647483771667, 6180953.024064494296908 ], [ 773088.66875959164463, 6180952.041725927963853 ], [ 773088.855871699517593, 6180951.059387361630797 ], [ 773089.042983807390556, 6180950.077048795297742 ], [ 773089.230095915379934, 6180949.094710228033364 ], [ 773089.417208023252897, 6180948.112371661700308 ], [ 773089.60432013112586, 6180947.130033095367253 ], [ 773089.791432238998823, 6180946.147694529034197 ], [ 773089.978544346871786, 6180945.165355962701142 ], [ 773090.165656454744749, 6180944.183017396368086 ], [ 773090.352768562617712, 6180943.200678830035031 ], [ 773090.53988067060709, 6180942.218340263701975 ], [ 773090.726992778480053, 6180941.23600169736892 ], [ 773090.914104886353016, 6180940.253663131035864 ], [ 773091.101216994225979, 6180939.271324563771486 ], [ 773091.288329102098942, 6180938.288985997438431 ], [ 773091.475441209971905, 6180937.306647431105375 ], [ 773091.662553317844868, 6180936.32430886477232 ], [ 773091.849665425834246, 6180935.341970298439264 ], [ 773092.036777533707209, 6180934.359631732106209 ], [ 773092.223889641580172, 6180933.377293165773153 ], [ 773092.411001749453135, 6180932.394954599440098 ], [ 773092.598113857326098, 6180931.412616033107042 ], [ 773092.785225965199061, 6180930.430277466773987 ], [ 773092.972338073072024, 6180929.447938900440931 ], [ 773093.159450180944987, 6180928.465600333176553 ], [ 773093.346562288934365, 6180927.483261766843498 ], [ 773093.533674396807328, 6180926.500923200510442 ], [ 773093.720786504680291, 6180925.518584634177387 ], [ 773093.907898612553254, 6180924.536246067844331 ], [ 773094.095010720426217, 6180923.553907501511276 ], [ 773094.28212282829918, 6180922.57156893517822 ], [ 773094.469234936172143, 6180921.589230368845165 ], [ 773094.656347044161521, 6180920.606891802512109 ], [ 773094.843459152034484, 6180919.624553236179054 ], [ 773095.030571259907447, 6180918.642214668914676 ], [ 773095.21768336778041, 6180917.65987610258162 ], [ 773095.404795475653373, 6180916.677537536248565 ], [ 773095.591907583526336, 6180915.695198969915509 ], [ 773095.779019691399299, 6180914.712860403582454 ], [ 773095.966131799388677, 6180913.730521837249398 ], [ 773096.15324390726164, 6180912.748183270916343 ], [ 773096.340356015134603, 6180911.765844704583287 ], [ 773096.527468123007566, 6180910.783506138250232 ], [ 773096.714580230880529, 6180909.801167571917176 ], [ 773096.901692338753492, 6180908.818829005584121 ], [ 773097.088804446626455, 6180907.836490438319743 ], [ 773097.275916554615833, 6180906.854151871986687 ], [ 773097.463028662488796, 6180905.871813305653632 ], [ 773097.650140770361759, 6180904.889474739320576 ], [ 773097.837252878234722, 6180903.907136172987521 ], [ 773098.024364986107685, 6180902.924797606654465 ], [ 773098.211477093980648, 6180901.94245904032141 ], [ 773098.398589201853611, 6180900.960120473988354 ], [ 773098.585701309842989, 6180899.977781907655299 ], [ 773098.772813417715952, 6180898.995443341322243 ], [ 773098.959925525588915, 6180898.013104774057865 ], [ 773099.147037633461878, 6180897.03076620772481 ], [ 773099.334149741334841, 6180896.048427641391754 ], [ 773099.521261849207804, 6180895.066089075058699 ], [ 773099.708373957080767, 6180894.083750508725643 ], [ 773099.895486065070145, 6180893.101411942392588 ], [ 773100.082598172943108, 6180892.119073376059532 ], [ 773100.269710280816071, 6180891.136734809726477 ], [ 773100.456822388689034, 6180890.154396243393421 ], [ 773100.643934496561997, 6180889.172057677060366 ], [ 773100.83104660443496, 6180888.189719109795988 ], [ 773101.018158712307923, 6180887.207380543462932 ], [ 773101.205270820297301, 6180886.225041977129877 ], [ 773101.392382928170264, 6180885.242703410796821 ], [ 773101.579495036043227, 6180884.260364844463766 ], [ 773101.76660714391619, 6180883.27802627813071 ], [ 773101.953719251789153, 6180882.295687711797655 ], [ 773102.140831359662116, 6180881.313349145464599 ], [ 773102.327943467535079, 6180880.331010579131544 ], [ 773102.515055575524457, 6180879.348672012798488 ], [ 773102.70216768339742, 6180878.366333446465433 ], [ 773102.889279791270383, 6180877.383994879201055 ], [ 773103.076391899143346, 6180876.401656312867999 ], [ 773103.263504007016309, 6180875.419317746534944 ], [ 773103.450616114889272, 6180874.436979180201888 ], [ 773103.637728222762235, 6180873.454640613868833 ], [ 773103.824840330751613, 6180872.472302047535777 ], [ 773104.011952438624576, 6180871.489963481202722 ], [ 773104.199064546497539, 6180870.507624914869666 ], [ 773104.386176654370502, 6180869.525286348536611 ], [ 773104.573288762243465, 6180868.542947782203555 ], [ 773104.760400870116428, 6180867.560609214939177 ], [ 773104.94751297798939, 6180866.578270648606122 ], [ 773105.134625085862353, 6180865.595932082273066 ], [ 773105.321737193851732, 6180864.613593515940011 ], [ 773105.508849301724695, 6180863.631254949606955 ], [ 773105.695961409597658, 6180862.6489163832739 ], [ 773105.883073517470621, 6180861.666577816940844 ], [ 773106.070185625343584, 6180860.684239250607789 ], [ 773106.257297733216546, 6180859.701900684274733 ], [ 773106.444409841089509, 6180858.719562117941678 ], [ 773106.631521949078888, 6180857.737223551608622 ], [ 773106.818634056951851, 6180856.754884984344244 ], [ 773107.005746164824814, 6180855.772546418011189 ], [ 773107.192858272697777, 6180854.790207851678133 ], [ 773107.37997038057074, 6180853.807869285345078 ], [ 773107.567082488443702, 6180852.825530719012022 ], [ 773107.754194596316665, 6180851.843192152678967 ], [ 773107.941306704306044, 6180850.860853586345911 ], [ 773108.128418812179007, 6180849.878515020012856 ], [ 773108.31553092005197, 6180848.8961764536798 ], [ 773108.502643027924933, 6180847.913837887346745 ], [ 773108.689755135797895, 6180846.931499320082366 ], [ 773108.876867243670858, 6180845.949160753749311 ], [ 773109.063979351543821, 6180844.966822187416255 ], [ 773109.2510914595332, 6180843.9844836210832 ], [ 773109.438203567406163, 6180843.002145054750144 ], [ 773109.625315675279126, 6180842.019806488417089 ], [ 773109.812427783152089, 6180841.037467922084033 ], [ 773109.999539891025051, 6180840.055129355750978 ], [ 773110.186651998898014, 6180839.072790789417922 ], [ 773110.373764106770977, 6180838.090452223084867 ], [ 773110.560876214760356, 6180837.108113655820489 ], [ 773110.747988322633319, 6180836.125775089487433 ], [ 773110.935100430506282, 6180835.143436523154378 ], [ 773111.122212538379245, 6180834.161097956821322 ], [ 773111.309324646252207, 6180833.178759390488267 ], [ 773111.49643675412517, 6180832.196420824155211 ], [ 773111.683548861998133, 6180831.214082257822156 ], [ 773111.870660969987512, 6180830.2317436914891 ], [ 773112.057773077860475, 6180829.249405125156045 ], [ 773112.244885185733438, 6180828.267066558822989 ], [ 773112.4319972936064, 6180827.284727992489934 ], [ 773112.619109401479363, 6180826.302389425225556 ], [ 773112.806221509352326, 6180825.3200508588925 ], [ 773112.993333617225289, 6180824.337712292559445 ], [ 773113.180445725214668, 6180823.355373726226389 ], [ 773113.367557833087631, 6180822.373035159893334 ], [ 773113.554669940960594, 6180821.390696593560278 ], [ 773113.741782048833556, 6180820.408358027227223 ], [ 773113.928894156706519, 6180819.426019460894167 ], [ 773114.116006264579482, 6180818.443680894561112 ], [ 773114.303118372452445, 6180817.461342328228056 ], [ 773114.490230480441824, 6180816.479003760963678 ], [ 773114.677342588314787, 6180815.496665194630623 ], [ 773114.86445469618775, 6180814.514326628297567 ], [ 773115.051566804060712, 6180813.531988061964512 ], [ 773115.238678911933675, 6180812.549649495631456 ], [ 773115.425791019806638, 6180811.567310929298401 ], [ 773115.612903127679601, 6180810.584972362965345 ], [ 773115.80001523566898, 6180809.60263379663229 ], [ 773115.987127343541943, 6180808.620295230299234 ], [ 773116.174239451414905, 6180807.637956663966179 ], [ 773116.200702850474045, 6180807.499023818410933 ], [ 773116.48805073602125, 6180806.541197532787919 ], [ 773116.775398621568456, 6180805.583371248096228 ], [ 773117.062746507232077, 6180804.625544962473214 ], [ 773117.350094392779283, 6180803.667718677781522 ], [ 773117.637442278326489, 6180802.709892392158508 ], [ 773117.924790163873695, 6180801.752066107466817 ], [ 773118.212138049420901, 6180800.794239821843803 ], [ 773118.499485934968106, 6180799.836413536220789 ], [ 773118.786833820631728, 6180798.878587251529098 ], [ 773119.074181706178933, 6180797.920760965906084 ], [ 773119.361529591726139, 6180796.962934681214392 ], [ 773119.648877477273345, 6180796.005108395591378 ], [ 773119.936225362820551, 6180795.047282110899687 ], [ 773120.223573248367757, 6180794.089455825276673 ], [ 773120.510921134031378, 6180793.131629539653659 ], [ 773120.798269019578584, 6180792.173803254961967 ], [ 773121.085616905125789, 6180791.215976969338953 ], [ 773121.372964790672995, 6180790.258150684647262 ], [ 773121.660312676220201, 6180789.300324399024248 ], [ 773121.947660561767407, 6180788.342498114332557 ], [ 773122.235008447431028, 6180787.384671828709543 ], [ 773122.522356332978234, 6180786.426845543086529 ], [ 773122.80970421852544, 6180785.469019258394837 ], [ 773123.097052104072645, 6180784.511192972771823 ], [ 773123.384399989619851, 6180783.553366688080132 ], [ 773123.671747875167057, 6180782.595540402457118 ], [ 773123.959095760830678, 6180781.637714117765427 ], [ 773124.246443646377884, 6180780.679887832142413 ], [ 773124.53379153192509, 6180779.722061547450721 ], [ 773124.821139417472295, 6180778.764235261827707 ], [ 773125.108487303019501, 6180777.806408976204693 ], [ 773125.395835188566707, 6180776.848582691513002 ], [ 773125.683183074230328, 6180775.890756405889988 ], [ 773125.970530959777534, 6180774.932930121198297 ], [ 773126.25787884532474, 6180773.975103835575283 ], [ 773126.545226730871946, 6180773.017277550883591 ], [ 773126.832574616419151, 6180772.059451265260577 ], [ 773127.119922501966357, 6180771.101624979637563 ], [ 773127.407270387629978, 6180770.143798694945872 ], [ 773127.694618273177184, 6180769.185972409322858 ], [ 773127.98196615872439, 6180768.228146124631166 ], [ 773128.269314044271596, 6180767.270319839008152 ], [ 773128.556661929818802, 6180766.312493554316461 ], [ 773128.844009815366007, 6180765.354667268693447 ], [ 773129.131357701029629, 6180764.396840983070433 ], [ 773129.418705586576834, 6180763.439014698378742 ], [ 773129.70605347212404, 6180762.481188412755728 ], [ 773129.993401357671246, 6180761.523362128064036 ], [ 773130.280749243218452, 6180760.565535842441022 ], [ 773130.568097128765658, 6180759.607709557749331 ], [ 773130.855445014429279, 6180758.649883272126317 ], [ 773131.142792899976484, 6180757.692056986503303 ], [ 773131.43014078552369, 6180756.734230701811612 ], [ 773131.717488671070896, 6180755.776404416188598 ], [ 773132.004836556618102, 6180754.818578131496906 ], [ 773132.292184442165308, 6180753.860751845873892 ], [ 773132.579532327828929, 6180752.902925561182201 ], [ 773132.866880213376135, 6180751.945099275559187 ], [ 773133.15422809892334, 6180750.987272989936173 ], [ 773133.441575984470546, 6180750.029446705244482 ], [ 773133.728923870017752, 6180749.071620419621468 ], [ 773134.016271755564958, 6180748.113794134929776 ], [ 773134.303619641228579, 6180747.155967849306762 ], [ 773134.590967526775785, 6180746.198141564615071 ], [ 773134.878315412322991, 6180745.240315278992057 ], [ 773135.165663297870196, 6180744.282488993369043 ], [ 773135.453011183417402, 6180743.324662708677351 ], [ 773135.740359069081023, 6180742.366836423054338 ], [ 773136.027706954628229, 6180741.409010138362646 ], [ 773136.315054840175435, 6180740.451183852739632 ], [ 773136.602402725722641, 6180739.493357568047941 ], [ 773136.889750611269847, 6180738.535531282424927 ], [ 773137.177098496817052, 6180737.577704997733235 ], [ 773137.464446382480673, 6180736.619878712110221 ], [ 773137.751794268027879, 6180735.662052426487207 ], [ 773138.039142153575085, 6180734.704226141795516 ], [ 773138.326490039122291, 6180733.746399856172502 ], [ 773138.613837924669497, 6180732.788573571480811 ], [ 773138.901185810216703, 6180731.830747285857797 ], [ 773139.188533695880324, 6180730.872921001166105 ], [ 773139.475881581427529, 6180729.915094715543091 ], [ 773139.763229466974735, 6180728.957268429920077 ], [ 773140.050577352521941, 6180727.999442145228386 ], [ 773140.337925238069147, 6180727.041615859605372 ], [ 773140.625273123616353, 6180726.083789574913681 ], [ 773140.912621009279974, 6180725.125963289290667 ], [ 773141.19996889482718, 6180724.168137004598975 ], [ 773141.487316780374385, 6180723.210310718975961 ], [ 773141.774664665921591, 6180722.252484433352947 ], [ 773142.062012551468797, 6180721.294658148661256 ], [ 773142.349360437016003, 6180720.336831863038242 ], [ 773142.636708322679624, 6180719.37900557834655 ], [ 773142.92405620822683, 6180718.421179292723536 ], [ 773143.211404093774036, 6180717.463353008031845 ], [ 773143.498751979321241, 6180716.505526722408831 ], [ 773143.786099864868447, 6180715.547700436785817 ], [ 773144.073447750415653, 6180714.589874152094126 ], [ 773144.360795636079274, 6180713.632047866471112 ], [ 773144.64814352162648, 6180712.67422158177942 ], [ 773144.935491407173686, 6180711.716395296156406 ], [ 773145.222839292720892, 6180710.758569011464715 ], [ 773145.510187178268097, 6180709.800742725841701 ], [ 773145.797535063815303, 6180708.842916440218687 ], [ 773146.084882949478924, 6180707.885090155526996 ], [ 773146.37223083502613, 6180706.927263869903982 ], [ 773146.659578720573336, 6180705.96943758521229 ], [ 773146.946926606120542, 6180705.011611299589276 ], [ 773147.234274491667747, 6180704.053785014897585 ], [ 773147.521622377214953, 6180703.095958729274571 ], [ 773147.808970262878574, 6180702.138132443651557 ], [ 773148.09631814842578, 6180701.180306158959866 ], [ 773148.383666033972986, 6180700.222479873336852 ], [ 773148.671013919520192, 6180699.26465358864516 ], [ 773148.918391253449954, 6180698.440062475390732 ], [ 773149.0424259880092, 6180697.447784598916769 ], [ 773149.16646072268486, 6180696.455506721511483 ], [ 773149.290495457244106, 6180695.46322884503752 ], [ 773149.414530191803351, 6180694.470950968563557 ], [ 773149.538564926362596, 6180693.478673092089593 ], [ 773149.662599661038257, 6180692.486395214684308 ], [ 773149.786634395597503, 6180691.494117338210344 ], [ 773149.910669130156748, 6180690.501839461736381 ], [ 773150.034703864715993, 6180689.509561585262418 ], [ 773150.158738599391654, 6180688.517283707857132 ], [ 773150.2827733339509, 6180687.525005831383169 ], [ 773150.406808068510145, 6180686.532727954909205 ], [ 773150.53084280306939, 6180685.540450078435242 ], [ 773150.654877537745051, 6180684.548172201029956 ], [ 773150.778912272304296, 6180683.555894324555993 ], [ 773150.902947006863542, 6180682.56361644808203 ], [ 773151.026981741422787, 6180681.571338571608067 ], [ 773151.151016476098448, 6180680.579060694202781 ], [ 773151.275051210657693, 6180679.586782817728817 ], [ 773151.399085945216939, 6180678.594504941254854 ], [ 773151.523120679776184, 6180677.602227064780891 ], [ 773151.647155414451845, 6180676.609949187375605 ], [ 773151.77119014901109, 6180675.617671310901642 ], [ 773151.895224883570336, 6180674.625393434427679 ], [ 773152.019259618129581, 6180673.633115557953715 ], [ 773152.143294352805242, 6180672.640837680548429 ], [ 773152.267329087364487, 6180671.648559804074466 ], [ 773152.391363821923733, 6180670.656281927600503 ], [ 773152.515398556482978, 6180669.66400405112654 ], [ 773152.639433291158639, 6180668.671726173721254 ], [ 773152.763468025717884, 6180667.679448297247291 ], [ 773152.88750276027713, 6180666.687170420773327 ], [ 773153.011537494836375, 6180665.694892544299364 ], [ 773153.135572229512036, 6180664.702614666894078 ], [ 773153.259606964071281, 6180663.710336790420115 ], [ 773153.383641698630527, 6180662.718058913946152 ], [ 773153.507676433306187, 6180661.725781036540866 ], [ 773153.631711167865433, 6180660.733503160066903 ], [ 773153.755745902424678, 6180659.741225283592939 ], [ 773153.879780636983924, 6180658.748947407118976 ], [ 773154.003815371659584, 6180657.75666952971369 ], [ 773154.12785010621883, 6180656.764391653239727 ], [ 773154.251884840778075, 6180655.772113776765764 ], [ 773154.375919575337321, 6180654.7798359002918 ], [ 773154.499954310012981, 6180653.787558022886515 ], [ 773154.623989044572227, 6180652.795280146412551 ], [ 773154.748023779131472, 6180651.803002269938588 ], [ 773154.872058513690718, 6180650.810724393464625 ], [ 773154.996093248366378, 6180649.818446516059339 ], [ 773155.120127982925624, 6180648.826168639585376 ], [ 773155.244162717484869, 6180647.833890763111413 ], [ 773155.368197452044114, 6180646.841612886637449 ], [ 773155.492232186719775, 6180645.849335009232163 ], [ 773155.616266921279021, 6180644.8570571327582 ], [ 773155.740301655838266, 6180643.864779256284237 ], [ 773155.864336390397511, 6180642.872501379810274 ], [ 773155.988371125073172, 6180641.880223502404988 ], [ 773156.112405859632418, 6180640.887945625931025 ], [ 773156.236440594191663, 6180639.895667749457061 ], [ 773156.360475328750908, 6180638.903389872983098 ], [ 773156.484510063426569, 6180637.911111995577812 ], [ 773156.608544797985815, 6180636.918834119103849 ], [ 773156.73257953254506, 6180635.926556242629886 ], [ 773156.856614267104305, 6180634.934278366155922 ], [ 773156.980649001779966, 6180633.942000488750637 ], [ 773157.104683736339211, 6180632.949722612276673 ], [ 773157.228718470898457, 6180631.95744473580271 ], [ 773157.352753205574118, 6180630.965166858397424 ], [ 773157.476787940133363, 6180629.972888981923461 ], [ 773157.600822674692608, 6180628.980611105449498 ], [ 773157.724857409251854, 6180627.988333228975534 ], [ 773157.848892143927515, 6180626.996055351570249 ], [ 773157.97292687848676, 6180626.003777475096285 ], [ 773158.096961613046005, 6180625.011499598622322 ], [ 773158.220996347605251, 6180624.019221722148359 ], [ 773158.345031082280912, 6180623.026943844743073 ], [ 773158.469065816840157, 6180622.03466596826911 ], [ 773158.593100551399402, 6180621.042388091795146 ], [ 773158.717135285958648, 6180620.050110215321183 ], [ 773158.841170020634308, 6180619.057832337915897 ], [ 773158.965204755193554, 6180618.065554461441934 ], [ 773159.089239489752799, 6180617.073276584967971 ], [ 773159.213274224312045, 6180616.080998708494008 ], [ 773159.337308958987705, 6180615.088720831088722 ], [ 773159.461343693546951, 6180614.096442954614758 ], [ 773159.585378428106196, 6180613.104165078140795 ], [ 773159.709413162665442, 6180612.111887201666832 ], [ 773159.833447897341102, 6180611.119609324261546 ], [ 773159.957482631900348, 6180610.127331447787583 ], [ 773160.081517366459593, 6180609.13505357131362 ], [ 773160.205552101018839, 6180608.142775694839656 ], [ 773160.329586835694499, 6180607.150497817434371 ], [ 773160.453621570253745, 6180606.158219940960407 ], [ 773160.57765630481299, 6180605.165942064486444 ], [ 773160.701691039372236, 6180604.173664188012481 ], [ 773160.825725774047896, 6180603.181386310607195 ], [ 773160.949760508607142, 6180602.189108434133232 ], [ 773161.073795243166387, 6180601.196830557659268 ], [ 773161.197829977725632, 6180600.204552681185305 ], [ 773161.321864712401293, 6180599.212274803780019 ], [ 773161.445899446960539, 6180598.219996927306056 ], [ 773161.569934181519784, 6180597.227719050832093 ], [ 773161.693968916195445, 6180596.235441173426807 ], [ 773161.81800365075469, 6180595.243163296952844 ], [ 773161.942038385313936, 6180594.25088542047888 ], [ 773162.066073119873181, 6180593.258607544004917 ], [ 773162.190107854548842, 6180592.266329666599631 ], [ 773162.314142589108087, 6180591.274051790125668 ], [ 773162.438177323667333, 6180590.281773913651705 ], [ 773162.562212058226578, 6180589.289496037177742 ], [ 773162.686246792902239, 6180588.297218159772456 ], [ 773162.810281527461484, 6180587.304940283298492 ], [ 773162.934316262020729, 6180586.312662406824529 ], [ 773163.058350996579975, 6180585.320384530350566 ], [ 773163.182385731255636, 6180584.32810665294528 ], [ 773163.306420465814881, 6180583.335828776471317 ], [ 773163.430455200374126, 6180582.343550899997354 ], [ 773163.554489934933372, 6180581.35127302352339 ], [ 773163.678524669609033, 6180580.358995146118104 ], [ 773163.802559404168278, 6180579.366717269644141 ], [ 773163.926594138727523, 6180578.374439393170178 ], [ 773164.050628873286769, 6180577.382161516696215 ], [ 773164.17466360796243, 6180576.389883639290929 ], [ 773164.298698342521675, 6180575.397605762816966 ], [ 773164.42273307708092, 6180574.405327886343002 ], [ 773164.546767811640166, 6180573.413050009869039 ], [ 773164.670802546315826, 6180572.420772132463753 ], [ 773164.794837280875072, 6180571.42849425598979 ], [ 773164.918872015434317, 6180570.436216379515827 ], [ 773165.042906749993563, 6180569.443938503041863 ], [ 773165.166941484669223, 6180568.451660625636578 ], [ 773165.290976219228469, 6180567.459382749162614 ], [ 773165.415010953787714, 6180566.467104872688651 ], [ 773165.53904568834696, 6180565.474826996214688 ], [ 773165.66308042302262, 6180564.482549118809402 ], [ 773165.787115157581866, 6180563.490271242335439 ], [ 773165.911149892141111, 6180562.497993365861475 ], [ 773166.035184626816772, 6180561.50571548845619 ], [ 773166.159219361376017, 6180560.513437611982226 ], [ 773166.283254095935263, 6180559.521159735508263 ], [ 773166.407288830494508, 6180558.5288818590343 ], [ 773166.531323565170169, 6180557.536603981629014 ], [ 773166.655358299729414, 6180556.544326105155051 ], [ 773166.77939303428866, 6180555.552048228681087 ], [ 773166.903427768847905, 6180554.559770352207124 ], [ 773167.027462503523566, 6180553.567492474801838 ], [ 773167.151497238082811, 6180552.575214598327875 ], [ 773167.275531972642057, 6180551.582936721853912 ], [ 773167.399566707201302, 6180550.590658845379949 ], [ 773167.523601441876963, 6180549.598380967974663 ], [ 773167.647636176436208, 6180548.6061030915007 ], [ 773167.771670910995454, 6180547.613825215026736 ], [ 773167.895705645554699, 6180546.621547338552773 ], [ 773168.01974038023036, 6180545.629269461147487 ], [ 773168.143775114789605, 6180544.636991584673524 ], [ 773168.267809849348851, 6180543.644713708199561 ], [ 773168.391844583908096, 6180542.652435831725597 ], [ 773168.515879318583757, 6180541.660157954320312 ], [ 773168.639914053143002, 6180540.667880077846348 ], [ 773168.763948787702248, 6180539.675602201372385 ], [ 773168.887983522261493, 6180538.683324324898422 ], [ 773169.012018256937154, 6180537.691046447493136 ], [ 773169.136052991496399, 6180536.698768571019173 ], [ 773169.260087726055644, 6180535.706490694545209 ], [ 773169.38412246061489, 6180534.714212818071246 ], [ 773169.508157195290551, 6180533.72193494066596 ], [ 773169.632191929849796, 6180532.729657064191997 ], [ 773169.756226664409041, 6180531.737379187718034 ], [ 773169.880261398968287, 6180530.745101311244071 ], [ 773170.004296133643948, 6180529.752823433838785 ], [ 773170.128330868203193, 6180528.760545557364821 ], [ 773170.252365602762438, 6180527.768267680890858 ], [ 773170.376400337438099, 6180526.775989803485572 ], [ 773170.500435071997344, 6180525.783711927011609 ], [ 773170.62446980655659, 6180524.791434050537646 ], [ 773170.748504541115835, 6180523.799156174063683 ], [ 773170.872539275791496, 6180522.806878296658397 ], [ 773170.996574010350741, 6180521.814600420184433 ], [ 773171.120608744909987, 6180520.82232254371047 ], [ 773171.244643479469232, 6180519.830044667236507 ], [ 773171.368678214144893, 6180518.837766789831221 ], [ 773171.492712948704138, 6180517.845488913357258 ], [ 773171.616747683263384, 6180516.853211036883295 ], [ 773171.740782417822629, 6180515.860933160409331 ], [ 773171.86481715249829, 6180514.868655283004045 ], [ 773171.988851887057535, 6180513.876377406530082 ], [ 773172.112886621616781, 6180512.884099530056119 ], [ 773172.236921356176026, 6180511.891821653582156 ], [ 773172.360956090851687, 6180510.89954377617687 ], [ 773172.484990825410932, 6180509.907265899702907 ], [ 773172.609025559970178, 6180508.914988023228943 ], [ 773172.733060294529423, 6180507.92271014675498 ], [ 773172.857095029205084, 6180506.930432269349694 ], [ 773172.981129763764329, 6180505.938154392875731 ], [ 773173.105164498323575, 6180504.945876516401768 ], [ 773173.22919923288282, 6180503.953598639927804 ], [ 773173.353233967558481, 6180502.961320762522519 ], [ 773173.477268702117726, 6180501.969042886048555 ], [ 773173.601303436676972, 6180500.976765009574592 ], [ 773173.725338171236217, 6180499.984487133100629 ], [ 773173.849372905911878, 6180498.992209255695343 ], [ 773173.973407640471123, 6180497.99993137922138 ], [ 773174.097442375030369, 6180497.007653502747416 ], [ 773174.221477109706029, 6180496.015375625342131 ], [ 773174.345511844265275, 6180495.023097748868167 ], [ 773174.46954657882452, 6180494.030819872394204 ], [ 773174.593581313383766, 6180493.038541995920241 ], [ 773174.717616048059426, 6180492.046264118514955 ], [ 773174.841650782618672, 6180491.053986242040992 ], [ 773174.965685517177917, 6180490.061708365567029 ], [ 773175.089720251737162, 6180489.069430489093065 ], [ 773175.213754986412823, 6180488.077152611687779 ], [ 773175.337789720972069, 6180487.084874735213816 ], [ 773175.461824455531314, 6180486.092596858739853 ], [ 773175.585859190090559, 6180485.10031898226589 ], [ 773175.70989392476622, 6180484.108041104860604 ], [ 773175.833928659325466, 6180483.115763228386641 ], [ 773175.957963393884711, 6180482.123485351912677 ], [ 773176.081998128443956, 6180481.131207475438714 ], [ 773176.206032863119617, 6180480.138929598033428 ], [ 773176.330067597678863, 6180479.146651721559465 ], [ 773176.454102332238108, 6180478.154373845085502 ], [ 773176.578137066797353, 6180477.162095968611538 ], [ 773176.702171801473014, 6180476.169818091206253 ], [ 773176.826206536032259, 6180475.177540214732289 ], [ 773176.950241270591505, 6180474.185262338258326 ], [ 773177.07427600515075, 6180473.192984461784363 ], [ 773177.198310739826411, 6180472.200706584379077 ], [ 773177.322345474385656, 6180471.208428707905114 ], [ 773177.446380208944902, 6180470.21615083143115 ], [ 773177.570414943504147, 6180469.223872954957187 ], [ 773177.694449678179808, 6180468.231595077551901 ], [ 773177.818484412739053, 6180467.239317201077938 ], [ 773177.942519147298299, 6180466.247039324603975 ], [ 773178.066553881857544, 6180465.254761448130012 ], [ 773178.190588616533205, 6180464.262483570724726 ], [ 773178.31462335109245, 6180463.270205694250762 ], [ 773178.438658085651696, 6180462.277927817776799 ], [ 773178.562692820327356, 6180461.285649940371513 ], [ 773178.686727554886602, 6180460.29337206389755 ], [ 773178.810762289445847, 6180459.301094187423587 ], [ 773178.934797024005093, 6180458.308816310949624 ], [ 773179.058831758680753, 6180457.316538433544338 ], [ 773179.182866493239999, 6180456.324260557070374 ], [ 773179.306901227799244, 6180455.331982680596411 ], [ 773179.43093596235849, 6180454.339704804122448 ], [ 773179.55497069703415, 6180453.347426926717162 ], [ 773179.679005431593396, 6180452.355149050243199 ], [ 773179.803040166152641, 6180451.362871173769236 ], [ 773179.927074900711887, 6180450.370593297295272 ], [ 773180.051109635387547, 6180449.378315419889987 ], [ 773180.175144369946793, 6180448.386037543416023 ], [ 773180.299179104506038, 6180447.39375966694206 ], [ 773180.423213839065284, 6180446.401481790468097 ], [ 773180.547248573740944, 6180445.409203913062811 ], [ 773180.67128330830019, 6180444.416926036588848 ], [ 773180.795318042859435, 6180443.424648160114884 ], [ 773180.91935277741868, 6180442.432370283640921 ], [ 773181.043387512094341, 6180441.440092406235635 ], [ 773181.167422246653587, 6180440.447814529761672 ], [ 773181.291456981212832, 6180439.455536653287709 ], [ 773181.415491715772077, 6180438.463258776813745 ], [ 773181.539526450447738, 6180437.47098089940846 ], [ 773181.636079656425864, 6180436.698555251583457 ], [ 773181.899197062244639, 6180435.733791430480778 ], [ 773182.162314468063414, 6180434.769027609378099 ], [ 773182.425431873765774, 6180433.804263788275421 ], [ 773182.688549279584549, 6180432.839499966241419 ], [ 773182.951666685403325, 6180431.874736145138741 ], [ 773183.2147840912221, 6180430.909972324036062 ], [ 773183.47790149692446, 6180429.945208502933383 ], [ 773183.741018902743235, 6180428.980444681830704 ], [ 773184.004136308562011, 6180428.015680860728025 ], [ 773184.267253714380786, 6180427.050917039625347 ], [ 773184.530371120083146, 6180426.086153217591345 ], [ 773184.793488525901921, 6180425.121389396488667 ], [ 773185.056605931720696, 6180424.156625575385988 ], [ 773185.319723337539472, 6180423.191861754283309 ], [ 773185.582840743358247, 6180422.22709793318063 ], [ 773185.845958149060607, 6180421.262334112077951 ], [ 773186.109075554879382, 6180420.297570290975273 ], [ 773186.372192960698158, 6180419.332806468941271 ], [ 773186.635310366516933, 6180418.368042647838593 ], [ 773186.898427772219293, 6180417.403278826735914 ], [ 773187.161545178038068, 6180416.438515005633235 ], [ 773187.424662583856843, 6180415.473751184530556 ], [ 773187.687779989675619, 6180414.508987363427877 ], [ 773187.950897395377979, 6180413.544223542325199 ], [ 773188.214014801196754, 6180412.579459720291197 ], [ 773188.477132207015529, 6180411.614695899188519 ], [ 773188.740249612834305, 6180410.64993207808584 ], [ 773189.00336701865308, 6180409.685168256983161 ], [ 773189.26648442435544, 6180408.720404435880482 ], [ 773189.529601830174215, 6180407.755640614777803 ], [ 773189.79271923599299, 6180406.790876793675125 ], [ 773190.055836641811766, 6180405.826112971641123 ], [ 773190.318954047514126, 6180404.861349150538445 ], [ 773190.582071453332901, 6180403.896585329435766 ], [ 773190.845188859151676, 6180402.931821508333087 ], [ 773191.108306264970452, 6180401.967057687230408 ], [ 773191.371423670672812, 6180401.002293866127729 ], [ 773191.634541076491587, 6180400.037530044093728 ], [ 773191.897658482310362, 6180399.072766222991049 ], [ 773192.160775888129137, 6180398.108002401888371 ], [ 773192.423893293947913, 6180397.143238580785692 ], [ 773192.687010699650273, 6180396.178474759683013 ], [ 773192.950128105469048, 6180395.213710938580334 ], [ 773193.213245511287823, 6180394.248947117477655 ], [ 773193.476362917106599, 6180393.284183295443654 ], [ 773193.739480322808959, 6180392.319419474340975 ], [ 773194.002597728627734, 6180391.354655653238297 ], [ 773194.265715134446509, 6180390.389891832135618 ], [ 773194.528832540265284, 6180389.425128011032939 ], [ 773194.791949945967644, 6180388.46036418993026 ], [ 773195.05506735178642, 6180387.495600368827581 ], [ 773195.318184757605195, 6180386.53083654679358 ], [ 773195.58130216342397, 6180385.566072725690901 ], [ 773195.844419569242746, 6180384.601308904588223 ], [ 773196.107536974945106, 6180383.636545083485544 ], [ 773196.370654380763881, 6180382.671781262382865 ], [ 773196.633771786582656, 6180381.707017441280186 ], [ 773196.896889192401432, 6180380.742253620177507 ], [ 773197.160006598103791, 6180379.777489798143506 ], [ 773197.423124003922567, 6180378.812725977040827 ], [ 773197.686241409741342, 6180377.847962155938148 ], [ 773197.949358815560117, 6180376.88319833483547 ], [ 773198.212476221262477, 6180375.918434513732791 ], [ 773198.475593627081253, 6180374.953670692630112 ], [ 773198.738711032900028, 6180373.988906871527433 ], [ 773199.001828438718803, 6180373.024143049493432 ], [ 773199.264945844537579, 6180372.059379228390753 ], [ 773199.528063250239938, 6180371.094615407288074 ], [ 773199.791180656058714, 6180370.129851586185396 ], [ 773200.054298061877489, 6180369.165087765082717 ], [ 773200.317415467696264, 6180368.200323943980038 ], [ 773200.580532873398624, 6180367.235560122877359 ], [ 773200.8436502792174, 6180366.270796300843358 ], [ 773201.106767685036175, 6180365.306032479740679 ], [ 773201.36988509085495, 6180364.341268658638 ], [ 773201.63300249655731, 6180363.376504837535322 ], [ 773201.896119902376086, 6180362.411741016432643 ], [ 773202.159237308194861, 6180361.446977195329964 ], [ 773202.422354714013636, 6180360.482213374227285 ], [ 773202.685472119832411, 6180359.517449552193284 ], [ 773202.948589525534771, 6180358.552685731090605 ], [ 773203.211706931353547, 6180357.587921909987926 ], [ 773203.474824337172322, 6180356.623158088885248 ], [ 773203.737941742991097, 6180355.658394267782569 ], [ 773204.001059148693457, 6180354.69363044667989 ], [ 773204.264176554512233, 6180353.728866625577211 ], [ 773204.527293960331008, 6180352.76410280354321 ], [ 773204.790411366149783, 6180351.799338982440531 ], [ 773205.053528771852143, 6180350.834575161337852 ], [ 773205.316646177670918, 6180349.869811340235174 ], [ 773205.579763583489694, 6180348.905047519132495 ], [ 773205.842880989308469, 6180347.940283698029816 ], [ 773206.105998395127244, 6180346.975519876927137 ], [ 773206.369115800829604, 6180346.010756054893136 ], [ 773206.63223320664838, 6180345.045992233790457 ], [ 773206.895350612467155, 6180344.081228412687778 ], [ 773207.15846801828593, 6180343.1164645915851 ], [ 773207.42158542398829, 6180342.151700770482421 ], [ 773207.684702829807065, 6180341.186936949379742 ], [ 773207.947820235625841, 6180340.222173127345741 ], [ 773208.210937641444616, 6180339.257409306243062 ], [ 773208.474055047146976, 6180338.292645485140383 ], [ 773208.737172452965751, 6180337.327881664037704 ], [ 773209.000289858784527, 6180336.363117842935026 ], [ 773209.263407264603302, 6180335.398354021832347 ], [ 773209.526524670422077, 6180334.433590200729668 ], [ 773209.789642076124437, 6180333.468826378695667 ], [ 773210.052759481943212, 6180332.504062557592988 ], [ 773210.315876887761988, 6180331.539298736490309 ], [ 773210.578994293580763, 6180330.57453491538763 ], [ 773210.842111699283123, 6180329.609771094284952 ], [ 773211.105229105101898, 6180328.645007273182273 ], [ 773211.368346510920674, 6180327.680243452079594 ], [ 773211.631463916739449, 6180326.715479630045593 ], [ 773211.894581322441809, 6180325.750715808942914 ], [ 773212.157698728260584, 6180324.785951987840235 ], [ 773212.420816134079359, 6180323.821188166737556 ], [ 773212.683933539898135, 6180322.856424345634878 ], [ 773212.947050945600495, 6180321.891660524532199 ], [ 773213.21016835141927, 6180320.92689670342952 ], [ 773213.473285757238045, 6180319.962132881395519 ], [ 773213.736403163056821, 6180318.99736906029284 ], [ 773213.999520568875596, 6180318.032605239190161 ], [ 773214.262637974577956, 6180317.067841418087482 ], [ 773214.353768059401773, 6180316.733697773888707 ], [ 773214.502108512329869, 6180315.744761421345174 ], [ 773214.650448965257965, 6180314.755825067870319 ], [ 773214.798789418186061, 6180313.766888715326786 ], [ 773214.947129871114157, 6180312.777952362783253 ], [ 773215.095470324042253, 6180311.789016009308398 ], [ 773215.243810776970349, 6180310.800079656764865 ], [ 773215.392151229898445, 6180309.811143304221332 ], [ 773215.540491682826541, 6180308.822206950746477 ], [ 773215.688832135754637, 6180307.833270598202944 ], [ 773215.837172588682733, 6180306.844334245659411 ], [ 773215.98551304161083, 6180305.855397892184556 ], [ 773216.133853494538926, 6180304.866461539641023 ], [ 773216.282193947467022, 6180303.877525186166167 ], [ 773216.430534400395118, 6180302.888588833622634 ], [ 773216.578874853323214, 6180301.899652481079102 ], [ 773216.72721530625131, 6180300.910716127604246 ], [ 773216.875555759179406, 6180299.921779775060713 ], [ 773217.023896212107502, 6180298.93284342251718 ], [ 773217.172236665035598, 6180297.943907069042325 ], [ 773217.320577117963694, 6180296.954970716498792 ], [ 773217.46891757089179, 6180295.966034363955259 ], [ 773217.617258023819886, 6180294.977098010480404 ], [ 773217.765598476747982, 6180293.988161657936871 ], [ 773217.913938929792494, 6180292.999225305393338 ], [ 773218.06227938272059, 6180292.010288951918483 ], [ 773218.210619835648686, 6180291.02135259937495 ], [ 773218.358960288576782, 6180290.032416246831417 ], [ 773218.507300741504878, 6180289.043479893356562 ], [ 773218.655641194432974, 6180288.054543540813029 ], [ 773218.80398164736107, 6180287.065607188269496 ], [ 773218.952322100289166, 6180286.076670834794641 ], [ 773219.100662553217262, 6180285.087734482251108 ], [ 773219.249003006145358, 6180284.098798128776252 ], [ 773219.397343459073454, 6180283.109861776232719 ], [ 773219.54568391200155, 6180282.120925423689187 ], [ 773219.694024364929646, 6180281.131989070214331 ], [ 773219.842364817857742, 6180280.143052717670798 ], [ 773219.990705270785838, 6180279.154116365127265 ], [ 773220.139045723713934, 6180278.16518001165241 ], [ 773220.28738617664203, 6180277.176243659108877 ], [ 773220.435726629570127, 6180276.187307306565344 ], [ 773220.584067082498223, 6180275.198370953090489 ], [ 773220.732407535426319, 6180274.209434600546956 ], [ 773220.880747988354415, 6180273.220498248003423 ], [ 773221.029088441282511, 6180272.231561894528568 ], [ 773221.177428894210607, 6180271.242625541985035 ], [ 773221.325769347138703, 6180270.253689189441502 ], [ 773221.474109800066799, 6180269.264752835966647 ], [ 773221.622450252994895, 6180268.275816483423114 ], [ 773221.770790705922991, 6180267.286880130879581 ], [ 773221.919131158851087, 6180266.297943777404726 ], [ 773222.067471611779183, 6180265.309007424861193 ], [ 773222.215812064707279, 6180264.32007107231766 ], [ 773222.364152517635375, 6180263.331134718842804 ], [ 773222.512492970563471, 6180262.342198366299272 ], [ 773222.660833423491567, 6180261.353262012824416 ], [ 773222.809173876419663, 6180260.364325660280883 ], [ 773222.957514329347759, 6180259.37538930773735 ], [ 773223.105854782275856, 6180258.386452954262495 ], [ 773223.254195235203952, 6180257.397516601718962 ], [ 773223.402535688132048, 6180256.408580249175429 ], [ 773223.550876141060144, 6180255.419643895700574 ], [ 773223.69921659398824, 6180254.430707543157041 ], [ 773223.847557046916336, 6180253.441771190613508 ], [ 773223.995897499844432, 6180252.452834837138653 ], [ 773224.144237952772528, 6180251.46389848459512 ], [ 773224.292578405700624, 6180250.474962132051587 ], [ 773224.44091885862872, 6180249.486025778576732 ], [ 773224.589259311556816, 6180248.497089426033199 ], [ 773224.737599764484912, 6180247.508153073489666 ], [ 773224.885940217413008, 6180246.519216720014811 ], [ 773225.03428067045752, 6180245.530280367471278 ], [ 773225.182621123385616, 6180244.541344014927745 ], [ 773225.330961576313712, 6180243.552407661452889 ], [ 773225.479302029241808, 6180242.563471308909357 ], [ 773225.627642482169904, 6180241.574534956365824 ], [ 773225.775982935098, 6180240.585598602890968 ], [ 773225.924323388026096, 6180239.596662250347435 ], [ 773226.072663840954192, 6180238.60772589687258 ], [ 773226.221004293882288, 6180237.618789544329047 ], [ 773226.369344746810384, 6180236.629853191785514 ], [ 773226.51768519973848, 6180235.640916838310659 ], [ 773226.666025652666576, 6180234.651980485767126 ], [ 773226.814366105594672, 6180233.663044133223593 ], [ 773226.962706558522768, 6180232.674107779748738 ], [ 773227.111047011450864, 6180231.685171427205205 ], [ 773227.25938746437896, 6180230.696235074661672 ], [ 773227.407727917307056, 6180229.707298721186817 ], [ 773227.556068370235153, 6180228.718362368643284 ], [ 773227.704408823163249, 6180227.729426016099751 ], [ 773227.852749276091345, 6180226.740489662624896 ], [ 773228.001089729019441, 6180225.751553310081363 ], [ 773228.149430181947537, 6180224.76261695753783 ], [ 773228.297770634875633, 6180223.773680604062974 ], [ 773228.446111087803729, 6180222.784744251519442 ], [ 773228.594451540731825, 6180221.795807898975909 ], [ 773228.742791993659921, 6180220.806871545501053 ], [ 773228.891132446588017, 6180219.81793519295752 ], [ 773229.039472899516113, 6180218.828998839482665 ], [ 773229.187813352444209, 6180217.840062486939132 ], [ 773229.336153805372305, 6180216.851126134395599 ], [ 773229.484494258300401, 6180215.862189780920744 ], [ 773229.632834711228497, 6180214.873253428377211 ], [ 773229.781175164156593, 6180213.884317075833678 ], [ 773229.929515617084689, 6180212.895380722358823 ], [ 773230.077856070012785, 6180211.90644436981529 ], [ 773230.226196522940882, 6180210.917508017271757 ], [ 773230.374536975868978, 6180209.928571663796902 ], [ 773230.522877428797074, 6180208.939635311253369 ], [ 773230.67121788172517, 6180207.950698958709836 ], [ 773230.819558334653266, 6180206.961762605234981 ], [ 773230.967898787581362, 6180205.972826252691448 ], [ 773231.116239240509458, 6180204.983889900147915 ], [ 773231.264579693437554, 6180203.994953546673059 ], [ 773231.41292014636565, 6180203.006017194129527 ], [ 773231.561260599293746, 6180202.017080841585994 ], [ 773231.709601052221842, 6180201.028144488111138 ], [ 773231.857941505149938, 6180200.039208135567605 ], [ 773232.00628195819445, 6180199.050271783024073 ], [ 773232.154622411122546, 6180198.061335429549217 ], [ 773232.302962864050642, 6180197.072399077005684 ], [ 773232.451303316978738, 6180196.083462723530829 ], [ 773232.599643769906834, 6180195.094526370987296 ], [ 773232.74798422283493, 6180194.105590018443763 ], [ 773232.896324675763026, 6180193.116653664968908 ], [ 773233.044665128691122, 6180192.127717312425375 ], [ 773233.193005581619218, 6180191.138780959881842 ], [ 773233.341346034547314, 6180190.149844606406987 ], [ 773233.48968648747541, 6180189.160908253863454 ], [ 773233.638026940403506, 6180188.171971901319921 ], [ 773233.786367393331602, 6180187.183035547845066 ], [ 773233.934707846259698, 6180186.194099195301533 ], [ 773234.083048299187794, 6180185.205162842758 ], [ 773234.23138875211589, 6180184.216226489283144 ], [ 773234.379729205043986, 6180183.227290136739612 ], [ 773234.528069657972082, 6180182.238353784196079 ], [ 773234.676410110900179, 6180181.249417430721223 ], [ 773234.824750563828275, 6180180.260481078177691 ], [ 773234.973091016756371, 6180179.271544725634158 ], [ 773235.121431469684467, 6180178.282608372159302 ], [ 773235.269771922612563, 6180177.293672019615769 ], [ 773235.418112375540659, 6180176.304735666140914 ], [ 773235.566452828468755, 6180175.315799313597381 ], [ 773235.714793281396851, 6180174.326862961053848 ], [ 773235.863133734324947, 6180173.337926607578993 ], [ 773236.011474187253043, 6180172.34899025503546 ], [ 773236.159814640181139, 6180171.360053902491927 ], [ 773236.308155093109235, 6180170.371117549017072 ], [ 773236.456495546037331, 6180169.382181196473539 ], [ 773236.604835998965427, 6180168.393244843930006 ], [ 773236.753176451893523, 6180167.404308490455151 ], [ 773236.901516904821619, 6180166.415372137911618 ], [ 773237.049857357749715, 6180165.426435785368085 ], [ 773237.198197810677812, 6180164.437499431893229 ], [ 773237.346538263605908, 6180163.448563079349697 ], [ 773237.494878716534004, 6180162.459626726806164 ], [ 773237.6432191694621, 6180161.470690373331308 ], [ 773237.791559622390196, 6180160.481754020787776 ], [ 773237.939900075318292, 6180159.492817668244243 ], [ 773238.088240528246388, 6180158.503881314769387 ], [ 773238.236580981174484, 6180157.514944962225854 ], [ 773238.38492143410258, 6180156.526008609682322 ], [ 773238.533261887030676, 6180155.537072256207466 ], [ 773238.681602339958772, 6180154.548135903663933 ], [ 773238.829942792886868, 6180153.559199550189078 ], [ 773238.978283245931379, 6180152.570263197645545 ], [ 773239.126623698859476, 6180151.581326845102012 ], [ 773239.274964151787572, 6180150.592390491627157 ], [ 773239.423304604715668, 6180149.603454139083624 ], [ 773239.571645057643764, 6180148.614517786540091 ], [ 773239.71998551057186, 6180147.625581433065236 ], [ 773239.868325963499956, 6180146.636645080521703 ], [ 773240.016666416428052, 6180145.64770872797817 ], [ 773240.165006869356148, 6180144.658772374503314 ], [ 773240.313347322284244, 6180143.669836021959782 ], [ 773240.46168777521234, 6180142.680899669416249 ], [ 773240.610028228140436, 6180141.691963315941393 ], [ 773240.758368681068532, 6180140.703026963397861 ], [ 773240.906709133996628, 6180139.714090610854328 ], [ 773241.055049586924724, 6180138.725154257379472 ], [ 773241.20339003985282, 6180137.736217904835939 ], [ 773241.351730492780916, 6180136.747281552292407 ], [ 773241.500070945709012, 6180135.758345198817551 ], [ 773241.648411398637109, 6180134.769408846274018 ], [ 773241.796751851565205, 6180133.780472492799163 ], [ 773241.945092304493301, 6180132.79153614025563 ], [ 773242.093432757421397, 6180131.802599787712097 ], [ 773242.241773210349493, 6180130.813663434237242 ], [ 773242.390113663277589, 6180129.824727081693709 ], [ 773242.538454116205685, 6180128.835790729150176 ], [ 773242.686794569133781, 6180127.846854375675321 ], [ 773242.835135022061877, 6180126.857918023131788 ], [ 773242.983475474989973, 6180125.868981670588255 ], [ 773243.131815927918069, 6180124.8800453171134 ], [ 773243.280156380846165, 6180123.891108964569867 ], [ 773243.428496833774261, 6180122.902172612026334 ], [ 773243.576837286702357, 6180121.913236258551478 ], [ 773243.725177739630453, 6180120.924299906007946 ], [ 773243.873518192558549, 6180119.935363553464413 ], [ 773244.021858645486645, 6180118.946427199989557 ], [ 773244.170199098414741, 6180117.957490847446024 ], [ 773244.318539551342838, 6180116.968554494902492 ], [ 773244.466880004270934, 6180115.979618141427636 ], [ 773244.61522045719903, 6180114.990681788884103 ], [ 773244.763560910127126, 6180114.00174543634057 ], [ 773244.911901363055222, 6180113.012809082865715 ], [ 773245.060241815983318, 6180112.023872730322182 ], [ 773245.208582268911414, 6180111.034936376847327 ], [ 773245.35692272183951, 6180110.046000024303794 ], [ 773245.505263174767606, 6180109.057063671760261 ], [ 773245.653603627695702, 6180108.068127318285406 ], [ 773245.801944080623798, 6180107.079190965741873 ], [ 773245.950284533551894, 6180106.09025461319834 ], [ 773246.098624986596406, 6180105.101318259723485 ], [ 773246.246965439524502, 6180104.112381907179952 ], [ 773246.395305892452598, 6180103.123445554636419 ], [ 773246.543646345380694, 6180102.134509201161563 ], [ 773246.69198679830879, 6180101.145572848618031 ], [ 773246.840327251236886, 6180100.156636496074498 ], [ 773246.988667704164982, 6180099.167700142599642 ], [ 773247.071456462377682, 6180098.615775087848306 ], [ 773247.071456462377682, 6180097.615775087848306 ], [ 773247.071456462377682, 6180096.615775087848306 ], [ 773247.071456462377682, 6180095.615775087848306 ], [ 773247.071456462377682, 6180094.615775087848306 ], [ 773247.071456462377682, 6180093.615775087848306 ], [ 773247.071456462377682, 6180092.615775087848306 ], [ 773247.071456462377682, 6180091.615775087848306 ], [ 773247.071456462377682, 6180090.615775087848306 ], [ 773247.071456462377682, 6180089.615775087848306 ], [ 773247.071456462377682, 6180088.615775087848306 ], [ 773247.071456462377682, 6180087.615775087848306 ], [ 773247.071456462377682, 6180086.615775087848306 ], [ 773247.071456462377682, 6180085.615775087848306 ], [ 773247.071456462377682, 6180084.615775087848306 ], [ 773247.071456462377682, 6180083.615775087848306 ], [ 773247.071456462377682, 6180082.615775087848306 ], [ 773247.071456462377682, 6180081.615775087848306 ], [ 773247.071456462377682, 6180080.615775087848306 ], [ 773247.071456462377682, 6180079.615775087848306 ], [ 773247.071456462377682, 6180078.615775087848306 ], [ 773247.071456462377682, 6180077.615775087848306 ], [ 773247.071456462377682, 6180076.615775087848306 ], [ 773247.071456462377682, 6180075.615775087848306 ], [ 773247.071456462377682, 6180074.615775087848306 ], [ 773247.071456462377682, 6180073.615775087848306 ], [ 773247.071456462377682, 6180072.615775087848306 ], [ 773247.071456462377682, 6180071.615775087848306 ], [ 773247.071456462377682, 6180070.615775087848306 ], [ 773247.071456462377682, 6180069.615775087848306 ], [ 773247.071456462377682, 6180068.615775087848306 ], [ 773247.071456462377682, 6180067.615775087848306 ], [ 773247.071456462377682, 6180066.615775087848306 ], [ 773247.071456462377682, 6180065.615775087848306 ], [ 773247.071456462377682, 6180064.615775087848306 ], [ 773247.071456462377682, 6180063.615775087848306 ], [ 773247.071456462377682, 6180062.615775087848306 ], [ 773247.071456462377682, 6180061.615775087848306 ], [ 773247.071456462377682, 6180060.615775087848306 ], [ 773247.071456462377682, 6180059.615775087848306 ], [ 773247.071456462377682, 6180058.615775087848306 ], [ 773247.071456462377682, 6180057.615775087848306 ], [ 773247.071456462377682, 6180056.615775087848306 ], [ 773247.071456462377682, 6180055.615775087848306 ], [ 773247.071456462377682, 6180054.615775087848306 ], [ 773247.071456462377682, 6180053.615775087848306 ], [ 773247.071456462377682, 6180052.615775087848306 ], [ 773247.071456462377682, 6180051.615775087848306 ], [ 773247.071456462377682, 6180050.615775087848306 ], [ 773247.071456462377682, 6180049.615775087848306 ], [ 773247.071456462377682, 6180048.615775087848306 ], [ 773247.071456462377682, 6180047.615775087848306 ], [ 773247.071456462377682, 6180046.615775087848306 ], [ 773247.071456462377682, 6180045.615775087848306 ], [ 773247.071456462377682, 6180044.615775087848306 ], [ 773247.071456462377682, 6180043.615775087848306 ], [ 773247.071456462377682, 6180042.615775087848306 ], [ 773247.071456462377682, 6180041.615775087848306 ], [ 773247.071456462377682, 6180040.615775087848306 ], [ 773247.071456462377682, 6180039.615775087848306 ], [ 773247.071456462377682, 6180038.615775087848306 ], [ 773247.071456462377682, 6180037.615775087848306 ], [ 773247.071456462377682, 6180036.615775087848306 ], [ 773247.071456462377682, 6180035.615775087848306 ], [ 773247.071456462377682, 6180034.615775087848306 ], [ 773247.071456462377682, 6180033.615775087848306 ], [ 773247.071456462377682, 6180032.615775087848306 ], [ 773247.071456462377682, 6180031.615775087848306 ], [ 773247.071456462377682, 6180030.615775087848306 ], [ 773247.071456462377682, 6180029.615775087848306 ], [ 773247.071456462377682, 6180028.615775087848306 ], [ 773247.071456462377682, 6180027.615775087848306 ], [ 773247.071456462377682, 6180026.615775087848306 ], [ 773247.071456462377682, 6180025.615775087848306 ], [ 773247.071456462377682, 6180024.615775087848306 ], [ 773247.071456462377682, 6180023.615775087848306 ], [ 773247.071456462377682, 6180022.615775087848306 ], [ 773247.071456462377682, 6180021.615775087848306 ], [ 773247.071456462377682, 6180020.615775087848306 ], [ 773247.071456462377682, 6180019.615775087848306 ], [ 773247.071456462377682, 6180018.615775087848306 ], [ 773247.071456462377682, 6180017.615775087848306 ], [ 773247.071456462377682, 6180016.615775087848306 ], [ 773247.071456462377682, 6180015.615775087848306 ], [ 773247.071456462377682, 6180014.615775087848306 ], [ 773247.071456462377682, 6180013.615775087848306 ], [ 773247.071456462377682, 6180012.615775087848306 ], [ 773247.071456462377682, 6180011.615775087848306 ], [ 773247.071456462377682, 6180010.615775087848306 ], [ 773247.071456462377682, 6180009.615775087848306 ], [ 773247.071456462377682, 6180008.615775087848306 ], [ 773247.071456462377682, 6180007.615775087848306 ], [ 773247.071456462377682, 6180006.615775087848306 ], [ 773247.071456462377682, 6180005.615775087848306 ], [ 773247.071456462377682, 6180004.615775087848306 ], [ 773247.071456462377682, 6180003.615775087848306 ], [ 773247.071456462377682, 6180002.615775087848306 ], [ 773247.071456462377682, 6180001.615775087848306 ], [ 773247.071456462377682, 6180000.615775087848306 ], [ 773247.071456462377682, 6179999.615775087848306 ], [ 773247.071456462377682, 6179998.615775087848306 ], [ 773247.071456462377682, 6179997.615775087848306 ], [ 773247.071456462377682, 6179996.615775087848306 ], [ 773247.071456462377682, 6179995.615775087848306 ], [ 773247.071456462377682, 6179994.615775087848306 ], [ 773247.071456462377682, 6179993.615775087848306 ], [ 773247.071456462377682, 6179992.615775087848306 ], [ 773247.071456462377682, 6179991.615775087848306 ], [ 773247.071456462377682, 6179990.615775087848306 ], [ 773247.071456462377682, 6179989.615775087848306 ], [ 773247.071456462377682, 6179988.615775087848306 ], [ 773247.071456462377682, 6179987.615775087848306 ], [ 773247.071456462377682, 6179986.615775087848306 ], [ 773247.071456462377682, 6179985.615775087848306 ], [ 773247.071456462377682, 6179984.615775087848306 ], [ 773247.071456462377682, 6179983.615775087848306 ], [ 773247.071456462377682, 6179982.615775087848306 ], [ 773247.071456462377682, 6179981.615775087848306 ], [ 773247.071456462377682, 6179980.615775087848306 ], [ 773247.071456462377682, 6179979.615775087848306 ], [ 773247.071456462377682, 6179978.650917610153556 ], [ 773247.071456462377682, 6179977.650917610153556 ], [ 773247.071456462377682, 6179976.650917610153556 ], [ 773247.071456462377682, 6179975.650917610153556 ], [ 773247.071456462377682, 6179974.650917610153556 ], [ 773247.071456462377682, 6179973.650917610153556 ], [ 773247.071456462377682, 6179972.650917610153556 ], [ 773247.071456462377682, 6179971.650917610153556 ], [ 773247.071456462377682, 6179970.650917610153556 ], [ 773247.071456462377682, 6179969.650917610153556 ], [ 773247.071456462377682, 6179968.650917610153556 ], [ 773247.071456462377682, 6179967.650917610153556 ], [ 773247.071456462377682, 6179966.650917610153556 ], [ 773247.071456462377682, 6179965.650917610153556 ], [ 773247.071456462377682, 6179964.650917610153556 ], [ 773247.071456462377682, 6179963.650917610153556 ], [ 773247.071456462377682, 6179962.650917610153556 ], [ 773247.071456462377682, 6179961.650917610153556 ], [ 773247.071456462377682, 6179960.650917610153556 ], [ 773247.071456462377682, 6179959.650917610153556 ], [ 773247.071456462377682, 6179958.650917610153556 ], [ 773247.071456462377682, 6179957.650917610153556 ], [ 773247.071456462377682, 6179956.650917610153556 ], [ 773247.071456462377682, 6179955.650917610153556 ], [ 773247.071456462377682, 6179954.650917610153556 ], [ 773247.071456462377682, 6179953.650917610153556 ], [ 773247.071456462377682, 6179952.650917610153556 ], [ 773247.071456462377682, 6179951.650917610153556 ], [ 773247.071456462377682, 6179950.650917610153556 ], [ 773247.071456462377682, 6179949.650917610153556 ], [ 773247.071456462377682, 6179948.650917610153556 ], [ 773247.071456462377682, 6179947.650917610153556 ], [ 773247.071456462377682, 6179946.650917610153556 ], [ 773247.071456462377682, 6179945.650917610153556 ], [ 773247.071456462377682, 6179944.650917610153556 ], [ 773247.071456462377682, 6179943.650917610153556 ], [ 773247.071456462377682, 6179942.650917610153556 ], [ 773247.071456462377682, 6179941.650917610153556 ], [ 773247.071456462377682, 6179940.650917610153556 ], [ 773247.071456462377682, 6179939.650917610153556 ], [ 773247.071456462377682, 6179938.650917610153556 ], [ 773247.071456462377682, 6179937.650917610153556 ], [ 773247.071456462377682, 6179936.650917610153556 ], [ 773247.071456462377682, 6179935.650917610153556 ], [ 773247.071456462377682, 6179934.650917610153556 ], [ 773247.071456462377682, 6179933.650917610153556 ], [ 773247.071456462377682, 6179932.650917610153556 ], [ 773247.071456462377682, 6179931.650917610153556 ], [ 773247.071456462377682, 6179930.650917610153556 ], [ 773247.071456462377682, 6179929.650917610153556 ], [ 773247.071456462377682, 6179928.650917610153556 ], [ 773247.071456462377682, 6179927.650917610153556 ], [ 773247.071456462377682, 6179926.650917610153556 ], [ 773247.071456462377682, 6179925.650917610153556 ], [ 773247.071456462377682, 6179924.650917610153556 ], [ 773247.071456462377682, 6179923.650917610153556 ], [ 773247.071456462377682, 6179922.650917610153556 ], [ 773247.071456462377682, 6179921.650917610153556 ], [ 773247.071456462377682, 6179920.650917610153556 ], [ 773247.071456462377682, 6179919.650917610153556 ], [ 773247.071456462377682, 6179918.650917610153556 ], [ 773247.071456462377682, 6179917.650917610153556 ], [ 773247.071456462377682, 6179916.650917610153556 ], [ 773247.071456462377682, 6179915.650917610153556 ], [ 773247.071456462377682, 6179914.650917610153556 ], [ 773247.071456462377682, 6179913.650917610153556 ], [ 773247.071456462377682, 6179912.650917610153556 ], [ 773247.071456462377682, 6179911.650917610153556 ], [ 773247.071456462377682, 6179910.650917610153556 ], [ 773247.071456462377682, 6179909.650917610153556 ], [ 773247.071456462377682, 6179908.650917610153556 ], [ 773247.071456462377682, 6179907.650917610153556 ], [ 773247.071456462377682, 6179906.650917610153556 ], [ 773247.071456462377682, 6179905.650917610153556 ], [ 773247.071456462377682, 6179904.650917610153556 ], [ 773247.071456462377682, 6179903.650917610153556 ], [ 773247.071456462377682, 6179902.650917610153556 ], [ 773247.071456462377682, 6179901.650917610153556 ], [ 773247.071456462377682, 6179900.650917610153556 ], [ 773247.071456462377682, 6179899.650917610153556 ], [ 773247.071456462377682, 6179898.650917610153556 ], [ 773247.071456462377682, 6179897.650917610153556 ], [ 773247.071456462377682, 6179896.650917610153556 ], [ 773247.071456462377682, 6179895.650917610153556 ], [ 773247.071456462377682, 6179894.650917610153556 ], [ 773247.071456462377682, 6179893.650917610153556 ], [ 773247.071456462377682, 6179892.650917610153556 ], [ 773247.071456462377682, 6179891.650917610153556 ], [ 773247.071456462377682, 6179890.650917610153556 ], [ 773247.071456462377682, 6179889.650917610153556 ], [ 773247.071456462377682, 6179888.650917610153556 ], [ 773247.071456462377682, 6179887.650917610153556 ], [ 773247.071456462377682, 6179886.650917610153556 ], [ 773247.071456462377682, 6179885.650917610153556 ], [ 773247.071456462377682, 6179884.650917610153556 ], [ 773247.071456462377682, 6179883.650917610153556 ], [ 773247.071456462377682, 6179882.650917610153556 ], [ 773247.071456462377682, 6179881.650917610153556 ], [ 773247.071456462377682, 6179880.650917610153556 ], [ 773247.071456462377682, 6179879.650917610153556 ], [ 773247.071456462377682, 6179878.650917610153556 ], [ 773247.071456462377682, 6179877.650917610153556 ], [ 773247.071456462377682, 6179876.650917610153556 ], [ 773247.071456462377682, 6179875.650917610153556 ], [ 773247.071456462377682, 6179874.650917610153556 ], [ 773247.071456462377682, 6179873.650917610153556 ], [ 773247.071456462377682, 6179872.650917610153556 ], [ 773247.071456462377682, 6179871.650917610153556 ], [ 773247.071456462377682, 6179870.650917610153556 ], [ 773247.071456462377682, 6179869.650917610153556 ], [ 773247.071456462377682, 6179868.650917610153556 ], [ 773247.071456462377682, 6179867.650917610153556 ], [ 773247.071456462377682, 6179866.650917610153556 ], [ 773247.071456462377682, 6179865.650917610153556 ], [ 773247.071456462377682, 6179864.650917610153556 ], [ 773247.071456462377682, 6179863.650917610153556 ], [ 773247.071456462377682, 6179862.650917610153556 ], [ 773247.071456462377682, 6179861.650917610153556 ], [ 773247.071456462377682, 6179860.650917610153556 ], [ 773247.071456462377682, 6179859.650917610153556 ], [ 773247.071456462377682, 6179858.686060132458806 ], [ 773246.884344354504719, 6179857.703721566125751 ], [ 773246.697232246631756, 6179856.721382999792695 ], [ 773246.510120138758793, 6179855.73904443345964 ], [ 773246.323008030769415, 6179854.756705867126584 ], [ 773246.135895922896452, 6179853.774367300793529 ], [ 773245.948783815023489, 6179852.79202873352915 ], [ 773245.761671707150526, 6179851.809690167196095 ], [ 773245.574559599277563, 6179850.827351600863039 ], [ 773245.3874474914046, 6179849.845013034529984 ], [ 773245.200335383531637, 6179848.862674468196929 ], [ 773245.013223275542259, 6179847.880335901863873 ], [ 773244.826111167669296, 6179846.897997335530818 ], [ 773244.638999059796333, 6179845.915658769197762 ], [ 773244.45188695192337, 6179844.933320202864707 ], [ 773244.264774844050407, 6179843.950981636531651 ], [ 773244.077662736177444, 6179842.968643069267273 ], [ 773243.890550628188066, 6179841.986304502934217 ], [ 773243.703438520315103, 6179841.003965936601162 ], [ 773243.51632641244214, 6179840.021627370268106 ], [ 773243.329214304569177, 6179839.039288803935051 ], [ 773243.142102196696214, 6179838.056950237601995 ], [ 773242.954990088823251, 6179837.07461167126894 ], [ 773242.767877980950288, 6179836.092273104935884 ], [ 773242.58076587296091, 6179835.109934538602829 ], [ 773242.393653765087947, 6179834.127595972269773 ], [ 773242.206541657214984, 6179833.145257405936718 ], [ 773242.019429549342021, 6179832.16291883867234 ], [ 773241.832317441469058, 6179831.180580272339284 ], [ 773241.645205333596095, 6179830.198241706006229 ], [ 773241.458093225723132, 6179829.215903139673173 ], [ 773241.270981117733754, 6179828.233564573340118 ], [ 773241.083869009860791, 6179827.251226007007062 ], [ 773240.896756901987828, 6179826.268887440674007 ], [ 773240.709644794114865, 6179825.286548874340951 ], [ 773240.522532686241902, 6179824.304210308007896 ], [ 773240.335420578368939, 6179823.32187174167484 ], [ 773240.148308470495977, 6179822.339533174410462 ], [ 773239.961196362506598, 6179821.357194608077407 ], [ 773239.774084254633635, 6179820.374856041744351 ], [ 773239.586972146760672, 6179819.392517475411296 ], [ 773239.399860038887709, 6179818.41017890907824 ], [ 773239.212747931014746, 6179817.427840342745185 ], [ 773239.025635823141783, 6179816.445501776412129 ], [ 773238.838523715268821, 6179815.463163210079074 ], [ 773238.651411607279442, 6179814.480824643746018 ], [ 773238.464299499406479, 6179813.498486077412963 ], [ 773238.277187391533516, 6179812.516147510148585 ], [ 773238.090075283660553, 6179811.533808943815529 ], [ 773237.90296317578759, 6179810.551470377482474 ], [ 773237.715851067914627, 6179809.569131811149418 ], [ 773237.528738959925249, 6179808.586793244816363 ], [ 773237.341626852052286, 6179807.604454678483307 ], [ 773237.154514744179323, 6179806.622116112150252 ], [ 773236.96740263630636, 6179805.639777545817196 ], [ 773236.780290528433397, 6179804.657438979484141 ], [ 773236.593178420560434, 6179803.675100413151085 ], [ 773236.406066312687472, 6179802.69276184681803 ], [ 773236.218954204698093, 6179801.710423279553652 ], [ 773236.03184209682513, 6179800.728084713220596 ], [ 773235.844729988952167, 6179799.745746146887541 ], [ 773235.657617881079204, 6179798.763407580554485 ], [ 773235.470505773206241, 6179797.78106901422143 ], [ 773235.283393665333278, 6179796.798730447888374 ], [ 773235.096281557460316, 6179795.816391881555319 ], [ 773234.909169449470937, 6179794.834053315222263 ], [ 773234.722057341597974, 6179793.851714748889208 ], [ 773234.534945233725011, 6179792.869376182556152 ], [ 773234.347833125852048, 6179791.887037615291774 ], [ 773234.160721017979085, 6179790.904699048958719 ], [ 773233.973608910106122, 6179789.922360482625663 ], [ 773233.78649680223316, 6179788.940021916292608 ], [ 773233.599384694243781, 6179787.957683349959552 ], [ 773233.412272586370818, 6179786.975344783626497 ], [ 773233.225160478497855, 6179785.993006217293441 ], [ 773233.038048370624892, 6179785.010667650960386 ], [ 773232.850936262751929, 6179784.02832908462733 ], [ 773232.663824154878967, 6179783.045990518294275 ], [ 773232.476712047006004, 6179782.063651951961219 ], [ 773232.289599939016625, 6179781.081313384696841 ], [ 773232.102487831143662, 6179780.098974818363786 ], [ 773231.915375723270699, 6179779.11663625203073 ], [ 773231.728263615397736, 6179778.134297685697675 ], [ 773231.541151507524773, 6179777.151959119364619 ], [ 773231.354039399651811, 6179776.169620553031564 ], [ 773231.166927291662432, 6179775.187281986698508 ], [ 773230.979815183789469, 6179774.204943420365453 ], [ 773230.792703075916506, 6179773.222604854032397 ], [ 773230.605590968043543, 6179772.240266287699342 ], [ 773230.41847886017058, 6179771.257927720434964 ], [ 773230.231366752297617, 6179770.275589154101908 ], [ 773230.044254644424655, 6179769.293250587768853 ], [ 773229.857142536435276, 6179768.310912021435797 ], [ 773229.670030428562313, 6179767.328573455102742 ], [ 773229.48291832068935, 6179766.346234888769686 ], [ 773229.295806212816387, 6179765.363896322436631 ], [ 773229.108694104943424, 6179764.381557756103575 ], [ 773228.921581997070462, 6179763.39921918977052 ], [ 773228.734469889197499, 6179762.416880623437464 ], [ 773228.54735778120812, 6179761.434542056173086 ], [ 773228.360245673335157, 6179760.452203489840031 ], [ 773228.173133565462194, 6179759.469864923506975 ], [ 773227.986021457589231, 6179758.48752635717392 ], [ 773227.798909349716268, 6179757.505187790840864 ], [ 773227.611797241843306, 6179756.522849224507809 ], [ 773227.424685133970343, 6179755.540510658174753 ], [ 773227.237573025980964, 6179754.558172091841698 ], [ 773227.050460918108001, 6179753.575833525508642 ], [ 773226.863348810235038, 6179752.593494959175587 ], [ 773226.676236702362075, 6179751.611156392842531 ], [ 773226.489124594489112, 6179750.628817825578153 ], [ 773226.30201248661615, 6179749.646479259245098 ], [ 773226.114900378743187, 6179748.664140692912042 ], [ 773225.927788270753808, 6179747.681802126578987 ], [ 773225.740676162880845, 6179746.699463560245931 ], [ 773225.553564055007882, 6179745.717124993912876 ], [ 773225.366451947134919, 6179744.73478642757982 ], [ 773225.179339839261957, 6179743.752447861246765 ], [ 773224.992227731388994, 6179742.770109294913709 ], [ 773224.805115623399615, 6179741.787770728580654 ], [ 773224.618003515526652, 6179740.805432161316276 ], [ 773224.430891407653689, 6179739.82309359498322 ], [ 773224.243779299780726, 6179738.840755028650165 ], [ 773224.056667191907763, 6179737.858416462317109 ], [ 773223.869555084034801, 6179736.876077895984054 ], [ 773223.682442976161838, 6179735.893739329650998 ], [ 773223.495330868172459, 6179734.911400763317943 ], [ 773223.308218760299496, 6179733.929062196984887 ], [ 773223.121106652426533, 6179732.946723630651832 ], [ 773222.93399454455357, 6179731.964385064318776 ], [ 773222.746882436680607, 6179730.982046497985721 ], [ 773222.559770328807645, 6179729.999707930721343 ], [ 773222.372658220934682, 6179729.017369364388287 ], [ 773222.185546112945303, 6179728.035030798055232 ], [ 773221.99843400507234, 6179727.052692231722176 ], [ 773221.811321897199377, 6179726.070353665389121 ], [ 773221.624209789326414, 6179725.088015099056065 ], [ 773221.437097681453452, 6179724.10567653272301 ], [ 773221.249985573580489, 6179723.123337966389954 ], [ 773221.062873465707526, 6179722.140999400056899 ], [ 773220.875761357718147, 6179721.158660833723843 ], [ 773220.688649249845184, 6179720.176322266459465 ], [ 773220.501537141972221, 6179719.19398370012641 ], [ 773220.314425034099258, 6179718.211645133793354 ], [ 773220.127312926226296, 6179717.229306567460299 ], [ 773219.940200818353333, 6179716.246968001127243 ], [ 773219.75308871048037, 6179715.264629434794188 ], [ 773219.565976602490991, 6179714.282290868461132 ], [ 773219.378864494618028, 6179713.299952302128077 ], [ 773219.191752386745065, 6179712.317613735795021 ], [ 773219.004640278872102, 6179711.335275169461966 ], [ 773218.81752817099914, 6179710.35293660312891 ], [ 773218.630416063126177, 6179709.370598035864532 ], [ 773218.443303955136798, 6179708.388259469531476 ], [ 773218.256191847263835, 6179707.405920903198421 ], [ 773218.069079739390872, 6179706.423582336865366 ], [ 773217.881967631517909, 6179705.44124377053231 ], [ 773217.694855523644947, 6179704.458905204199255 ], [ 773217.507743415771984, 6179703.476566637866199 ], [ 773217.320631307899021, 6179702.494228071533144 ], [ 773217.133519199909642, 6179701.511889505200088 ], [ 773216.946407092036679, 6179700.529550938867033 ], [ 773216.759294984163716, 6179699.547212371602654 ], [ 773216.572182876290753, 6179698.564873805269599 ], [ 773216.385070768417791, 6179697.582535238936543 ], [ 773216.197958660544828, 6179696.600196672603488 ], [ 773216.010846552671865, 6179695.617858106270432 ], [ 773215.823734444682486, 6179694.635519539937377 ], [ 773215.636622336809523, 6179693.653180973604321 ], [ 773215.44951022893656, 6179692.670842407271266 ], [ 773215.262398121063598, 6179691.68850384093821 ], [ 773215.075286013190635, 6179690.706165274605155 ], [ 773214.888173905317672, 6179689.723826707340777 ], [ 773214.701061797444709, 6179688.741488141007721 ], [ 773214.51394968945533, 6179687.759149574674666 ], [ 773214.326837581582367, 6179686.77681100834161 ], [ 773214.139725473709404, 6179685.794472442008555 ], [ 773213.952613365836442, 6179684.812133875675499 ], [ 773213.765501257963479, 6179683.829795309342444 ], [ 773213.578389150090516, 6179682.847456743009388 ], [ 773213.391277042217553, 6179681.865118176676333 ], [ 773213.204164934228174, 6179680.882779610343277 ], [ 773213.017052826355211, 6179679.900441044010222 ], [ 773212.829940718482248, 6179678.918102476745844 ], [ 773212.642828610609286, 6179677.935763910412788 ], [ 773212.455716502736323, 6179676.953425344079733 ], [ 773212.26860439486336, 6179675.971086777746677 ], [ 773212.081492286873981, 6179674.988748211413622 ], [ 773211.894380179001018, 6179674.006409645080566 ], [ 773211.707268071128055, 6179673.024071078747511 ], [ 773211.520155963255093, 6179672.041732512414455 ], [ 773211.33304385538213, 6179671.0593939460814 ], [ 773211.145931747509167, 6179670.077055379748344 ], [ 773210.958819639636204, 6179669.094716812483966 ], [ 773210.771707531646825, 6179668.112378246150911 ], [ 773210.584595423773862, 6179667.130039679817855 ], [ 773210.397483315900899, 6179666.1477011134848 ], [ 773210.210371208027937, 6179665.165362547151744 ], [ 773210.023259100154974, 6179664.183023980818689 ], [ 773209.836146992282011, 6179663.200685414485633 ], [ 773209.649034884409048, 6179662.218346848152578 ], [ 773209.461922776419669, 6179661.236008281819522 ], [ 773209.274810668546706, 6179660.253669715486467 ], [ 773209.087698560673743, 6179659.271331149153411 ], [ 773208.900586452800781, 6179658.288992581889033 ], [ 773208.713474344927818, 6179657.306654015555978 ], [ 773208.526362237054855, 6179656.324315449222922 ], [ 773208.339250129181892, 6179655.341976882889867 ], [ 773208.152138021192513, 6179654.359638316556811 ], [ 773207.96502591331955, 6179653.377299750223756 ], [ 773207.777913805446588, 6179652.3949611838907 ], [ 773207.590801697573625, 6179651.412622617557645 ], [ 773207.403689589700662, 6179650.430284051224589 ], [ 773207.216577481827699, 6179649.447945484891534 ], [ 773207.029465373954736, 6179648.465606917627156 ], [ 773206.842353265965357, 6179647.4832683512941 ], [ 773206.655241158092394, 6179646.500929784961045 ], [ 773206.468129050219432, 6179645.518591218627989 ], [ 773206.281016942346469, 6179644.536252652294934 ], [ 773206.093904834473506, 6179643.553914085961878 ], [ 773205.906792726600543, 6179642.571575519628823 ], [ 773205.719680618611164, 6179641.589236953295767 ], [ 773205.532568510738201, 6179640.606898386962712 ], [ 773205.345456402865238, 6179639.624559820629656 ], [ 773205.158344294992276, 6179638.642221253365278 ], [ 773204.971232187119313, 6179637.659882687032223 ], [ 773204.78412007924635, 6179636.677544120699167 ], [ 773204.597007971373387, 6179635.695205554366112 ], [ 773204.409895863384008, 6179634.712866988033056 ], [ 773204.222783755511045, 6179633.730528421700001 ], [ 773204.035671647638083, 6179632.748189855366945 ], [ 773203.84855953976512, 6179631.76585128903389 ], [ 773203.661447431892157, 6179630.783512722700834 ], [ 773203.474335324019194, 6179629.801174156367779 ], [ 773203.44787192507647, 6179629.662241311743855 ], [ 773203.106128862011246, 6179628.722447887994349 ], [ 773202.764385798946023, 6179627.782654465176165 ], [ 773202.422642735764384, 6179626.842861041426659 ], [ 773202.080899672699161, 6179625.903067617677152 ], [ 773201.739156609633937, 6179624.963274193927646 ], [ 773201.397413546568714, 6179624.023480771109462 ], [ 773201.055670483503491, 6179623.083687347359955 ], [ 773200.713927420321852, 6179622.143893923610449 ], [ 773200.372184357256629, 6179621.204100500792265 ], [ 773200.030441294191405, 6179620.264307077042758 ], [ 773199.688698231126182, 6179619.324513653293252 ], [ 773199.346955168060958, 6179618.384720229543746 ], [ 773199.005212104995735, 6179617.444926806725562 ], [ 773198.663469041814096, 6179616.505133382976055 ], [ 773198.321725978748873, 6179615.565339959226549 ], [ 773197.979982915683649, 6179614.625546535477042 ], [ 773197.638239852618426, 6179613.685753112658858 ], [ 773197.296496789553203, 6179612.745959688909352 ], [ 773196.954753726371564, 6179611.806166265159845 ], [ 773196.613010663306341, 6179610.866372842341661 ], [ 773196.271267600241117, 6179609.926579418592155 ], [ 773195.929524537175894, 6179608.986785994842649 ], [ 773195.58778147411067, 6179608.046992571093142 ], [ 773195.246038410929032, 6179607.107199148274958 ], [ 773194.904295347863808, 6179606.167405724525452 ], [ 773194.562552284798585, 6179605.227612300775945 ], [ 773194.220809221733361, 6179604.287818877957761 ], [ 773193.879066158668138, 6179603.348025454208255 ], [ 773193.537323095486499, 6179602.408232030458748 ], [ 773193.195580032421276, 6179601.468438606709242 ], [ 773192.853836969356053, 6179600.528645183891058 ], [ 773192.512093906290829, 6179599.588851760141551 ], [ 773192.170350843225606, 6179598.649058336392045 ], [ 773191.828607780043967, 6179597.709264913573861 ], [ 773191.486864716978744, 6179596.769471489824355 ], [ 773191.14512165391352, 6179595.829678066074848 ], [ 773190.803378590848297, 6179594.889884642325342 ], [ 773190.461635527783073, 6179593.950091219507158 ], [ 773190.11989246471785, 6179593.010297795757651 ], [ 773189.778149401536211, 6179592.070504372008145 ], [ 773189.436406338470988, 6179591.130710949189961 ], [ 773189.094663275405765, 6179590.190917525440454 ], [ 773188.752920212340541, 6179589.251124101690948 ], [ 773188.411177149275318, 6179588.311330677941442 ], [ 773188.069434086093679, 6179587.371537255123258 ], [ 773187.727691023028456, 6179586.431743831373751 ], [ 773187.385947959963232, 6179585.491950407624245 ], [ 773187.044204896898009, 6179584.552156983874738 ], [ 773186.702461833832785, 6179583.612363561056554 ], [ 773186.360718770651147, 6179582.672570137307048 ], [ 773186.018975707585923, 6179581.732776713557541 ], [ 773185.6772326445207, 6179580.792983290739357 ], [ 773185.335489581455477, 6179579.853189866989851 ], [ 773184.993746518390253, 6179578.913396443240345 ], [ 773184.652003455208614, 6179577.973603019490838 ], [ 773184.310260392143391, 6179577.033809596672654 ], [ 773183.968517329078168, 6179576.094016172923148 ], [ 773183.626774266012944, 6179575.154222749173641 ], [ 773183.285031202947721, 6179574.214429326355457 ], [ 773182.943288139766082, 6179573.274635902605951 ], [ 773182.601545076700859, 6179572.334842478856444 ], [ 773182.259802013635635, 6179571.395049055106938 ], [ 773181.918058950570412, 6179570.455255632288754 ], [ 773181.576315887505189, 6179569.515462208539248 ], [ 773181.234572824439965, 6179568.575668784789741 ], [ 773180.892829761258326, 6179567.635875361971557 ], [ 773180.551086698193103, 6179566.696081938222051 ], [ 773180.20934363512788, 6179565.756288514472544 ], [ 773179.867600572062656, 6179564.816495090723038 ], [ 773179.525857508997433, 6179563.876701667904854 ], [ 773179.184114445815794, 6179562.936908244155347 ], [ 773178.842371382750571, 6179561.997114820405841 ], [ 773178.500628319685347, 6179561.057321396656334 ], [ 773178.158885256620124, 6179560.117527973838151 ], [ 773177.817142193554901, 6179559.177734550088644 ], [ 773177.475399130373262, 6179558.237941126339138 ], [ 773177.133656067308038, 6179557.298147703520954 ], [ 773176.791913004242815, 6179556.358354279771447 ], [ 773176.450169941177592, 6179555.418560856021941 ], [ 773176.108426878112368, 6179554.478767432272434 ], [ 773175.76668381493073, 6179553.53897400945425 ], [ 773175.424940751865506, 6179552.599180585704744 ], [ 773175.083197688800283, 6179551.659387161955237 ], [ 773174.741454625735059, 6179550.719593739137053 ], [ 773174.399711562669836, 6179549.779800315387547 ], [ 773174.057968499488197, 6179548.840006891638041 ], [ 773173.716225436422974, 6179547.900213467888534 ], [ 773173.37448237335775, 6179546.96042004507035 ], [ 773173.032739310292527, 6179546.020626621320844 ], [ 773172.690996247227304, 6179545.080833197571337 ], [ 773172.34925318416208, 6179544.141039774753153 ], [ 773172.007510120980442, 6179543.201246351003647 ], [ 773171.665767057915218, 6179542.26145292725414 ], [ 773171.324023994849995, 6179541.321659503504634 ], [ 773170.982280931784771, 6179540.38186608068645 ], [ 773170.640537868719548, 6179539.442072656936944 ], [ 773170.298794805537909, 6179538.502279233187437 ], [ 773169.957051742472686, 6179537.562485810369253 ], [ 773169.615308679407462, 6179536.622692386619747 ], [ 773169.273565616342239, 6179535.68289896287024 ], [ 773168.931822553277016, 6179534.743105539120734 ], [ 773168.590079490095377, 6179533.80331211630255 ], [ 773168.248336427030154, 6179532.863518692553043 ], [ 773167.90659336396493, 6179531.923725268803537 ], [ 773167.564850300899707, 6179530.98393184505403 ], [ 773167.223107237834483, 6179530.044138422235847 ], [ 773166.881364174652845, 6179529.10434499848634 ], [ 773166.539621111587621, 6179528.164551574736834 ], [ 773166.197878048522398, 6179527.22475815191865 ], [ 773165.856134985457174, 6179526.284964728169143 ], [ 773165.514391922391951, 6179525.345171304419637 ], [ 773165.172648859210312, 6179524.40537788067013 ], [ 773164.830905796145089, 6179523.465584457851946 ], [ 773164.489162733079866, 6179522.52579103410244 ], [ 773164.147419670014642, 6179521.585997610352933 ], [ 773163.805676606949419, 6179520.64620418753475 ], [ 773163.463933543884195, 6179519.706410763785243 ], [ 773163.122190480702557, 6179518.766617340035737 ], [ 773162.780447417637333, 6179517.82682391628623 ], [ 773162.43870435457211, 6179516.887030493468046 ], [ 773162.096961291506886, 6179515.94723706971854 ], [ 773161.755218228441663, 6179515.007443645969033 ], [ 773161.413475165260024, 6179514.067650223150849 ], [ 773161.071732102194801, 6179513.127856799401343 ], [ 773160.729989039129578, 6179512.188063375651836 ], [ 773160.388245976064354, 6179511.24826995190233 ], [ 773160.046502912999131, 6179510.308476529084146 ], [ 773159.704759849817492, 6179509.36868310533464 ], [ 773159.363016786752269, 6179508.428889681585133 ], [ 773159.021273723687045, 6179507.489096257835627 ], [ 773158.679530660621822, 6179506.549302835017443 ], [ 773158.337787597556598, 6179505.609509411267936 ], [ 773157.99604453437496, 6179504.66971598751843 ], [ 773157.654301471309736, 6179503.729922564700246 ], [ 773157.312558408244513, 6179502.790129140950739 ], [ 773156.97081534517929, 6179501.850335717201233 ], [ 773156.629072282114066, 6179500.910542293451726 ], [ 773156.287329218932427, 6179499.970748870633543 ], [ 773155.945586155867204, 6179499.030955446884036 ], [ 773155.603843092801981, 6179498.09116202313453 ], [ 773155.262100029736757, 6179497.151368600316346 ], [ 773154.920356966671534, 6179496.211575176566839 ], [ 773154.57861390360631, 6179495.271781752817333 ], [ 773154.236870840424672, 6179494.331988329067826 ], [ 773153.895127777359448, 6179493.392194906249642 ], [ 773153.553384714294225, 6179492.452401482500136 ], [ 773153.211641651229002, 6179491.512608058750629 ], [ 773152.869898588163778, 6179490.572814635932446 ], [ 773152.528155524982139, 6179489.633021212182939 ], [ 773152.186412461916916, 6179488.693227788433433 ], [ 773151.844669398851693, 6179487.753434364683926 ], [ 773151.502926335786469, 6179486.813640941865742 ], [ 773151.161183272721246, 6179485.873847518116236 ], [ 773150.819440209539607, 6179484.934054094366729 ], [ 773150.477697146474384, 6179483.994260671548545 ], [ 773150.13595408340916, 6179483.054467247799039 ], [ 773149.794211020343937, 6179482.114673824049532 ], [ 773149.452467957278714, 6179481.174880400300026 ], [ 773149.110724894097075, 6179480.235086977481842 ], [ 773148.768981831031851, 6179479.295293553732336 ], [ 773148.427238767966628, 6179478.355500129982829 ], [ 773148.085495704901405, 6179477.415706706233323 ], [ 773147.743752641836181, 6179476.475913283415139 ], [ 773147.402009578770958, 6179475.536119859665632 ], [ 773147.060266515589319, 6179474.596326435916126 ], [ 773146.718523452524096, 6179473.656533013097942 ], [ 773146.376780389458872, 6179472.716739589348435 ], [ 773146.035037326393649, 6179471.776946165598929 ], [ 773145.693294263328426, 6179470.837152741849422 ], [ 773145.351551200146787, 6179469.897359319031239 ], [ 773145.009808137081563, 6179468.957565895281732 ], [ 773144.66806507401634, 6179468.017772471532226 ], [ 773144.326322010951117, 6179467.077979048714042 ], [ 773143.984578947885893, 6179466.138185624964535 ], [ 773143.642835884704255, 6179465.198392201215029 ], [ 773143.301092821639031, 6179464.258598777465522 ], [ 773142.959349758573808, 6179463.318805354647338 ], [ 773142.617606695508584, 6179462.379011930897832 ], [ 773142.275863632443361, 6179461.439218507148325 ], [ 773141.934120569261722, 6179460.499425084330142 ], [ 773141.592377506196499, 6179459.559631660580635 ], [ 773141.250634443131275, 6179458.619838236831129 ], [ 773140.908891380066052, 6179457.680044813081622 ], [ 773140.567148317000829, 6179456.740251390263438 ], [ 773140.22540525381919, 6179455.800457966513932 ], [ 773139.883662190753967, 6179454.860664542764425 ], [ 773139.541919127688743, 6179453.920871119014919 ], [ 773139.20017606462352, 6179452.981077696196735 ], [ 773138.858433001558296, 6179452.041284272447228 ], [ 773138.516689938493073, 6179451.101490848697722 ], [ 773138.174946875311434, 6179450.161697425879538 ], [ 773137.833203812246211, 6179449.221904002130032 ], [ 773137.491460749180987, 6179448.282110578380525 ], [ 773137.149717686115764, 6179447.342317154631019 ], [ 773136.807974623050541, 6179446.402523731812835 ], [ 773136.466231559868902, 6179445.462730308063328 ], [ 773136.124488496803679, 6179444.522936884313822 ], [ 773135.782745433738455, 6179443.583143461495638 ], [ 773135.441002370673232, 6179442.643350037746131 ], [ 773135.099259307608008, 6179441.703556613996625 ], [ 773134.75751624442637, 6179440.763763190247118 ], [ 773134.415773181361146, 6179439.823969767428935 ], [ 773134.074030118295923, 6179438.884176343679428 ], [ 773133.732287055230699, 6179437.944382919929922 ], [ 773133.390543992165476, 6179437.004589497111738 ], [ 773133.048800928983837, 6179436.064796073362231 ], [ 773132.707057865918614, 6179435.125002649612725 ], [ 773132.365314802853391, 6179434.185209225863218 ], [ 773132.023571739788167, 6179433.245415803045034 ], [ 773131.681828676722944, 6179432.305622379295528 ], [ 773131.340085613541305, 6179431.365828955546021 ], [ 773130.998342550476082, 6179430.426035532727838 ], [ 773130.656599487410858, 6179429.486242108978331 ], [ 773130.314856424345635, 6179428.546448685228825 ], [ 773129.973113361280411, 6179427.606655261479318 ], [ 773129.631370298215188, 6179426.666861838661134 ], [ 773129.289627235033549, 6179425.727068414911628 ], [ 773128.947884171968326, 6179424.787274991162121 ], [ 773128.606141108903103, 6179423.847481567412615 ], [ 773128.264398045837879, 6179422.907688144594431 ], [ 773127.922654982772656, 6179421.967894720844924 ], [ 773127.580911919591017, 6179421.028101297095418 ], [ 773127.239168856525794, 6179420.088307874277234 ], [ 773126.89742579346057, 6179419.148514450527728 ], [ 773126.555682730395347, 6179418.208721026778221 ], [ 773126.213939667330123, 6179417.268927603028715 ], [ 773125.872196604148485, 6179416.329134180210531 ], [ 773125.530453541083261, 6179415.389340756461024 ], [ 773125.188710478018038, 6179414.449547332711518 ], [ 773124.846967414952815, 6179413.509753909893334 ], [ 773124.505224351887591, 6179412.569960486143827 ], [ 773124.163481288705952, 6179411.630167062394321 ], [ 773123.821738225640729, 6179410.690373638644814 ], [ 773123.479995162575506, 6179409.750580215826631 ], [ 773123.138252099510282, 6179408.810786792077124 ], [ 773122.796509036445059, 6179407.870993368327618 ], [ 773122.45476597326342, 6179406.931199945509434 ], [ 773122.113022910198197, 6179405.991406521759927 ], [ 773121.771279847132973, 6179405.051613098010421 ], [ 773121.42953678406775, 6179404.111819674260914 ], [ 773121.087793721002527, 6179403.17202625144273 ], [ 773120.746050657937303, 6179402.232232827693224 ], [ 773120.404307594755664, 6179401.292439403943717 ], [ 773120.062564531690441, 6179400.352645980194211 ], [ 773119.720821468625218, 6179399.412852557376027 ], [ 773119.379078405559994, 6179398.473059133626521 ], [ 773119.037335342494771, 6179397.533265709877014 ], [ 773118.695592279313132, 6179396.59347228705883 ], [ 773118.353849216247909, 6179395.653678863309324 ], [ 773118.012106153182685, 6179394.713885439559817 ], [ 773117.670363090117462, 6179393.774092015810311 ], [ 773117.328620027052239, 6179392.834298592992127 ], [ 773116.9868769638706, 6179391.89450516924262 ], [ 773116.645133900805376, 6179390.954711745493114 ], [ 773116.303390837740153, 6179390.01491832267493 ], [ 773116.200702850474045, 6179389.732526357285678 ], [ 773115.844707522890531, 6179388.798038622364402 ], [ 773115.488712195307016, 6179387.863550887443125 ], [ 773115.132716867723502, 6179386.929063152521849 ], [ 773114.776721540139988, 6179385.994575417600572 ], [ 773114.420726212556474, 6179385.060087682679296 ], [ 773114.06473088497296, 6179384.125599947758019 ], [ 773113.70873555727303, 6179383.191112212836742 ], [ 773113.352740229689516, 6179382.256624477915466 ], [ 773112.996744902106002, 6179381.322136742994189 ], [ 773112.640749574522488, 6179380.387649008072913 ], [ 773112.284754246938974, 6179379.453161273151636 ], [ 773111.92875891935546, 6179378.51867353823036 ], [ 773111.572763591771945, 6179377.584185803309083 ], [ 773111.216768264188431, 6179376.649698068387806 ], [ 773110.860772936604917, 6179375.71521033346653 ], [ 773110.504777609021403, 6179374.780722598545253 ], [ 773110.148782281437889, 6179373.846234863623977 ], [ 773109.792786953854375, 6179372.9117471287027 ], [ 773109.43679162627086, 6179371.977259393781424 ], [ 773109.080796298687346, 6179371.042771658860147 ], [ 773108.724800970987417, 6179370.10828392393887 ], [ 773108.368805643403903, 6179369.173796189017594 ], [ 773108.012810315820388, 6179368.239308454096317 ], [ 773107.656814988236874, 6179367.304820719175041 ], [ 773107.30081966065336, 6179366.370332984253764 ], [ 773106.944824333069846, 6179365.435845249332488 ], [ 773106.588829005486332, 6179364.501357514411211 ], [ 773106.232833677902818, 6179363.566869779489934 ], [ 773105.876838350319304, 6179362.632382044568658 ], [ 773105.520843022735789, 6179361.697894309647381 ], [ 773105.164847695152275, 6179360.763406574726105 ], [ 773104.808852367568761, 6179359.828918839804828 ], [ 773104.452857039985247, 6179358.894431104883552 ], [ 773104.096861712285317, 6179357.959943369962275 ], [ 773103.740866384701803, 6179357.025455635040998 ], [ 773103.384871057118289, 6179356.090967900119722 ], [ 773103.028875729534775, 6179355.156480165198445 ], [ 773102.672880401951261, 6179354.221992430277169 ], [ 773102.316885074367747, 6179353.287504695355892 ], [ 773101.960889746784233, 6179352.353016960434616 ], [ 773101.604894419200718, 6179351.418529225513339 ], [ 773101.248899091617204, 6179350.484041490592062 ], [ 773100.89290376403369, 6179349.549553755670786 ], [ 773100.536908436450176, 6179348.615066020749509 ], [ 773100.180913108866662, 6179347.680578285828233 ], [ 773099.824917781283148, 6179346.746090550906956 ], [ 773099.468922453699633, 6179345.81160281598568 ], [ 773099.112927125999704, 6179344.877115081064403 ], [ 773098.75693179841619, 6179343.942627346143126 ], [ 773098.400936470832676, 6179343.00813961122185 ], [ 773098.044941143249162, 6179342.073651876300573 ], [ 773097.688945815665647, 6179341.139164141379297 ], [ 773097.332950488082133, 6179340.20467640645802 ], [ 773096.976955160498619, 6179339.270188671536744 ], [ 773096.620959832915105, 6179338.335700936615467 ], [ 773096.264964505331591, 6179337.401213201694191 ], [ 773095.908969177748077, 6179336.466725466772914 ], [ 773095.552973850164562, 6179335.532237731851637 ], [ 773095.196978522581048, 6179334.597749996930361 ], [ 773094.840983194997534, 6179333.663262262009084 ], [ 773094.484987867297605, 6179332.728774527087808 ], [ 773094.128992539714091, 6179331.794286791235209 ], [ 773093.772997212130576, 6179330.859799056313932 ], [ 773093.417001884547062, 6179329.925311321392655 ], [ 773093.061006556963548, 6179328.990823586471379 ], [ 773092.705011229380034, 6179328.056335851550102 ], [ 773092.34901590179652, 6179327.121848116628826 ], [ 773091.993020574213006, 6179326.187360381707549 ], [ 773091.637025246629491, 6179325.252872646786273 ], [ 773091.281029919045977, 6179324.318384911864996 ], [ 773090.925034591462463, 6179323.383897176943719 ], [ 773090.569039263878949, 6179322.449409442022443 ], [ 773090.213043936295435, 6179321.514921707101166 ], [ 773089.857048608711921, 6179320.58043397217989 ], [ 773089.501053281011991, 6179319.645946237258613 ], [ 773089.145057953428477, 6179318.711458502337337 ], [ 773088.789062625844963, 6179317.77697076741606 ], [ 773088.433067298261449, 6179316.842483032494783 ], [ 773088.077071970677935, 6179315.907995297573507 ], [ 773087.72107664309442, 6179314.97350756265223 ], [ 773087.365081315510906, 6179314.039019827730954 ], [ 773087.009085987927392, 6179313.104532092809677 ], [ 773086.653090660343878, 6179312.170044357888401 ], [ 773086.297095332760364, 6179311.235556622967124 ], [ 773085.94110000517685, 6179310.301068888045847 ], [ 773085.585104677593336, 6179309.366581153124571 ], [ 773085.229109350009821, 6179308.432093418203294 ], [ 773084.873114022309892, 6179307.497605683282018 ], [ 773084.517118694726378, 6179306.563117948360741 ], [ 773084.161123367142864, 6179305.628630213439465 ], [ 773083.805128039559349, 6179304.694142478518188 ], [ 773083.449132711975835, 6179303.759654743596911 ], [ 773083.093137384392321, 6179302.825167008675635 ], [ 773082.737142056808807, 6179301.890679273754358 ], [ 773082.381146729225293, 6179300.956191538833082 ], [ 773082.025151401641779, 6179300.021703803911805 ], [ 773081.669156074058264, 6179299.087216068990529 ], [ 773081.31316074647475, 6179298.152728334069252 ], [ 773080.957165418891236, 6179297.218240599147975 ], [ 773080.601170091307722, 6179296.283752864226699 ], [ 773080.245174763724208, 6179295.349265129305422 ], [ 773079.889179436024278, 6179294.414777394384146 ], [ 773079.533184108440764, 6179293.480289659462869 ], [ 773079.17718878085725, 6179292.545801924541593 ], [ 773078.821193453273736, 6179291.611314189620316 ], [ 773078.465198125690222, 6179290.676826454699039 ], [ 773078.109202798106708, 6179289.742338719777763 ], [ 773077.753207470523193, 6179288.807850984856486 ], [ 773077.397212142939679, 6179287.87336324993521 ], [ 773077.041216815356165, 6179286.938875515013933 ], [ 773076.685221487772651, 6179286.004387780092657 ], [ 773076.329226160189137, 6179285.06990004517138 ], [ 773075.973230832605623, 6179284.135412310250103 ], [ 773075.617235505022109, 6179283.200924575328827 ], [ 773075.261240177322179, 6179282.26643684040755 ], [ 773074.905244849738665, 6179281.331949105486274 ], [ 773074.549249522155151, 6179280.397461370564997 ], [ 773074.193254194571637, 6179279.462973635643721 ], [ 773073.837258866988122, 6179278.528485900722444 ], [ 773073.481263539404608, 6179277.593998165801167 ], [ 773073.125268211821094, 6179276.659510430879891 ], [ 773072.76927288423758, 6179275.725022695958614 ], [ 773072.413277556654066, 6179274.790534961037338 ], [ 773072.057282229070552, 6179273.856047226116061 ], [ 773071.701286901487038, 6179272.921559491194785 ], [ 773071.345291573903523, 6179271.987071756273508 ], [ 773070.989296246320009, 6179271.052584021352232 ], [ 773070.633300918736495, 6179270.118096286430955 ], [ 773070.277305591036566, 6179269.183608551509678 ], [ 773069.921310263453051, 6179268.249120816588402 ], [ 773069.565314935869537, 6179267.314633081667125 ], [ 773069.209319608286023, 6179266.380145346745849 ], [ 773068.853324280702509, 6179265.445657611824572 ], [ 773068.497328953118995, 6179264.511169876903296 ], [ 773068.141333625535481, 6179263.576682141982019 ], [ 773067.785338297951967, 6179262.642194407060742 ], [ 773067.429342970368452, 6179261.707706672139466 ], [ 773067.073347642784938, 6179260.773218937218189 ], [ 773066.717352315201424, 6179259.838731202296913 ], [ 773066.36135698761791, 6179258.904243467375636 ], [ 773066.005361660034396, 6179257.96975573245436 ], [ 773065.649366332334466, 6179257.035267997533083 ], [ 773065.293371004750952, 6179256.100780262611806 ], [ 773064.937375677167438, 6179255.16629252769053 ], [ 773064.581380349583924, 6179254.231804792769253 ], [ 773064.22538502200041, 6179253.297317057847977 ], [ 773063.869389694416896, 6179252.3628293229267 ], [ 773063.513394366833381, 6179251.428341588005424 ], [ 773063.157399039249867, 6179250.493853853084147 ], [ 773062.801403711666353, 6179249.55936611816287 ], [ 773062.445408384082839, 6179248.624878383241594 ], [ 773062.089413056499325, 6179247.690390648320317 ], [ 773061.733417728915811, 6179246.755902913399041 ], [ 773061.377422401332296, 6179245.821415178477764 ], [ 773061.021427073748782, 6179244.886927443556488 ], [ 773060.665431746048853, 6179243.952439708635211 ], [ 773060.309436418465339, 6179243.017951973713934 ], [ 773059.953441090881824, 6179242.083464238792658 ], [ 773059.59744576329831, 6179241.148976503871381 ], [ 773059.241450435714796, 6179240.214488768950105 ], [ 773058.885455108131282, 6179239.280001034028828 ], [ 773058.529459780547768, 6179238.345513299107552 ], [ 773058.173464452964254, 6179237.411025564186275 ], [ 773057.81746912538074, 6179236.476537829264998 ], [ 773057.461473797797225, 6179235.542050094343722 ], [ 773057.105478470213711, 6179234.607562359422445 ], [ 773056.749483142630197, 6179233.673074624501169 ], [ 773056.393487815046683, 6179232.738586889579892 ], [ 773056.037492487346753, 6179231.804099154658616 ], [ 773055.681497159763239, 6179230.869611419737339 ], [ 773055.325501832179725, 6179229.935123684816062 ], [ 773054.969506504596211, 6179229.000635949894786 ], [ 773054.613511177012697, 6179228.066148214973509 ], [ 773054.257515849429183, 6179227.131660480052233 ], [ 773053.901520521845669, 6179226.197172745130956 ], [ 773053.545525194262154, 6179225.26268501020968 ], [ 773053.18952986667864, 6179224.328197275288403 ], [ 773052.833534539095126, 6179223.393709540367126 ], [ 773052.477539211511612, 6179222.45922180544585 ], [ 773052.121543883928098, 6179221.524734070524573 ], [ 773051.765548556344584, 6179220.590246335603297 ], [ 773051.409553228761069, 6179219.65575860068202 ], [ 773051.05355790106114, 6179218.721270865760744 ], [ 773050.697562573477626, 6179217.786783129908144 ], [ 773050.341567245894112, 6179216.852295394986868 ], [ 773049.985571918310598, 6179215.917807660065591 ], [ 773049.629576590727083, 6179214.983319925144315 ], [ 773049.273581263143569, 6179214.048832190223038 ], [ 773048.917585935560055, 6179213.114344455301762 ], [ 773048.561590607976541, 6179212.179856720380485 ], [ 773048.205595280393027, 6179211.245368985459208 ], [ 773047.849599952809513, 6179210.310881250537932 ], [ 773047.493604625225998, 6179209.376393515616655 ], [ 773047.137609297642484, 6179208.441905780695379 ], [ 773046.78161397005897, 6179207.507418045774102 ], [ 773046.425618642359041, 6179206.572930310852826 ], [ 773046.069623314775527, 6179205.638442575931549 ], [ 773045.713627987192012, 6179204.703954841010273 ], [ 773045.357632659608498, 6179203.769467106088996 ], [ 773045.001637332024984, 6179202.834979371167719 ], [ 773044.64564200444147, 6179201.900491636246443 ], [ 773044.289646676857956, 6179200.966003901325166 ], [ 773043.933651349274442, 6179200.03151616640389 ], [ 773043.577656021690927, 6179199.097028431482613 ], [ 773043.221660694107413, 6179198.162540696561337 ], [ 773042.865665366523899, 6179197.22805296164006 ], [ 773042.509670038940385, 6179196.293565226718783 ], [ 773042.153674711356871, 6179195.359077491797507 ], [ 773041.797679383773357, 6179194.42458975687623 ], [ 773041.441684056073427, 6179193.490102021954954 ], [ 773041.085688728489913, 6179192.555614287033677 ], [ 773040.729693400906399, 6179191.621126552112401 ], [ 773040.373698073322885, 6179190.686638817191124 ], [ 773040.017702745739371, 6179189.752151082269847 ], [ 773039.661707418155856, 6179188.817663347348571 ], [ 773039.305712090572342, 6179187.883175612427294 ], [ 773038.949716762988828, 6179186.948687877506018 ], [ 773038.593721435405314, 6179186.014200142584741 ], [ 773038.2377261078218, 6179185.079712407663465 ], [ 773037.881730780238286, 6179184.145224672742188 ], [ 773037.525735452654772, 6179183.210736937820911 ], [ 773037.169740125071257, 6179182.276249202899635 ], [ 773036.813744797371328, 6179181.341761467978358 ], [ 773036.457749469787814, 6179180.407273733057082 ], [ 773036.1017541422043, 6179179.472785998135805 ], [ 773035.745758814620785, 6179178.538298263214529 ], [ 773035.389763487037271, 6179177.603810528293252 ], [ 773035.033768159453757, 6179176.669322793371975 ], [ 773034.677772831870243, 6179175.734835058450699 ], [ 773034.321777504286729, 6179174.800347323529422 ], [ 773033.965782176703215, 6179173.865859588608146 ], [ 773033.6097868491197, 6179172.931371853686869 ], [ 773033.253791521536186, 6179171.996884118765593 ], [ 773032.897796193952672, 6179171.062396383844316 ], [ 773032.541800866369158, 6179170.127908648923039 ], [ 773032.185805538785644, 6179169.193420914001763 ], [ 773031.829810211085714, 6179168.258933179080486 ], [ 773031.4738148835022, 6179167.32444544415921 ], [ 773031.117819555918686, 6179166.389957709237933 ], [ 773030.761824228335172, 6179165.455469974316657 ], [ 773030.405828900751658, 6179164.52098223939538 ], [ 773030.049833573168144, 6179163.586494504474103 ], [ 773029.693838245584629, 6179162.652006769552827 ], [ 773029.337842918001115, 6179161.71751903463155 ], [ 773028.981847590417601, 6179160.783031299710274 ], [ 773028.95353377587162, 6179160.708707536570728 ], [ 773028.905968626495451, 6179159.70983939897269 ], [ 773028.858403477002867, 6179158.710971261374652 ], [ 773028.810838327626698, 6179157.712103123776615 ], [ 773028.763273178250529, 6179156.713234985247254 ], [ 773028.715708028757945, 6179155.714366847649217 ], [ 773028.668142879381776, 6179154.715498710051179 ], [ 773028.620577730005607, 6179153.716630572453141 ], [ 773028.573012580513023, 6179152.717762434855103 ], [ 773028.525447431136854, 6179151.718894297257066 ], [ 773028.477882281760685, 6179150.720026159659028 ], [ 773028.430317132268101, 6179149.72115802206099 ], [ 773028.382751982891932, 6179148.72228988353163 ], [ 773028.335186833515763, 6179147.723421745933592 ], [ 773028.287621684023179, 6179146.724553608335555 ], [ 773028.24005653464701, 6179145.725685470737517 ], [ 773028.192491385270841, 6179144.726817333139479 ], [ 773028.144926235778257, 6179143.727949195541441 ], [ 773028.097361086402088, 6179142.729081057943404 ], [ 773028.04979593702592, 6179141.730212919414043 ], [ 773028.002230787533335, 6179140.731344781816006 ], [ 773027.954665638157167, 6179139.732476644217968 ], [ 773027.907100488780998, 6179138.73360850661993 ], [ 773027.859535339288414, 6179137.734740369021893 ], [ 773027.811970189912245, 6179136.735872231423855 ], [ 773027.764405040536076, 6179135.737004093825817 ], [ 773027.716839891043492, 6179134.738135955296457 ], [ 773027.669274741667323, 6179133.739267817698419 ], [ 773027.621709592291154, 6179132.740399680100381 ], [ 773027.57414444279857, 6179131.741531542502344 ], [ 773027.526579293422401, 6179130.742663404904306 ], [ 773027.479014144046232, 6179129.743795267306268 ], [ 773027.431448994553648, 6179128.74492712970823 ], [ 773027.383883845177479, 6179127.746058992110193 ], [ 773027.33631869580131, 6179126.747190853580832 ], [ 773027.288753546308726, 6179125.748322715982795 ], [ 773027.241188396932557, 6179124.749454578384757 ], [ 773027.193623247556388, 6179123.750586440786719 ], [ 773027.146058098063804, 6179122.751718303188682 ], [ 773027.098492948687635, 6179121.752850165590644 ], [ 773027.050927799311467, 6179120.753982027992606 ], [ 773027.003362649818882, 6179119.755113889463246 ], [ 773026.955797500442713, 6179118.756245751865208 ], [ 773026.908232351066545, 6179117.75737761426717 ], [ 773026.86066720157396, 6179116.758509476669133 ], [ 773026.813102052197792, 6179115.759641339071095 ], [ 773026.765536902821623, 6179114.760773201473057 ], [ 773026.717971753329039, 6179113.76190506387502 ], [ 773026.67040660395287, 6179112.763036925345659 ], [ 773026.622841454576701, 6179111.764168787747622 ], [ 773026.575276305084117, 6179110.765300650149584 ], [ 773026.527711155707948, 6179109.766432512551546 ], [ 773026.480146006331779, 6179108.767564374953508 ], [ 773026.432580856839195, 6179107.768696237355471 ], [ 773026.385015707463026, 6179106.769828099757433 ], [ 773026.337450558086857, 6179105.770959962159395 ], [ 773026.289885408594273, 6179104.772091823630035 ], [ 773026.242320259218104, 6179103.773223686031997 ], [ 773026.194755109841935, 6179102.774355548433959 ], [ 773026.147189960349351, 6179101.775487410835922 ], [ 773026.099624810973182, 6179100.776619273237884 ], [ 773026.052059661597013, 6179099.777751135639846 ], [ 773026.004494512104429, 6179098.778882998041809 ], [ 773025.95692936272826, 6179097.780014859512448 ], [ 773025.909364213235676, 6179096.781146721914411 ], [ 773025.861799063859507, 6179095.782278584316373 ], [ 773025.814233914483339, 6179094.783410446718335 ], [ 773025.766668764990754, 6179093.784542309120297 ], [ 773025.719103615614586, 6179092.78567417152226 ], [ 773025.671538466238417, 6179091.786806033924222 ], [ 773025.623973316745833, 6179090.787937895394862 ], [ 773025.576408167369664, 6179089.789069757796824 ], [ 773025.528843017993495, 6179088.790201620198786 ], [ 773025.481277868500911, 6179087.791333482600749 ], [ 773025.433712719124742, 6179086.792465345002711 ], [ 773025.386147569748573, 6179085.793597207404673 ], [ 773025.338582420255989, 6179084.794729069806635 ], [ 773025.29101727087982, 6179083.795860932208598 ], [ 773025.243452121503651, 6179082.796992793679237 ], [ 773025.195886972011067, 6179081.7981246560812 ], [ 773025.148321822634898, 6179080.799256518483162 ], [ 773025.100756673258729, 6179079.800388380885124 ], [ 773025.053191523766145, 6179078.801520243287086 ], [ 773025.005626374389976, 6179077.802652105689049 ], [ 773024.958061225013807, 6179076.803783968091011 ], [ 773024.910496075521223, 6179075.804915829561651 ], [ 773024.862930926145054, 6179074.806047691963613 ], [ 773024.815365776768886, 6179073.807179554365575 ], [ 773024.767800627276301, 6179072.808311416767538 ], [ 773024.720235477900133, 6179071.8094432791695 ], [ 773024.672670328523964, 6179070.810575141571462 ], [ 773024.62510517903138, 6179069.811707003973424 ], [ 773024.577540029655211, 6179068.812838866375387 ], [ 773024.529974880279042, 6179067.813970727846026 ], [ 773024.482409730786458, 6179066.815102590247989 ], [ 773024.434844581410289, 6179065.816234452649951 ], [ 773024.38727943203412, 6179064.817366315051913 ], [ 773024.339714282541536, 6179063.818498177453876 ], [ 773024.292149133165367, 6179062.819630039855838 ], [ 773024.244583983789198, 6179061.8207619022578 ], [ 773024.197018834296614, 6179060.82189376372844 ], [ 773024.149453684920445, 6179059.823025626130402 ], [ 773024.101888535544276, 6179058.824157488532364 ], [ 773024.054323386051692, 6179057.825289350934327 ], [ 773024.006758236675523, 6179056.826421213336289 ], [ 773023.959193087299354, 6179055.827553075738251 ], [ 773023.91162793780677, 6179054.828684938140213 ], [ 773023.864062788430601, 6179053.829816799610853 ], [ 773023.816497639054433, 6179052.830948662012815 ], [ 773023.768932489561848, 6179051.832080524414778 ], [ 773023.721367340185679, 6179050.83321238681674 ], [ 773023.673802190809511, 6179049.834344249218702 ], [ 773023.626237041316926, 6179048.835476111620665 ], [ 773023.578671891940758, 6179047.836607974022627 ], [ 773023.531106742564589, 6179046.837739836424589 ], [ 773023.483541593072005, 6179045.838871697895229 ], [ 773023.435976443695836, 6179044.840003560297191 ], [ 773023.388411294319667, 6179043.841135422699153 ], [ 773023.340846144827083, 6179042.842267285101116 ], [ 773023.293280995450914, 6179041.843399147503078 ], [ 773023.245715846074745, 6179040.84453100990504 ], [ 773023.198150696582161, 6179039.845662872307003 ], [ 773023.150585547205992, 6179038.846794733777642 ], [ 773023.103020397829823, 6179037.847926596179605 ], [ 773023.055455248337239, 6179036.849058458581567 ], [ 773023.00789009896107, 6179035.850190320983529 ], [ 773022.960324949584901, 6179034.851322183385491 ], [ 773022.912759800092317, 6179033.852454045787454 ], [ 773022.865194650716148, 6179032.853585908189416 ], [ 773022.817629501339979, 6179031.854717769660056 ], [ 773022.770064351847395, 6179030.855849632062018 ], [ 773022.722499202471226, 6179029.85698149446398 ], [ 773022.674934053095058, 6179028.858113356865942 ], [ 773022.627368903602473, 6179027.859245219267905 ], [ 773022.579803754226305, 6179026.860377081669867 ], [ 773022.532238604850136, 6179025.861508944071829 ], [ 773022.484673455357552, 6179024.862640806473792 ], [ 773022.437108305981383, 6179023.863772667944431 ], [ 773022.389543156605214, 6179022.864904530346394 ], [ 773022.34197800711263, 6179021.866036392748356 ], [ 773022.294412857736461, 6179020.867168255150318 ], [ 773022.246847708360292, 6179019.86830011755228 ], [ 773022.199282558867708, 6179018.869431979954243 ], [ 773022.151717409491539, 6179017.870563842356205 ], [ 773022.10415226011537, 6179016.871695703826845 ], [ 773022.056587110622786, 6179015.872827566228807 ], [ 773022.009021961246617, 6179014.873959428630769 ], [ 773021.961456811870448, 6179013.875091291032732 ], [ 773021.913891662377864, 6179012.876223153434694 ], [ 773021.866326513001695, 6179011.877355015836656 ], [ 773021.818761363625526, 6179010.878486878238618 ], [ 773021.771196214132942, 6179009.879618740640581 ], [ 773021.723631064756773, 6179008.88075060211122 ], [ 773021.676065915380605, 6179007.881882464513183 ], [ 773021.62850076588802, 6179006.883014326915145 ], [ 773021.580935616511852, 6179005.884146189317107 ], [ 773021.533370467135683, 6179004.885278051719069 ], [ 773021.485805317643099, 6179003.886409914121032 ], [ 773021.43824016826693, 6179002.887541776522994 ], [ 773021.390675018890761, 6179001.888673637993634 ], [ 773021.343109869398177, 6179000.889805500395596 ], [ 773021.295544720022008, 6178999.890937362797558 ], [ 773021.247979570645839, 6178998.892069225199521 ], [ 773021.200414421153255, 6178997.893201087601483 ], [ 773021.152849271777086, 6178996.894332950003445 ], [ 773021.105284122400917, 6178995.895464812405407 ], [ 773021.057718972908333, 6178994.896596673876047 ], [ 773021.010153823532164, 6178993.897728536278009 ], [ 773020.962588674155995, 6178992.898860398679972 ], [ 773020.915023524663411, 6178991.899992261081934 ], [ 773020.867458375287242, 6178990.901124123483896 ], [ 773020.819893225911073, 6178989.902255985885859 ], [ 773020.772328076418489, 6178988.903387848287821 ], [ 773020.72476292704232, 6178987.904519710689783 ], [ 773020.677197777666152, 6178986.905651572160423 ], [ 773020.629632628173567, 6178985.906783434562385 ], [ 773020.582067478797399, 6178984.907915296964347 ], [ 773020.53450232942123, 6178983.90904715936631 ], [ 773020.486937179928645, 6178982.910179021768272 ], [ 773020.439372030552477, 6178981.911310884170234 ], [ 773020.391806881176308, 6178980.912442746572196 ], [ 773020.344241731683724, 6178979.913574608042836 ], [ 773020.296676582307555, 6178978.914706470444798 ], [ 773020.249111432931386, 6178977.915838332846761 ], [ 773020.201546283438802, 6178976.916970195248723 ], [ 773020.153981134062633, 6178975.918102057650685 ], [ 773020.106415984686464, 6178974.919233920052648 ], [ 773020.05885083519388, 6178973.92036578245461 ], [ 773020.011285685817711, 6178972.92149764392525 ], [ 773019.963720536441542, 6178971.922629506327212 ], [ 773019.916155386948958, 6178970.923761368729174 ], [ 773019.868590237572789, 6178969.924893231131136 ], [ 773019.821025088080205, 6178968.926025093533099 ], [ 773019.773459938704036, 6178967.927156955935061 ], [ 773019.725894789327867, 6178966.928288818337023 ], [ 773019.678329639835283, 6178965.929420680738986 ], [ 773019.630764490459114, 6178964.930552542209625 ], [ 773019.583199341082945, 6178963.931684404611588 ], [ 773019.535634191590361, 6178962.93281626701355 ], [ 773019.488069042214192, 6178961.933948129415512 ], [ 773019.440503892838024, 6178960.935079991817474 ], [ 773019.392938743345439, 6178959.936211854219437 ], [ 773019.345373593969271, 6178958.937343716621399 ], [ 773019.297808444593102, 6178957.938475578092039 ], [ 773019.250243295100518, 6178956.939607440494001 ], [ 773019.202678145724349, 6178955.940739302895963 ], [ 773019.15511299634818, 6178954.941871165297925 ], [ 773019.107547846855596, 6178953.943003027699888 ], [ 773019.059982697479427, 6178952.94413489010185 ], [ 773019.012417548103258, 6178951.945266752503812 ], [ 773018.964852398610674, 6178950.946398613974452 ], [ 773018.917287249234505, 6178949.947530476376414 ], [ 773018.869722099858336, 6178948.948662338778377 ], [ 773018.822156950365752, 6178947.949794201180339 ], [ 773018.774591800989583, 6178946.950926063582301 ], [ 773018.727026651613414, 6178945.952057925984263 ], [ 773018.67946150212083, 6178944.953189788386226 ], [ 773018.631896352744661, 6178943.954321650788188 ], [ 773018.584331203368492, 6178942.955453512258828 ], [ 773018.536766053875908, 6178941.95658537466079 ], [ 773018.489200904499739, 6178940.957717237062752 ], [ 773018.441635755123571, 6178939.958849099464715 ], [ 773018.394070605630986, 6178938.959980961866677 ], [ 773018.346505456254818, 6178937.961112824268639 ], [ 773018.298940306878649, 6178936.962244686670601 ], [ 773018.251375157386065, 6178935.963376548141241 ], [ 773018.203810008009896, 6178934.964508410543203 ], [ 773018.156244858633727, 6178933.965640272945166 ], [ 773018.108679709141143, 6178932.966772135347128 ], [ 773018.061114559764974, 6178931.96790399774909 ], [ 773018.047637641546316, 6178931.684888714924455 ], [ 773017.543766616028734, 6178930.821109813638031 ], [ 773017.039895590511151, 6178929.957330913282931 ], [ 773016.536024564993568, 6178929.093552011996508 ], [ 773016.032153539475985, 6178928.229773111641407 ], [ 773015.528282513958402, 6178927.365994210354984 ], [ 773015.024411488440819, 6178926.502215309999883 ], [ 773014.520540462923236, 6178925.63843640871346 ], [ 773014.016669437289238, 6178924.774657507427037 ], [ 773013.512798411771655, 6178923.910878607071936 ], [ 773013.008927386254072, 6178923.047099705785513 ], [ 773012.505056360736489, 6178922.183320805430412 ], [ 773012.001185335218906, 6178921.319541904143989 ], [ 773011.497314309701324, 6178920.455763002857566 ], [ 773010.993443284183741, 6178919.591984102502465 ], [ 773010.489572258666158, 6178918.728205201216042 ], [ 773009.985701233148575, 6178917.864426300860941 ], [ 773009.481830207630992, 6178917.000647399574518 ], [ 773008.977959182113409, 6178916.136868499219418 ], [ 773008.474088156595826, 6178915.273089597932994 ], [ 773007.970217131078243, 6178914.409310696646571 ], [ 773007.46634610556066, 6178913.545531796291471 ], [ 773006.962475080043077, 6178912.681752895005047 ], [ 773006.458604054409079, 6178911.817973994649947 ], [ 773005.954733028891496, 6178910.954195093363523 ], [ 773005.450862003373913, 6178910.0904161920771 ], [ 773004.946990977856331, 6178909.226637291722 ], [ 773004.443119952338748, 6178908.362858390435576 ], [ 773003.939248926821165, 6178907.499079490080476 ], [ 773003.435377901303582, 6178906.635300588794053 ], [ 773002.931506875785999, 6178905.771521688438952 ], [ 773002.427635850268416, 6178904.907742787152529 ], [ 773001.923764824750833, 6178904.043963885866106 ], [ 773001.41989379923325, 6178903.180184985511005 ], [ 773000.916022773715667, 6178902.316406084224582 ], [ 773000.412151748198085, 6178901.452627183869481 ], [ 772999.908280722680502, 6178900.588848282583058 ], [ 772999.404409697162919, 6178899.725069381296635 ], [ 772998.900538671528921, 6178898.861290480941534 ], [ 772998.396667646011338, 6178897.997511579655111 ], [ 772997.892796620493755, 6178897.13373267930001 ], [ 772997.388925594976172, 6178896.269953778013587 ], [ 772996.885054569458589, 6178895.406174877658486 ], [ 772996.381183543941006, 6178894.542395976372063 ], [ 772995.877312518423423, 6178893.67861707508564 ], [ 772995.37344149290584, 6178892.814838174730539 ], [ 772994.869570467388257, 6178891.951059273444116 ], [ 772994.365699441870674, 6178891.087280373089015 ], [ 772993.861828416353092, 6178890.223501471802592 ], [ 772993.357957390835509, 6178889.359722570516169 ], [ 772992.854086365317926, 6178888.495943670161068 ], [ 772992.350215339800343, 6178887.632164768874645 ], [ 772991.846344314166345, 6178886.768385868519545 ], [ 772991.342473288648762, 6178885.904606967233121 ], [ 772990.838602263131179, 6178885.040828066878021 ], [ 772990.334731237613596, 6178884.177049165591598 ], [ 772989.830860212096013, 6178883.313270264305174 ], [ 772989.32698918657843, 6178882.449491363950074 ], [ 772988.823118161060847, 6178881.585712462663651 ], [ 772988.319247135543264, 6178880.72193356230855 ], [ 772987.815376110025682, 6178879.858154661022127 ], [ 772987.311505084508099, 6178878.994375759735703 ], [ 772986.807634058990516, 6178878.130596859380603 ], [ 772986.303763033472933, 6178877.26681795809418 ], [ 772985.79989200795535, 6178876.403039057739079 ], [ 772985.296020982437767, 6178875.539260156452656 ], [ 772984.792149956920184, 6178874.675481256097555 ], [ 772984.288278931286186, 6178873.811702354811132 ], [ 772983.784407905768603, 6178872.947923453524709 ], [ 772983.28053688025102, 6178872.084144553169608 ], [ 772982.776665854733437, 6178871.220365651883185 ], [ 772982.272794829215854, 6178870.356586751528084 ], [ 772981.768923803698272, 6178869.492807850241661 ], [ 772981.265052778180689, 6178868.629028948955238 ], [ 772980.761181752663106, 6178867.765250048600137 ], [ 772980.257310727145523, 6178866.901471147313714 ], [ 772979.75343970162794, 6178866.037692246958613 ], [ 772979.249568676110357, 6178865.17391334567219 ], [ 772978.745697650592774, 6178864.31013444531709 ], [ 772978.241826625075191, 6178863.446355544030666 ], [ 772977.737955599557608, 6178862.582576642744243 ], [ 772977.234084574040025, 6178861.718797742389143 ], [ 772976.730213548406027, 6178860.855018841102719 ], [ 772976.226342522888444, 6178859.991239940747619 ], [ 772975.722471497370861, 6178859.127461039461195 ], [ 772975.218600471853279, 6178858.263682138174772 ], [ 772974.714729446335696, 6178857.399903237819672 ], [ 772974.210858420818113, 6178856.536124336533248 ], [ 772973.70698739530053, 6178855.672345436178148 ], [ 772973.203116369782947, 6178854.808566534891725 ], [ 772972.699245344265364, 6178853.944787634536624 ], [ 772972.195374318747781, 6178853.081008733250201 ], [ 772971.691503293230198, 6178852.217229831963778 ], [ 772971.187632267712615, 6178851.353450931608677 ], [ 772970.683761242195033, 6178850.489672030322254 ], [ 772970.17989021667745, 6178849.625893129967153 ], [ 772969.676019191159867, 6178848.76211422868073 ], [ 772969.172148165525869, 6178847.898335327394307 ], [ 772968.668277140008286, 6178847.034556427039206 ], [ 772968.164406114490703, 6178846.170777525752783 ], [ 772967.66053508897312, 6178845.306998625397682 ], [ 772967.156664063455537, 6178844.443219724111259 ], [ 772966.652793037937954, 6178843.579440823756158 ], [ 772966.148922012420371, 6178842.715661922469735 ], [ 772965.645050986902788, 6178841.851883021183312 ], [ 772965.141179961385205, 6178840.988104120828211 ], [ 772964.637308935867622, 6178840.124325219541788 ], [ 772964.13343791035004, 6178839.260546319186687 ], [ 772963.629566884832457, 6178838.396767417900264 ], [ 772963.125695859314874, 6178837.532988517545164 ], [ 772962.621824833797291, 6178836.66920961625874 ], [ 772962.117953808279708, 6178835.805430714972317 ], [ 772961.61408278264571, 6178834.941651814617217 ], [ 772961.110211757128127, 6178834.077872913330793 ], [ 772960.606340731610544, 6178833.214094012975693 ], [ 772960.102469706092961, 6178832.35031511168927 ], [ 772959.598598680575378, 6178831.486536210402846 ], [ 772959.094727655057795, 6178830.622757310047746 ], [ 772958.590856629540212, 6178829.758978408761322 ], [ 772958.08698560402263, 6178828.895199508406222 ], [ 772957.583114578505047, 6178828.031420607119799 ], [ 772957.079243552987464, 6178827.167641706764698 ], [ 772956.575372527469881, 6178826.303862805478275 ], [ 772956.071501501952298, 6178825.440083904191852 ], [ 772955.567630476434715, 6178824.576305003836751 ], [ 772955.063759450917132, 6178823.712526102550328 ], [ 772954.559888425399549, 6178822.848747202195227 ], [ 772954.056017399765551, 6178821.984968300908804 ], [ 772953.552146374247968, 6178821.121189399622381 ], [ 772953.048275348730385, 6178820.25741049926728 ], [ 772952.544404323212802, 6178819.393631597980857 ], [ 772952.04053329769522, 6178818.529852697625756 ], [ 772951.536662272177637, 6178817.666073796339333 ], [ 772951.032791246660054, 6178816.802294895984232 ], [ 772950.528920221142471, 6178815.938515994697809 ], [ 772950.025049195624888, 6178815.074737093411386 ], [ 772949.521178170107305, 6178814.210958193056285 ], [ 772949.017307144589722, 6178813.347179291769862 ], [ 772948.513436119072139, 6178812.483400391414762 ], [ 772948.009565093554556, 6178811.619621490128338 ], [ 772947.505694068036973, 6178810.755842588841915 ], [ 772947.001823042519391, 6178809.892063688486814 ], [ 772946.497952016885392, 6178809.028284787200391 ], [ 772945.994080991367809, 6178808.164505886845291 ], [ 772945.490209965850227, 6178807.300726985558867 ], [ 772944.986338940332644, 6178806.436948085203767 ], [ 772944.482467914815061, 6178805.573169183917344 ], [ 772943.978596889297478, 6178804.70939028263092 ], [ 772943.474725863779895, 6178803.84561138227582 ], [ 772942.970854838262312, 6178802.981832480989397 ], [ 772942.466983812744729, 6178802.118053580634296 ], [ 772941.963112787227146, 6178801.254274679347873 ], [ 772941.706364701269194, 6178800.814135103486478 ], [ 772941.58721948065795, 6178799.82125826459378 ], [ 772941.468074260046706, 6178798.828381426632404 ], [ 772941.348929039435461, 6178797.835504587739706 ], [ 772941.229783818824217, 6178796.84262774977833 ], [ 772941.110638598212972, 6178795.849750910885632 ], [ 772940.991493377601728, 6178794.856874072924256 ], [ 772940.872348156990483, 6178793.863997234031558 ], [ 772940.753202936379239, 6178792.87112039513886 ], [ 772940.634057715651579, 6178791.878243557177484 ], [ 772940.514912495040335, 6178790.885366718284786 ], [ 772940.39576727442909, 6178789.89248988032341 ], [ 772940.276622053817846, 6178788.899613041430712 ], [ 772940.157476833206601, 6178787.906736203469336 ], [ 772940.038331612595357, 6178786.913859364576638 ], [ 772939.919186391984113, 6178785.920982526615262 ], [ 772939.800041171372868, 6178784.928105687722564 ], [ 772939.680895950761624, 6178783.935228848829865 ], [ 772939.561750730150379, 6178782.94235201086849 ], [ 772939.442605509539135, 6178781.949475171975791 ], [ 772939.32346028892789, 6178780.956598334014416 ], [ 772939.204315068316646, 6178779.963721495121717 ], [ 772939.085169847705401, 6178778.970844657160342 ], [ 772938.966024627094157, 6178777.977967818267643 ], [ 772938.846879406482913, 6178776.985090979374945 ], [ 772938.727734185755253, 6178775.992214141413569 ], [ 772938.608588965144008, 6178774.999337302520871 ], [ 772938.489443744532764, 6178774.006460464559495 ], [ 772938.37029852392152, 6178773.013583625666797 ], [ 772938.251153303310275, 6178772.020706787705421 ], [ 772938.132008082699031, 6178771.027829948812723 ], [ 772938.012862862087786, 6178770.034953110851347 ], [ 772937.893717641476542, 6178769.042076271958649 ], [ 772937.774572420865297, 6178768.049199433065951 ], [ 772937.655427200254053, 6178767.056322595104575 ], [ 772937.536281979642808, 6178766.063445756211877 ], [ 772937.417136759031564, 6178765.070568918250501 ], [ 772937.29799153842032, 6178764.077692079357803 ], [ 772937.178846317809075, 6178763.084815241396427 ], [ 772937.059701097197831, 6178762.091938402503729 ], [ 772936.940555876586586, 6178761.099061563611031 ], [ 772936.821410655975342, 6178760.106184725649655 ], [ 772936.702265435247682, 6178759.113307886756957 ], [ 772936.583120214636438, 6178758.120431048795581 ], [ 772936.463974994025193, 6178757.127554209902883 ], [ 772936.344829773413949, 6178756.134677371941507 ], [ 772936.225684552802704, 6178755.141800533048809 ], [ 772936.10653933219146, 6178754.14892369415611 ], [ 772935.987394111580215, 6178753.156046856194735 ], [ 772935.868248890968971, 6178752.163170017302036 ], [ 772935.749103670357727, 6178751.170293179340661 ], [ 772935.629958449746482, 6178750.177416340447962 ], [ 772935.510813229135238, 6178749.184539502486587 ], [ 772935.391668008523993, 6178748.191662663593888 ], [ 772935.272522787912749, 6178747.198785825632513 ], [ 772935.153377567301504, 6178746.205908986739814 ], [ 772935.03423234669026, 6178745.213032147847116 ], [ 772934.915087126079015, 6178744.22015530988574 ], [ 772934.795941905351356, 6178743.227278470993042 ], [ 772934.676796684740111, 6178742.234401633031666 ], [ 772934.557651464128867, 6178741.241524794138968 ], [ 772934.438506243517622, 6178740.248647956177592 ], [ 772934.319361022906378, 6178739.255771117284894 ], [ 772934.200215802295133, 6178738.262894278392196 ], [ 772934.081070581683889, 6178737.27001744043082 ], [ 772933.961925361072645, 6178736.277140601538122 ], [ 772933.8427801404614, 6178735.284263763576746 ], [ 772933.723634919850156, 6178734.291386924684048 ], [ 772933.604489699238911, 6178733.298510086722672 ], [ 772933.485344478627667, 6178732.305633247829974 ], [ 772933.366199258016422, 6178731.312756408937275 ], [ 772933.247054037405178, 6178730.3198795709759 ], [ 772933.127908816793934, 6178729.327002732083201 ], [ 772933.008763596182689, 6178728.334125894121826 ], [ 772932.889618375571445, 6178727.341249055229127 ], [ 772932.770473154843785, 6178726.348372217267752 ], [ 772932.65132793423254, 6178725.355495378375053 ], [ 772932.532182713621296, 6178724.362618540413678 ], [ 772932.413037493010052, 6178723.369741701520979 ], [ 772932.293892272398807, 6178722.376864862628281 ], [ 772932.174747051787563, 6178721.383988024666905 ], [ 772932.055601831176318, 6178720.391111185774207 ], [ 772931.936456610565074, 6178719.398234347812831 ], [ 772931.817311389953829, 6178718.405357508920133 ], [ 772931.698166169342585, 6178717.412480670958757 ], [ 772931.57902094873134, 6178716.419603832066059 ], [ 772931.459875728120096, 6178715.426726993173361 ], [ 772931.340730507508852, 6178714.433850155211985 ], [ 772931.221585286897607, 6178713.440973316319287 ], [ 772931.102440066286363, 6178712.448096478357911 ], [ 772930.983294845675118, 6178711.455219639465213 ], [ 772930.864149625063874, 6178710.462342801503837 ], [ 772930.745004404336214, 6178709.469465962611139 ], [ 772930.62585918372497, 6178708.476589124649763 ], [ 772930.506713963113725, 6178707.483712285757065 ], [ 772930.387568742502481, 6178706.490835446864367 ], [ 772930.268423521891236, 6178705.497958608902991 ], [ 772930.149278301279992, 6178704.505081770010293 ], [ 772930.030133080668747, 6178703.512204932048917 ], [ 772929.910987860057503, 6178702.519328093156219 ], [ 772929.791842639446259, 6178701.526451255194843 ], [ 772929.672697418835014, 6178700.533574416302145 ], [ 772929.55355219822377, 6178699.540697577409446 ], [ 772929.434406977612525, 6178698.547820739448071 ], [ 772929.315261757001281, 6178697.554943900555372 ], [ 772929.196116536390036, 6178696.562067062593997 ], [ 772929.076971315778792, 6178695.569190223701298 ], [ 772928.957826095167547, 6178694.576313385739923 ], [ 772928.838680874439888, 6178693.583436546847224 ], [ 772928.719535653828643, 6178692.590559707954526 ], [ 772928.600390433217399, 6178691.59768286999315 ], [ 772928.481245212606154, 6178690.604806031100452 ], [ 772928.36209999199491, 6178689.611929193139076 ], [ 772928.242954771383666, 6178688.619052354246378 ], [ 772928.123809550772421, 6178687.626175516285002 ], [ 772928.004664330161177, 6178686.633298677392304 ], [ 772927.885519109549932, 6178685.640421839430928 ], [ 772927.766373888938688, 6178684.64754500053823 ], [ 772927.647228668327443, 6178683.654668161645532 ], [ 772927.528083447716199, 6178682.661791323684156 ], [ 772927.408938227104954, 6178681.668914484791458 ], [ 772927.28979300649371, 6178680.676037646830082 ], [ 772927.170647785882466, 6178679.683160807937384 ], [ 772927.051502565271221, 6178678.690283969976008 ], [ 772926.932357344659977, 6178677.69740713108331 ], [ 772926.813212123932317, 6178676.704530292190611 ], [ 772926.694066903321072, 6178675.711653454229236 ], [ 772926.574921682709828, 6178674.718776615336537 ], [ 772926.455776462098584, 6178673.725899777375162 ], [ 772926.336631241487339, 6178672.733022938482463 ], [ 772926.217486020876095, 6178671.740146100521088 ], [ 772926.09834080026485, 6178670.747269261628389 ], [ 772925.979195579653606, 6178669.754392423667014 ], [ 772925.860050359042361, 6178668.761515584774315 ], [ 772925.740905138431117, 6178667.768638745881617 ], [ 772925.621759917819872, 6178666.775761907920241 ], [ 772925.502614697208628, 6178665.782885069027543 ], [ 772925.383469476597384, 6178664.790008231066167 ], [ 772925.264324255986139, 6178663.797131392173469 ], [ 772925.145179035374895, 6178662.804254554212093 ], [ 772925.02603381476365, 6178661.811377715319395 ], [ 772924.906888594035991, 6178660.818500876426697 ], [ 772924.787743373424746, 6178659.825624038465321 ], [ 772924.668598152813502, 6178658.832747199572623 ], [ 772924.549452932202257, 6178657.839870361611247 ], [ 772924.430307711591013, 6178656.846993522718549 ], [ 772924.311162490979768, 6178655.854116684757173 ], [ 772924.192017270368524, 6178654.861239845864475 ], [ 772924.072872049757279, 6178653.868363006971776 ], [ 772923.953726829146035, 6178652.875486169010401 ], [ 772923.834581608534791, 6178651.882609330117702 ], [ 772923.715436387923546, 6178650.889732492156327 ], [ 772923.596291167312302, 6178649.896855653263628 ], [ 772923.477145946701057, 6178648.903978815302253 ], [ 772923.358000726089813, 6178647.911101976409554 ], [ 772923.238855505478568, 6178646.918225138448179 ], [ 772923.119710284867324, 6178645.92534829955548 ], [ 772923.000565064256079, 6178644.932471460662782 ], [ 772922.88141984352842, 6178643.939594622701406 ], [ 772922.762274622917175, 6178642.946717783808708 ], [ 772922.643129402305931, 6178641.953840945847332 ], [ 772922.523984181694686, 6178640.960964106954634 ], [ 772922.404838961083442, 6178639.968087268993258 ], [ 772922.285693740472198, 6178638.97521043010056 ], [ 772922.166548519860953, 6178637.982333591207862 ], [ 772922.047403299249709, 6178636.989456753246486 ], [ 772921.928258078638464, 6178635.996579914353788 ], [ 772921.80911285802722, 6178635.003703076392412 ], [ 772921.689967637415975, 6178634.010826237499714 ], [ 772921.570822416804731, 6178633.017949399538338 ], [ 772921.451677196193486, 6178632.02507256064564 ], [ 772921.332531975582242, 6178631.032195722684264 ], [ 772921.213386754970998, 6178630.039318883791566 ], [ 772921.094241534359753, 6178629.046442044898868 ], [ 772920.975096313632093, 6178628.053565206937492 ], [ 772920.855951093020849, 6178627.060688368044794 ], [ 772920.736805872409604, 6178626.067811530083418 ], [ 772920.61766065179836, 6178625.07493469119072 ], [ 772920.498515431187116, 6178624.082057853229344 ], [ 772920.379370210575871, 6178623.089181014336646 ], [ 772920.260224989964627, 6178622.096304175443947 ], [ 772920.141079769353382, 6178621.103427337482572 ], [ 772920.021934548742138, 6178620.110550498589873 ], [ 772919.902789328130893, 6178619.117673660628498 ], [ 772919.783644107519649, 6178618.124796821735799 ], [ 772919.664498886908405, 6178617.131919983774424 ], [ 772919.54535366629716, 6178616.139043144881725 ], [ 772919.426208445685916, 6178615.146166305989027 ], [ 772919.307063225074671, 6178614.153289468027651 ], [ 772919.187918004463427, 6178613.160412629134953 ], [ 772919.068772783852182, 6178612.167535791173577 ], [ 772918.949627563124523, 6178611.174658952280879 ], [ 772918.830482342513278, 6178610.181782114319503 ], [ 772918.711337121902034, 6178609.188905275426805 ], [ 772918.592191901290789, 6178608.196028437465429 ], [ 772918.473046680679545, 6178607.203151598572731 ], [ 772918.3539014600683, 6178606.210274759680033 ], [ 772918.234756239457056, 6178605.217397921718657 ], [ 772918.115611018845811, 6178604.224521082825959 ], [ 772917.996465798234567, 6178603.231644244864583 ], [ 772917.877320577623323, 6178602.238767405971885 ], [ 772917.758175357012078, 6178601.245890568010509 ], [ 772917.639030136400834, 6178600.253013729117811 ], [ 772917.519884915789589, 6178599.260136890225112 ], [ 772917.400739695178345, 6178598.267260052263737 ], [ 772917.2815944745671, 6178597.274383213371038 ], [ 772917.162449253955856, 6178596.281506375409663 ], [ 772917.043304033228196, 6178595.288629536516964 ], [ 772916.924158812616952, 6178594.295752698555589 ], [ 772916.805013592005707, 6178593.30287585966289 ], [ 772916.685868371394463, 6178592.309999020770192 ], [ 772916.566723150783218, 6178591.317122182808816 ], [ 772916.447577930171974, 6178590.324245343916118 ], [ 772916.32843270956073, 6178589.331368505954742 ], [ 772916.209287488949485, 6178588.338491667062044 ], [ 772916.090142268338241, 6178587.345614829100668 ], [ 772915.970997047726996, 6178586.35273799020797 ], [ 772915.851851827115752, 6178585.359861152246594 ], [ 772915.732706606504507, 6178584.366984313353896 ], [ 772915.613561385893263, 6178583.374107474461198 ], [ 772915.494416165282018, 6178582.381230636499822 ], [ 772915.375270944670774, 6178581.388353797607124 ], [ 772915.25612572405953, 6178580.395476959645748 ], [ 772915.136980503448285, 6178579.40260012075305 ], [ 772915.017835282720625, 6178578.409723282791674 ], [ 772914.898690062109381, 6178577.416846443898976 ], [ 772914.779544841498137, 6178576.423969605006278 ], [ 772914.660399620886892, 6178575.431092767044902 ], [ 772914.541254400275648, 6178574.438215928152204 ], [ 772914.422109179664403, 6178573.445339090190828 ], [ 772914.302963959053159, 6178572.45246225129813 ], [ 772914.183818738441914, 6178571.459585413336754 ], [ 772914.06467351783067, 6178570.466708574444056 ], [ 772913.945528297219425, 6178569.47383173648268 ], [ 772913.826383076608181, 6178568.480954897589982 ], [ 772913.707237855996937, 6178567.488078058697283 ], [ 772913.588092635385692, 6178566.495201220735908 ], [ 772913.468947414774448, 6178565.502324381843209 ], [ 772913.349802194163203, 6178564.509447543881834 ], [ 772913.230656973551959, 6178563.516570704989135 ], [ 772913.111511752824299, 6178562.52369386702776 ], [ 772912.992366532213055, 6178561.530817028135061 ], [ 772912.87322131160181, 6178560.537940189242363 ], [ 772912.754076090990566, 6178559.545063351280987 ], [ 772912.634930870379321, 6178558.552186512388289 ], [ 772912.515785649768077, 6178557.559309674426913 ], [ 772912.396640429156832, 6178556.566432835534215 ], [ 772912.277495208545588, 6178555.573555997572839 ], [ 772912.158349987934344, 6178554.580679158680141 ], [ 772912.039204767323099, 6178553.587802319787443 ], [ 772911.920059546711855, 6178552.594925481826067 ], [ 772911.80091432610061, 6178551.602048642933369 ], [ 772911.681769105489366, 6178550.609171804971993 ], [ 772911.562623884878121, 6178549.616294966079295 ], [ 772911.443478664266877, 6178548.623418128117919 ], [ 772911.324333443655632, 6178547.630541289225221 ], [ 772911.205188223044388, 6178546.637664451263845 ], [ 772911.086043002316728, 6178545.644787612371147 ], [ 772910.966897781705484, 6178544.651910773478448 ], [ 772910.847752561094239, 6178543.659033935517073 ], [ 772910.728607340482995, 6178542.666157096624374 ], [ 772910.60946211987175, 6178541.673280258662999 ], [ 772910.490316899260506, 6178540.6804034197703 ], [ 772910.371171678649262, 6178539.687526581808925 ], [ 772910.252026458038017, 6178538.694649742916226 ], [ 772910.132881237426773, 6178537.701772904023528 ], [ 772910.013736016815528, 6178536.708896066062152 ], [ 772909.894590796204284, 6178535.716019227169454 ], [ 772909.775445575593039, 6178534.723142389208078 ], [ 772909.656300354981795, 6178533.73026555031538 ], [ 772909.537155134370551, 6178532.737388712354004 ], [ 772909.418009913759306, 6178531.744511873461306 ], [ 772909.298864693148062, 6178530.75163503549993 ], [ 772909.179719472536817, 6178529.758758196607232 ], [ 772909.060574251809157, 6178528.765881357714534 ], [ 772908.988676298293285, 6178528.166731745004654 ], [ 772908.776246653986163, 6178527.189555381424725 ], [ 772908.563817009679042, 6178526.212379016913474 ], [ 772908.351387365255505, 6178525.235202653333545 ], [ 772908.138957720948383, 6178524.258026289753616 ], [ 772907.926528076641262, 6178523.280849925242364 ], [ 772907.71409843233414, 6178522.303673561662436 ], [ 772907.501668788027018, 6178521.326497197151184 ], [ 772907.289239143603481, 6178520.349320833571255 ], [ 772907.07680949929636, 6178519.372144469991326 ], [ 772906.864379854989238, 6178518.394968105480075 ], [ 772906.651950210682116, 6178517.417791741900146 ], [ 772906.439520566374995, 6178516.440615378320217 ], [ 772906.227090921951458, 6178515.463439013808966 ], [ 772906.014661277644336, 6178514.486262650229037 ], [ 772905.802231633337215, 6178513.509086285717785 ], [ 772905.589801989030093, 6178512.531909922137856 ], [ 772905.377372344606556, 6178511.554733558557928 ], [ 772905.164942700299434, 6178510.577557194046676 ], [ 772904.952513055992313, 6178509.600380830466747 ], [ 772904.740083411685191, 6178508.623204466886818 ], [ 772904.527653767378069, 6178507.646028102375567 ], [ 772904.315224122954533, 6178506.668851738795638 ], [ 772904.102794478647411, 6178505.691675375215709 ], [ 772903.890364834340289, 6178504.714499010704458 ], [ 772903.677935190033168, 6178503.737322647124529 ], [ 772903.465505545726046, 6178502.760146282613277 ], [ 772903.253075901302509, 6178501.782969919033349 ], [ 772903.040646256995387, 6178500.80579355545342 ], [ 772902.828216612688266, 6178499.828617190942168 ], [ 772902.615786968381144, 6178498.851440827362239 ], [ 772902.403357324074022, 6178497.87426446378231 ], [ 772902.190927679650486, 6178496.897088099271059 ], [ 772901.978498035343364, 6178495.91991173569113 ], [ 772901.766068391036242, 6178494.942735371179879 ], [ 772901.553638746729121, 6178493.96555900759995 ], [ 772901.341209102421999, 6178492.988382644020021 ], [ 772901.128779457998462, 6178492.01120627950877 ], [ 772900.91634981369134, 6178491.034029915928841 ], [ 772900.703920169384219, 6178490.056853552348912 ], [ 772900.491490525077097, 6178489.07967718783766 ], [ 772900.27906088065356, 6178488.102500824257731 ], [ 772900.066631236346439, 6178487.125324460677803 ], [ 772899.854201592039317, 6178486.148148096166551 ], [ 772899.641771947732195, 6178485.170971732586622 ], [ 772899.429342303425074, 6178484.193795368075371 ], [ 772899.216912659001537, 6178483.216619004495442 ], [ 772899.004483014694415, 6178482.239442640915513 ], [ 772898.792053370387293, 6178481.262266276404262 ], [ 772898.579623726080172, 6178480.285089912824333 ], [ 772898.36719408177305, 6178479.307913549244404 ], [ 772898.154764437349513, 6178478.330737184733152 ], [ 772897.942334793042392, 6178477.353560821153224 ], [ 772897.72990514873527, 6178476.376384456641972 ], [ 772897.517475504428148, 6178475.399208093062043 ], [ 772897.305045860121027, 6178474.422031729482114 ], [ 772897.09261621569749, 6178473.444855364970863 ], [ 772896.880186571390368, 6178472.467679001390934 ], [ 772896.667756927083246, 6178471.490502637811005 ], [ 772896.455327282776125, 6178470.513326273299754 ], [ 772896.242897638469003, 6178469.536149909719825 ], [ 772896.030467994045466, 6178468.558973546139896 ], [ 772895.818038349738345, 6178467.581797181628644 ], [ 772895.605608705431223, 6178466.604620818048716 ], [ 772895.393179061124101, 6178465.627444453537464 ], [ 772895.180749416700564, 6178464.650268089957535 ], [ 772894.968319772393443, 6178463.673091726377606 ], [ 772894.755890128086321, 6178462.695915361866355 ], [ 772894.543460483779199, 6178461.718738998286426 ], [ 772894.331030839472078, 6178460.741562634706497 ], [ 772894.118601195048541, 6178459.764386270195246 ], [ 772893.906171550741419, 6178458.787209906615317 ], [ 772893.693741906434298, 6178457.810033542104065 ], [ 772893.481312262127176, 6178456.832857178524137 ], [ 772893.268882617820054, 6178455.855680814944208 ], [ 772893.056452973396517, 6178454.878504450432956 ], [ 772892.844023329089396, 6178453.901328086853027 ], [ 772892.631593684782274, 6178452.924151723273098 ], [ 772892.419164040475152, 6178451.946975358761847 ], [ 772892.206734396168031, 6178450.969798995181918 ], [ 772891.994304751744494, 6178449.992622631601989 ], [ 772891.781875107437372, 6178449.015446267090738 ], [ 772891.569445463130251, 6178448.038269903510809 ], [ 772891.357015818823129, 6178447.061093538999557 ], [ 772891.144586174516007, 6178446.083917175419629 ], [ 772890.93215653009247, 6178445.1067408118397 ], [ 772890.719726885785349, 6178444.129564447328448 ], [ 772890.507297241478227, 6178443.152388083748519 ], [ 772890.294867597171105, 6178442.175211720168591 ], [ 772890.082437952747568, 6178441.198035355657339 ], [ 772889.870008308440447, 6178440.22085899207741 ], [ 772889.657578664133325, 6178439.243682628497481 ], [ 772889.445149019826204, 6178438.26650626398623 ], [ 772889.232719375519082, 6178437.289329900406301 ], [ 772889.020289731095545, 6178436.31215353589505 ], [ 772888.807860086788423, 6178435.334977172315121 ], [ 772888.595430442481302, 6178434.357800808735192 ], [ 772888.38300079817418, 6178433.38062444422394 ], [ 772888.170571153867058, 6178432.403448080644011 ], [ 772887.958141509443521, 6178431.426271717064083 ], [ 772887.7457118651364, 6178430.449095352552831 ], [ 772887.533282220829278, 6178429.471918988972902 ], [ 772887.320852576522157, 6178428.494742624461651 ], [ 772887.108422932215035, 6178427.517566260881722 ], [ 772886.895993287791498, 6178426.540389897301793 ], [ 772886.683563643484376, 6178425.563213532790542 ], [ 772886.471133999177255, 6178424.586037169210613 ], [ 772886.258704354870133, 6178423.608860805630684 ], [ 772886.046274710563011, 6178422.631684441119432 ], [ 772885.833845066139475, 6178421.654508077539504 ], [ 772885.621415421832353, 6178420.677331713959575 ], [ 772885.408985777525231, 6178419.700155349448323 ], [ 772885.19655613321811, 6178418.722978985868394 ], [ 772884.984126488910988, 6178417.745802621357143 ], [ 772884.771696844487451, 6178416.768626257777214 ], [ 772884.559267200180329, 6178415.791449894197285 ], [ 772884.346837555873208, 6178414.814273529686034 ], [ 772884.134407911566086, 6178413.837097166106105 ], [ 772883.921978267142549, 6178412.859920802526176 ], [ 772883.709548622835428, 6178411.882744438014925 ], [ 772883.497118978528306, 6178410.905568074434996 ], [ 772883.284689334221184, 6178409.928391709923744 ], [ 772883.072259689914063, 6178408.951215346343815 ], [ 772882.859830045490526, 6178407.974038982763886 ], [ 772882.647400401183404, 6178406.996862618252635 ], [ 772882.434970756876282, 6178406.019686254672706 ], [ 772882.222541112569161, 6178405.042509891092777 ], [ 772882.010111468262039, 6178404.065333526581526 ], [ 772881.797681823838502, 6178403.088157163001597 ], [ 772881.585252179531381, 6178402.110980799421668 ], [ 772881.372822535224259, 6178401.133804434910417 ], [ 772881.160392890917137, 6178400.156628071330488 ], [ 772880.947963246610016, 6178399.179451706819236 ], [ 772880.735533602186479, 6178398.202275343239307 ], [ 772880.523103957879357, 6178397.225098979659379 ], [ 772880.310674313572235, 6178396.247922615148127 ], [ 772880.098244669265114, 6178395.270746251568198 ], [ 772879.885815024957992, 6178394.293569887988269 ], [ 772879.673385380534455, 6178393.316393523477018 ], [ 772879.460955736227334, 6178392.339217159897089 ], [ 772879.248526091920212, 6178391.362040795385838 ], [ 772879.03609644761309, 6178390.384864431805909 ], [ 772878.823666803189553, 6178389.40768806822598 ], [ 772878.611237158882432, 6178388.430511703714728 ], [ 772878.39880751457531, 6178387.453335340134799 ], [ 772878.186377870268188, 6178386.476158976554871 ], [ 772877.973948225961067, 6178385.498982612043619 ], [ 772877.76151858153753, 6178384.52180624846369 ], [ 772877.549088937230408, 6178383.544629884883761 ], [ 772877.336659292923287, 6178382.56745352037251 ], [ 772877.124229648616165, 6178381.590277156792581 ], [ 772876.911800004309043, 6178380.61310079228133 ], [ 772876.699370359885506, 6178379.635924428701401 ], [ 772876.486940715578385, 6178378.658748065121472 ], [ 772876.274511071271263, 6178377.68157170061022 ], [ 772876.062081426964141, 6178376.704395337030292 ], [ 772875.84965178265702, 6178375.727218973450363 ], [ 772875.637222138233483, 6178374.750042608939111 ], [ 772875.424792493926361, 6178373.772866245359182 ], [ 772875.21236284961924, 6178372.795689880847931 ], [ 772874.999933205312118, 6178371.818513517268002 ], [ 772874.787503561004996, 6178370.841337153688073 ], [ 772874.575073916581459, 6178369.864160789176822 ], [ 772874.362644272274338, 6178368.886984425596893 ], [ 772874.150214627967216, 6178367.909808062016964 ], [ 772873.937784983660094, 6178366.932631697505713 ], [ 772873.725355339236557, 6178365.955455333925784 ], [ 772873.512925694929436, 6178364.978278970345855 ], [ 772873.300496050622314, 6178364.001102605834603 ], [ 772873.088066406315193, 6178363.023926242254674 ], [ 772872.875636762008071, 6178362.046749877743423 ], [ 772872.663207117584534, 6178361.069573514163494 ], [ 772872.450777473277412, 6178360.092397150583565 ], [ 772872.238347828970291, 6178359.115220786072314 ], [ 772872.025918184663169, 6178358.138044422492385 ], [ 772871.813488540356047, 6178357.160868058912456 ], [ 772871.60105889593251, 6178356.183691694401205 ], [ 772871.388629251625389, 6178355.206515330821276 ], [ 772871.176199607318267, 6178354.229338966310024 ], [ 772870.963769963011146, 6178353.252162602730095 ], [ 772870.751340318704024, 6178352.274986239150167 ], [ 772870.538910674280487, 6178351.297809874638915 ], [ 772870.326481029973365, 6178350.320633511058986 ], [ 772870.114051385666244, 6178349.343457147479057 ], [ 772869.901621741359122, 6178348.366280782967806 ], [ 772869.689192097052, 6178347.389104419387877 ], [ 772869.476762452628464, 6178346.411928055807948 ], [ 772869.264332808321342, 6178345.434751691296697 ], [ 772869.05190316401422, 6178344.457575327716768 ], [ 772868.839473519707099, 6178343.480398963205516 ], [ 772868.627043875283562, 6178342.503222599625587 ], [ 772868.41461423097644, 6178341.526046236045659 ], [ 772868.202184586669318, 6178340.548869871534407 ], [ 772867.989754942362197, 6178339.571693507954478 ], [ 772867.777325298055075, 6178338.594517144374549 ], [ 772867.564895653631538, 6178337.617340779863298 ], [ 772867.352466009324417, 6178336.640164416283369 ], [ 772867.140036365017295, 6178335.662988051772118 ], [ 772866.927606720710173, 6178334.685811688192189 ], [ 772866.715177076403052, 6178333.70863532461226 ], [ 772866.502747431979515, 6178332.731458960101008 ], [ 772866.290317787672393, 6178331.75428259652108 ], [ 772866.077888143365271, 6178330.777106232941151 ], [ 772865.86545849905815, 6178329.799929868429899 ], [ 772865.653028854751028, 6178328.82275350484997 ], [ 772865.440599210327491, 6178327.845577141270041 ], [ 772865.22816956602037, 6178326.86840077675879 ], [ 772865.015739921713248, 6178325.891224413178861 ], [ 772864.803310277406126, 6178324.91404804866761 ], [ 772864.590880633099005, 6178323.936871685087681 ], [ 772864.378450988675468, 6178322.959695321507752 ], [ 772864.166021344368346, 6178321.9825189569965 ], [ 772863.953591700061224, 6178321.005342593416572 ], [ 772863.741162055754103, 6178320.028166229836643 ], [ 772863.528732411446981, 6178319.050989865325391 ], [ 772863.316302767023444, 6178318.073813501745462 ], [ 772863.103873122716323, 6178317.096637137234211 ], [ 772862.891443478409201, 6178316.119460773654282 ], [ 772862.679013834102079, 6178315.142284410074353 ], [ 772862.466584189678542, 6178314.165108045563102 ], [ 772862.254154545371421, 6178313.187931681983173 ], [ 772862.041724901064299, 6178312.210755318403244 ], [ 772861.829295256757177, 6178311.233578953891993 ], [ 772861.616865612450056, 6178310.256402590312064 ], [ 772861.404435968026519, 6178309.279226226732135 ], [ 772861.192006323719397, 6178308.302049862220883 ], [ 772860.979576679412276, 6178307.324873498640954 ], [ 772860.767147035105154, 6178306.347697134129703 ], [ 772860.554717390798032, 6178305.370520770549774 ], [ 772860.342287746374495, 6178304.393344406969845 ], [ 772860.129858102067374, 6178303.416168042458594 ], [ 772859.917428457760252, 6178302.438991678878665 ], [ 772859.70499881345313, 6178301.461815315298736 ], [ 772859.492569169146009, 6178300.484638950787485 ], [ 772859.280139524722472, 6178299.507462587207556 ], [ 772859.06770988041535, 6178298.530286222696304 ], [ 772858.855280236108229, 6178297.553109859116375 ], [ 772858.642850591801107, 6178296.575933495536447 ], [ 772858.430420947493985, 6178295.598757131025195 ], [ 772858.217991303070448, 6178294.621580767445266 ], [ 772858.005561658763327, 6178293.644404403865337 ], [ 772857.793132014456205, 6178292.667228039354086 ], [ 772857.580702370149083, 6178291.690051675774157 ], [ 772857.368272725725546, 6178290.712875312194228 ], [ 772857.155843081418425, 6178289.735698947682977 ], [ 772856.943413437111303, 6178288.758522584103048 ], [ 772856.730983792804182, 6178287.781346219591796 ], [ 772856.51855414849706, 6178286.804169856011868 ], [ 772856.306124504073523, 6178285.826993492431939 ], [ 772856.093694859766401, 6178284.849817127920687 ], [ 772855.88126521545928, 6178283.872640764340758 ], [ 772855.668835571152158, 6178282.895464400760829 ], [ 772855.456405926845036, 6178281.918288036249578 ], [ 772855.243976282421499, 6178280.941111672669649 ], [ 772855.031546638114378, 6178279.96393530908972 ], [ 772854.819116993807256, 6178278.986758944578469 ], [ 772854.606687349500135, 6178278.00958258099854 ], [ 772854.459195626666769, 6178277.331120655871928 ], [ 772854.36865988059435, 6178276.335227449424565 ], [ 772854.278124134638347, 6178275.339334242977202 ], [ 772854.187588388565928, 6178274.343441036529839 ], [ 772854.097052642493509, 6178273.347547830082476 ], [ 772854.00651689642109, 6178272.351654623635113 ], [ 772853.915981150465086, 6178271.35576141718775 ], [ 772853.825445404392667, 6178270.359868210740387 ], [ 772853.734909658320248, 6178269.363975004293025 ], [ 772853.644373912247829, 6178268.368081797845662 ], [ 772853.553838166291825, 6178267.372188591398299 ], [ 772853.463302420219406, 6178266.376295384950936 ], [ 772853.372766674146987, 6178265.380402178503573 ], [ 772853.282230928074569, 6178264.38450897205621 ], [ 772853.191695182118565, 6178263.388615765608847 ], [ 772853.101159436046146, 6178262.392722559161484 ], [ 772853.010623689973727, 6178261.396829352714121 ], [ 772852.920087943901308, 6178260.400936146266758 ], [ 772852.829552197945304, 6178259.405042939819396 ], [ 772852.739016451872885, 6178258.409149733372033 ], [ 772852.648480705800466, 6178257.41325652692467 ], [ 772852.557944959728047, 6178256.417363320477307 ], [ 772852.467409213772044, 6178255.421470114029944 ], [ 772852.376873467699625, 6178254.425576906651258 ], [ 772852.286337721627206, 6178253.429683700203896 ], [ 772852.195801975554787, 6178252.433790493756533 ], [ 772852.105266229598783, 6178251.43789728730917 ], [ 772852.014730483526364, 6178250.442004080861807 ], [ 772851.924194737453945, 6178249.446110874414444 ], [ 772851.833658991381526, 6178248.450217667967081 ], [ 772851.743123245425522, 6178247.454324461519718 ], [ 772851.652587499353103, 6178246.458431255072355 ], [ 772851.562051753280684, 6178245.462538048624992 ], [ 772851.471516007324681, 6178244.466644842177629 ], [ 772851.380980261252262, 6178243.470751635730267 ], [ 772851.290444515179843, 6178242.474858429282904 ], [ 772851.199908769107424, 6178241.478965222835541 ], [ 772851.10937302315142, 6178240.483072016388178 ], [ 772851.018837277079001, 6178239.487178809940815 ], [ 772850.928301531006582, 6178238.491285603493452 ], [ 772850.837765784934163, 6178237.495392397046089 ], [ 772850.747230038978159, 6178236.499499190598726 ], [ 772850.65669429290574, 6178235.503605984151363 ], [ 772850.566158546833321, 6178234.507712777704 ], [ 772850.475622800760902, 6178233.511819571256638 ], [ 772850.385087054804899, 6178232.515926364809275 ], [ 772850.29455130873248, 6178231.520033158361912 ], [ 772850.204015562660061, 6178230.524139951914549 ], [ 772850.113479816587642, 6178229.528246745467186 ], [ 772850.022944070631638, 6178228.532353539019823 ], [ 772849.932408324559219, 6178227.53646033257246 ], [ 772849.8418725784868, 6178226.540567126125097 ], [ 772849.751336832414381, 6178225.544673919677734 ], [ 772849.660801086458378, 6178224.548780713230371 ], [ 772849.570265340385959, 6178223.552887506783009 ], [ 772849.47972959431354, 6178222.556994300335646 ], [ 772849.389193848241121, 6178221.561101093888283 ], [ 772849.298658102285117, 6178220.56520788744092 ], [ 772849.208122356212698, 6178219.569314680993557 ], [ 772849.117586610140279, 6178218.573421474546194 ], [ 772849.02705086406786, 6178217.577528268098831 ], [ 772848.936515118111856, 6178216.581635061651468 ], [ 772848.845979372039437, 6178215.585741855204105 ], [ 772848.755443625967018, 6178214.589848648756742 ], [ 772848.664907879894599, 6178213.59395544230938 ], [ 772848.574372133938596, 6178212.598062235862017 ], [ 772848.483836387866177, 6178211.602169029414654 ], [ 772848.393300641793758, 6178210.606275822967291 ], [ 772848.302764895837754, 6178209.610382616519928 ], [ 772848.212229149765335, 6178208.614489409141243 ], [ 772848.121693403692916, 6178207.61859620269388 ], [ 772848.031157657620497, 6178206.622702996246517 ], [ 772847.940621911664493, 6178205.626809789799154 ], [ 772847.850086165592074, 6178204.630916583351791 ], [ 772847.759550419519655, 6178203.635023376904428 ], [ 772847.669014673447236, 6178202.639130170457065 ], [ 772847.578478927491233, 6178201.643236964009702 ], [ 772847.487943181418814, 6178200.647343757562339 ], [ 772847.397407435346395, 6178199.651450551114976 ], [ 772847.306871689273976, 6178198.655557344667614 ], [ 772847.216335943317972, 6178197.659664138220251 ], [ 772847.125800197245553, 6178196.663770931772888 ], [ 772847.035264451173134, 6178195.667877725325525 ], [ 772846.944728705100715, 6178194.671984518878162 ], [ 772846.854192959144711, 6178193.676091312430799 ], [ 772846.763657213072293, 6178192.680198105983436 ], [ 772846.673121466999874, 6178191.684304899536073 ], [ 772846.582585720927455, 6178190.68841169308871 ], [ 772846.492049974971451, 6178189.692518486641347 ], [ 772846.401514228899032, 6178188.696625280193985 ], [ 772846.310978482826613, 6178187.700732073746622 ], [ 772846.220442736754194, 6178186.704838867299259 ], [ 772846.12990699079819, 6178185.708945660851896 ], [ 772846.039371244725771, 6178184.713052454404533 ], [ 772845.948835498653352, 6178183.71715924795717 ], [ 772845.858299752580933, 6178182.721266041509807 ], [ 772845.76776400662493, 6178181.725372835062444 ], [ 772845.677228260552511, 6178180.729479628615081 ], [ 772845.586692514480092, 6178179.733586422167718 ], [ 772845.496156768524088, 6178178.737693215720356 ], [ 772845.405621022451669, 6178177.741800009272993 ], [ 772845.31508527637925, 6178176.74590680282563 ], [ 772845.224549530306831, 6178175.750013596378267 ], [ 772845.134013784350827, 6178174.754120389930904 ], [ 772845.043478038278408, 6178173.758227183483541 ], [ 772844.952942292205989, 6178172.762333977036178 ], [ 772844.86240654613357, 6178171.766440770588815 ], [ 772844.771870800177567, 6178170.770547564141452 ], [ 772844.681335054105148, 6178169.774654357694089 ], [ 772844.590799308032729, 6178168.778761151246727 ], [ 772844.50026356196031, 6178167.782867944799364 ], [ 772844.409727816004306, 6178166.786974738352001 ], [ 772844.319192069931887, 6178165.791081531904638 ], [ 772844.228656323859468, 6178164.795188325457275 ], [ 772844.138120577787049, 6178163.799295119009912 ], [ 772844.047584831831045, 6178162.803401911631227 ], [ 772843.957049085758626, 6178161.807508705183864 ], [ 772843.866513339686207, 6178160.811615498736501 ], [ 772843.775977593613788, 6178159.815722292289138 ], [ 772843.685441847657785, 6178158.819829085841775 ], [ 772843.594906101585366, 6178157.823935879394412 ], [ 772843.553299492341466, 6178157.366263178177178 ], [ 772843.889635889325291, 6178156.42452126648277 ], [ 772844.225972286309116, 6178155.482779354788363 ], [ 772844.56230868329294, 6178154.541037443093956 ], [ 772844.89864508039318, 6178153.599295531399548 ], [ 772845.234981477377005, 6178152.657553620636463 ], [ 772845.57131787436083, 6178151.715811708942056 ], [ 772845.907654271344654, 6178150.774069797247648 ], [ 772846.243990668328479, 6178149.832327885553241 ], [ 772846.580327065312304, 6178148.890585973858833 ], [ 772846.916663462296128, 6178147.948844062164426 ], [ 772847.252999859279953, 6178147.007102150470018 ], [ 772847.589336256380193, 6178146.065360238775611 ], [ 772847.925672653364018, 6178145.123618327081203 ], [ 772848.262009050347842, 6178144.181876416318119 ], [ 772848.598345447331667, 6178143.240134504623711 ], [ 772848.934681844315492, 6178142.298392592929304 ], [ 772849.271018241299316, 6178141.356650681234896 ], [ 772849.607354638283141, 6178140.414908769540489 ], [ 772849.943691035383381, 6178139.473166857846081 ], [ 772850.280027432367206, 6178138.531424946151674 ], [ 772850.61636382935103, 6178137.589683034457266 ], [ 772850.952700226334855, 6178136.647941122762859 ], [ 772851.28903662331868, 6178135.706199211068451 ], [ 772851.625373020302504, 6178134.764457300305367 ], [ 772851.961709417286329, 6178133.822715388610959 ], [ 772852.298045814386569, 6178132.880973476916552 ], [ 772852.634382211370394, 6178131.939231565222144 ], [ 772852.970718608354218, 6178130.997489653527737 ], [ 772853.307055005338043, 6178130.055747741833329 ], [ 772853.643391402321868, 6178129.114005830138922 ], [ 772853.979727799305692, 6178128.172263918444514 ], [ 772854.316064196289517, 6178127.230522006750107 ], [ 772854.652400593273342, 6178126.288780095987022 ], [ 772854.988736990373582, 6178125.347038184292614 ], [ 772855.325073387357406, 6178124.405296272598207 ], [ 772855.661409784341231, 6178123.4635543609038 ], [ 772855.997746181325056, 6178122.521812449209392 ], [ 772856.33408257830888, 6178121.580070537514985 ], [ 772856.670418975292705, 6178120.638328625820577 ], [ 772857.00675537227653, 6178119.69658671412617 ], [ 772857.34309176937677, 6178118.754844802431762 ], [ 772857.679428166360594, 6178117.813102891668677 ], [ 772858.015764563344419, 6178116.87136097997427 ], [ 772858.352100960328244, 6178115.929619068279862 ], [ 772858.688437357312068, 6178114.987877156585455 ], [ 772859.024773754295893, 6178114.046135244891047 ], [ 772859.361110151279718, 6178113.10439333319664 ], [ 772859.697446548263542, 6178112.162651421502233 ], [ 772860.033782945363782, 6178111.220909509807825 ], [ 772860.370119342347607, 6178110.279167598113418 ], [ 772860.706455739331432, 6178109.33742568641901 ], [ 772861.042792136315256, 6178108.395683775655925 ], [ 772861.379128533299081, 6178107.453941863961518 ], [ 772861.715464930282906, 6178106.51219995226711 ], [ 772862.05180132726673, 6178105.570458040572703 ], [ 772862.38813772436697, 6178104.628716128878295 ], [ 772862.724474121350795, 6178103.686974217183888 ], [ 772863.06081051833462, 6178102.74523230548948 ], [ 772863.397146915318444, 6178101.803490393795073 ], [ 772863.733483312302269, 6178100.861748482100666 ], [ 772864.069819709286094, 6178099.920006571337581 ], [ 772864.406156106269918, 6178098.978264659643173 ], [ 772864.742492503253743, 6178098.036522747948766 ], [ 772865.078828900353983, 6178097.094780836254358 ], [ 772865.415165297337808, 6178096.153038924559951 ], [ 772865.751501694321632, 6178095.211297012865543 ], [ 772866.087838091305457, 6178094.269555101171136 ], [ 772866.424174488289282, 6178093.327813189476728 ], [ 772866.760510885273106, 6178092.386071277782321 ], [ 772867.096847282256931, 6178091.444329367019236 ], [ 772867.433183679357171, 6178090.502587455324829 ], [ 772867.769520076340996, 6178089.560845543630421 ], [ 772868.10585647332482, 6178088.619103631936014 ], [ 772868.442192870308645, 6178087.677361720241606 ], [ 772868.77852926729247, 6178086.735619808547199 ], [ 772869.114865664276294, 6178085.793877896852791 ], [ 772869.451202061260119, 6178084.852135985158384 ], [ 772869.787538458360359, 6178083.910394073463976 ], [ 772870.123874855344184, 6178082.968652161769569 ], [ 772870.460211252328008, 6178082.026910251006484 ], [ 772870.796547649311833, 6178081.085168339312077 ], [ 772871.132884046295658, 6178080.143426427617669 ], [ 772871.469220443279482, 6178079.201684515923262 ], [ 772871.805556840263307, 6178078.259942604228854 ], [ 772872.141893237247132, 6178077.318200692534447 ], [ 772872.478229634347372, 6178076.376458780840039 ], [ 772872.814566031331196, 6178075.434716869145632 ], [ 772873.150902428315021, 6178074.492974957451224 ], [ 772873.487238825298846, 6178073.551233046688139 ], [ 772873.82357522228267, 6178072.609491134993732 ], [ 772874.159911619266495, 6178071.667749223299325 ], [ 772874.49624801625032, 6178070.726007311604917 ], [ 772874.83258441335056, 6178069.78426539991051 ], [ 772875.168920810334384, 6178068.842523488216102 ], [ 772875.505257207318209, 6178067.900781576521695 ], [ 772875.841593604302034, 6178066.959039664827287 ], [ 772876.177930001285858, 6178066.01729775313288 ], [ 772876.514266398269683, 6178065.075555842369795 ], [ 772876.850602795253508, 6178064.133813930675387 ], [ 772877.186939192237332, 6178063.19207201898098 ], [ 772877.523275589337572, 6178062.250330107286572 ], [ 772877.859611986321397, 6178061.308588195592165 ], [ 772878.195948383305222, 6178060.366846283897758 ], [ 772878.532284780289046, 6178059.42510437220335 ], [ 772878.868621177272871, 6178058.483362460508943 ], [ 772879.204957574256696, 6178057.541620548814535 ], [ 772879.54129397124052, 6178056.599878637120128 ], [ 772879.87763036834076, 6178055.658136726357043 ], [ 772880.213966765324585, 6178054.716394814662635 ], [ 772880.55030316230841, 6178053.774652902968228 ], [ 772880.886639559292234, 6178052.83291099127382 ], [ 772881.222975956276059, 6178051.891169079579413 ], [ 772881.559312353259884, 6178050.949427167885005 ], [ 772881.895648750243708, 6178050.007685256190598 ], [ 772882.231985147343948, 6178049.065943344496191 ], [ 772882.568321544327773, 6178048.124201432801783 ], [ 772882.904657941311598, 6178047.182459522038698 ], [ 772883.240994338295422, 6178046.240717610344291 ], [ 772883.577330735279247, 6178045.298975698649883 ], [ 772883.913667132263072, 6178044.357233786955476 ], [ 772884.250003529246897, 6178043.415491875261068 ], [ 772884.586339926230721, 6178042.473749963566661 ], [ 772884.922676323330961, 6178041.532008051872253 ], [ 772885.259012720314786, 6178040.590266140177846 ], [ 772885.595349117298611, 6178039.648524228483438 ], [ 772885.931685514282435, 6178038.706782317720354 ], [ 772886.26802191126626, 6178037.765040406025946 ], [ 772886.604358308250085, 6178036.823298494331539 ], [ 772886.940694705233909, 6178035.881556582637131 ], [ 772887.277031102334149, 6178034.939814670942724 ], [ 772887.613367499317974, 6178033.998072759248316 ], [ 772887.949703896301799, 6178033.056330847553909 ], [ 772888.286040293285623, 6178032.114588935859501 ], [ 772888.622376690269448, 6178031.172847024165094 ], [ 772888.958713087253273, 6178030.231105113402009 ], [ 772889.295049484237097, 6178029.289363201707602 ], [ 772889.631385881220922, 6178028.347621290013194 ], [ 772889.967722278321162, 6178027.405879378318787 ], [ 772890.304058675304987, 6178026.464137466624379 ], [ 772890.640395072288811, 6178025.522395554929972 ], [ 772890.976731469272636, 6178024.580653643235564 ], [ 772891.313067866256461, 6178023.638911731541157 ], [ 772891.649404263240285, 6178022.697169819846749 ], [ 772891.98574066022411, 6178021.755427908152342 ], [ 772892.32207705732435, 6178020.813685997389257 ], [ 772892.658413454308175, 6178019.871944085694849 ], [ 772892.994749851291999, 6178018.930202174000442 ], [ 772893.331086248275824, 6178017.988460262306035 ], [ 772893.667422645259649, 6178017.046718350611627 ], [ 772894.003759042243473, 6178016.10497643891722 ], [ 772894.340095439227298, 6178015.163234527222812 ], [ 772894.676431836211123, 6178014.221492615528405 ], [ 772895.012768233311363, 6178013.279750703833997 ], [ 772895.349104630295187, 6178012.338008793070912 ], [ 772895.685441027279012, 6178011.396266881376505 ], [ 772896.021777424262837, 6178010.454524969682097 ], [ 772896.358113821246661, 6178009.51278305798769 ], [ 772896.694450218230486, 6178008.571041146293283 ], [ 772897.030786615214311, 6178007.629299234598875 ], [ 772897.367123012314551, 6178006.687557322904468 ], [ 772897.703459409298375, 6178005.74581541121006 ], [ 772898.0397958062822, 6178004.804073499515653 ], [ 772898.082780163967982, 6178004.683717298321426 ], [ 772897.90161773446016, 6178003.700264109298587 ], [ 772897.720455305068754, 6178002.71681092120707 ], [ 772897.539292875560932, 6178001.733357732184231 ], [ 772897.35813044605311, 6178000.749904544092715 ], [ 772897.176968016545288, 6177999.766451355069876 ], [ 772896.995805587153882, 6177998.782998166978359 ], [ 772896.81464315764606, 6177997.79954497795552 ], [ 772896.633480728138238, 6177996.816091789864004 ], [ 772896.452318298630416, 6177995.832638600841165 ], [ 772896.27115586923901, 6177994.849185412749648 ], [ 772896.089993439731188, 6177993.865732223726809 ], [ 772895.908831010223366, 6177992.882279035635293 ], [ 772895.727668580715545, 6177991.898825846612453 ], [ 772895.546506151324138, 6177990.915372658520937 ], [ 772895.365343721816316, 6177989.931919469498098 ], [ 772895.184181292308494, 6177988.948466280475259 ], [ 772895.003018862917088, 6177987.965013092383742 ], [ 772894.821856433409266, 6177986.981559903360903 ], [ 772894.640694003901444, 6177985.998106715269387 ], [ 772894.459531574393623, 6177985.014653526246548 ], [ 772894.278369145002216, 6177984.031200338155031 ], [ 772894.097206715494394, 6177983.047747149132192 ], [ 772893.916044285986573, 6177982.064293961040676 ], [ 772893.734881856478751, 6177981.080840772017837 ], [ 772893.553719427087344, 6177980.09738758392632 ], [ 772893.372556997579522, 6177979.113934394903481 ], [ 772893.191394568071701, 6177978.130481206811965 ], [ 772893.010232138563879, 6177977.147028017789125 ], [ 772892.829069709172472, 6177976.163574829697609 ], [ 772892.647907279664651, 6177975.18012164067477 ], [ 772892.466744850156829, 6177974.196668451651931 ], [ 772892.285582420765422, 6177973.213215263560414 ], [ 772892.1044199912576, 6177972.229762074537575 ], [ 772891.923257561749779, 6177971.246308886446059 ], [ 772891.742095132241957, 6177970.26285569742322 ], [ 772891.56093270285055, 6177969.279402509331703 ], [ 772891.379770273342729, 6177968.295949320308864 ], [ 772891.198607843834907, 6177967.312496132217348 ], [ 772891.017445414327085, 6177966.329042943194509 ], [ 772890.836282984935679, 6177965.345589755102992 ], [ 772890.655120555427857, 6177964.362136566080153 ], [ 772890.473958125920035, 6177963.378683377988636 ], [ 772890.292795696412213, 6177962.395230188965797 ], [ 772890.111633267020807, 6177961.411777 ], [ 772889.930470837512985, 6177960.428323811851442 ], [ 772889.749308408005163, 6177959.444870622828603 ], [ 772889.568145978613757, 6177958.461417434737086 ], [ 772889.386983549105935, 6177957.477964245714247 ], [ 772889.205821119598113, 6177956.494511057622731 ], [ 772889.024658690090291, 6177955.511057868599892 ], [ 772888.843496260698885, 6177954.527604680508375 ], [ 772888.662333831191063, 6177953.544151491485536 ], [ 772888.481171401683241, 6177952.56069830339402 ], [ 772888.300008972175419, 6177951.577245114371181 ], [ 772888.118846542784013, 6177950.593791926279664 ], [ 772887.937684113276191, 6177949.610338737256825 ], [ 772887.756521683768369, 6177948.626885549165308 ], [ 772887.575359254260547, 6177947.643432360142469 ], [ 772887.394196824869141, 6177946.65997917111963 ], [ 772887.213034395361319, 6177945.676525983028114 ], [ 772887.031871965853497, 6177944.693072794005275 ], [ 772886.850709536462091, 6177943.709619605913758 ], [ 772886.669547106954269, 6177942.726166416890919 ], [ 772886.488384677446447, 6177941.742713228799403 ], [ 772886.307222247938626, 6177940.759260039776564 ], [ 772886.126059818547219, 6177939.775806851685047 ], [ 772885.944897389039397, 6177938.792353662662208 ], [ 772885.763734959531575, 6177937.808900474570692 ], [ 772885.582572530023754, 6177936.825447285547853 ], [ 772885.401410100632347, 6177935.841994097456336 ], [ 772885.220247671124525, 6177934.858540908433497 ], [ 772885.039085241616704, 6177933.87508772034198 ], [ 772884.857922812108882, 6177932.891634531319141 ], [ 772884.676760382717475, 6177931.908181342296302 ], [ 772884.495597953209653, 6177930.924728154204786 ], [ 772884.314435523701832, 6177929.941274965181947 ], [ 772884.13327309419401, 6177928.95782177709043 ], [ 772883.952110664802603, 6177927.974368588067591 ], [ 772883.770948235294782, 6177926.990915399976075 ], [ 772883.58978580578696, 6177926.007462210953236 ], [ 772883.408623376395553, 6177925.024009022861719 ], [ 772883.227460946887732, 6177924.04055583383888 ], [ 772883.04629851737991, 6177923.057102645747364 ], [ 772882.865136087872088, 6177922.073649456724524 ], [ 772882.683973658480681, 6177921.090196268633008 ], [ 772882.50281122897286, 6177920.106743079610169 ], [ 772882.321648799465038, 6177919.123289891518652 ], [ 772882.140486369957216, 6177918.139836702495813 ], [ 772881.95932394056581, 6177917.156383513472974 ], [ 772881.778161511057988, 6177916.172930325381458 ], [ 772881.596999081550166, 6177915.189477136358619 ], [ 772881.415836652042344, 6177914.206023948267102 ], [ 772881.234674222650938, 6177913.222570759244263 ], [ 772881.053511793143116, 6177912.239117571152747 ], [ 772880.872349363635294, 6177911.255664382129908 ], [ 772880.691186934243888, 6177910.272211194038391 ], [ 772880.510024504736066, 6177909.288758005015552 ], [ 772880.328862075228244, 6177908.305304816924036 ], [ 772880.147699645720422, 6177907.321851627901196 ], [ 772879.966537216329016, 6177906.33839843980968 ], [ 772879.785374786821194, 6177905.354945250786841 ], [ 772879.604212357313372, 6177904.371492062695324 ], [ 772879.42304992780555, 6177903.388038873672485 ], [ 772879.241887498414144, 6177902.404585684649646 ], [ 772879.060725068906322, 6177901.42113249655813 ], [ 772878.8795626393985, 6177900.437679307535291 ], [ 772878.698400209890679, 6177899.454226119443774 ], [ 772878.517237780499272, 6177898.470772930420935 ], [ 772878.33607535099145, 6177897.487319742329419 ], [ 772878.154912921483628, 6177896.50386655330658 ], [ 772877.973750492092222, 6177895.520413365215063 ], [ 772877.7925880625844, 6177894.536960176192224 ], [ 772877.611425633076578, 6177893.553506988100708 ], [ 772877.430263203568757, 6177892.570053799077868 ], [ 772877.24910077417735, 6177891.586600610986352 ], [ 772877.067938344669528, 6177890.603147421963513 ], [ 772876.886775915161707, 6177889.619694232940674 ], [ 772876.705613485653885, 6177888.636241044849157 ], [ 772876.524451056262478, 6177887.652787855826318 ], [ 772876.343288626754656, 6177886.669334667734802 ], [ 772876.162126197246835, 6177885.685881478711963 ], [ 772875.980963767739013, 6177884.702428290620446 ], [ 772875.799801338347606, 6177883.718975101597607 ], [ 772875.618638908839785, 6177882.735521913506091 ], [ 772875.437476479331963, 6177881.752068724483252 ], [ 772875.256314049940556, 6177880.768615536391735 ], [ 772875.075151620432734, 6177879.785162347368896 ], [ 772874.893989190924913, 6177878.80170915927738 ], [ 772874.712826761417091, 6177877.81825597025454 ], [ 772874.531664332025684, 6177876.834802782163024 ], [ 772874.350501902517863, 6177875.851349593140185 ], [ 772874.169339473010041, 6177874.867896404117346 ], [ 772873.988177043502219, 6177873.884443216025829 ], [ 772873.807014614110813, 6177872.90099002700299 ], [ 772873.625852184602991, 6177871.917536838911474 ], [ 772873.444689755095169, 6177870.934083649888635 ], [ 772873.263527325587347, 6177869.950630461797118 ], [ 772873.082364896195941, 6177868.967177272774279 ], [ 772872.901202466688119, 6177867.983724084682763 ], [ 772872.720040037180297, 6177867.000270895659924 ], [ 772872.538877607788891, 6177866.016817707568407 ], [ 772872.357715178281069, 6177865.033364518545568 ], [ 772872.176552748773247, 6177864.049911330454051 ], [ 772871.995390319265425, 6177863.066458141431212 ], [ 772871.814227889874019, 6177862.083004953339696 ], [ 772871.633065460366197, 6177861.099551764316857 ], [ 772871.451903030858375, 6177860.116098575294018 ], [ 772871.270740601350553, 6177859.132645387202501 ], [ 772871.089578171959147, 6177858.149192198179662 ], [ 772870.908415742451325, 6177857.165739010088146 ], [ 772870.727253312943503, 6177856.182285821065307 ], [ 772870.546090883435681, 6177855.19883263297379 ], [ 772870.364928454044275, 6177854.215379443950951 ], [ 772870.183766024536453, 6177853.231926255859435 ], [ 772870.002603595028631, 6177852.248473066836596 ], [ 772869.821441165637225, 6177851.265019878745079 ], [ 772869.640278736129403, 6177850.28156668972224 ], [ 772869.459116306621581, 6177849.298113501630723 ], [ 772869.27795387711376, 6177848.314660312607884 ], [ 772869.096791447722353, 6177847.331207124516368 ], [ 772868.915629018214531, 6177846.347753935493529 ], [ 772868.734466588706709, 6177845.36430074647069 ], [ 772868.553304159198888, 6177844.380847558379173 ], [ 772868.372141729807481, 6177843.397394369356334 ], [ 772868.190979300299659, 6177842.413941181264818 ], [ 772868.009816870791838, 6177841.430487992241979 ], [ 772867.828654441284016, 6177840.447034804150462 ], [ 772867.647492011892609, 6177839.463581615127623 ], [ 772867.466329582384787, 6177838.480128427036107 ], [ 772867.285167152876966, 6177837.496675238013268 ], [ 772867.104004723485559, 6177836.513222049921751 ], [ 772866.922842293977737, 6177835.529768860898912 ], [ 772866.741679864469916, 6177834.546315672807395 ], [ 772866.560517434962094, 6177833.562862483784556 ], [ 772866.379355005570687, 6177832.57940929569304 ], [ 772866.198192576062866, 6177831.595956106670201 ], [ 772866.017030146555044, 6177830.612502917647362 ], [ 772865.835867717047222, 6177829.629049729555845 ], [ 772865.654705287655815, 6177828.645596540533006 ], [ 772865.473542858147994, 6177827.66214335244149 ], [ 772865.292380428640172, 6177826.678690163418651 ], [ 772865.11121799913235, 6177825.695236975327134 ], [ 772864.930055569740944, 6177824.711783786304295 ], [ 772864.748893140233122, 6177823.728330598212779 ], [ 772864.5677307107253, 6177822.744877409189939 ], [ 772864.386568281333894, 6177821.761424221098423 ], [ 772864.205405851826072, 6177820.777971032075584 ], [ 772864.02424342231825, 6177819.794517843984067 ], [ 772863.843080992810428, 6177818.811064654961228 ], [ 772863.661918563419022, 6177817.827611465938389 ], [ 772863.4807561339112, 6177816.844158277846873 ], [ 772863.299593704403378, 6177815.860705088824034 ], [ 772863.118431274895556, 6177814.877251900732517 ], [ 772862.93726884550415, 6177813.893798711709678 ], [ 772862.756106415996328, 6177812.910345523618162 ], [ 772862.574943986488506, 6177811.926892334595323 ], [ 772862.393781556980684, 6177810.943439146503806 ], [ 772862.212619127589278, 6177809.959985957480967 ], [ 772862.031456698081456, 6177808.976532769389451 ], [ 772861.850294268573634, 6177807.993079580366611 ], [ 772861.669131839065813, 6177807.009626392275095 ], [ 772861.487969409674406, 6177806.026173203252256 ], [ 772861.306806980166584, 6177805.042720015160739 ], [ 772861.125644550658762, 6177804.0592668261379 ], [ 772860.944482121267356, 6177803.075813637115061 ], [ 772860.763319691759534, 6177802.092360449023545 ], [ 772860.582157262251712, 6177801.108907260000706 ], [ 772860.400994832743891, 6177800.125454071909189 ], [ 772860.219832403352484, 6177799.14200088288635 ], [ 772860.038669973844662, 6177798.158547694794834 ], [ 772859.857507544336841, 6177797.175094505771995 ], [ 772859.676345114829019, 6177796.191641317680478 ], [ 772859.495182685437612, 6177795.208188128657639 ], [ 772859.31402025592979, 6177794.224734940566123 ], [ 772859.132857826421969, 6177793.241281751543283 ], [ 772858.951695396914147, 6177792.257828563451767 ], [ 772858.77053296752274, 6177791.274375374428928 ], [ 772858.589370538014919, 6177790.290922186337411 ], [ 772858.408208108507097, 6177789.307468997314572 ], [ 772858.22704567911569, 6177788.324015808291733 ], [ 772858.045883249607868, 6177787.340562620200217 ], [ 772857.864720820100047, 6177786.357109431177378 ], [ 772857.683558390592225, 6177785.373656243085861 ], [ 772857.502395961200818, 6177784.390203054063022 ], [ 772857.321233531692997, 6177783.406749865971506 ], [ 772857.140071102185175, 6177782.423296676948667 ], [ 772856.958908672677353, 6177781.43984348885715 ], [ 772856.777746243285947, 6177780.456390299834311 ], [ 772856.596583813778125, 6177779.472937111742795 ], [ 772856.415421384270303, 6177778.489483922719955 ], [ 772856.234258954762481, 6177777.506030734628439 ], [ 772856.053096525371075, 6177776.5225775456056 ], [ 772855.871934095863253, 6177775.539124357514083 ], [ 772855.690771666355431, 6177774.555671168491244 ], [ 772855.509609236964025, 6177773.572217979468405 ], [ 772855.328446807456203, 6177772.588764791376889 ], [ 772855.147284377948381, 6177771.60531160235405 ], [ 772854.966121948440559, 6177770.621858414262533 ], [ 772854.784959519049153, 6177769.638405225239694 ], [ 772854.603797089541331, 6177768.654952037148178 ], [ 772854.422634660033509, 6177767.671498848125339 ], [ 772854.241472230525687, 6177766.688045660033822 ], [ 772854.060309801134281, 6177765.704592471010983 ], [ 772853.879147371626459, 6177764.721139282919466 ], [ 772853.697984942118637, 6177763.737686093896627 ], [ 772853.516822512610815, 6177762.754232905805111 ], [ 772853.335660083219409, 6177761.770779716782272 ], [ 772853.154497653711587, 6177760.787326528690755 ], [ 772852.973335224203765, 6177759.803873339667916 ], [ 772852.792172794812359, 6177758.820420150645077 ], [ 772852.611010365304537, 6177757.836966962553561 ], [ 772852.429847935796715, 6177756.853513773530722 ], [ 772852.248685506288894, 6177755.870060585439205 ], [ 772852.067523076897487, 6177754.886607396416366 ], [ 772851.886360647389665, 6177753.90315420832485 ], [ 772851.705198217881843, 6177752.919701019302011 ], [ 772851.524035788374022, 6177751.936247831210494 ], [ 772851.342873358982615, 6177750.952794642187655 ], [ 772851.161710929474793, 6177749.969341454096138 ], [ 772850.980548499966972, 6177748.985888265073299 ], [ 772850.79938607045915, 6177748.002435076981783 ], [ 772850.618223641067743, 6177747.018981887958944 ], [ 772850.437061211559922, 6177746.035528698936105 ], [ 772850.2558987820521, 6177745.052075510844588 ], [ 772850.074736352660693, 6177744.068622321821749 ], [ 772849.893573923152871, 6177743.085169133730233 ], [ 772849.71241149364505, 6177742.101715944707394 ], [ 772849.531249064137228, 6177741.118262756615877 ], [ 772849.350086634745821, 6177740.134809567593038 ], [ 772849.168924205238, 6177739.151356379501522 ], [ 772848.987761775730178, 6177738.167903190478683 ], [ 772848.806599346222356, 6177737.184450002387166 ], [ 772848.625436916830949, 6177736.200996813364327 ], [ 772848.444274487323128, 6177735.21754362527281 ], [ 772848.263112057815306, 6177734.234090436249971 ], [ 772848.081949628307484, 6177733.250637248158455 ], [ 772847.900787198916078, 6177732.267184059135616 ], [ 772847.719624769408256, 6177731.283730870112777 ], [ 772847.538462339900434, 6177730.30027768202126 ], [ 772847.357299910509028, 6177729.316824492998421 ], [ 772847.176137481001206, 6177728.333371304906905 ], [ 772846.994975051493384, 6177727.349918115884066 ], [ 772846.813812621985562, 6177726.366464927792549 ], [ 772846.632650192594156, 6177725.38301173876971 ], [ 772846.451487763086334, 6177724.399558550678194 ], [ 772846.270325333578512, 6177723.416105361655354 ], [ 772846.08916290407069, 6177722.432652173563838 ], [ 772845.908000474679284, 6177721.449198984540999 ], [ 772845.726838045171462, 6177720.465745796449482 ], [ 772845.54567561566364, 6177719.482292607426643 ], [ 772845.364513186155818, 6177718.498839419335127 ], [ 772845.183350756764412, 6177717.515386230312288 ], [ 772845.00218832725659, 6177716.531933041289449 ], [ 772844.821025897748768, 6177715.548479853197932 ], [ 772844.639863468357362, 6177714.565026664175093 ], [ 772844.45870103884954, 6177713.581573476083577 ], [ 772844.277538609341718, 6177712.598120287060738 ], [ 772844.096376179833896, 6177711.614667098969221 ], [ 772843.91521375044249, 6177710.631213909946382 ], [ 772843.734051320934668, 6177709.647760721854866 ], [ 772843.552888891426846, 6177708.664307532832026 ], [ 772843.371726461919025, 6177707.68085434474051 ], [ 772843.190564032527618, 6177706.697401155717671 ], [ 772843.009401603019796, 6177705.713947967626154 ], [ 772842.828239173511975, 6177704.730494778603315 ], [ 772842.647076744004153, 6177703.747041590511799 ], [ 772842.465914314612746, 6177702.76358840148896 ], [ 772842.284751885104924, 6177701.780135212466121 ], [ 772842.103589455597103, 6177700.796682024374604 ], [ 772841.922427026205696, 6177699.813228835351765 ], [ 772841.741264596697874, 6177698.829775647260249 ], [ 772841.560102167190053, 6177697.84632245823741 ], [ 772841.378939737682231, 6177696.862869270145893 ], [ 772841.197777308290824, 6177695.879416081123054 ], [ 772841.016614878783002, 6177694.895962893031538 ], [ 772840.835452449275181, 6177693.912509704008698 ], [ 772840.654290019767359, 6177692.929056515917182 ], [ 772840.473127590375952, 6177691.945603326894343 ], [ 772840.291965160868131, 6177690.962150138802826 ], [ 772840.110802731360309, 6177689.978696949779987 ], [ 772839.929640301852487, 6177688.995243761688471 ], [ 772839.748477872461081, 6177688.011790572665632 ], [ 772839.567315442953259, 6177687.028337383642793 ], [ 772839.386153013445437, 6177686.044884195551276 ], [ 772839.20499058405403, 6177685.061431006528437 ], [ 772839.023828154546209, 6177684.077977818436921 ], [ 772838.842665725038387, 6177683.094524629414082 ], [ 772838.661503295530565, 6177682.111071441322565 ], [ 772838.480340866139159, 6177681.127618252299726 ], [ 772838.299178436631337, 6177680.14416506420821 ], [ 772838.118016007123515, 6177679.16071187518537 ], [ 772837.936853577615693, 6177678.177258687093854 ], [ 772837.755691148224287, 6177677.193805498071015 ], [ 772837.574528718716465, 6177676.210352309979498 ], [ 772837.393366289208643, 6177675.226899120956659 ], [ 772837.212203859700821, 6177674.24344593193382 ], [ 772837.031041430309415, 6177673.259992743842304 ], [ 772836.849879000801593, 6177672.276539554819465 ], [ 772836.668716571293771, 6177671.293086366727948 ], [ 772836.487554141785949, 6177670.309633177705109 ], [ 772836.306391712394543, 6177669.326179989613593 ], [ 772836.125229282886721, 6177668.342726800590754 ], [ 772835.944066853378899, 6177667.359273612499237 ], [ 772835.762904423987493, 6177666.375820423476398 ], [ 772835.581741994479671, 6177665.392367235384881 ], [ 772835.400579564971849, 6177664.408914046362042 ], [ 772835.219417135464028, 6177663.425460858270526 ], [ 772835.038254706072621, 6177662.442007669247687 ], [ 772834.857092276564799, 6177661.45855448115617 ], [ 772834.675929847056977, 6177660.475101292133331 ], [ 772834.494767417549156, 6177659.491648103110492 ], [ 772834.313604988157749, 6177658.508194915018976 ], [ 772834.132442558649927, 6177657.524741725996137 ], [ 772833.951280129142106, 6177656.54128853790462 ], [ 772833.770117699634284, 6177655.557835348881781 ], [ 772833.588955270242877, 6177654.574382160790265 ], [ 772833.407792840735056, 6177653.590928971767426 ], [ 772833.226630411227234, 6177652.607475783675909 ], [ 772833.045467981835827, 6177651.62402259465307 ], [ 772832.864305552328005, 6177650.640569406561553 ], [ 772832.683143122820184, 6177649.657116217538714 ], [ 772832.501980693312362, 6177648.673663029447198 ], [ 772832.320818263920955, 6177647.690209840424359 ], [ 772832.139655834413134, 6177646.706756652332842 ], [ 772831.958493404905312, 6177645.723303463310003 ], [ 772831.77733097539749, 6177644.739850274287164 ], [ 772831.596168546006083, 6177643.756397086195648 ], [ 772831.415006116498262, 6177642.772943897172809 ], [ 772831.23384368699044, 6177641.789490709081292 ], [ 772831.052681257482618, 6177640.806037520058453 ], [ 772830.871518828091212, 6177639.822584331966937 ], [ 772830.69035639858339, 6177638.839131142944098 ], [ 772830.509193969075568, 6177637.855677954852581 ], [ 772830.328031539684162, 6177636.872224765829742 ], [ 772830.14686911017634, 6177635.888771577738225 ], [ 772829.965706680668518, 6177634.905318388715386 ], [ 772829.784544251160696, 6177633.92186520062387 ], [ 772829.60338182176929, 6177632.938412011601031 ], [ 772829.422219392261468, 6177631.954958823509514 ], [ 772829.241056962753646, 6177630.971505634486675 ], [ 772829.059894533245824, 6177629.988052445463836 ], [ 772828.878732103854418, 6177629.00459925737232 ], [ 772828.697569674346596, 6177628.021146068349481 ], [ 772828.516407244838774, 6177627.037692880257964 ], [ 772828.335244815330952, 6177626.054239691235125 ], [ 772828.154082385939546, 6177625.070786503143609 ], [ 772827.972919956431724, 6177624.08733331412077 ], [ 772827.791757526923902, 6177623.103880126029253 ], [ 772827.610595097532496, 6177622.120426937006414 ], [ 772827.429432668024674, 6177621.136973748914897 ], [ 772827.248270238516852, 6177620.153520559892058 ], [ 772827.06710780900903, 6177619.170067371800542 ], [ 772826.885945379617624, 6177618.186614182777703 ], [ 772826.704782950109802, 6177617.203160993754864 ], [ 772826.52362052060198, 6177616.219707805663347 ], [ 772826.342458091094159, 6177615.236254616640508 ], [ 772826.161295661702752, 6177614.252801428548992 ], [ 772825.98013323219493, 6177613.269348239526153 ], [ 772825.798970802687109, 6177612.285895051434636 ], [ 772825.617808373179287, 6177611.302441862411797 ], [ 772825.43664594378788, 6177610.318988674320281 ], [ 772825.255483514280058, 6177609.335535485297441 ], [ 772825.074321084772237, 6177608.352082297205925 ], [ 772824.89315865538083, 6177607.368629108183086 ], [ 772824.711996225873008, 6177606.385175920091569 ], [ 772824.530833796365187, 6177605.40172273106873 ], [ 772824.349671366857365, 6177604.418269542977214 ], [ 772824.168508937465958, 6177603.434816353954375 ], [ 772823.987346507958136, 6177602.451363164931536 ], [ 772823.806184078450315, 6177601.467909976840019 ], [ 772823.625021648942493, 6177600.48445678781718 ], [ 772823.443859219551086, 6177599.501003599725664 ], [ 772823.262696790043265, 6177598.517550410702825 ], [ 772823.081534360535443, 6177597.534097222611308 ], [ 772822.900371931027621, 6177596.550644033588469 ], [ 772822.719209501636215, 6177595.567190845496953 ], [ 772822.538047072128393, 6177594.583737656474113 ], [ 772822.356884642620571, 6177593.600284468382597 ], [ 772822.175722213229164, 6177592.616831279359758 ], [ 772821.994559783721343, 6177591.633378091268241 ], [ 772821.813397354213521, 6177590.649924902245402 ], [ 772821.74150722369086, 6177590.259664193727076 ], [ 772821.395801864913665, 6177589.321321076713502 ], [ 772821.050096506020054, 6177588.382977959699929 ], [ 772820.704391147242859, 6177587.444634843617678 ], [ 772820.358685788349248, 6177586.506291726604104 ], [ 772820.012980429572053, 6177585.56794860959053 ], [ 772819.667275070678443, 6177584.629605492576957 ], [ 772819.321569711901248, 6177583.691262375563383 ], [ 772818.975864353124052, 6177582.752919259481132 ], [ 772818.630158994230442, 6177581.814576142467558 ], [ 772818.284453635453247, 6177580.876233025453985 ], [ 772817.938748276559636, 6177579.937889908440411 ], [ 772817.593042917782441, 6177578.99954679235816 ], [ 772817.24733755888883, 6177578.061203675344586 ], [ 772816.901632200111635, 6177577.122860558331013 ], [ 772816.55592684133444, 6177576.184517441317439 ], [ 772816.210221482440829, 6177575.246174324303865 ], [ 772815.864516123663634, 6177574.307831208221614 ], [ 772815.518810764770024, 6177573.369488091208041 ], [ 772815.173105405992828, 6177572.431144974194467 ], [ 772814.827400047099218, 6177571.492801857180893 ], [ 772814.481694688322023, 6177570.55445874016732 ], [ 772814.135989329544827, 6177569.616115624085069 ], [ 772813.790283970651217, 6177568.677772507071495 ], [ 772813.444578611874022, 6177567.739429390057921 ], [ 772813.098873252980411, 6177566.801086273044348 ], [ 772812.753167894203216, 6177565.862743156030774 ], [ 772812.407462535426021, 6177564.924400039948523 ], [ 772812.06175717653241, 6177563.986056922934949 ], [ 772811.716051817755215, 6177563.047713805921376 ], [ 772811.370346458861604, 6177562.109370688907802 ], [ 772811.024641100084409, 6177561.171027572825551 ], [ 772810.678935741190799, 6177560.232684455811977 ], [ 772810.333230382413603, 6177559.294341338798404 ], [ 772809.987525023636408, 6177558.35599822178483 ], [ 772809.641819664742798, 6177557.417655104771256 ], [ 772809.296114305965602, 6177556.479311988689005 ], [ 772808.950408947071992, 6177555.540968871675432 ], [ 772808.604703588294797, 6177554.602625754661858 ], [ 772808.258998229401186, 6177553.664282637648284 ], [ 772807.913292870623991, 6177552.725939520634711 ], [ 772807.567587511846796, 6177551.78759640455246 ], [ 772807.221882152953185, 6177550.849253287538886 ], [ 772806.87617679417599, 6177549.910910170525312 ], [ 772806.530471435282379, 6177548.972567053511739 ], [ 772806.184766076505184, 6177548.034223936498165 ], [ 772805.839060717611574, 6177547.095880820415914 ], [ 772805.493355358834378, 6177546.15753770340234 ], [ 772805.147650000057183, 6177545.219194586388767 ], [ 772804.801944641163573, 6177544.280851469375193 ], [ 772804.456239282386377, 6177543.342508353292942 ], [ 772804.110533923492767, 6177542.404165236279368 ], [ 772803.764828564715572, 6177541.465822119265795 ], [ 772803.419123205821961, 6177540.527479002252221 ], [ 772803.073417847044766, 6177539.589135885238647 ], [ 772802.727712488267571, 6177538.650792769156396 ], [ 772802.38200712937396, 6177537.712449652142823 ], [ 772802.036301770596765, 6177536.774106535129249 ], [ 772801.690596411703154, 6177535.835763418115675 ], [ 772801.344891052925959, 6177534.897420301102102 ], [ 772800.999185694032349, 6177533.959077185019851 ], [ 772800.653480335255153, 6177533.020734068006277 ], [ 772800.307774976477958, 6177532.082390950992703 ], [ 772799.962069617584348, 6177531.14404783397913 ], [ 772799.616364258807153, 6177530.205704716965556 ], [ 772799.270658899913542, 6177529.267361600883305 ], [ 772798.924953541136347, 6177528.329018483869731 ], [ 772798.579248182242736, 6177527.390675366856158 ], [ 772798.233542823465541, 6177526.452332249842584 ], [ 772797.887837464688346, 6177525.513989133760333 ], [ 772797.542132105794735, 6177524.575646016746759 ], [ 772797.19642674701754, 6177523.637302899733186 ], [ 772796.85072138812393, 6177522.698959782719612 ], [ 772796.505016029346734, 6177521.760616665706038 ], [ 772796.159310670569539, 6177520.822273549623787 ], [ 772795.813605311675929, 6177519.883930432610214 ], [ 772795.467899952898733, 6177518.94558731559664 ], [ 772795.122194594005123, 6177518.007244198583066 ], [ 772794.776489235227928, 6177517.068901081569493 ], [ 772794.430783876334317, 6177516.130557965487242 ], [ 772794.085078517557122, 6177515.192214848473668 ], [ 772793.739373158779927, 6177514.253871731460094 ], [ 772793.393667799886316, 6177513.315528614446521 ], [ 772793.047962441109121, 6177512.377185497432947 ], [ 772792.70225708221551, 6177511.438842381350696 ], [ 772792.356551723438315, 6177510.500499264337122 ], [ 772792.010846364544705, 6177509.562156147323549 ], [ 772791.665141005767509, 6177508.623813030309975 ], [ 772791.319435646990314, 6177507.685469914227724 ], [ 772790.973730288096704, 6177506.74712679721415 ], [ 772790.628024929319508, 6177505.808783680200577 ], [ 772790.282319570425898, 6177504.870440563187003 ], [ 772789.936614211648703, 6177503.932097446173429 ], [ 772789.590908852755092, 6177502.993754330091178 ], [ 772789.245203493977897, 6177502.055411213077605 ], [ 772788.899498135200702, 6177501.117068096064031 ], [ 772788.553792776307091, 6177500.178724979050457 ], [ 772788.208087417529896, 6177499.240381862036884 ], [ 772787.862382058636285, 6177498.302038745954633 ], [ 772787.51667669985909, 6177497.363695628941059 ], [ 772787.17097134096548, 6177496.425352511927485 ], [ 772786.825265982188284, 6177495.487009394913912 ], [ 772786.479560623411089, 6177494.548666277900338 ], [ 772786.133855264517479, 6177493.610323161818087 ], [ 772785.788149905740283, 6177492.671980044804513 ], [ 772785.442444546846673, 6177491.73363692779094 ], [ 772785.096739188069478, 6177490.795293810777366 ], [ 772784.751033829175867, 6177489.856950694695115 ], [ 772784.405328470398672, 6177488.918607577681541 ], [ 772784.059623111621477, 6177487.980264460667968 ], [ 772783.713917752727866, 6177487.041921343654394 ], [ 772783.368212393950671, 6177486.103578226640821 ], [ 772783.02250703505706, 6177485.165235110558569 ], [ 772782.676801676279865, 6177484.226891993544996 ], [ 772782.33109631750267, 6177483.288548876531422 ], [ 772781.985390958609059, 6177482.350205759517848 ], [ 772781.639685599831864, 6177481.411862642504275 ], [ 772781.293980240938254, 6177480.473519526422024 ], [ 772780.948274882161058, 6177479.53517640940845 ], [ 772780.602569523267448, 6177478.596833292394876 ], [ 772780.256864164490253, 6177477.658490175381303 ], [ 772779.911158805713058, 6177476.720147058367729 ], [ 772779.565453446819447, 6177475.781803942285478 ], [ 772779.219748088042252, 6177474.843460825271904 ], [ 772778.874042729148641, 6177473.905117708258331 ], [ 772778.528337370371446, 6177472.966774591244757 ], [ 772778.182632011477835, 6177472.028431475162506 ], [ 772777.83692665270064, 6177471.090088358148932 ], [ 772777.491221293923445, 6177470.151745241135359 ], [ 772777.145515935029835, 6177469.213402124121785 ], [ 772776.799810576252639, 6177468.275059007108212 ], [ 772776.454105217359029, 6177467.33671589102596 ], [ 772776.108399858581834, 6177466.398372774012387 ], [ 772775.762694499688223, 6177465.460029656998813 ], [ 772775.416989140911028, 6177464.52168653998524 ], [ 772775.071283782133833, 6177463.583343422971666 ], [ 772774.725578423240222, 6177462.645000306889415 ], [ 772774.379873064463027, 6177461.706657189875841 ], [ 772774.034167705569416, 6177460.768314072862267 ], [ 772773.688462346792221, 6177459.829970955848694 ], [ 772773.342756987898611, 6177458.89162783883512 ], [ 772772.997051629121415, 6177457.953284722752869 ], [ 772772.65134627034422, 6177457.014941605739295 ], [ 772772.30564091145061, 6177456.076598488725722 ], [ 772771.959935552673414, 6177455.138255371712148 ], [ 772771.614230193779804, 6177454.199912255629897 ], [ 772771.268524835002609, 6177453.261569138616323 ], [ 772770.922819476108998, 6177452.32322602160275 ], [ 772770.577114117331803, 6177451.384882904589176 ], [ 772770.231408758554608, 6177450.446539787575603 ], [ 772769.885703399660997, 6177449.508196671493351 ], [ 772769.539998040883802, 6177448.569853554479778 ], [ 772769.194292681990191, 6177447.631510437466204 ], [ 772768.848587323212996, 6177446.693167320452631 ], [ 772768.502881964319386, 6177445.754824203439057 ], [ 772768.15717660554219, 6177444.816481087356806 ], [ 772767.811471246764995, 6177443.878137970343232 ], [ 772767.465765887871385, 6177442.939794853329659 ], [ 772767.120060529094189, 6177442.001451736316085 ], [ 772766.774355170200579, 6177441.063108620233834 ], [ 772766.428649811423384, 6177440.12476550322026 ], [ 772766.082944452646188, 6177439.186422386206686 ], [ 772765.737239093752578, 6177438.248079269193113 ], [ 772765.391533734975383, 6177437.309736152179539 ], [ 772765.045828376081772, 6177436.371393036097288 ], [ 772764.700123017304577, 6177435.433049919083714 ], [ 772764.354417658410966, 6177434.494706802070141 ], [ 772764.008712299633771, 6177433.556363685056567 ], [ 772763.663006940856576, 6177432.618020568042994 ], [ 772763.317301581962965, 6177431.679677451960742 ], [ 772762.97159622318577, 6177430.741334334947169 ], [ 772762.62589086429216, 6177429.802991217933595 ], [ 772762.280185505514964, 6177428.864648100920022 ], [ 772761.934480146621354, 6177427.926304983906448 ], [ 772761.588774787844159, 6177426.987961867824197 ], [ 772761.243069429066963, 6177426.049618750810623 ], [ 772760.897364070173353, 6177425.11127563379705 ], [ 772760.551658711396158, 6177424.172932516783476 ], [ 772760.205953352502547, 6177423.234589400701225 ], [ 772759.860247993725352, 6177422.296246283687651 ], [ 772759.514542634831741, 6177421.357903166674078 ], [ 772759.168837276054546, 6177420.419560049660504 ], [ 772758.823131917277351, 6177419.48121693264693 ], [ 772758.47742655838374, 6177418.542873816564679 ], [ 772758.131721199606545, 6177417.604530699551105 ], [ 772757.786015840712935, 6177416.666187582537532 ], [ 772757.44031048193574, 6177415.727844465523958 ], [ 772757.094605123042129, 6177414.789501348510385 ], [ 772756.748899764264934, 6177413.851158232428133 ], [ 772756.403194405487739, 6177412.91281511541456 ], [ 772756.057489046594128, 6177411.974471998400986 ], [ 772755.711783687816933, 6177411.036128881387413 ], [ 772755.366078328923322, 6177410.097785764373839 ], [ 772755.020372970146127, 6177409.159442648291588 ], [ 772754.674667611252517, 6177408.221099531278014 ], [ 772754.328962252475321, 6177407.282756414264441 ], [ 772753.983256893698126, 6177406.344413297250867 ], [ 772753.637551534804516, 6177405.406070181168616 ], [ 772753.29184617602732, 6177404.467727064155042 ], [ 772752.94614081713371, 6177403.529383947141469 ], [ 772752.600435458356515, 6177402.591040830127895 ], [ 772752.254730099462904, 6177401.652697713114321 ], [ 772751.909024740685709, 6177400.71435459703207 ], [ 772751.563319381908514, 6177399.776011480018497 ], [ 772751.217614023014903, 6177398.837668363004923 ], [ 772750.871908664237708, 6177397.899325245991349 ], [ 772750.526203305344097, 6177396.960982128977776 ], [ 772750.180497946566902, 6177396.022639012895525 ], [ 772749.834792587789707, 6177395.084295895881951 ], [ 772749.489087228896096, 6177394.145952778868377 ], [ 772749.143381870118901, 6177393.207609661854804 ], [ 772748.797676511225291, 6177392.26926654484123 ], [ 772748.451971152448095, 6177391.330923428758979 ], [ 772748.106265793554485, 6177390.392580311745405 ], [ 772747.76056043477729, 6177389.454237194731832 ], [ 772747.414855076000094, 6177388.515894077718258 ], [ 772747.069149717106484, 6177387.577550961636007 ], [ 772746.723444358329289, 6177386.639207844622433 ], [ 772746.377738999435678, 6177385.70086472760886 ], [ 772746.032033640658483, 6177384.762521610595286 ], [ 772745.686328281764872, 6177383.824178493581712 ], [ 772745.400234283530153, 6177383.047637641429901 ], [ 772744.953020688029937, 6177382.153210450895131 ], [ 772744.505807092529722, 6177381.258783259429038 ], [ 772744.058593497029506, 6177380.364356068894267 ], [ 772743.61137990152929, 6177379.469928877428174 ], [ 772743.164166306029074, 6177378.575501686893404 ], [ 772742.716952710528858, 6177377.68107449542731 ], [ 772742.269739115028642, 6177376.78664730489254 ], [ 772741.822525519528426, 6177375.892220113426447 ], [ 772741.37531192402821, 6177374.997792922891676 ], [ 772740.928098328527994, 6177374.103365731425583 ], [ 772740.480884733027779, 6177373.208938540890813 ], [ 772740.033671137527563, 6177372.31451134942472 ], [ 772739.586457542027347, 6177371.420084158889949 ], [ 772739.139243946527131, 6177370.525656967423856 ], [ 772738.692030351026915, 6177369.631229776889086 ], [ 772738.244816755526699, 6177368.736802585422993 ], [ 772737.797603160026483, 6177367.842375394888222 ], [ 772737.350389564526267, 6177366.947948203422129 ], [ 772736.903175969026051, 6177366.053521012887359 ], [ 772736.455962373525836, 6177365.159093821421266 ], [ 772736.00874877802562, 6177364.264666630886495 ], [ 772735.561535182525404, 6177363.370239439420402 ], [ 772735.114321587025188, 6177362.475812248885632 ], [ 772734.667107991524972, 6177361.581385057419538 ], [ 772734.219894396024756, 6177360.686957866884768 ], [ 772733.77268080052454, 6177359.792530675418675 ], [ 772733.325467205024324, 6177358.898103484883904 ], [ 772732.878253609524108, 6177358.003676293417811 ], [ 772732.431040014023893, 6177357.109249102883041 ], [ 772731.983826418523677, 6177356.214821911416948 ], [ 772731.536612823023461, 6177355.320394720882177 ], [ 772731.089399227523245, 6177354.425967529416084 ], [ 772730.642185632023029, 6177353.531540338881314 ], [ 772730.194972036522813, 6177352.637113147415221 ], [ 772729.747758441022597, 6177351.74268595688045 ], [ 772729.300544845522381, 6177350.848258765414357 ], [ 772728.853331250022165, 6177349.953831574879587 ], [ 772728.40611765452195, 6177349.059404383413494 ], [ 772727.958904059021734, 6177348.164977192878723 ], [ 772727.511690463521518, 6177347.27055000141263 ], [ 772727.064476868021302, 6177346.37612281087786 ], [ 772726.617263272521086, 6177345.481695619411767 ], [ 772726.17004967702087, 6177344.587268428876996 ], [ 772725.722836081520654, 6177343.692841237410903 ], [ 772725.275622486020438, 6177342.798414046876132 ], [ 772724.828408890520222, 6177341.903986855410039 ], [ 772724.381195295020007, 6177341.009559664875269 ], [ 772723.933981699519791, 6177340.115132473409176 ], [ 772723.486768104019575, 6177339.220705282874405 ], [ 772723.039554508519359, 6177338.326278091408312 ], [ 772722.592340913019143, 6177337.431850900873542 ], [ 772722.145127317518927, 6177336.537423709407449 ], [ 772721.697913722018711, 6177335.642996518872678 ], [ 772721.250700126518495, 6177334.748569327406585 ], [ 772720.803486531018279, 6177333.854142136871815 ], [ 772720.356272935518064, 6177332.959714945405722 ], [ 772719.909059340017848, 6177332.065287754870951 ], [ 772719.461845744517632, 6177331.170860563404858 ], [ 772719.014632149017416, 6177330.276433372870088 ], [ 772718.5674185535172, 6177329.382006181403995 ], [ 772718.120204958016984, 6177328.487578990869224 ], [ 772717.672991362516768, 6177327.593151799403131 ], [ 772717.225777767016552, 6177326.698724608868361 ], [ 772716.778564171516337, 6177325.804297417402267 ], [ 772716.331350576016121, 6177324.909870226867497 ], [ 772715.884136980515905, 6177324.015443035401404 ], [ 772715.436923385015689, 6177323.121015844866633 ], [ 772714.989709789515473, 6177322.22658865340054 ], [ 772714.542496194015257, 6177321.33216146286577 ], [ 772714.095282598515041, 6177320.437734271399677 ], [ 772713.648069003014825, 6177319.543307080864906 ], [ 772713.200855407514609, 6177318.648879889398813 ], [ 772712.753641812014394, 6177317.754452698864043 ], [ 772712.306428216514178, 6177316.86002550739795 ], [ 772711.859214621013962, 6177315.965598316863179 ], [ 772711.412001025513746, 6177315.071171125397086 ], [ 772710.96478743001353, 6177314.176743934862316 ], [ 772710.517573834513314, 6177313.282316743396223 ], [ 772710.070360239013098, 6177312.387889552861452 ], [ 772709.623146643512882, 6177311.493462361395359 ], [ 772709.175933048012666, 6177310.599035170860589 ], [ 772708.728719452512451, 6177309.704607979394495 ], [ 772708.281505857012235, 6177308.810180788859725 ], [ 772707.834292261512019, 6177307.915753597393632 ], [ 772707.387078666011803, 6177307.021326406858861 ], [ 772706.939865070511587, 6177306.126899215392768 ], [ 772706.492651475011371, 6177305.232472024857998 ], [ 772706.045437879511155, 6177304.338044833391905 ], [ 772705.598224284010939, 6177303.443617642857134 ], [ 772705.151010688510723, 6177302.549190451391041 ], [ 772704.703797093010508, 6177301.654763260856271 ], [ 772704.256583497510292, 6177300.760336069390178 ], [ 772703.809369902010076, 6177299.865908878855407 ], [ 772703.36215630650986, 6177298.971481687389314 ], [ 772702.914942711009644, 6177298.077054496854544 ], [ 772702.467729115509428, 6177297.182627305388451 ], [ 772702.020515520009212, 6177296.28820011485368 ], [ 772701.573301924508996, 6177295.393772923387587 ], [ 772701.12608832900878, 6177294.499345732852817 ], [ 772700.678874733508565, 6177293.604918541386724 ], [ 772700.231661138008349, 6177292.710491350851953 ], [ 772699.784447542508133, 6177291.81606415938586 ], [ 772699.337233947007917, 6177290.921636968851089 ], [ 772698.890020351507701, 6177290.027209777384996 ], [ 772698.442806756007485, 6177289.132782586850226 ], [ 772697.995593160507269, 6177288.238355395384133 ], [ 772697.548379565007053, 6177287.343928204849362 ], [ 772697.101165969506837, 6177286.449501013383269 ], [ 772696.653952374006622, 6177285.555073822848499 ], [ 772696.206738778506406, 6177284.660646631382406 ], [ 772695.75952518300619, 6177283.766219440847635 ], [ 772695.312311587505974, 6177282.871792249381542 ], [ 772694.865097992005758, 6177281.977365058846772 ], [ 772694.417884396505542, 6177281.082937867380679 ], [ 772693.970670801005326, 6177280.188510676845908 ], [ 772693.523457205388695, 6177279.294083485379815 ], [ 772693.076243609888479, 6177278.399656294845045 ], [ 772692.629030014388263, 6177277.505229103378952 ], [ 772692.181816418888047, 6177276.610801912844181 ], [ 772691.734602823387831, 6177275.716374721378088 ], [ 772691.287389227887616, 6177274.821947530843318 ], [ 772690.870753611903638, 6177273.9886762984097 ], [ 772690.062017527641729, 6177273.400504601188004 ], [ 772689.253281443263404, 6177272.812332903034985 ], [ 772688.444545359001495, 6177272.224161205813289 ], [ 772687.635809274739586, 6177271.63598950766027 ], [ 772686.827073190361261, 6177271.047817810438573 ], [ 772686.018337106099352, 6177270.459646112285554 ], [ 772685.209601021837443, 6177269.871474415063858 ], [ 772684.400864937459119, 6177269.283302716910839 ], [ 772683.59212885319721, 6177268.695131019689143 ], [ 772682.783392768818885, 6177268.106959321536124 ], [ 772681.974656684556976, 6177267.518787624314427 ], [ 772681.165920600295067, 6177266.930615926161408 ], [ 772680.357184515916742, 6177266.342444228939712 ], [ 772679.548448431654833, 6177265.754272530786693 ], [ 772678.739712347392924, 6177265.166100833564997 ], [ 772677.9309762630146, 6177264.577929135411978 ], [ 772677.122240178752691, 6177263.989757438190281 ], [ 772676.313504094490781, 6177263.401585740037262 ], [ 772675.504768010112457, 6177262.813414042815566 ], [ 772674.696031925850548, 6177262.225242344662547 ], [ 772673.887295841588639, 6177261.637070647440851 ], [ 772673.078559757210314, 6177261.048898949287832 ], [ 772672.269823672948405, 6177260.460727252066135 ], [ 772671.461087588570081, 6177259.872555553913116 ], [ 772670.652351504308172, 6177259.28438385669142 ], [ 772669.843615420046262, 6177258.696212158538401 ], [ 772669.034879335667938, 6177258.108040461316705 ], [ 772668.226143251406029, 6177257.519868763163686 ], [ 772667.41740716714412, 6177256.931697065941989 ], [ 772666.608671082765795, 6177256.34352536778897 ], [ 772665.799934998503886, 6177255.755353670567274 ], [ 772664.991198914241977, 6177255.167181972414255 ], [ 772664.182462829863653, 6177254.579010275192559 ], [ 772663.373726745601743, 6177253.99083857703954 ], [ 772662.564990661339834, 6177253.402666879817843 ], [ 772661.75625457696151, 6177252.814495181664824 ], [ 772660.947518492699601, 6177252.226323484443128 ], [ 772660.138782408437692, 6177251.638151787221432 ], [ 772659.330046324059367, 6177251.049980089068413 ], [ 772658.521310239797458, 6177250.461808391846716 ], [ 772657.712574155419134, 6177249.873636693693697 ], [ 772656.903838071157224, 6177249.285464996472001 ], [ 772656.095101986895315, 6177248.697293298318982 ], [ 772655.286365902516991, 6177248.109121601097286 ], [ 772654.477629818255082, 6177247.520949902944267 ], [ 772653.668893733993173, 6177246.93277820572257 ], [ 772652.860157649614848, 6177246.344606507569551 ], [ 772652.051421565352939, 6177245.756434810347855 ], [ 772651.24268548109103, 6177245.168263112194836 ], [ 772650.433949396712705, 6177244.58009141497314 ], [ 772649.625213312450796, 6177243.991919716820121 ], [ 772648.816477228188887, 6177243.403748019598424 ], [ 772648.007741143810563, 6177242.815576321445405 ], [ 772647.199005059548654, 6177242.227404624223709 ], [ 772646.390268975170329, 6177241.63923292607069 ], [ 772645.58153289090842, 6177241.051061228848994 ], [ 772644.772796806646511, 6177240.462889530695975 ], [ 772643.964060722268187, 6177239.874717833474278 ], [ 772643.155324638006277, 6177239.286546135321259 ], [ 772642.346588553744368, 6177238.698374438099563 ], [ 772641.537852469366044, 6177238.110202739946544 ], [ 772640.729116385104135, 6177237.522031042724848 ], [ 772639.920380300842226, 6177236.933859344571829 ], [ 772639.111644216463901, 6177236.345687647350132 ], [ 772638.302908132201992, 6177235.757515949197114 ], [ 772637.494172047940083, 6177235.169344251975417 ], [ 772636.685435963561758, 6177234.581172553822398 ], [ 772635.876699879299849, 6177233.993000856600702 ], [ 772635.06796379503794, 6177233.404829158447683 ], [ 772634.259227710659616, 6177232.816657461225986 ], [ 772633.450491626397707, 6177232.228485763072968 ], [ 772632.641755542019382, 6177231.640314065851271 ], [ 772631.833019457757473, 6177231.052142367698252 ], [ 772631.024283373495564, 6177230.463970670476556 ], [ 772630.215547289117239, 6177229.875798972323537 ], [ 772629.40681120485533, 6177229.28762727510184 ], [ 772628.598075120593421, 6177228.699455577880144 ], [ 772627.789339036215097, 6177228.111283879727125 ], [ 772626.980602951953188, 6177227.523112182505429 ], [ 772626.171866867691278, 6177226.93494048435241 ], [ 772625.363130783312954, 6177226.346768787130713 ], [ 772624.554394699051045, 6177225.758597088977695 ], [ 772623.745658614789136, 6177225.170425391755998 ], [ 772622.936922530410811, 6177224.582253693602979 ], [ 772622.128186446148902, 6177223.994081996381283 ], [ 772621.319450361886993, 6177223.405910298228264 ], [ 772620.510714277508669, 6177222.817738601006567 ], [ 772619.701978193246759, 6177222.229566902853549 ], [ 772618.893242108868435, 6177221.641395205631852 ], [ 772618.084506024606526, 6177221.053223507478833 ], [ 772617.275769940344617, 6177220.465051810257137 ], [ 772616.467033855966292, 6177219.876880112104118 ], [ 772615.658297771704383, 6177219.288708414882421 ], [ 772614.849561687442474, 6177218.700536716729403 ], [ 772614.04082560306415, 6177218.112365019507706 ], [ 772613.23208951880224, 6177217.524193321354687 ], [ 772612.423353434540331, 6177216.936021624132991 ], [ 772611.614617350162007, 6177216.347849925979972 ], [ 772610.805881265900098, 6177215.759678228758276 ], [ 772609.997145181638189, 6177215.171506530605257 ], [ 772609.188409097259864, 6177214.58333483338356 ], [ 772608.379673012997955, 6177213.995163135230541 ], [ 772607.570936928619631, 6177213.406991438008845 ], [ 772606.762200844357722, 6177212.818819739855826 ], [ 772605.953464760095812, 6177212.23064804263413 ], [ 772605.144728675717488, 6177211.642476344481111 ], [ 772604.335992591455579, 6177211.054304647259414 ], [ 772603.52725650719367, 6177210.466132949106395 ], [ 772602.718520422815345, 6177209.877961251884699 ], [ 772601.909784338553436, 6177209.28978955373168 ], [ 772601.101048254291527, 6177208.701617856509984 ], [ 772600.292312169913203, 6177208.113446158356965 ], [ 772599.483576085651293, 6177207.525274461135268 ], [ 772598.674840001389384, 6177206.937102763913572 ], [ 772597.86610391701106, 6177206.348931065760553 ], [ 772597.057367832749151, 6177205.760759368538857 ], [ 772596.248631748487242, 6177205.172587670385838 ], [ 772595.439895664108917, 6177204.584415973164141 ], [ 772594.631159579847008, 6177203.996244275011122 ], [ 772593.822423495468684, 6177203.408072577789426 ], [ 772593.013687411206774, 6177202.819900879636407 ], [ 772592.204951326944865, 6177202.231729182414711 ], [ 772591.396215242566541, 6177201.643557484261692 ], [ 772590.587479158304632, 6177201.055385787039995 ], [ 772589.778743074042723, 6177200.467214088886976 ], [ 772588.970006989664398, 6177199.87904239166528 ], [ 772588.161270905402489, 6177199.290870693512261 ], [ 772587.35253482114058, 6177198.702698996290565 ], [ 772586.543798736762255, 6177198.114527298137546 ], [ 772585.735062652500346, 6177197.526355600915849 ], [ 772584.926326568238437, 6177196.93818390276283 ], [ 772584.117590483860113, 6177196.350012205541134 ], [ 772583.308854399598204, 6177195.761840507388115 ], [ 772582.500118315219879, 6177195.173668810166419 ], [ 772581.69138223095797, 6177194.5854971120134 ], [ 772580.882646146696061, 6177193.997325414791703 ], [ 772580.073910062317736, 6177193.409153716638684 ], [ 772579.265173978055827, 6177192.820982019416988 ], [ 772578.456437893793918, 6177192.232810321263969 ], [ 772577.647701809415594, 6177191.644638624042273 ], [ 772576.838965725153685, 6177191.056466925889254 ], [ 772576.030229640891775, 6177190.468295228667557 ], [ 772575.221493556513451, 6177189.880123530514538 ], [ 772574.412757472251542, 6177189.291951833292842 ], [ 772573.604021387989633, 6177188.703780135139823 ], [ 772572.795285303611308, 6177188.115608437918127 ], [ 772571.986549219349399, 6177187.527436739765108 ], [ 772571.17781313508749, 6177186.939265042543411 ] ] } }
]
}
