{
"type": "FeatureCollection",
"crs": { "type": "name", "properties": { "name": "urn:ogc:def:crs:EPSG::32718" } },
"features": [
{ "type": "Feature", "properties": { "name": "reference shoreline 1" }, "geometry": { "type": "LineString", "coordinates": [ [ 784325.578601935994811, 6230490.598570371977985 ], [ 784326.195079306373373, 6230491.386070027947426 ], [ 784326.811556673841551, 6230492.173569694161415 ], [ 784327.428034038515761, 6230492.961069375276566 ], [ 784328.044511398067698, 6230493.748569069430232 ], [ 784328.660988754709251, 6230494.536068777553737 ], [ 784329.277466107159853, 6230495.323568496853113 ], [ 784329.893943456932902, 6230496.111068231984973 ], [ 784330.510420802515, 6230496.898567978292704 ], [ 784331.126898144255392, 6230497.68606773763895 ], [ 784331.743375481804833, 6230498.473567510955036 ], [ 784332.35985281644389, 6230499.261067296378314 ], [ 784332.97633014828898, 6230500.048567095771432 ], [ 784333.592807475011796, 6230500.836066910065711 ], [ 784334.209284798707813, 6230501.623566734604537 ], [ 784334.825762118212879, 6230502.411066574044526 ], [ 784335.442239435156807, 6230503.19856642652303 ], [ 784336.058716748142615, 6230503.986066290177405 ], [ 784336.67519405670464, 6230504.773566169664264 ], [ 784337.291671361541376, 6230505.561066061258316 ], [ 784337.908148663351312, 6230506.348565965890884 ], [ 784338.524625961086713, 6230507.136065882630646 ], [ 784339.141103256028146, 6230507.923565814271569 ], [ 784339.757580547011457, 6230508.711065757088363 ], [ 784340.374057833803818, 6230509.498565714806318 ], [ 784340.990535116521642, 6230510.286065684631467 ], [ 784341.607012396678329, 6230511.073565669357777 ], [ 784342.223489672527649, 6230511.861065665259957 ], [ 784342.839966945583001, 6230512.648565674200654 ], [ 784343.456444214563817, 6230513.436065698973835 ], [ 784344.072921479353681, 6230514.223565734922886 ], [ 784344.689398740418255, 6230515.011065784841776 ], [ 784345.305875998456031, 6230515.798565846867859 ], [ 784345.922353252535686, 6230516.586065923795104 ], [ 784346.538830503588542, 6230517.373566010966897 ], [ 784347.155307750683278, 6230518.161066113971174 ], [ 784347.771784993587062, 6230518.948566228151321 ], [ 784348.388262232765555, 6230519.736066354438663 ], [ 784349.00473946868442, 6230520.52356649748981 ], [ 784349.621216700877994, 6230521.311066653579473 ], [ 784350.23769393004477, 6230522.098566818982363 ], [ 784350.854171155253425, 6230522.886067001149058 ], [ 784351.470648376503959, 6230523.673567194491625 ], [ 784352.087125593563542, 6230524.46106740180403 ], [ 784352.703602807829157, 6230525.248567622154951 ], [ 784353.320080018020235, 6230526.036067855544388 ], [ 784353.93655722530093, 6230526.823568101972342 ], [ 784354.553034427342936, 6230527.611068361438811 ], [ 784355.169511626590975, 6230528.398568635806441 ], [ 784355.785988823045045, 6230529.186068922281265 ], [ 784356.402466015191749, 6230529.973569219000638 ], [ 784357.018943203613162, 6230530.761069532483816 ], [ 784357.635420387843624, 6230531.548569858074188 ], [ 784358.251897569047287, 6230532.336070196703076 ], [ 784358.868374746409245, 6230533.123570548370481 ], [ 784359.484851920977235, 6230533.911070913076401 ], [ 784360.101329090073705, 6230534.698571290820837 ], [ 784360.717806256609038, 6230535.486071681603789 ], [ 784361.334283420117572, 6230536.273572087287903 ], [ 784361.950760579435155, 6230537.061072503216565 ], [ 784362.567237734794617, 6230537.848572935909033 ], [ 784363.183714886195958, 6230538.636073378846049 ], [ 784363.800192034803331, 6230539.423573836684227 ], [ 784364.416669179219753, 6230540.211074307560921 ], [ 784365.033146319561638, 6230540.998574789613485 ], [ 784365.649623457225971, 6230541.786075286567211 ], [ 784366.266100590582937, 6230542.57357579562813 ], [ 784366.882577721262351, 6230543.361076317727566 ], [ 784367.499054847750813, 6230544.148576854728162 ], [ 784368.115531970281154, 6230544.936077404767275 ], [ 784368.732009088853374, 6230545.723577966913581 ], [ 784369.348486204631627, 6230546.511078540235758 ], [ 784369.964963315986097, 6230547.298579129390419 ], [ 784370.581440423498861, 6230548.086079731583595 ], [ 784371.197917528217658, 6230548.873580346815288 ], [ 784371.814394628861919, 6230549.661080975085497 ], [ 784372.430871726712212, 6230550.448581617325544 ], [ 784373.0473488192074, 6230551.236082270741463 ], [ 784373.663825908792205, 6230552.023582939058542 ], [ 784374.280302995466627, 6230552.811083618551493 ], [ 784374.896780078415759, 6230553.598584312945604 ], [ 784375.513257157057524, 6230554.386085019446909 ], [ 784376.129734231624752, 6230555.173585738986731 ], [ 784376.746211303398013, 6230555.96108647249639 ], [ 784377.362688371213153, 6230556.748587220907211 ], [ 784377.979165434953757, 6230557.536087978631258 ], [ 784378.595642495667562, 6230558.323588751256466 ], [ 784379.212119552539662, 6230559.11108953692019 ], [ 784379.828596606501378, 6230559.898590336553752 ], [ 784380.44507365510799, 6230560.686091148294508 ], [ 784381.061550701037049, 6230561.473591974005103 ], [ 784381.67802774393931, 6230562.261092814616859 ], [ 784382.294504782767035, 6230563.048593662679195 ], [ 784382.910981817753054, 6230563.836094529367983 ], [ 784383.527458848431706, 6230564.623595407232642 ], [ 784384.143935876432806, 6230565.411096297204494 ], [ 784384.760412900242954, 6230566.198597202077508 ], [ 784385.376889920327812, 6230566.986098119989038 ], [ 784385.993366937153041, 6230567.773599050007761 ], [ 784386.609843950136565, 6230568.561099994927645 ], [ 784387.22632096009329, 6230569.348600951954722 ], [ 784387.842797965044156, 6230570.136101922020316 ], [ 784388.459274966968223, 6230570.923602902330458 ], [ 784389.075751966098323, 6230571.711103900335729 ], [ 784389.692228961153887, 6230572.498604909516871 ], [ 784390.308705952134915, 6230573.286105930805206 ], [ 784390.925182939157821, 6230574.073606968857348 ], [ 784391.541659923270345, 6230574.861108016222715 ], [ 784392.158136903308332, 6230575.648609079420567 ], [ 784392.774613879388198, 6230576.436110153794289 ], [ 784393.391090852441266, 6230577.223611243069172 ], [ 784394.007567821419798, 6230578.011112343519926 ], [ 784394.624044787837192, 6230578.798613460734487 ], [ 784395.240521748783067, 6230579.586114587262273 ], [ 784395.856998706934974, 6230580.373615727759898 ], [ 784396.473475662060082, 6230581.161116881296039 ], [ 784397.089952613343485, 6230581.948618050664663 ], [ 784397.706429560435936, 6230582.736119229346514 ], [ 784398.322906503570266, 6230583.523620423860848 ], [ 784398.939383443910629, 6230584.311121631413698 ], [ 784399.555860380060039, 6230585.098622851073742 ], [ 784400.172337312251329, 6230585.886124083772302 ], [ 784400.788814241532236, 6230586.673625329509377 ], [ 784401.405291166622192, 6230587.461126590147614 ], [ 784402.02176808915101, 6230588.248627861961722 ], [ 784402.638245006324723, 6230589.036129146814346 ], [ 784403.254721920471638, 6230589.823630446568131 ], [ 784403.871198831941001, 6230590.611131757497787 ], [ 784404.487675739219412, 6230591.398633083328605 ], [ 784405.104152642539702, 6230592.186134422197938 ], [ 784405.720629541785456, 6230592.973635772243142 ], [ 784406.337106438120827, 6230593.761137137189507 ], [ 784406.953583330614492, 6230594.548638516105711 ], [ 784407.570060218917206, 6230595.336139906197786 ], [ 784408.186537104193121, 6230596.123641311191022 ], [ 784408.803013985627331, 6230596.911142728291452 ], [ 784409.419490864151157, 6230597.69864415936172 ], [ 784410.035967738600448, 6230598.486145602539182 ], [ 784410.652444608975202, 6230599.273647058755159 ], [ 784411.268921475391835, 6230600.061148528940976 ], [ 784411.88539833878167, 6230600.848650012165308 ], [ 784412.501875198213384, 6230601.636151506565511 ], [ 784413.11835205485113, 6230602.423653017729521 ], [ 784413.734828906133771, 6230603.211154537275434 ], [ 784414.351305754622445, 6230603.998656074516475 ], [ 784414.967782600200735, 6230604.78615762386471 ], [ 784415.584259441820905, 6230605.573659187182784 ], [ 784416.200736279250123, 6230606.361160759814084 ], [ 784416.81721311272122, 6230607.148662349209189 ], [ 784417.433689943281934, 6230607.936163950711489 ], [ 784418.050166769884527, 6230608.723665565252304 ], [ 784418.666643593460321, 6230609.511167192831635 ], [ 784418.865506655653007, 6230609.765199432149529 ], [ 784419.436122879036702, 6230610.586539575830102 ], [ 784420.006739096716046, 6230611.407879734411836 ], [ 784420.577355310088024, 6230612.229219903238118 ], [ 784421.147971519269049, 6230613.050560086034238 ], [ 784421.718587721465155, 6230613.871900280937552 ], [ 784422.28920391947031, 6230614.69324048794806 ], [ 784422.859820112003945, 6230615.514580709859729 ], [ 784423.430436300113797, 6230616.335920942947268 ], [ 784424.001052482635714, 6230617.157261189073324 ], [ 784424.571668659686111, 6230617.978601448237896 ], [ 784425.142284832312725, 6230618.799941718578339 ], [ 784425.712900998303667, 6230619.621282001957297 ], [ 784426.283517161151394, 6230620.442622298374772 ], [ 784426.854133317130618, 6230621.263962607830763 ], [ 784427.42474946891889, 6230622.085302929393947 ], [ 784427.995365616399795, 6230622.906643263995647 ], [ 784428.565981757012196, 6230623.727983610704541 ], [ 784429.136597894597799, 6230624.549323970451951 ], [ 784429.707214025314897, 6230625.370664344169199 ], [ 784430.277830151724629, 6230626.192004729062319 ], [ 784430.848446272546425, 6230627.013345126062632 ], [ 784431.419062387896702, 6230627.83468553610146 ], [ 784431.989678498939611, 6230628.656025960110128 ], [ 784432.560294604394585, 6230629.477366394363344 ], [ 784433.130910704378039, 6230630.298706844449043 ], [ 784433.701526799821295, 6230631.120047304779291 ], [ 784434.272142889909446, 6230631.941387777216733 ], [ 784434.842758975690231, 6230632.762728265486658 ], [ 784435.41337505588308, 6230633.584068763069808 ], [ 784435.983991130487993, 6230634.405409274622798 ], [ 784436.554607199504972, 6230635.226749799214303 ], [ 784437.125223264330998, 6230636.048090335913002 ], [ 784437.695839323569089, 6230636.86943088658154 ], [ 784438.266455378266983, 6230637.690771447494626 ], [ 784438.837071427609771, 6230638.512112023308873 ], [ 784439.40768747148104, 6230639.333452610298991 ], [ 784439.978303510928527, 6230640.154793210327625 ], [ 784440.548919544788077, 6230640.976133823394775 ], [ 784441.119535573059693, 6230641.797474449500442 ], [ 784441.690151597140357, 6230642.618815086781979 ], [ 784442.260767614468932, 6230643.440155736170709 ], [ 784442.831383628537878, 6230644.261496398597956 ], [ 784443.401999637135305, 6230645.082837076857686 ], [ 784443.972615638980642, 6230645.904177764430642 ], [ 784444.543231637682766, 6230646.725518465973437 ], [ 784445.113847630796954, 6230647.546859182417393 ], [ 784445.684463618556038, 6230648.368199907243252 ], [ 784446.25507960061077, 6230649.189540647901595 ], [ 784446.825695578241721, 6230650.010881397873163 ], [ 784447.396311550517567, 6230650.832222163677216 ], [ 784447.966927517205477, 6230651.653562938794494 ], [ 784448.537543479469605, 6230652.474903730675578 ], [ 784449.108159436262213, 6230653.296244532801211 ], [ 784449.678775388747454, 6230654.11758534796536 ], [ 784450.249391335528344, 6230654.938926176168025 ], [ 784450.820007276954129, 6230655.760267017409205 ], [ 784451.390623212791979, 6230656.58160787075758 ], [ 784451.961239144206047, 6230657.402948735281825 ], [ 784452.531855070148595, 6230658.224289614707232 ], [ 784453.10247099166736, 6230659.045630505308509 ], [ 784453.673086907714605, 6230659.866971410810947 ], [ 784454.243702818173915, 6230660.688312327489257 ], [ 784454.814318724442273, 6230661.509653255343437 ], [ 784455.384934624889866, 6230662.330994198098779 ], [ 784455.955550519982353, 6230663.152335150167346 ], [ 784456.526166410883889, 6230663.973676119931042 ], [ 784457.096782294800505, 6230664.795017097145319 ], [ 784457.667398175690323, 6230665.61635809019208 ], [ 784458.23801405087579, 6230666.437699095346034 ], [ 784458.808629920706153, 6230667.259040113538504 ], [ 784459.379245784832165, 6230668.080381143838167 ], [ 784459.949861644767225, 6230668.901722185313702 ], [ 784460.520477498997934, 6230669.723063240759075 ], [ 784461.091093347757123, 6230670.544404310174286 ], [ 784461.661709192208946, 6230671.365745390765369 ], [ 784462.232325031189248, 6230672.18708648532629 ], [ 784462.802940864465199, 6230673.008427591994405 ], [ 784463.373556693550199, 6230673.829768710769713 ], [ 784463.944172517047264, 6230674.651109842583537 ], [ 784464.514788336120546, 6230675.47245098464191 ], [ 784465.085404149722308, 6230676.293792143464088 ], [ 784465.656019957736135, 6230677.115133311599493 ], [ 784466.226635761326179, 6230677.936474494636059 ], [ 784466.797251558396965, 6230678.757815688848495 ], [ 784467.367867352208123, 6230679.579156895168126 ], [ 784467.938483139267191, 6230680.40049811732024 ], [ 784468.509098921902478, 6230681.221839349716902 ], [ 784469.079714699182659, 6230682.043180596083403 ], [ 784469.650330471922643, 6230682.864521852694452 ], [ 784470.220946239307523, 6230683.685863124206662 ], [ 784470.791562001104467, 6230684.507204407826066 ], [ 784471.362177758477628, 6230685.328545703552663 ], [ 784471.93279351037927, 6230686.149887012317777 ], [ 784472.503409256692976, 6230686.971228332258761 ], [ 784473.0740249985829, 6230687.792569667100906 ], [ 784473.644640735001303, 6230688.613911013118923 ], [ 784474.21525646711234, 6230689.4352523740381 ], [ 784474.785872192471288, 6230690.256593747064471 ], [ 784475.356487914687023, 6230691.077935130335391 ], [ 784475.927103630034253, 6230691.899276526644826 ], [ 784476.497719341190532, 6230692.720617935992777 ], [ 784477.068335046758875, 6230693.541959358379245 ], [ 784477.638950746739283, 6230694.363300792872906 ], [ 784478.20956644252874, 6230695.184642242267728 ], [ 784478.780182133661583, 6230696.005983701907098 ], [ 784479.350797818391584, 6230696.82732517644763 ], [ 784479.921413498581387, 6230697.648666663095355 ], [ 784480.49202917329967, 6230698.470008160918951 ], [ 784481.062644843594171, 6230699.291349670849741 ], [ 784481.633260508417152, 6230700.112691195681691 ], [ 784482.203876167768613, 6230700.93403273075819 ], [ 784482.774491822579876, 6230701.75537428073585 ], [ 784483.345107472036034, 6230702.576715841889381 ], [ 784483.915723115904257, 6230703.398057416081429 ], [ 784484.486338755348697, 6230704.219399004243314 ], [ 784485.056954389438033, 6230705.040740601718426 ], [ 784485.627570017706603, 6230705.862082215957344 ], [ 784486.198185641784221, 6230706.683423841372132 ], [ 784486.768801260273904, 6230707.504765478894114 ], [ 784487.339416873175651, 6230708.326107127591968 ], [ 784487.910032481886446, 6230709.147448790259659 ], [ 784488.480648085009307, 6230709.968790467828512 ], [ 784489.051263683591969, 6230710.790132153779268 ], [ 784489.621879276819527, 6230711.611473856493831 ], [ 784490.192494864342734, 6230712.432815570384264 ], [ 784490.763110446510836, 6230713.254157296381891 ], [ 784491.333726024255157, 6230714.075499035418034 ], [ 784491.904341596411541, 6230714.89684078656137 ], [ 784492.474957164376974, 6230715.718182550743222 ], [ 784493.045572726521641, 6230716.539524326100945 ], [ 784493.616188283311203, 6230717.36086611635983 ], [ 784494.186803835793398, 6230718.18220791965723 ], [ 784494.757419382687658, 6230719.003549734130502 ], [ 784495.328034924110398, 6230719.824891561642289 ], [ 784495.89865046099294, 6230720.64623340126127 ], [ 784496.469265992403962, 6230721.467575253918767 ], [ 784497.039881518343464, 6230722.288917120546103 ], [ 784497.610497039742768, 6230723.110258996486664 ], [ 784498.181112555786967, 6230723.931600887328386 ], [ 784498.751728066243231, 6230724.752942791208625 ], [ 784499.322343572508544, 6230725.574284708127379 ], [ 784499.89295907295309, 6230726.395626636222005 ], [ 784500.463574569206685, 6230727.216968579217792 ], [ 784501.034190059872344, 6230728.038310531526804 ], [ 784501.604805544950068, 6230728.859652496874332 ], [ 784502.175421024439856, 6230729.680994478054345 ], [ 784502.746036499738693, 6230730.502336470410228 ], [ 784503.316651969449595, 6230731.323678473941982 ], [ 784503.887267434736714, 6230732.145020491443574 ], [ 784504.457882894668728, 6230732.966362521052361 ], [ 784505.028498348779976, 6230733.78770456276834 ], [ 784505.599113798700273, 6230734.609046617522836 ], [ 784506.169729243032634, 6230735.43038868624717 ], [ 784506.74034468177706, 6230736.251730766147375 ], [ 784507.310960116214119, 6230737.073072858154774 ], [ 784507.881575545063242, 6230737.894414965994656 ], [ 784508.452190968557261, 6230738.715757084079087 ], [ 784509.022806387627497, 6230739.537099214270711 ], [ 784509.593421800993383, 6230740.358441360294819 ], [ 784510.164037209004164, 6230741.179783516563475 ], [ 784510.734652612474747, 6230742.001125684939325 ], [ 784511.305268010590225, 6230742.822467865422368 ], [ 784511.875883404165506, 6230743.64381005987525 ], [ 784512.446498792385682, 6230744.465152267366648 ], [ 784513.017114174901508, 6230745.286494487896562 ], [ 784513.587729552062228, 6230746.107836718671024 ], [ 784514.158344924682751, 6230746.929178963415325 ], [ 784514.728960293112323, 6230747.750521222129464 ], [ 784515.299575654556975, 6230748.571863492950797 ], [ 784515.870191011810675, 6230749.393205774948001 ], [ 784516.440806363592856, 6230750.214548069983721 ], [ 784517.011421710951254, 6230751.035890378057957 ], [ 784517.582037052838132, 6230751.857232701033354 ], [ 784518.152652388904244, 6230752.678575033321977 ], [ 784518.723267721012235, 6230753.499917380511761 ], [ 784519.29388304729946, 6230754.321259738877416 ], [ 784519.86449836823158, 6230755.142602109350264 ], [ 784520.435113684623502, 6230755.963944492861629 ], [ 784521.005728995427489, 6230756.785286890342832 ], [ 784521.576344301924109, 6230757.606629300862551 ], [ 784522.146959601901472, 6230758.427971722558141 ], [ 784522.717574898502789, 6230759.249314157292247 ], [ 784523.288190188468434, 6230760.070656605064869 ], [ 784523.858805474010296, 6230760.891999064013362 ], [ 784524.429420754080638, 6230761.713341536000371 ], [ 784525.000036029843614, 6230762.534684022888541 ], [ 784525.570651299785823, 6230763.356026519089937 ], [ 784526.141266564372927, 6230764.177369030192494 ], [ 784526.711881824652664, 6230764.998711554333568 ], [ 784527.282497079344466, 6230765.820054091513157 ], [ 784527.853112328564748, 6230766.641396638937294 ], [ 784528.423727572197095, 6230767.462739201262593 ], [ 784528.994342812569812, 6230768.284081775695086 ], [ 784529.564958046423271, 6230769.105424361303449 ], [ 784530.135573275620118, 6230769.926766959950328 ], [ 784530.706188499461859, 6230770.748109571635723 ], [ 784531.276803717715666, 6230771.569452196359634 ], [ 784531.847418931662105, 6230772.390794834122062 ], [ 784532.418034140020609, 6230773.212137484923005 ], [ 784532.988649344071746, 6230774.033480145037174 ], [ 784533.559264541137964, 6230774.854822820983827 ], [ 784534.06682829814963, 6230775.585409361869097 ], [ 784534.623544005677104, 6230776.416236142627895 ], [ 784535.180259708547965, 6230777.247062938287854 ], [ 784535.736975405365229, 6230778.077889745123684 ], [ 784536.293691095896065, 6230778.908716566860676 ], [ 784536.850406781770289, 6230779.739543398842216 ], [ 784537.407122462522238, 6230780.570370243862271 ], [ 784537.963838136172853, 6230781.401197101920843 ], [ 784538.520553806098178, 6230782.232023973017931 ], [ 784539.077269469737075, 6230783.06285085529089 ], [ 784539.633985127555206, 6230783.893677750602365 ], [ 784540.19070077908691, 6230784.72450465708971 ], [ 784540.747416427126154, 6230785.555331578478217 ], [ 784541.304132067598403, 6230786.386158510111272 ], [ 784541.860847703414038, 6230787.216985455714166 ], [ 784542.417563334107399, 6230788.047812413424253 ], [ 784542.974278958979994, 6230788.878639382310212 ], [ 784543.530994577566162, 6230789.709466364234686 ], [ 784544.087710191379301, 6230790.540293360128999 ], [ 784544.644425799022429, 6230791.371120367199183 ], [ 784545.201141401776113, 6230792.201947388239205 ], [ 784545.757856998359784, 6230793.032774418592453 ], [ 784546.314572590170428, 6230793.863601463846862 ], [ 784546.871288175927475, 6230794.694428520277143 ], [ 784547.428003755398095, 6230795.525255590677261 ], [ 784547.984719331376255, 6230796.356082674115896 ], [ 784548.541434899903834, 6230797.186909768730402 ], [ 784549.098150463658385, 6230798.017736875452101 ], [ 784549.654866021242924, 6230798.848563993349671 ], [ 784550.211581574054435, 6230799.679391127079725 ], [ 784550.768297121860087, 6230800.51021827198565 ], [ 784551.325012662331574, 6230801.341045429930091 ], [ 784551.881728198030032, 6230802.171872599050403 ], [ 784552.438443728722632, 6230803.00269978120923 ], [ 784552.995159253361635, 6230803.833526973612607 ], [ 784553.551874773111194, 6230804.664354180917144 ], [ 784554.108590286690742, 6230805.495181401260197 ], [ 784554.665305794449523, 6230806.326008632779121 ], [ 784555.22202129708603, 6230807.156835876405239 ], [ 784555.778736794716679, 6230807.987663134932518 ], [ 784556.335452286526561, 6230808.818490402773023 ], [ 784556.892167772050016, 6230809.649317683652043 ], [ 784557.448883251752704, 6230810.480144979432225 ], [ 784558.005598727380857, 6230811.310972288250923 ], [ 784558.562314195791259, 6230812.141799604520202 ], [ 784559.119029659545049, 6230812.972626936621964 ], [ 784559.67574511829298, 6230813.803454281762242 ], [ 784560.232460570987314, 6230814.634281638078392 ], [ 784560.789176018559374, 6230815.465109007433057 ], [ 784561.345891459146515, 6230816.295936388894916 ], [ 784561.90260689589195, 6230817.126763782463968 ], [ 784562.459322326467372, 6230817.957591189071536 ], [ 784563.016037750989199, 6230818.788418606854975 ], [ 784563.572753170737997, 6230819.619246039539576 ], [ 784564.129468584200367, 6230820.450073482468724 ], [ 784564.68618399288971, 6230821.280900939367712 ], [ 784565.242899395525455, 6230822.11172840744257 ], [ 784565.799614791991189, 6230822.942555890418589 ], [ 784566.356330183451064, 6230823.773383382707834 ], [ 784566.913045570254326, 6230824.604210890829563 ], [ 784567.469760950887576, 6230825.435038408264518 ], [ 784568.026476325234398, 6230826.265865938737988 ], [ 784568.583191694924608, 6230827.096693483181298 ], [ 784569.13990705832839, 6230827.927521038800478 ], [ 784569.696622417075559, 6230828.758348609320819 ], [ 784570.253337769536301, 6230829.589176189154387 ], [ 784570.8100531171076, 6230830.420003782957792 ], [ 784571.366768458741717, 6230831.250831389799714 ], [ 784571.92348379525356, 6230832.081659007817507 ], [ 784572.480199125828221, 6230832.912486638873816 ], [ 784573.036914450349286, 6230833.743314281105995 ], [ 784573.593629769864492, 6230834.574141940101981 ], [ 784574.150345084490255, 6230835.404969606548548 ], [ 784574.707060391781852, 6230836.235797287896276 ], [ 784575.263775695348158, 6230837.066624980419874 ], [ 784575.820490991929546, 6230837.897452685981989 ], [ 784576.377206284552813, 6230838.72828040458262 ], [ 784576.933921569841914, 6230839.559108136221766 ], [ 784577.490636850474402, 6230840.389935877174139 ], [ 784578.047352125868201, 6230841.220763634890318 ], [ 784578.604067395324819, 6230842.051591403782368 ], [ 784579.160782659891993, 6230842.882419185712934 ], [ 784579.717497918521985, 6230843.71324697509408 ], [ 784580.274213170865551, 6230844.544074781239033 ], [ 784580.830928418319672, 6230845.374902601353824 ], [ 784581.387643659836613, 6230846.205730431713164 ], [ 784581.944358896231279, 6230847.036558274179697 ], [ 784582.501074126688763, 6230847.867386130616069 ], [ 784583.057789352256805, 6230848.698213998228312 ], [ 784583.614504571538419, 6230849.529041877947748 ], [ 784584.171219786163419, 6230850.3598697707057 ], [ 784584.727934994501993, 6230851.190697675570846 ], [ 784585.28465019678697, 6230852.021525593474507 ], [ 784585.841365394415334, 6230852.852353524416685 ], [ 784586.398080586805008, 6230853.683181466534734 ], [ 784586.954795773257501, 6230854.514009422622621 ], [ 784587.511510953656398, 6230855.344837391749024 ], [ 784588.068226129049435, 6230856.175665371119976 ], [ 784588.624941298388876, 6230857.006493363529444 ], [ 784589.181656462838873, 6230857.837321368977427 ], [ 784589.738371621118858, 6230858.668149385601282 ], [ 784590.295086774742231, 6230859.498977417126298 ], [ 784590.851801921846345, 6230860.329805459827185 ], [ 784591.408517063129693, 6230861.160633513703942 ], [ 784591.965232199523598, 6230861.991461584344506 ], [ 784592.521947331144474, 6230862.822289663366973 ], [ 784593.078662456362508, 6230863.653117753565311 ], [ 784593.635377575759776, 6230864.483945859596133 ], [ 784594.192092689918354, 6230865.314773976802826 ], [ 784594.748807798139751, 6230866.145602106116712 ], [ 784595.305522901704535, 6230866.976430250331759 ], [ 784595.862237998982891, 6230867.807258404791355 ], [ 784596.418953091371804, 6230868.638086571358144 ], [ 784596.975668177707121, 6230869.468914752826095 ], [ 784597.53238325775601, 6230870.299742944538593 ], [ 784598.089098333148286, 6230871.130571147426963 ], [ 784598.645813403418288, 6230871.961399366147816 ], [ 784599.202528467867523, 6230872.79222759604454 ], [ 784599.759243526030332, 6230873.623055838048458 ], [ 784600.315958579303697, 6230874.453884092159569 ], [ 784600.872673626523465, 6230875.284712357446551 ], [ 784601.42938866885379, 6230876.11554063949734 ], [ 784601.986103705130517, 6230876.946368930861354 ], [ 784602.542818736284971, 6230877.777197235263884 ], [ 784603.099533761385828, 6230878.60802555270493 ], [ 784603.656248781713657, 6230879.43885388225317 ], [ 784604.212963795987889, 6230880.269682222977281 ], [ 784604.769678804092109, 6230881.100510580465198 ], [ 784605.326393807306886, 6230881.931338945403695 ], [ 784605.883108805632219, 6230882.762167325243354 ], [ 784606.439823797903955, 6230883.592995718121529 ], [ 784606.996538784122095, 6230884.423824122175574 ], [ 784607.55325376521796, 6230885.254652537405491 ], [ 784608.109968740376644, 6230886.085480967536569 ], [ 784608.666683710645884, 6230886.916309408843517 ], [ 784609.223398674745113, 6230887.747137863188982 ], [ 784609.780113633954898, 6230888.57796632964164 ], [ 784610.33682858699467, 6230889.408794809132814 ], [ 784610.893543535261415, 6230890.239623300731182 ], [ 784611.450258477358148, 6230891.070451806299388 ], [ 784612.006973413284868, 6230891.90128032118082 ], [ 784612.563688344554976, 6230892.732108850963414 ], [ 784613.120403269538656, 6230893.562937391921878 ], [ 784613.677118189632893, 6230894.393765946850181 ], [ 784614.233833104837686, 6230895.224594512954354 ], [ 784614.790548012824729, 6230896.055423093028367 ], [ 784615.347262917086482, 6230896.886251683346927 ], [ 784615.903977814130485, 6230897.717080288566649 ], [ 784616.460692706052214, 6230898.547908904030919 ], [ 784617.01740759331733, 6230899.378737531602383 ], [ 784617.574122474296018, 6230900.209566174075007 ], [ 784618.130837350385264, 6230901.040394827723503 ], [ 784618.687552220420912, 6230901.871223493479192 ], [ 784619.244267084402964, 6230902.702052172273397 ], [ 784619.800981943262741, 6230903.532880863174796 ], [ 784620.357696796418168, 6230904.363709568977356 ], [ 784620.91441164445132, 6230905.194538285024464 ], [ 784621.471126486314461, 6230906.025367012247443 ], [ 784622.027841323288158, 6230906.856195753440261 ], [ 784622.584556154208258, 6230907.687024505808949 ], [ 784623.14127098035533, 6230908.517853273078799 ], [ 784623.697985800215974, 6230909.34868205152452 ], [ 784624.254700615303591, 6230910.179510843008757 ], [ 784624.811415424221195, 6230911.010339645668864 ], [ 784625.368130227085203, 6230911.841168463230133 ], [ 784625.924845025059767, 6230912.67199729103595 ], [ 784626.481559816864319, 6230913.502826130948961 ], [ 784627.038274603663012, 6230914.33365498483181 ], [ 784627.594989385688677, 6230915.164483850821853 ], [ 784628.151704160496593, 6230915.995312727987766 ], [ 784628.708418931579217, 6230916.826141620986164 ], [ 784629.265133695327677, 6230917.656970523297787 ], [ 784629.821848455467261, 6230918.487799438647926 ], [ 784630.378563208156265, 6230919.318628367036581 ], [ 784630.935277955955826, 6230920.149457308463752 ], [ 784631.491992698865943, 6230920.98028626292944 ], [ 784632.048707435606048, 6230921.811115227639675 ], [ 784632.605422166408971, 6230922.641944203525782 ], [ 784633.162136892206036, 6230923.472773194313049 ], [ 784633.718851613113657, 6230924.303602198138833 ], [ 784634.275566326803528, 6230925.134431215003133 ], [ 784634.832281036884524, 6230925.965260241180658 ], [ 784635.388995740562677, 6230926.796089282259345 ], [ 784635.945710438187234, 6230927.626918334513903 ], [ 784636.502425129991025, 6230928.457747399806976 ], [ 784637.059139817836694, 6230929.288576480001211 ], [ 784637.615854498581029, 6230930.119405569508672 ], [ 784638.172569174319506, 6230930.950234671123326 ], [ 784638.729283845052123, 6230931.781063786707819 ], [ 784639.152039712993428, 6230932.411975652910769 ], [ 784639.69826048205141, 6230933.249741215258837 ], [ 784640.244481244822964, 6230934.087506791576743 ], [ 784640.790702002355829, 6230934.925272380933166 ], [ 784641.336922753718682, 6230935.763037981465459 ], [ 784641.88314349995926, 6230936.600803595036268 ], [ 784642.429364240029827, 6230937.438569219782948 ], [ 784642.975584973697551, 6230938.276334858499467 ], [ 784643.521805702475831, 6230939.114100508391857 ], [ 784644.068026424851269, 6230939.95186617039144 ], [ 784644.614247140940279, 6230940.78963184542954 ], [ 784645.160467851907015, 6230941.62739753164351 ], [ 784645.70668855542317, 6230942.465163230895996 ], [ 784646.252909254981205, 6230943.302928942255676 ], [ 784646.799129947321489, 6230944.140694664791226 ], [ 784647.345350635703653, 6230944.978460403159261 ], [ 784647.891571316402406, 6230945.816226149909198 ], [ 784648.437791992211714, 6230946.653991911560297 ], [ 784648.984012661734596, 6230947.491757685318589 ], [ 784649.530233324854635, 6230948.329523470252752 ], [ 784650.07645398308523, 6230949.167289268225431 ], [ 784650.622674634912983, 6230950.005055077373981 ], [ 784651.168895280570723, 6230950.842820902355015 ], [ 784651.715115921106189, 6230951.680586736649275 ], [ 784652.261336555238813, 6230952.518352583050728 ], [ 784652.807557184481993, 6230953.356118442490697 ], [ 784653.353777806158178, 6230954.193884314969182 ], [ 784653.899998424109071, 6230955.031650200486183 ], [ 784654.446219034376554, 6230955.86941609531641 ], [ 784654.992439639521763, 6230956.707182006910443 ], [ 784655.538660238613375, 6230957.54494792688638 ], [ 784656.084880832582712, 6230958.382713859900832 ], [ 784656.631101420149207, 6230959.220479805022478 ], [ 784657.177322001429275, 6230960.058245764113963 ], [ 784657.723542576422915, 6230960.896011734381318 ], [ 784658.269763146759942, 6230961.733777718618512 ], [ 784658.815983711509034, 6230962.571543713100255 ], [ 784659.362204269040376, 6230963.409309721551836 ], [ 784659.908424821333028, 6230964.247075740247965 ], [ 784660.454645368619822, 6230965.084841772913933 ], [ 784661.00086590857245, 6230965.922607816755772 ], [ 784661.547086443286389, 6230966.760373874567449 ], [ 784662.093306972878054, 6230967.598139943554997 ], [ 784662.639527495019138, 6230968.435906024649739 ], [ 784663.185748012037948, 6230969.273672118782997 ], [ 784663.731968524283729, 6230970.111438225023448 ], [ 784664.278189030010253, 6230970.949204344302416 ], [ 784664.82440952945035, 6230971.786970473825932 ], [ 784665.370630022720434, 6230972.624736618250608 ], [ 784665.916850510751829, 6230973.462502772919834 ], [ 784666.463070992613211, 6230974.300268939696252 ], [ 784667.009291468188167, 6230975.13803512044251 ], [ 784667.555511938640848, 6230975.97580131329596 ], [ 784668.101732403039932, 6230976.813567517325282 ], [ 784668.647952861967497, 6230977.65133373439312 ], [ 784669.194173314957879, 6230978.489099964499474 ], [ 784669.74039376154542, 6230979.326866205781698 ], [ 784670.28661420289427, 6230980.164632460102439 ], [ 784670.832834637025371, 6230981.002398726530373 ], [ 784671.379055067314766, 6230981.840165005996823 ], [ 784671.92527548992075, 6230982.677931297570467 ], [ 784672.471495907520875, 6230983.515697600319982 ], [ 784673.017716319998726, 6230984.353463916108012 ], [ 784673.563936725258827, 6230985.191230244934559 ], [ 784674.110157125047408, 6230986.028996584005654 ], [ 784674.656377518782392, 6230986.86676293797791 ], [ 784675.202597907278687, 6230987.704529303126037 ], [ 784675.748818289721385, 6230988.54229568131268 ], [ 784676.295038667041808, 6230989.380062070675194 ], [ 784676.841259036678821, 6230990.217828471213579 ], [ 784677.38747940142639, 6230991.055594886653125 ], [ 784677.933699761051685, 6230991.893361314199865 ], [ 784678.479920114390552, 6230992.731127753853798 ], [ 784679.026140461442992, 6230993.568894203752279 ], [ 784679.572360802209005, 6230994.406660667620599 ], [ 784680.118581138085574, 6230995.244427144527435 ], [ 784680.664801467442885, 6230996.08219363167882 ], [ 784681.211021791677922, 6230996.919960133731365 ], [ 784681.757242109742947, 6230997.757726645097136 ], [ 784682.303462421521544, 6230998.595493171364069 ], [ 784682.84968272713013, 6230999.433259708806872 ], [ 784683.395903027616441, 6231000.271026259288192 ], [ 784683.94212332169991, 6231001.108792821876705 ], [ 784684.488343610661104, 6231001.946559395641088 ], [ 784685.034563893452287, 6231002.784325982443988 ], [ 784685.580784170073457, 6231003.622092583216727 ], [ 784686.127004441572353, 6231004.459859195165336 ], [ 784686.673224706668407, 6231005.297625819221139 ], [ 784687.219444965594448, 6231006.135392454452813 ], [ 784687.765665219398215, 6231006.973159102723002 ], [ 784688.311885467031971, 6231007.810925764963031 ], [ 784688.858105708146468, 6231008.648692436516285 ], [ 784689.404325944371521, 6231009.4864591229707 ], [ 784689.950546174310148, 6231010.324225821532309 ], [ 784690.496766398893669, 6231011.161992530338466 ], [ 784691.042986616492271, 6231011.999759254977107 ], [ 784691.589206829783507, 6231012.837525989860296 ], [ 784692.135427035740577, 6231013.675292735919356 ], [ 784692.681647236691788, 6231014.513059496879578 ], [ 784693.227867431240156, 6231015.350826268084347 ], [ 784693.774087620899081, 6231016.188593054190278 ], [ 784694.320307802874595, 6231017.026359849609435 ], [ 784694.866527981008403, 6231017.864126657135785 ], [ 784695.412748151808046, 6231018.701893479563296 ], [ 784695.958968317368999, 6231019.539660314098001 ], [ 784696.50518847675994, 6231020.377427160739899 ], [ 784697.051408631028607, 6231021.215194018557668 ], [ 784697.597628779010847, 6231022.052960889413953 ], [ 784698.14384892070666, 6231022.890727771446109 ], [ 784698.690069057163782, 6231023.728494665585458 ], [ 784699.236289187567309, 6231024.566261574625969 ], [ 784699.782509311567992, 6231025.404028493911028 ], [ 784700.328729430446401, 6231026.24179542530328 ], [ 784700.874949543271214, 6231027.079562369734049 ], [ 784701.421169650857337, 6231027.917329328134656 ], [ 784701.967389750992879, 6231028.755096297711134 ], [ 784702.513609846122563, 6231029.592863278463483 ], [ 784703.059829936129972, 6231030.43063027318567 ], [ 784703.606050019734539, 6231031.268397279083729 ], [ 784704.152270097052678, 6231032.106164297088981 ], [ 784704.698490168317221, 6231032.943931328132749 ], [ 784705.244710234226659, 6231033.781698372215033 ], [ 784705.790930294198915, 6231034.619465427473187 ], [ 784706.337150348932482, 6231035.457232495769858 ], [ 784706.883370397146791, 6231036.294999574311078 ], [ 784707.429590439423919, 6231037.132766667753458 ], [ 784707.975810476345941, 6231037.970533773303032 ], [ 784708.522030507097952, 6231038.808300890959799 ], [ 784709.068250531563535, 6231039.646068019792438 ], [ 784709.61447055102326, 6231040.483835160732269 ], [ 784710.160690564080141, 6231041.32160231564194 ], [ 784710.706910570967011, 6231042.159369480796158 ], [ 784711.253130572731607, 6231042.997136659920216 ], [ 784711.799350568209775, 6231043.834903853014112 ], [ 784712.345570557517931, 6231044.672671055421233 ], [ 784712.891790541587397, 6231045.510438272729516 ], [ 784713.438010519370437, 6231046.348205499351025 ], [ 784713.984230492031202, 6231047.185972740873694 ], [ 784714.530450457474217, 6231048.023739993572235 ], [ 784715.076670418842696, 6231048.861507257446647 ], [ 784715.622890372760594, 6231049.699274537153542 ], [ 784716.169110321672633, 6231050.537041826173663 ], [ 784716.715330264065415, 6231051.374809127300978 ], [ 784717.261550201568753, 6231052.212576443329453 ], [ 784717.807770132785663, 6231053.0503437705338 ], [ 784718.353990057716146, 6231053.888111110776663 ], [ 784718.900209976360202, 6231054.725878460332751 ], [ 784719.446429889765568, 6231055.563645824790001 ], [ 784719.992649798281491, 6231056.401413200423121 ], [ 784720.538869699230418, 6231057.239180589094758 ], [ 784721.085089595173486, 6231058.076947989873588 ], [ 784721.631309485994279, 6231058.914715403690934 ], [ 784722.177529369480908, 6231059.752482827752829 ], [ 784722.723749248776585, 6231060.590250265784562 ], [ 784723.269969120621681, 6231061.428017714992166 ], [ 784723.444408588809893, 6231061.69556512311101 ], [ 784724.244417271111161, 6231062.295728918164968 ], [ 784725.04442595760338, 6231062.895892726257443 ], [ 784725.844434647005983, 6231063.496056547388434 ], [ 784726.644443339318968, 6231064.096220380626619 ], [ 784727.44445203570649, 6231064.696384226903319 ], [ 784728.244460735120811, 6231065.296548087149858 ], [ 784729.044469437561929, 6231065.896711961366236 ], [ 784729.844478145008907, 6231066.49687584862113 ], [ 784730.64448685455136, 6231067.097039747983217 ], [ 784731.444495568051934, 6231067.697203661315143 ], [ 784732.244504284346476, 6231068.297367587685585 ], [ 784733.0445130050648, 6231068.897531527094543 ], [ 784733.844521728577092, 6231069.497695481404662 ], [ 784734.644530456280336, 6231070.097859446890652 ], [ 784735.444539186661132, 6231070.698023424483836 ], [ 784736.24454792146571, 6231071.298187418840826 ], [ 784737.04455665894784, 6231071.898351423442364 ], [ 784737.844565399456769, 6231072.498515443876386 ], [ 784738.644574144040234, 6231073.098679473623633 ], [ 784739.444582891766913, 6231073.698843521997333 ], [ 784740.244591643335298, 6231074.299007577821612 ], [ 784741.044600398046896, 6231074.899171649478376 ], [ 784741.844609155668877, 6231075.499335736036301 ], [ 784742.644617917365395, 6231076.099499830976129 ], [ 784743.444626681972295, 6231076.699663946405053 ], [ 784744.244635450886562, 6231077.299828069284558 ], [ 784745.044644223758951, 6231077.899992207065225 ], [ 784745.844652998261154, 6231078.500156357884407 ], [ 784746.644661776954308, 6231079.100320521742105 ], [ 784747.44467055995483, 6231079.700484700500965 ], [ 784748.244679345749319, 6231080.300648890435696 ], [ 784749.044688134454191, 6231080.900813094340265 ], [ 784749.844696927350014, 6231081.50097731128335 ], [ 784750.644705723039806, 6231082.101141541264951 ], [ 784751.444714523036964, 6231082.701305786147714 ], [ 784752.24472332582809, 6231083.30147004313767 ], [ 784753.044732131529599, 6231083.901634312234819 ], [ 784753.844740941654891, 6231084.501798594370484 ], [ 784754.644749755505472, 6231085.101962890475988 ], [ 784755.444758572615683, 6231085.702127199620008 ], [ 784756.244767392519861, 6231086.30229152366519 ], [ 784757.044776216382161, 6231086.902455858886242 ], [ 784757.844785043387674, 6231087.502620209008455 ], [ 784758.644793873187155, 6231088.102784569375217 ], [ 784759.444802707294002, 6231088.702948947437108 ], [ 784760.244811545358971, 6231089.303113334812224 ], [ 784761.044820386450738, 6231089.903277738019824 ], [ 784761.844829230569303, 6231090.503442151471972 ], [ 784762.644838077365421, 6231091.103606581687927 ], [ 784763.444846929749474, 6231091.703771024011075 ], [ 784764.244855783646926, 6231092.303935477510095 ], [ 784765.04486464173533, 6231092.904099944978952 ], [ 784765.844873503781855, 6231093.504264425486326 ], [ 784766.644882367923856, 6231094.104428921826184 ], [ 784767.444891237071715, 6231094.704593429341912 ], [ 784768.24490010808222, 6231095.304757948964834 ], [ 784769.044908984447829, 6231095.90492248442024 ], [ 784769.844917862559669, 6231096.505087031982839 ], [ 784770.644926744746044, 6231097.105251592583954 ], [ 784771.444935631006956, 6231097.705416165292263 ], [ 784772.244944519130513, 6231098.30558075197041 ], [ 784773.044953412609175, 6231098.905745353549719 ], [ 784773.844962308765389, 6231099.505909968167543 ], [ 784774.644971207948402, 6231100.106074592098594 ], [ 784775.444980110041797, 6231100.70623923279345 ], [ 784776.244989016558975, 6231101.3064038855955 ], [ 784777.044997926801443, 6231101.906568551436067 ], [ 784777.845006840187125, 6231102.506733230315149 ], [ 784778.645015756599605, 6231103.10689792316407 ], [ 784779.445024676853791, 6231103.707062629982829 ], [ 784780.24503360025119, 6231104.307227348908782 ], [ 784781.045042526442558, 6231104.907392080873251 ], [ 784781.845051456824876, 6231105.507556826807559 ], [ 784782.645060391165316, 6231106.107721583917737 ], [ 784783.44506932864897, 6231106.707886356860399 ], [ 784784.245078269159421, 6231107.308051141910255 ], [ 784785.045087213627994, 6231107.908215939998627 ], [ 784785.845096161123365, 6231108.50838075298816 ], [ 784786.645105112576857, 6231109.108545577153563 ], [ 784787.445114067057148, 6231109.708710413426161 ], [ 784788.245123024564236, 6231110.308875266462564 ], [ 784789.045131986029446, 6231110.909040129743516 ], [ 784789.845140950405039, 6231111.50920500792563 ], [ 784790.645149919087999, 6231112.109369898214936 ], [ 784791.445158890681341, 6231112.709534803405404 ], [ 784792.24516786611639, 6231113.309699717909098 ], [ 784793.045176844811067, 6231113.90986465010792 ], [ 784793.845185827463865, 6231114.510029593482614 ], [ 784794.645194811862893, 6231115.110194550827146 ], [ 784795.445203801617026, 6231115.710359521210194 ], [ 784796.245212794281542, 6231116.310524504631758 ], [ 784797.045221789972857, 6231116.910689500160515 ], [ 784797.845230789622292, 6231117.510854508727789 ], [ 784798.645239792298526, 6231118.111019533127546 ], [ 784799.445248798001558, 6231118.711184568703175 ], [ 784800.245257807662711, 6231119.311349618248641 ], [ 784801.045266820234247, 6231119.911514680832624 ], [ 784801.845275836996734, 6231120.511679756455123 ], [ 784802.645284856669605, 6231121.111844846978784 ], [ 784803.445293880533427, 6231121.712009947746992 ], [ 784804.245302907307632, 6231122.312175063416362 ], [ 784805.045311938039958, 6231122.912340190261602 ], [ 784805.845320971915498, 6231123.512505333870649 ], [ 784806.645330008585006, 6231124.112670487724245 ], [ 784807.445339049445465, 6231124.712835656479001 ], [ 784808.245348093332723, 6231125.313000838272274 ], [ 784809.045357141178101, 6231125.913166031241417 ], [ 784809.845366192050278, 6231126.513331240043044 ], [ 784810.645375246996991, 6231127.11349646281451 ], [ 784811.445384304970503, 6231127.713661696761847 ], [ 784812.245393365621567, 6231128.313826942816377 ], [ 784813.045402430696413, 6231128.913992203772068 ], [ 784813.845411498565227, 6231129.514157477766275 ], [ 784814.645420570508577, 6231130.114322764798999 ], [ 784815.445429645478725, 6231130.714488065801561 ], [ 784816.245438723359257, 6231131.314653377979994 ], [ 784817.045447805314325, 6231131.914818704128265 ], [ 784817.845456891227514, 6231132.514984045177698 ], [ 784818.645465980516747, 6231133.115149399265647 ], [ 784819.445475072483532, 6231133.715314764529467 ], [ 784820.245484168524854, 6231134.315480144694448 ], [ 784821.045493267476559, 6231134.915645536035299 ], [ 784821.845502370619215, 6231135.515810944139957 ], [ 784822.645511476672255, 6231136.115976360626519 ], [ 784823.445520585752092, 6231136.716141795739532 ], [ 784824.245529698790051, 6231137.316307241097093 ], [ 784825.045538814971223, 6231137.91647269949317 ], [ 784825.845547935110517, 6231138.516638170927763 ], [ 784826.645557058160193, 6231139.116803655400872 ], [ 784827.445566185284406, 6231139.716969154775143 ], [ 784828.245575315551832, 6231140.317134665325284 ], [ 784829.045584448613226, 6231140.917300192639232 ], [ 784829.845593585865572, 6231141.517465729266405 ], [ 784830.645602727192454, 6231142.11763128079474 ], [ 784831.445611870265566, 6231142.71779684536159 ], [ 784832.245621017413214, 6231143.317962422966957 ], [ 784833.045630168635398, 6231143.918128012679517 ], [ 784833.845639322884381, 6231144.518293619155884 ], [ 784834.645648481324315, 6231145.118459235876799 ], [ 784835.445657642558217, 6231145.71862486563623 ], [ 784836.245666806818917, 6231146.318790512159467 ], [ 784837.045675975154154, 6231146.918956166133285 ], [ 784837.845685146516189, 6231147.519121836870909 ], [ 784838.64569432195276, 6231148.119287519715726 ], [ 784839.445703500183299, 6231148.719453217461705 ], [ 784840.245712681440637, 6231149.319618927314878 ], [ 784841.04572186677251, 6231149.919784648343921 ], [ 784841.845731056295335, 6231150.519950387999415 ], [ 784842.64574024756439, 6231151.120116135105491 ], [ 784843.445749444072135, 6231151.720281898975372 ], [ 784844.245758642326109, 6231152.320447674021125 ], [ 784845.04576784465462, 6231152.920613462105393 ], [ 784845.845777051290497, 6231153.520779265090823 ], [ 784846.645786260720342, 6231154.120945081114769 ], [ 784847.445795473176986, 6231154.721110910177231 ], [ 784848.245804689591751, 6231155.321276751346886 ], [ 784849.045813909033313, 6231155.921442607417703 ], [ 784849.845823132665828, 6231156.521608475595713 ], [ 784850.64583235909231, 6231157.121774356812239 ], [ 784851.445841589709744, 6231157.721940251067281 ], [ 784852.245850823237561, 6231158.322106158360839 ], [ 784853.045860059792176, 6231158.922272079624236 ], [ 784853.82939424237702, 6231159.51007844787091 ], [ 784854.692609948455356, 6231160.015125572681427 ], [ 784855.555825661635026, 6231160.520172711461782 ], [ 784856.419041380635463, 6231161.025219861418009 ], [ 784857.282257105456665, 6231161.530267025344074 ], [ 784858.145472837146372, 6231162.035314198583364 ], [ 784859.008688576053828, 6231162.540361385792494 ], [ 784859.871904319617897, 6231163.045408584177494 ], [ 784860.735120071331039, 6231163.55045579560101 ], [ 784861.598335827467963, 6231164.055503018200397 ], [ 784862.46155159198679, 6231164.560550253838301 ], [ 784863.324767361045815, 6231165.06559749878943 ], [ 784864.187983137206174, 6231165.570644759573042 ], [ 784865.051198920235038, 6231166.075692030601203 ], [ 784865.914414709317498, 6231166.580739314667881 ], [ 784866.777630503987893, 6231167.085786608979106 ], [ 784867.640846305759624, 6231167.59083391726017 ], [ 784868.50406211335212, 6231168.095881236717105 ], [ 784869.367277927929536, 6231168.600928569212556 ], [ 784870.230493748327717, 6231169.105975912883878 ], [ 784871.093709575710818, 6231169.611023267731071 ], [ 784871.956925409031101, 6231170.116070637479424 ], [ 784872.820141248172149, 6231170.621118017472327 ], [ 784873.683357093948871, 6231171.1261654086411 ], [ 784874.546572947176173, 6231171.631212812848389 ], [ 784875.409788804943673, 6231172.136260229162872 ], [ 784876.273004670860246, 6231172.641307657584548 ], [ 784877.136220541433431, 6231173.146355098113418 ], [ 784877.999436420039274, 6231173.651402551680803 ], [ 784878.862652303418145, 6231174.156450014561415 ], [ 784879.725868193781935, 6231174.661497492343187 ], [ 784880.589084091130644, 6231175.166544983163476 ], [ 784881.45229999430012, 6231175.671592481434345 ], [ 784882.315515903290361, 6231176.176639994606376 ], [ 784883.178731819265522, 6231176.681687520816922 ], [ 784884.041947741177864, 6231177.18673505820334 ], [ 784884.905163669958711, 6231177.691782606765628 ], [ 784885.768379604560323, 6231178.196830168366432 ], [ 784886.631595546379685, 6231178.70187774207443 ], [ 784887.494811493903399, 6231179.206925326958299 ], [ 784888.358027448295616, 6231179.711972924880683 ], [ 784889.221243407344446, 6231180.217020533978939 ], [ 784890.084459374658763, 6231180.722068156115711 ], [ 784890.947675347793847, 6231181.227115789428353 ], [ 784891.810891326749697, 6231181.732163436710835 ], [ 784892.674107312690467, 6231182.237211093306541 ], [ 784893.537323304452002, 6231182.74225876480341 ], [ 784894.400539303198457, 6231183.247306447476149 ], [ 784895.263755307882093, 6231183.752354140393436 ], [ 784896.12697131827008, 6231184.257401847280562 ], [ 784896.990187335759401, 6231184.762449566274881 ], [ 784897.853403360117227, 6231185.267497296445072 ], [ 784898.716619390295818, 6231185.772545037791133 ], [ 784899.579835426411591, 6231186.277592794969678 ], [ 784900.443051469279453, 6231186.782640559598804 ], [ 784901.306267518317327, 6231187.287688340991735 ], [ 784902.169483573175967, 6231187.792736131697893 ], [ 784903.032699635950848, 6231188.297783933579922 ], [ 784903.895915703498758, 6231188.802831748500466 ], [ 784904.759131778031588, 6231189.307879576459527 ], [ 784905.622347858385183, 6231189.812927416525781 ], [ 784906.485563945723698, 6231190.317975267767906 ], [ 784907.348780040163547, 6231190.823023131117225 ], [ 784908.211996139027178, 6231191.328071005642414 ], [ 784909.075212246272713, 6231191.833118895068765 ], [ 784909.93842835817486, 6231192.338166793808341 ], [ 784910.801644477061927, 6231192.843214707449079 ], [ 784911.664860602701083, 6231193.348262629471719 ], [ 784912.528076734626666, 6231193.853310566395521 ], [ 784913.391292871907353, 6231194.358358513563871 ], [ 784914.254509016405791, 6231194.863406475633383 ], [ 784915.11772516684141, 6231195.36845444701612 ], [ 784915.980941324029118, 6231195.873502431437373 ], [ 784916.844157488434575, 6231196.378550427034497 ], [ 784917.707373657263815, 6231196.883598435670137 ], [ 784918.570589833310805, 6231197.388646457344294 ], [ 784919.433806016226299, 6231197.893694489262998 ], [ 784920.297022204962559, 6231198.398742534220219 ], [ 784921.160238399636, 6231198.90379059035331 ], [ 784922.023454601177946, 6231199.408838659524918 ], [ 784922.886670808657072, 6231199.913886740803719 ], [ 784923.749887023121119, 6231200.418934835121036 ], [ 784924.613103243289515, 6231200.923982938751578 ], [ 784925.476319470559247, 6231201.429031057283282 ], [ 784926.339535703649744, 6231201.934079186990857 ], [ 784927.202751943608746, 6231202.43912732694298 ], [ 784928.065968189621344, 6231202.944175481796265 ], [ 784928.929184441454709, 6231203.449223648756742 ], [ 784929.792400700040162, 6231203.954271825961769 ], [ 784930.655616965843365, 6231204.459320015273988 ], [ 784931.51883323630318, 6231204.964368216693401 ], [ 784932.382049514679238, 6231205.469416432082653 ], [ 784933.245265797944739, 6231205.974464658647776 ], [ 784934.108482088078745, 6231206.479512896388769 ], [ 784934.971698385197669, 6231206.984561145305634 ], [ 784935.834914688253775, 6231207.489609408192337 ], [ 784936.698130997130647, 6231207.994657684117556 ], [ 784937.561347312876023, 6231208.499705968424678 ], [ 784938.424563635839149, 6231209.004754267632961 ], [ 784939.287779963458888, 6231209.509802579879761 ], [ 784940.150996298994869, 6231210.014850903302431 ], [ 784941.014212639303878, 6231210.51989923696965 ], [ 784941.877428987878375, 6231211.024947583675385 ], [ 784942.740645340760238, 6231211.529995942488313 ], [ 784943.603861700976267, 6231212.035044312477112 ], [ 784944.467078068293631, 6231212.540092698298395 ], [ 784945.330294440034777, 6231213.045141093432903 ], [ 784946.193510819924995, 6231213.55018949881196 ], [ 784947.056727205752395, 6231214.055237920954823 ], [ 784947.919943597284146, 6231214.560286350548267 ], [ 784948.783159995917231, 6231215.065334793180227 ], [ 784949.646376400371082, 6231215.570383250713348 ], [ 784950.5095928106457, 6231216.07543171942234 ], [ 784951.372809227905236, 6231216.580480199307203 ], [ 784952.236025652149692, 6231217.085528690367937 ], [ 784953.09924208233133, 6231217.590577194467187 ], [ 784953.962458518100902, 6231218.09562571067363 ], [ 784954.825674961088225, 6231218.600674240849912 ], [ 784955.688891409663484, 6231219.105722779408097 ], [ 784956.552107865456492, 6231219.610771331936121 ], [ 784957.415324327070266, 6231220.115819897502661 ], [ 784958.27854079566896, 6231220.620868473313749 ], [ 784959.141757269855589, 6231221.125917062163353 ], [ 784960.00497375021223, 6231221.630965663120151 ], [ 784960.86819023732096, 6231222.136014276184142 ], [ 784961.731406731531024, 6231222.641062900424004 ], [ 784962.594623230397701, 6231223.146111539565027 ], [ 784963.457839737413451, 6231223.651160188019276 ], [ 784964.321056249085814, 6231224.156208848580718 ], [ 784965.184272767743096, 6231224.661257522180676 ], [ 784966.047489293385297, 6231225.166306206956506 ], [ 784966.91070582496468, 6231225.671354905702174 ], [ 784967.773922363296151, 6231226.17640361469239 ], [ 784968.637138907681219, 6231226.6814523357898 ], [ 784969.500355457770638, 6231227.186501070857048 ], [ 784970.363572014961392, 6231227.691549816168845 ], [ 784971.226788577856496, 6231228.196598574519157 ], [ 784972.09000514796935, 6231228.701647344976664 ], [ 784972.95322172367014, 6231229.206696126610041 ], [ 784972.976899355067872, 6231229.220549380406737 ], [ 784973.62281384668313, 6231229.984101356938481 ], [ 784974.268728335388005, 6231230.747653345577419 ], [ 784974.914642821764573, 6231231.511205350980163 ], [ 784975.560557305347174, 6231232.27475736476481 ], [ 784976.206471786601469, 6231233.03830939438194 ], [ 784976.85238626494538, 6231233.801861437037587 ], [ 784977.498300740728155, 6231234.56541349273175 ], [ 784978.144215213833377, 6231235.328965563327074 ], [ 784978.790129684377462, 6231236.092517646029592 ], [ 784979.436044152360409, 6231236.856069741770625 ], [ 784980.081958617432974, 6231237.61962185241282 ], [ 784980.727873078896664, 6231238.383173975162208 ], [ 784981.373787538846955, 6231239.146726112812757 ], [ 784982.019701996119693, 6231239.9102782625705 ], [ 784982.665616450831294, 6231240.673830423504114 ], [ 784983.311530902981758, 6231241.437382601201534 ], [ 784983.957445352338254, 6231242.200934790074825 ], [ 784984.60335979796946, 6231242.964486995711923 ], [ 784985.249274242087267, 6231243.728039212524891 ], [ 784985.895188683643937, 6231244.491591442376375 ], [ 784986.541103122523054, 6231245.255143685266376 ], [ 784987.187017558841035, 6231246.018695943057537 ], [ 784987.832931991200894, 6231246.782248213887215 ], [ 784988.47884642216377, 6231247.545800499618053 ], [ 784989.124760850449093, 6231248.309352794662118 ], [ 784989.770675275009125, 6231249.072905106469989 ], [ 784990.416589698055759, 6231249.836457429453731 ], [ 784991.062504118541256, 6231250.600009766407311 ], [ 784991.708418536465615, 6231251.363562119193375 ], [ 784992.354332950431854, 6231252.127114484086633 ], [ 784993.000247363001108, 6231252.890666859224439 ], [ 784993.646161772776395, 6231253.654219249263406 ], [ 784994.292076178942807, 6231254.417771656066179 ], [ 784994.937990583479404, 6231255.181324074044824 ], [ 784995.58390498557128, 6231255.944876505993307 ], [ 784996.22981938382145, 6231256.708428950048983 ], [ 784996.875733780441806, 6231257.471981407143176 ], [ 784997.521648173453286, 6231258.235533880069852 ], [ 784998.167562564834952, 6231258.999086363241076 ], [ 784998.813476953655481, 6231259.76263886038214 ], [ 784999.459391338634305, 6231260.526191372424364 ], [ 785000.105305722216144, 6231261.289743897505105 ], [ 785000.751220101956278, 6231262.053296437487006 ], [ 785001.397134480299428, 6231262.816848987713456 ], [ 785002.043048854800873, 6231263.58040155377239 ], [ 785002.688963227672502, 6231264.343954131007195 ], [ 785003.334877598099411, 6231265.10750672314316 ], [ 785003.980791964801028, 6231265.871059330180287 ], [ 785004.626706329872832, 6231266.634611947461963 ], [ 785005.272620690986514, 6231267.398164579644799 ], [ 785005.918535050936043, 6231268.161717224866152 ], [ 785006.564449406927451, 6231268.925269884057343 ], [ 785007.210363761638291, 6231269.68882255628705 ], [ 785007.85627811239101, 6231270.452375242486596 ], [ 785008.502192461630329, 6231271.215927941724658 ], [ 785009.148106807144359, 6231271.979480654001236 ], [ 785009.794021151028574, 6231272.74303337931633 ], [ 785010.439935491303913, 6231273.50658611766994 ], [ 785011.085849828785285, 6231274.270138870924711 ], [ 785011.731764164986089, 6231275.033691637217999 ], [ 785012.377678497345187, 6231275.797244416549802 ], [ 785013.023592828190885, 6231276.560797208920121 ], [ 785013.669507155078463, 6231277.324350016191602 ], [ 785014.315421480685472, 6231278.087902836501598 ], [ 785014.961335802450776, 6231278.851455668918788 ], [ 785015.607250121654943, 6231279.61500851623714 ], [ 785016.25316443934571, 6231280.378561373800039 ], [ 785016.899078753078356, 6231281.142114248126745 ], [ 785017.544993065530434, 6231281.905667135491967 ], [ 785018.190907374024391, 6231282.66922003403306 ], [ 785018.836821680073626, 6231283.432772949337959 ], [ 785019.482735984493047, 6231284.196325873956084 ], [ 785020.128650285187177, 6231284.959878815338016 ], [ 785020.774564583320171, 6231285.723431769758463 ], [ 785021.420478879706934, 6231286.486984734423459 ], [ 785022.066393172601238, 6231287.250537716783583 ], [ 785022.712307462701574, 6231288.014090709388256 ], [ 785023.358221751288511, 6231288.777643715962768 ], [ 785024.004136036150157, 6231289.541196739301085 ], [ 785024.650050318334252, 6231290.304749770089984 ], [ 785025.295964597957209, 6231291.068302818574011 ], [ 785025.941878875950351, 6231291.83185587823391 ], [ 785026.587793150218204, 6231292.595408953726292 ], [ 785027.233707422041334, 6231293.35896204225719 ], [ 785027.879621691070497, 6231294.122515141963959 ], [ 785028.525535958586261, 6231294.886068255640566 ], [ 785029.171450222376734, 6231295.649621384218335 ], [ 785029.81736448337324, 6231296.413174524903297 ], [ 785030.463278741925023, 6231297.176727680489421 ], [ 785031.109192998963408, 6231297.940280846320093 ], [ 785031.755107252160087, 6231298.703834028914571 ], [ 785032.401021502679214, 6231299.467387223616242 ], [ 785033.046935750520788, 6231300.23094043135643 ], [ 785033.692849995917641, 6231300.994493653997779 ], [ 785034.338764239801094, 6231301.758046887814999 ], [ 785034.984678479842842, 6231302.521600134670734 ], [ 785035.630592717090622, 6231303.285153397358954 ], [ 785036.27650695189368, 6231304.04870667308569 ], [ 785036.922421184019186, 6231304.812259960919619 ], [ 785037.568335413467139, 6231305.575813263654709 ], [ 785038.214249641401693, 6231306.33936657756567 ], [ 785038.860163865610957, 6231307.102919906377792 ], [ 785039.506078087142669, 6231307.866473248228431 ], [ 785040.151992306113243, 6231308.630026603117585 ], [ 785040.797906522406265, 6231309.393579972907901 ], [ 785041.443820735905319, 6231310.157133355736732 ], [ 785042.089734947076067, 6231310.92068674787879 ], [ 785042.735649155452847, 6231311.684240158647299 ], [ 785043.38156336103566, 6231312.447793580591679 ], [ 785044.027477565454319, 6231313.21134701743722 ], [ 785044.673391765798442, 6231313.974900467321277 ], [ 785045.319305963581428, 6231314.738453928381205 ], [ 785045.965220158803277, 6231315.502007404342294 ], [ 785046.611134351347573, 6231316.265560894273221 ], [ 785047.257048541214317, 6231317.029114397242665 ], [ 785047.902962728403509, 6231317.792667912319303 ], [ 785048.548876913031563, 6231318.556221442297101 ], [ 785049.194791095098481, 6231319.31977498345077 ], [ 785049.84070527437143, 6231320.083328543230891 ], [ 785050.486619451083243, 6231320.846882112324238 ], [ 785051.132533625117503, 6231321.610435693524778 ], [ 785051.778447796590626, 6231322.373989290557802 ], [ 785052.424361965386197, 6231323.137542901560664 ], [ 785053.070276131620631, 6231323.901096523739398 ], [ 785053.716190295061097, 6231324.664650160819292 ], [ 785054.362104455940425, 6231325.428203809075058 ], [ 785055.008018614142202, 6231326.191757475957274 ], [ 785055.653932769782841, 6231326.955311149358749 ], [ 785056.299846922745928, 6231327.718864841386676 ], [ 785056.945761073031463, 6231328.482418544590473 ], [ 785057.591675220639445, 6231329.245972261764109 ], [ 785058.237589365802705, 6231330.009525991976261 ], [ 785058.883503508171998, 6231330.773079734295607 ], [ 785059.529417647863738, 6231331.536633493378758 ], [ 785060.175331784994341, 6231332.300187263637781 ], [ 785060.821245919447392, 6231333.063741048797965 ], [ 785061.467160051222891, 6231333.827294844202697 ], [ 785062.113074180437252, 6231334.590848654508591 ], [ 785062.758988307090476, 6231335.354402480646968 ], [ 785063.404902430949733, 6231336.117956317961216 ], [ 785064.050816552247852, 6231336.88151016831398 ], [ 785064.696730669704266, 6231337.645064032636583 ], [ 785065.342644785763696, 6231338.408617909997702 ], [ 785065.702550853602588, 6231338.834073357284069 ], [ 785066.475918934331276, 6231339.468203794211149 ], [ 785067.249287015409209, 6231340.1023342423141 ], [ 785068.022655099397525, 6231340.736464707180858 ], [ 785068.796023186296225, 6231341.370595185086131 ], [ 785069.569391275756061, 6231342.004725674167275 ], [ 785070.342759365914389, 6231342.638856179080904 ], [ 785071.116127460030839, 6231343.272986697033048 ], [ 785071.889495555777103, 6231343.90711722895503 ], [ 785072.662863654084504, 6231344.541247772052884 ], [ 785073.43623175425455, 6231345.175378330983222 ], [ 785074.209599857102148, 6231345.809508902020752 ], [ 785074.982967961579561, 6231346.443639487028122 ], [ 785075.756336068967357, 6231347.07777008600533 ], [ 785076.529704177984968, 6231347.711900698021054 ], [ 785077.303072289563715, 6231348.346031323075294 ], [ 785078.076440404169261, 6231348.980161961168051 ], [ 785078.849808520404622, 6231349.614292614161968 ], [ 785079.62317663943395, 6231350.248423280194402 ], [ 785080.396544759976678, 6231350.882553959265351 ], [ 785081.169912883313373, 6231351.516684651374817 ], [ 785081.943281008396298, 6231352.150815358385444 ], [ 785082.71664913627319, 6231352.784946077503264 ], [ 785083.49001726671122, 6231353.419076810590923 ], [ 785084.263385399011895, 6231354.05320755764842 ], [ 785085.036753534106538, 6231354.687338314950466 ], [ 785085.810121670830995, 6231355.321469089947641 ], [ 785086.58348981034942, 6231355.955599877052009 ], [ 785087.356857951497659, 6231356.589730676263571 ], [ 785088.130226095207036, 6231357.223861489444971 ], [ 785088.90359424194321, 6231357.857992317527533 ], [ 785089.6769623903092, 6231358.492123156785965 ], [ 785090.450330541585572, 6231359.126254011876881 ], [ 785091.223698694258928, 6231359.760384880006313 ], [ 785091.997066849959083, 6231360.394515760242939 ], [ 785092.770435007056221, 6231361.028646655380726 ], [ 785093.543803167063743, 6231361.662777561694384 ], [ 785094.317171329865232, 6231362.296908484771848 ], [ 785095.090539494296536, 6231362.931039419025183 ], [ 785095.863907660357654, 6231363.565170367248356 ], [ 785096.637275830376893, 6231364.199301330372691 ], [ 785097.410644000861794, 6231364.833432303741574 ], [ 785098.184012175304815, 6231365.467563292011619 ], [ 785098.957380351377651, 6231366.101694295182824 ], [ 785099.730748529080302, 6231366.735825309529901 ], [ 785100.50411670957692, 6231367.369956338778138 ], [ 785101.277484892867506, 6231368.004087382927537 ], [ 785102.050853077787906, 6231368.638218438252807 ], [ 785102.824221265502274, 6231369.272349508479238 ], [ 785103.597589454846457, 6231369.906480589881539 ], [ 785104.370957646984607, 6231370.540611688047647 ], [ 785105.144325840868987, 6231371.174742797389627 ], [ 785105.917694038595073, 6231371.808873919770122 ], [ 785106.69106223678682, 6231372.443005057051778 ], [ 785107.464430437656119, 6231373.077136206440628 ], [ 785108.237798641552217, 6231373.711267369799316 ], [ 785109.01116684707813, 6231374.345398547127843 ], [ 785109.784535055281594, 6231374.979529736563563 ], [ 785110.557903266162612, 6231375.613660941831768 ], [ 785111.331271478906274, 6231376.247792160138488 ], [ 785112.104639693163335, 6231376.881923390552402 ], [ 785112.878007910214365, 6231377.516054634004831 ], [ 785113.651376130175777, 6231378.150185892358422 ], [ 785114.424744351650588, 6231378.784317165613174 ], [ 785115.198112575919367, 6231379.418448448181152 ], [ 785115.97148080309853, 6231380.052579747512937 ], [ 785116.744849031791091, 6231380.686711059883237 ], [ 785117.518217262113467, 6231381.320842385292053 ], [ 785118.291585495346226, 6231381.95497372187674 ], [ 785119.064953731256537, 6231382.589105075225234 ], [ 785119.838321968913078, 6231383.223236440680921 ], [ 785120.611690209247172, 6231383.857367820106447 ], [ 785121.385058452375233, 6231384.491499212570488 ], [ 785122.158426697249524, 6231385.125630617141724 ], [ 785122.931794943637215, 6231385.759762035682797 ], [ 785123.705163192818873, 6231386.393893469125032 ], [ 785124.478531444910914, 6231387.028024915605783 ], [ 785125.251899698516354, 6231387.662156376987696 ], [ 785126.025267955148593, 6231388.296287847682834 ], [ 785126.7986362130614, 6231388.930419336073101 ], [ 785127.572004474001005, 6231389.564550835639238 ], [ 785128.345372737734579, 6231390.19868235103786 ], [ 785129.118741002981551, 6231390.832813875749707 ], [ 785129.892109271138906, 6231391.466945418156683 ], [ 785130.665477540809661, 6231392.101076969876885 ], [ 785131.438845813507214, 6231392.735208538360894 ], [ 785132.212214087601751, 6231393.369340119883418 ], [ 785132.985582364490256, 6231394.003471713513136 ], [ 785133.758950644172728, 6231394.637603321112692 ], [ 785134.532318925485015, 6231395.271734942682087 ], [ 785135.305687208659947, 6231395.905866576358676 ], [ 785136.079055495560169, 6231396.539998224936426 ], [ 785136.852423782926053, 6231397.174129886552691 ], [ 785137.625792074482888, 6231397.808261562138796 ], [ 785138.399160367436707, 6231398.442393250763416 ], [ 785139.172528662020341, 6231399.076524952426553 ], [ 785139.945896959630772, 6231399.71065666899085 ], [ 785140.719265259802341, 6231400.344788396731019 ], [ 785141.492633561603725, 6231400.978920139372349 ], [ 785142.266001866315491, 6231401.613051895052195 ], [ 785143.039370172657073, 6231402.247183663770556 ], [ 785143.812738481676206, 6231402.881315447390079 ], [ 785144.586106793722138, 6231403.515447244048119 ], [ 785145.359475107165053, 6231404.149579051882029 ], [ 785146.132843422237784, 6231404.783710873685777 ], [ 785146.906211740337312, 6231405.41784271132201 ], [ 785147.679580060997978, 6231406.051974562928081 ], [ 785148.452948384452611, 6231406.686106426641345 ], [ 785149.226316708489321, 6231407.32023830153048 ], [ 785149.999685036484152, 6231407.954370193183422 ], [ 785150.773053366108797, 6231408.588502095080912 ], [ 785151.546421698527411, 6231409.222634015604854 ], [ 785152.319790032459423, 6231409.856765944510698 ], [ 785153.093158369301818, 6231410.490897888317704 ], [ 785153.866526707774028, 6231411.125029847025871 ], [ 785154.63989504892379, 6231411.759161818772554 ], [ 785155.413263391936198, 6231412.393293801695108 ], [ 785156.186631737509742, 6231413.027425801381469 ], [ 785156.960000086110085, 6231413.661557814106345 ], [ 785157.733368436107412, 6231414.295689838007092 ], [ 785158.506736788898706, 6231414.929821876809001 ], [ 785159.280105143319815, 6231415.563953928649426 ], [ 785160.053473500767723, 6231416.198085993528366 ], [ 785160.826841859729029, 6231416.832218072377145 ], [ 785161.600210221484303, 6231417.466350164264441 ], [ 785162.37357858591713, 6231418.100482270121574 ], [ 785163.146946951979771, 6231418.734614389017224 ], [ 785163.920315321069211, 6231419.368746522814035 ], [ 785164.693683691555634, 6231420.002878669649363 ], [ 785165.467052064836025, 6231420.637010827660561 ], [ 785166.240420439979061, 6231421.27114300057292 ], [ 785167.013788817683235, 6231421.905275186523795 ], [ 785167.787157198181376, 6231422.539407387375832 ], [ 785168.560525580542162, 6231423.173539600335062 ], [ 785169.333893965464085, 6231423.807671828195453 ], [ 785170.107262352248654, 6231424.44180406909436 ], [ 785170.880630741594359, 6231425.075936321169138 ], [ 785171.65399913280271, 6231425.7100685890764 ], [ 785172.427367526572198, 6231426.344200869090855 ], [ 785173.200735923252068, 6231426.978333164006472 ], [ 785173.974104321561754, 6231427.612465472891927 ], [ 785174.747472722548991, 6231428.246597793884575 ], [ 785175.520841125282459, 6231428.880730126053095 ], [ 785176.294209530809894, 6231429.514862475916743 ], [ 785177.067577937850729, 6231430.148994836956263 ], [ 785177.840946347685531, 6231430.783127211034298 ], [ 785178.614314760547131, 6231431.417259600013494 ], [ 785179.387683174805716, 6231432.051392002031207 ], [ 785180.161051591974683, 6231432.685524416156113 ], [ 785180.934420010773465, 6231433.319656847044826 ], [ 785181.707788432366215, 6231433.953789288178086 ], [ 785182.481156855472364, 6231434.587921745143831 ], [ 785183.254525281488895, 6231435.222054213285446 ], [ 785184.027893709135242, 6231435.856186694465578 ], [ 785184.801262140739709, 6231436.490319191478193 ], [ 785185.574630572693422, 6231437.124451698735356 ], [ 785186.347999008605257, 6231437.758584223687649 ], [ 785187.121367445099168, 6231438.392716759815812 ], [ 785187.894735885551199, 6231439.026849309913814 ], [ 785188.66810432751663, 6231439.660981873050332 ], [ 785189.441472771344706, 6231440.295114450156689 ], [ 785190.21484121773392, 6231440.929247041232884 ], [ 785190.988209666917101, 6231441.563379644416273 ], [ 785191.761578117962927, 6231442.197512262500823 ], [ 785192.53494657156989, 6231442.831644892692566 ], [ 785193.308315027970821, 6231443.465777534991503 ], [ 785194.081683486117981, 6231444.099910194054246 ], [ 785194.855051945894957, 6231444.73404286429286 ], [ 785195.628420408349484, 6231445.36817554756999 ], [ 785196.40178887383081, 6231446.002308247610927 ], [ 785196.648555735708214, 6231446.204647683538496 ], [ 785197.482428994611837, 6231446.75680570024997 ], [ 785198.316302259685472, 6231447.308963730931282 ], [ 785199.150175528367981, 6231447.86112177465111 ], [ 785199.984048802172765, 6231448.413279831409454 ], [ 785200.817922080983408, 6231448.965437902137637 ], [ 785201.651795364567079, 6231449.517595984041691 ], [ 785202.485668653156608, 6231450.069754077121615 ], [ 785203.319541946751997, 6231450.621912186965346 ], [ 785204.153415245236829, 6231451.174070306122303 ], [ 785204.987288548611104, 6231451.726228437386453 ], [ 785205.821161858271807, 6231452.278386583551764 ], [ 785206.655035171541385, 6231452.830544741824269 ], [ 785207.488908489933237, 6231453.382702912203968 ], [ 785208.322781813098118, 6231453.934861097484827 ], [ 785209.156655141268857, 6231454.487019293010235 ], [ 785209.990528475493193, 6231455.039177501574159 ], [ 785210.824401813559234, 6231455.591335724107921 ], [ 785211.65827515674755, 6231456.143493957817554 ], [ 785212.492148505989462, 6231456.695652205497026 ], [ 785213.326021858840249, 6231457.247810466215014 ], [ 785214.159895217977464, 6231457.799968739040196 ], [ 785214.993768580723554, 6231458.352127023041248 ], [ 785215.827641948591918, 6231458.904285321012139 ], [ 785216.661515322513878, 6231459.456443632952869 ], [ 785217.495388700161129, 6231460.008601956069469 ], [ 785218.329262083861977, 6231460.560760291293263 ], [ 785219.163135471520945, 6231461.112918643280864 ], [ 785219.997008865233511, 6231461.665077002719045 ], [ 785220.830882262671366, 6231462.217235377058387 ], [ 785221.664755666279234, 6231462.76939376629889 ], [ 785222.498629073612392, 6231463.321552164852619 ], [ 785223.332502487231977, 6231463.873710578307509 ], [ 785224.166375904344022, 6231464.425869002938271 ], [ 785225.00024932785891, 6231464.978027439676225 ], [ 785225.834122756146826, 6231465.530185892246664 ], [ 785226.667996188276447, 6231466.08234435506165 ], [ 785227.501869626576081, 6231466.634502831846476 ], [ 785228.335743069648743, 6231467.186661320738494 ], [ 785229.169616516679525, 6231467.738819820806384 ], [ 785230.003489969763905, 6231468.290978336706758 ], [ 785230.837363427737728, 6231468.843136861920357 ], [ 785231.671236889669672, 6231469.395295403897762 ], [ 785232.505110357655212, 6231469.947453955188394 ], [ 785233.338983830530196, 6231470.499612519517541 ], [ 785234.172857308294624, 6231471.051771097816527 ], [ 785235.006730790948495, 6231471.603929688222706 ], [ 785235.840604277560487, 6231472.156088292598724 ], [ 785236.674477770458907, 6231472.708246908150613 ], [ 785237.508351267897524, 6231473.260405537672341 ], [ 785238.34222477057483, 6231473.812564179301262 ], [ 785239.176098278025165, 6231474.364722832106054 ], [ 785240.009971790481359, 6231474.916881499812007 ], [ 785240.843845307943411, 6231475.469040177762508 ], [ 785241.677718830294907, 6231476.021198871545494 ], [ 785242.511592357652262, 6231476.57335757650435 ], [ 785243.34546588989906, 6231477.125516295433044 ], [ 785244.179339427035302, 6231477.677675024606287 ], [ 785245.013212969177403, 6231478.229833766818047 ], [ 785245.847086516441777, 6231478.781992522999644 ], [ 785246.680960068362765, 6231479.334151292219758 ], [ 785247.514833625406027, 6231479.886310073547065 ], [ 785248.348707187222317, 6231480.438468867912889 ], [ 785249.182580755557865, 6231480.990627674385905 ], [ 785250.016454327385873, 6231481.542786494828761 ], [ 785250.850327904103324, 6231482.094945326447487 ], [ 785251.684201485943049, 6231482.647104172036052 ], [ 785252.518075072439387, 6231483.199263028800488 ], [ 785253.351948665338568, 6231483.751421898603439 ], [ 785254.18582226196304, 6231484.303580783307552 ], [ 785255.01969586359337, 6231484.855739679187536 ], [ 785255.853569470113143, 6231485.407898586243391 ], [ 785256.687443082686514, 6231485.960057506337762 ], [ 785257.521316698985174, 6231486.512216442264616 ], [ 785258.355190320406109, 6231487.064375388436019 ], [ 785259.189063947880641, 6231487.616534348577261 ], [ 785260.022937579080462, 6231488.168693318963051 ], [ 785260.856811216450296, 6231488.720852304250002 ], [ 785261.690684857661836, 6231489.273011302575469 ], [ 785262.524558503646404, 6231489.825170312076807 ], [ 785263.358432155800983, 6231490.377329335547984 ], [ 785264.192305811913684, 6231490.929488370195031 ], [ 785265.026179473963566, 6231491.481647418811917 ], [ 785265.860053139738739, 6231492.033806481398642 ], [ 785266.693926811683923, 6231492.585965553298593 ], [ 785267.527800487587228, 6231493.138124642893672 ], [ 785268.361674169544131, 6231493.690283739008009 ], [ 785269.195547856157646, 6231494.242442851886153 ], [ 785270.029421546962112, 6231494.79460197687149 ], [ 785270.863295243587345, 6231495.346761113032699 ], [ 785271.697168944170699, 6231495.898920264095068 ], [ 785272.531042650807649, 6231496.451079426333308 ], [ 785273.364916362334043, 6231497.003238602541387 ], [ 785274.198790078982711, 6231497.555397789925337 ], [ 785275.032663799240254, 6231498.107556991279125 ], [ 785275.866537525551394, 6231498.65971620567143 ], [ 785276.454254074487835, 6231499.048879578709602 ], [ 785277.221445177332498, 6231499.690473716706038 ], [ 785277.988636280642822, 6231500.332067868672311 ], [ 785278.75582738709636, 6231500.973662033677101 ], [ 785279.523018495179713, 6231501.61525621265173 ], [ 785280.29020960489288, 6231502.256850404664874 ], [ 785281.057400717632845, 6231502.898444612510502 ], [ 785281.824591832235456, 6231503.540038831532001 ], [ 785282.59178294823505, 6231504.181633063592017 ], [ 785283.35897406633012, 6231504.823227310553193 ], [ 785284.126165187219158, 6231505.464821569621563 ], [ 785284.893356308806688, 6231506.106415842659771 ], [ 785285.660547434352338, 6231506.748010130599141 ], [ 785286.427738560480066, 6231507.389604431577027 ], [ 785287.194929688237607, 6231508.031198743730783 ], [ 785287.962120819138363, 6231508.672793071717024 ], [ 785288.729311951668933, 6231509.314387413673103 ], [ 785289.496503085945733, 6231509.955981767736375 ], [ 785290.263694223249331, 6231510.597576134838164 ], [ 785291.030885360902175, 6231511.239170515909791 ], [ 785291.798076501581818, 6231511.880764910951257 ], [ 785292.565267645288259, 6231512.522359319031239 ], [ 785293.332458789460361, 6231513.163953742012382 ], [ 785294.099649936659262, 6231513.805548178032041 ], [ 785294.866841085487977, 6231514.447142626158893 ], [ 785295.634032236179337, 6231515.088737089186907 ], [ 785296.401223388500512, 6231515.730331564322114 ], [ 785297.168414543615654, 6231516.37192605342716 ], [ 785297.935605700826272, 6231517.013520556502044 ], [ 785298.702796859666705, 6231517.655115073546767 ], [ 785299.469988020136952, 6231518.296709603630006 ], [ 785300.237179183517583, 6231518.938304146751761 ], [ 785301.004370348760858, 6231519.579898703843355 ], [ 785301.771561515633948, 6231520.221493273973465 ], [ 785302.538752684369683, 6231520.863087859004736 ], [ 785303.305943855899386, 6231521.504682457074523 ], [ 785304.073135029291734, 6231522.146277068182826 ], [ 785304.840326204430312, 6231522.787871692329645 ], [ 785305.607517381198704, 6231523.429466328583658 ], [ 785306.374708560993895, 6231524.071060979738832 ], [ 785307.1418997424189, 6231524.712655644863844 ], [ 785307.90909092570655, 6231525.354250323958695 ], [ 785308.676282110856846, 6231525.995845016092062 ], [ 785309.443473298684694, 6231526.637439721263945 ], [ 785310.210664488375187, 6231527.279034439474344 ], [ 785310.977855679695494, 6231527.920629173517227 ], [ 785311.745046872878447, 6231528.562223917804658 ], [ 785312.512238068971783, 6231529.203818677924573 ], [ 785313.27942926553078, 6231529.845413450151682 ], [ 785314.046620465116575, 6231530.487008237279952 ], [ 785314.813811667729169, 6231531.128603037446737 ], [ 785315.581002870807424, 6231531.770197851583362 ], [ 785316.348194076679647, 6231532.411792677827179 ], [ 785317.115385284414515, 6231533.053387517109513 ], [ 785317.882576493779197, 6231533.694982372224331 ], [ 785318.649767706170678, 6231534.336577238515019 ], [ 785319.416958919260651, 6231534.978172119706869 ], [ 785320.184150135144591, 6231535.619767013937235 ], [ 785320.9513413538225, 6231536.261361922137439 ], [ 785321.7185325731989, 6231536.902956845238805 ], [ 785322.485723795602098, 6231537.544551778584719 ], [ 785323.252915019635111, 6231538.186146727763116 ], [ 785324.020106245414354, 6231538.82774168998003 ], [ 785324.787297472939827, 6231539.469336664304137 ], [ 785325.554488703375682, 6231540.110931653529406 ], [ 785326.321679935674183, 6231540.75252665579319 ], [ 785327.088871169602498, 6231541.394121672026813 ], [ 785327.856062406324781, 6231542.035716701298952 ], [ 785328.623253643745556, 6231542.67731174454093 ], [ 785329.39044488419313, 6231543.318906800821424 ], [ 785330.157636126270518, 6231543.960501872003078 ], [ 785330.924827371258289, 6231544.602096954360604 ], [ 785331.692018616828136, 6231545.243692049756646 ], [ 785332.459209865308367, 6231545.885287160053849 ], [ 785333.22640111669898, 6231546.526882286183536 ], [ 785333.993592368671671, 6231547.168477422557771 ], [ 785334.760783623671159, 6231547.810072573833168 ], [ 785335.527974879136309, 6231548.451667739078403 ], [ 785336.29516613879241, 6231549.093262916430831 ], [ 785337.062357398914173, 6231549.734858107753098 ], [ 785337.829548661946319, 6231550.376453313045204 ], [ 785338.596739925560541, 6231551.018048530444503 ], [ 785339.363931192085147, 6231551.659643761813641 ], [ 785340.131122461520135, 6231552.301239009015262 ], [ 785340.898313732817769, 6231552.942834267392755 ], [ 785341.665505004581064, 6231553.584429539740086 ], [ 785342.432696279371157, 6231554.226024826057255 ], [ 785343.199887556955218, 6231554.867620125412941 ], [ 785343.967078835121356, 6231555.509215438738465 ], [ 785344.734270116314292, 6231556.150810765102506 ], [ 785345.501461399253458, 6231556.792406106367707 ], [ 785346.268652683822438, 6231557.43400145880878 ], [ 785347.035843971185386, 6231558.075596825219691 ], [ 785347.80303526064381, 6231558.717192206531763 ], [ 785348.570226551615633, 6231559.358787599951029 ], [ 785349.337417844450101, 6231560.000383009202778 ], [ 785350.104609140078537, 6231560.641978429630399 ], [ 785350.87180043628905, 6231561.283573864027858 ], [ 785351.638991735526361, 6231561.925169311463833 ], [ 785352.406183037674055, 6231562.566764772869647 ], [ 785353.17337434028741, 6231563.208360249176621 ], [ 785353.940565645694733, 6231563.849955735728145 ], [ 785354.707756953081116, 6231564.491551238112152 ], [ 785355.474948262097314, 6231565.133146753534675 ], [ 785356.24213957414031, 6231565.774742282927036 ], [ 785357.009330886648968, 6231566.416337825357914 ], [ 785357.776522202184424, 6231567.057933380827308 ], [ 785358.543713520513847, 6231567.699528949335217 ], [ 785359.310904839541763, 6231568.341124534606934 ], [ 785360.078096161363646, 6231568.982720131054521 ], [ 785360.845287485048175, 6231569.624315739609301 ], [ 785361.612478810362518, 6231570.265911363065243 ], [ 785362.379670137539506, 6231570.907507000491023 ], [ 785363.146861467743292, 6231571.549102650955319 ], [ 785363.914052799344063, 6231572.190698314458132 ], [ 785364.681244132923894, 6231572.832293992862105 ], [ 785365.448435469297692, 6231573.47388968244195 ], [ 785366.215626806486398, 6231574.115485386922956 ], [ 785366.982818146236241, 6231574.757081104442477 ], [ 785367.750009487848729, 6231575.39867683686316 ], [ 785368.517200832488015, 6231576.040272582322359 ], [ 785369.284392178989947, 6231576.681868340820074 ], [ 785370.051583525724709, 6231577.323464112356305 ], [ 785370.818774876883253, 6231577.965059898793697 ], [ 785371.585966228391044, 6231578.606655698269606 ], [ 785372.353157582692802, 6231579.248251509852707 ], [ 785373.120348939090036, 6231579.88984733633697 ], [ 785373.887540297117084, 6231580.531443174928427 ], [ 785374.654731656657532, 6231581.173039027489722 ], [ 785375.421923019457608, 6231581.814634894952178 ], [ 785376.189114383654669, 6231582.456230774521828 ], [ 785376.956305749714375, 6231583.097826667129993 ], [ 785377.723497117753141, 6231583.73942257463932 ], [ 785378.490688488585874, 6231584.381018497049809 ], [ 785379.257879860932007, 6231585.022614428773522 ], [ 785380.025071235373616, 6231585.664210377261043 ], [ 785380.792262611212209, 6231586.305806336924434 ], [ 785381.559453990194015, 6231586.947402312420309 ], [ 785382.326645369757898, 6231587.5889983009547 ], [ 785383.093836753396317, 6231588.230594301596284 ], [ 785383.861028137383983, 6231588.872190316207707 ], [ 785384.628219523467124, 6231589.513786343857646 ], [ 785385.395410912227817, 6231590.155382386408746 ], [ 785386.162602302851155, 6231590.796978442929685 ], [ 785386.929793696268462, 6231591.438574511557817 ], [ 785387.69698509038426, 6231592.080170594155788 ], [ 785388.46417648717761, 6231592.721766691654921 ], [ 785389.231367886066437, 6231593.363362800329924 ], [ 785389.998559287749231, 6231594.004958923906088 ], [ 785390.765750689781271, 6231594.646555060520768 ], [ 785391.532942094956525, 6231595.288151210173965 ], [ 785392.300133501878008, 6231595.929747373796999 ], [ 785393.067324910545722, 6231596.571343552321196 ], [ 785393.834516322007403, 6231597.21293974108994 ], [ 785394.601707734167576, 6231597.854535946622491 ], [ 785395.36889915028587, 6231598.496132163330913 ], [ 785396.13609056698624, 6231599.13772839307785 ], [ 785396.903281985549256, 6231599.779324638657272 ], [ 785397.670473407022655, 6231600.420920897275209 ], [ 785398.437664830125868, 6231601.06251716800034 ], [ 785399.204856254975311, 6231601.70411345269531 ], [ 785399.972047682851553, 6231602.345709752291441 ], [ 785400.739239112357609, 6231602.98730606213212 ], [ 785401.50643054372631, 6231603.628902390599251 ], [ 785402.273621976841241, 6231604.270498728379607 ], [ 785403.040813411585987, 6231604.912095081061125 ], [ 785403.808004849241115, 6231605.553691445849836 ], [ 785404.575196288642474, 6231606.195287825539708 ], [ 785405.342387729906477, 6231606.836884218268096 ], [ 785406.109579173964448, 6231607.478480625897646 ], [ 785406.876770619768649, 6231608.120077045634389 ], [ 785407.643962067435496, 6231608.761673479340971 ], [ 785408.411153516732156, 6231609.403269926086068 ], [ 785409.178344967775047, 6231610.044866386801004 ], [ 785409.945536421844736, 6231610.686462860554457 ], [ 785410.712727877544239, 6231611.328059348277748 ], [ 785411.479919335106388, 6231611.969655849039555 ], [ 785412.247110795462504, 6231612.6112523637712 ], [ 785413.014302256517112, 6231613.252848891541362 ], [ 785413.781493720249273, 6231613.894445432350039 ], [ 785414.548685185844079, 6231614.536041989922523 ], [ 785415.315876654465683, 6231615.177638556808233 ], [ 785416.083068124717101, 6231615.819235138595104 ], [ 785416.850259595550597, 6231616.460831733420491 ], [ 785417.617451070575044, 6231617.102428343147039 ], [ 785418.384642546065152, 6231617.744024965912104 ], [ 785419.151834024582058, 6231618.385621602647007 ], [ 785419.919025504612364, 6231619.027218252420425 ], [ 785420.686216986505315, 6231619.668814916163683 ], [ 785421.453408470260911, 6231620.310411592014134 ], [ 785422.220599956810474, 6231620.952008281834424 ], [ 785422.987791444989853, 6231621.593604983761907 ], [ 785423.754982935148291, 6231622.235201700590551 ], [ 785424.52217442705296, 6231622.876798432320356 ], [ 785425.289365921635181, 6231623.518395176157355 ], [ 785426.056557418196462, 6231624.159991934895515 ], [ 785426.823748916387558, 6231624.801588705740869 ], [ 785427.590940417489037, 6231625.443185489624739 ], [ 785428.358131919056177, 6231626.08478228840977 ], [ 785429.125323423882946, 6231626.726379100233316 ], [ 785429.892514929990284, 6231627.367975924164057 ], [ 785430.659706439357251, 6231628.009572762995958 ], [ 785431.426897949189879, 6231628.651169614866376 ], [ 785432.19408946193289, 6231629.292766480706632 ], [ 785432.961280976422131, 6231629.934363359585404 ], [ 785433.728472493821755, 6231630.575960251502693 ], [ 785434.495664011919871, 6231631.217557159252465 ], [ 785435.262855532579124, 6231631.85915407910943 ], [ 785436.030047055333853, 6231632.500751011073589 ], [ 785436.797238580882549, 6231633.142347958870232 ], [ 785437.564430106896907, 6231633.783944917842746 ], [ 785438.331621635938063, 6231634.425541890785098 ], [ 785439.098813166725449, 6231635.067138878628612 ], [ 785439.866004700539634, 6231635.708735879510641 ], [ 785440.633196234703064, 6231636.350332894362509 ], [ 785441.400387771893293, 6231636.991929920390248 ], [ 785442.167579310946167, 6231637.633526962250471 ], [ 785442.934770851396024, 6231638.27512401714921 ], [ 785443.701962394989096, 6231638.916721085086465 ], [ 785444.469153940211982, 6231639.558318165130913 ], [ 785445.236345487413928, 6231640.199915261939168 ], [ 785446.003537036245689, 6231640.841512368991971 ], [ 785446.770728587871417, 6231641.483109491877258 ], [ 785447.537920141359791, 6231642.124706626869738 ], [ 785447.864062323234975, 6231642.397457145154476 ], [ 785448.163054610835388, 6231643.351833065971732 ], [ 785448.462046885397285, 6231644.306208992376924 ], [ 785448.761039150413126, 6231645.260584929957986 ], [ 785449.060031402506866, 6231646.214960874989629 ], [ 785449.359023643890396, 6231647.169336823746562 ], [ 785449.658015874447301, 6231648.123712783679366 ], [ 785449.95700809196569, 6231649.078088749200106 ], [ 785450.256000299006701, 6231650.032464722171426 ], [ 785450.554992495104671, 6231650.986840704455972 ], [ 785450.853984679561108, 6231651.941216690465808 ], [ 785451.152976851793937, 6231652.895592686720192 ], [ 785451.451969012385234, 6231653.849968688562512 ], [ 785451.750961162382737, 6231654.804344700649381 ], [ 785452.049953301437199, 6231655.758720718324184 ], [ 785452.348945427453145, 6231656.713096743449569 ], [ 785452.647937544155866, 6231657.667472778819501 ], [ 785452.94692964758724, 6231658.621848816052079 ], [ 785453.245921740541235, 6231659.576224867254496 ], [ 785453.544913821388036, 6231660.53060092125088 ], [ 785453.843905891641043, 6231661.484976986423135 ], [ 785454.142897950019687, 6231662.439353056252003 ], [ 785454.441889996640384, 6231663.393729133531451 ], [ 785454.740882032434456, 6231664.34810521826148 ], [ 785455.039874056121334, 6231665.30248131044209 ], [ 785455.338866069563664, 6231666.256857411935925 ], [ 785455.637858070898801, 6231667.211233519017696 ], [ 785455.93685006047599, 6231668.16560963448137 ], [ 785456.235842039110139, 6231669.119985756464303 ], [ 785456.534834006102756, 6231670.074361888691783 ], [ 785456.833825960988179, 6231671.028738025575876 ], [ 785457.132817905396223, 6231671.98311416991055 ], [ 785457.431809837929904, 6231672.93749032355845 ], [ 785457.730801759520546, 6231673.891866482794285 ], [ 785458.029793669469655, 6231674.8462426494807 ], [ 785458.328785567544401, 6231675.800618826411664 ], [ 785458.627777454676107, 6231676.754995008930564 ], [ 785458.92676933016628, 6231677.709371197968721 ], [ 785459.225761193782091, 6231678.663747396320105 ], [ 785459.524753046454862, 6231679.618123600259423 ], [ 785459.8237448874861, 6231680.572499812580645 ], [ 785460.122736717807129, 6231681.526876032352448 ], [ 785460.421728536253795, 6231682.481252260506153 ], [ 785460.720720342709683, 6231683.435628496110439 ], [ 785461.019712138455361, 6231684.390004736371338 ], [ 785461.318703922443092, 6231685.344380986876786 ], [ 785461.617695695720613, 6231686.298757242038846 ], [ 785461.916687455959618, 6231687.253133507445455 ], [ 785462.215679206536151, 6231688.207509782165289 ], [ 785462.514670944190584, 6231689.161886061541736 ], [ 785462.813662671018392, 6231690.116262346506119 ], [ 785463.11265438713599, 6231691.070638640783727 ], [ 785463.411646091612056, 6231692.025014945305884 ], [ 785463.710637784097344, 6231692.979391252622008 ], [ 785464.009629464708269, 6231693.933767572045326 ], [ 785464.308621134492569, 6231694.888143893331289 ], [ 785464.60761279379949, 6231695.842520225793123 ], [ 785464.906604439718649, 6231696.796896563842893 ], [ 785465.205596075160429, 6231697.751272913068533 ], [ 785465.504587699891999, 6231698.705649267882109 ], [ 785465.803579312749207, 6231699.660025629214942 ], [ 785466.102570913732052, 6231700.614401997998357 ], [ 785466.401562504004687, 6231701.568778373301029 ], [ 785466.700554082402959, 6231702.523154759779572 ], [ 785466.999545648926869, 6231703.477531148120761 ], [ 785467.298537204740569, 6231704.431907549500465 ], [ 785467.597528748679906, 6231705.386283955536783 ], [ 785467.896520280628465, 6231706.340660369955003 ], [ 785468.195511802099645, 6231707.295036790892482 ], [ 785468.494503311580047, 6231708.249413219280541 ], [ 785468.793494810233824, 6231709.203789656050503 ], [ 785469.092486297129653, 6231710.158166101202369 ], [ 785469.39147777215112, 6231711.112542551010847 ], [ 785469.690469236462377, 6231712.066919009201229 ], [ 785469.989460689015687, 6231713.021295476704836 ], [ 785470.288452130742371, 6231713.975671949796379 ], [ 785470.587443560478278, 6231714.930048430338502 ], [ 785470.886434978572652, 6231715.884424921125174 ], [ 785471.185426385840401, 6231716.838801416568458 ], [ 785471.484417781233788, 6231717.793177919462323 ], [ 785471.783409164752811, 6231718.747554432600737 ], [ 785472.082400537561625, 6231719.701930948533118 ], [ 785472.381391898496076, 6231720.65630747564137 ], [ 785472.680383248720318, 6231721.61068400926888 ], [ 785472.979374587186612, 6231722.565060550346971 ], [ 785473.278365913545713, 6231723.519437098875642 ], [ 785473.57735722954385, 6231724.473813654854894 ], [ 785473.876348533318378, 6231725.428190216422081 ], [ 785474.175339826499112, 6231726.382566789165139 ], [ 785474.474331107689068, 6231727.33694336656481 ], [ 785474.773322377353907, 6231728.291319952346385 ], [ 785475.072313636075705, 6231729.245696546509862 ], [ 785475.371304882923141, 6231730.200073145329952 ], [ 785475.670296117896214, 6231731.154449753463268 ], [ 785475.969287342159078, 6231732.10882637090981 ], [ 785476.268278554547578, 6231733.063202993944287 ], [ 785476.567269756225869, 6231734.0175796225667 ], [ 785476.866260946262628, 6231734.971956263296306 ], [ 785477.165252124192193, 6231735.926332909613848 ], [ 785477.464243291178718, 6231736.880709560588002 ], [ 785477.763234446756542, 6231737.835086221806705 ], [ 785478.062225590110756, 6231738.789462889544666 ], [ 785478.361216722987592, 6231739.743839563801885 ], [ 785478.66020784387365, 6231740.698216248303652 ], [ 785478.959198954049498, 6231741.652592938393354 ], [ 785479.258190052350983, 6231742.606969635933638 ], [ 785479.557181138778105, 6231743.561346340924501 ], [ 785479.856172214611433, 6231744.515723053365946 ], [ 785480.155163278570399, 6231745.470099775120616 ], [ 785480.454154331702739, 6231746.424476500600576 ], [ 785480.753145372960716, 6231747.378853237256408 ], [ 785481.052136402344331, 6231748.333229977637529 ], [ 785481.351127421017736, 6231749.287606729194522 ], [ 785481.650118427816778, 6231750.24198348633945 ], [ 785481.949109422741458, 6231751.196360252797604 ], [ 785482.248100407072343, 6231752.150737022981048 ], [ 785482.54709137941245, 6231753.105113805271685 ], [ 785482.846082341042347, 6231754.059490592218935 ], [ 785483.145073290681466, 6231755.013867384754121 ], [ 785483.258780520525761, 6231755.376819994300604 ], [ 785483.812455845996737, 6231756.209691116586328 ], [ 785484.366131164832041, 6231757.042562248185277 ], [ 785484.919806478312239, 6231757.875433393754065 ], [ 785485.473481786437333, 6231758.708304550498724 ], [ 785486.027157089323737, 6231759.541175721213222 ], [ 785486.580832385690883, 6231760.374046904034913 ], [ 785487.134507676586509, 6231761.206918098032475 ], [ 785487.68818296212703, 6231762.03978930786252 ], [ 785488.241858242428862, 6231762.872660526074469 ], [ 785488.79553351609502, 6231763.705531758256257 ], [ 785489.349208784522489, 6231764.538403002545238 ], [ 785489.902884047362022, 6231765.371274258941412 ], [ 785490.456559305079281, 6231766.204145528376102 ], [ 785491.010234556160867, 6231767.037016810849309 ], [ 785491.563909801770933, 6231767.869888104498386 ], [ 785492.117585042258725, 6231768.702759412117302 ], [ 785492.671260277274996, 6231769.535630730912089 ], [ 785493.224935505772009, 6231770.368502063676715 ], [ 785493.778610730078071, 6231771.201373405754566 ], [ 785494.332285948097706, 6231772.034244762733579 ], [ 785494.885961159365252, 6231772.867116132751107 ], [ 785495.439636366441846, 6231773.699987513944507 ], [ 785495.993311566882767, 6231774.532858906313777 ], [ 785496.546986762201414, 6231775.365730315446854 ], [ 785497.10066195204854, 6231776.198601733893156 ], [ 785497.654337135376409, 6231777.031473163515329 ], [ 785498.208012314513326, 6231777.864344608969986 ], [ 785498.761687485966831, 6231778.697216062806547 ], [ 785499.315362653345801, 6231779.530087533406913 ], [ 785499.869037815136835, 6231780.362959013320506 ], [ 785500.422712970525026, 6231781.195830505341291 ], [ 785500.976388120558113, 6231782.028702012263238 ], [ 785501.530063265236095, 6231782.861573530361056 ], [ 785502.083738404675387, 6231783.694445060566068 ], [ 785502.637413537479006, 6231784.527316603809595 ], [ 785503.191088664811105, 6231785.360188158228993 ], [ 785503.744763786904514, 6231786.193059727549553 ], [ 785504.298438902478665, 6231787.025931307114661 ], [ 785504.852114014094695, 6231787.858802900649607 ], [ 785505.405789118725806, 6231788.691674504429102 ], [ 785505.959464218234643, 6231789.52454612404108 ], [ 785506.513139311340638, 6231790.357417753897607 ], [ 785507.066814400022849, 6231791.19028939679265 ], [ 785507.620489482302219, 6231792.023161049932241 ], [ 785508.174164559226483, 6231792.856032717972994 ], [ 785508.72783962963149, 6231793.68890439812094 ], [ 785509.281514695845544, 6231794.521776090376079 ], [ 785509.83518975530751, 6231795.354647794738412 ], [ 785510.388864809647202, 6231796.187519513070583 ], [ 785510.94253985863179, 6231797.020391240715981 ], [ 785511.496214901097119, 6231797.853262983262539 ], [ 785512.049889938207343, 6231798.686134736984968 ], [ 785512.603564969962463, 6231799.519006504677236 ], [ 785513.157239996362478, 6231800.35187828540802 ], [ 785513.710915016010404, 6231801.184750074520707 ], [ 785514.264590031700209, 6231802.017621881328523 ], [ 785514.818265040870756, 6231802.85049369558692 ], [ 785515.371940043522045, 6231803.6833655256778 ], [ 785515.925615041865967, 6231804.516237366944551 ], [ 785516.479290033690631, 6231805.349109221249819 ], [ 785517.032965020276606, 6231806.181981088593602 ], [ 785517.586640001274645, 6231807.014852965250611 ], [ 785518.140314976102673, 6231807.847724856808782 ], [ 785518.693989946390502, 6231808.680596760474145 ], [ 785519.247664910391904, 6231809.513468677178025 ], [ 785519.801339868921787, 6231810.346340605989099 ], [ 785520.355014821048826, 6231811.179212545976043 ], [ 785520.908689768868499, 6231812.012084500864148 ], [ 785521.462364710168913, 6231812.844956466928124 ], [ 785522.016039644950069, 6231813.677828443236649 ], [ 785522.569714575540274, 6231814.510700433515012 ], [ 785523.123389499611221, 6231815.343572436831892 ], [ 785523.677064419491217, 6231816.176444453187287 ], [ 785524.230739331571385, 6231817.00931647978723 ], [ 785524.784414239693433, 6231817.842188520357013 ], [ 785525.338089141296223, 6231818.675060573965311 ], [ 785525.89176403847523, 6231819.507932640612125 ], [ 785526.44543892936781, 6231820.340804717503488 ], [ 785526.999113813508302, 6231821.173676806502044 ], [ 785527.552788693574257, 6231822.006548911333084 ], [ 785528.106463567120954, 6231822.839421026408672 ], [ 785528.660138435196131, 6231823.672293154522777 ], [ 785529.213813298149034, 6231824.505165293812752 ], [ 785529.767488154349849, 6231825.33803744520992 ], [ 785530.321163005311973, 6231826.170909609645605 ], [ 785530.874837850918993, 6231827.003781786188483 ], [ 785531.428512691054493, 6231827.836653977632523 ], [ 785531.982187525834888, 6231828.669526178389788 ], [ 785532.535862354328856, 6231829.502398392185569 ], [ 785533.089537177234888, 6231830.335270619019866 ], [ 785533.643211994785815, 6231831.168142857961357 ], [ 785534.196886805817485, 6231832.001015110872686 ], [ 785534.750561612658203, 6231832.833887374959886 ], [ 785535.304236413096078, 6231833.666759652085602 ], [ 785535.857911207014695, 6231834.499631941318512 ], [ 785536.411585996625945, 6231835.332504242658615 ], [ 785536.965260779717937, 6231836.165376557037234 ], [ 785537.518935557338409, 6231836.99824888445437 ], [ 785538.072610329836607, 6231837.831121223047376 ], [ 785538.626285096863285, 6231838.663993572816253 ], [ 785539.17995985748712, 6231839.496865936554968 ], [ 785539.733634613803588, 6231840.3297383133322 ], [ 785540.287309363484383, 6231841.16261070035398 ], [ 785540.840984106762335, 6231841.995483102276921 ], [ 785541.394658845849335, 6231842.828355515375733 ], [ 785541.948333578300662, 6231843.661227939650416 ], [ 785542.5020083055133, 6231844.494100380688906 ], [ 785543.055683026090264, 6231845.326972830109298 ], [ 785543.609357742825523, 6231846.159845294430852 ], [ 785544.163032452575862, 6231846.992717768996954 ], [ 785544.716707157203928, 6231847.825590258464217 ], [ 785545.270381856244057, 6231848.658462757244706 ], [ 785545.82405654899776, 6231849.491335270926356 ], [ 785546.377731237560511, 6231850.324207797646523 ], [ 785546.931405919604003, 6231851.15708033554256 ], [ 785547.485080596175976, 6231851.989952884614468 ], [ 785548.038755266228691, 6231852.822825446724892 ], [ 785548.592429931042716, 6231853.655698023736477 ], [ 785549.146104590385221, 6231854.488570610061288 ], [ 785549.699779244372621, 6231855.321443209424615 ], [ 785550.253453893004917, 6231856.154315821826458 ], [ 785550.807128535117954, 6231856.987188447266817 ], [ 785551.360803171875887, 6231857.820061083883047 ], [ 785551.914477803278714, 6231858.652933733537793 ], [ 785552.468152429326437, 6231859.485806397162378 ], [ 785553.021827048854902, 6231860.318679071031511 ], [ 785553.575501663028263, 6231861.151551757007837 ], [ 785554.129176271846518, 6231861.984424456954002 ], [ 785554.682850875193253, 6231862.817297168076038 ], [ 785555.236525473184884, 6231863.65016989223659 ], [ 785555.790200064890087, 6231864.483042631298304 ], [ 785556.343874651007354, 6231865.315915379673243 ], [ 785556.873941243393347, 6231866.113275494426489 ], [ 785557.621346368687227, 6231866.777819076552987 ], [ 785558.368751495843753, 6231867.442362673580647 ], [ 785559.11615662346594, 6231868.106906281784177 ], [ 785559.86356175201945, 6231868.771449906751513 ], [ 785560.61096688231919, 6231869.435993542894721 ], [ 785561.358372013317421, 6231870.10053719393909 ], [ 785562.105777146294713, 6231870.765080858021975 ], [ 785562.853182279854082, 6231871.429624537937343 ], [ 785563.600587415276095, 6231872.094168229028583 ], [ 785564.347992551513016, 6231872.758711933158338 ], [ 785565.095397688448429, 6231873.423255652189255 ], [ 785565.842802827013656, 6231874.08779938519001 ], [ 785566.590207966393791, 6231874.752343131229281 ], [ 785567.337613107636571, 6231875.416886890307069 ], [ 785568.085018249577843, 6231876.081430663354695 ], [ 785568.83242339338176, 6231876.745974450372159 ], [ 785569.579828538000584, 6231877.410518251359463 ], [ 785570.327233684249222, 6231878.075062064453959 ], [ 785571.074638831429183, 6231878.739605892449617 ], [ 785571.822043979191221, 6231879.404149734415114 ], [ 785572.569449128815904, 6231880.068693588487804 ], [ 785573.316854279139079, 6231880.733237456530333 ], [ 785574.064259431324899, 6231881.397781337611377 ], [ 785574.811664584209211, 6231882.062325234524906 ], [ 785575.559069738956168, 6231882.726869142614305 ], [ 785576.306474894401617, 6231883.391413066536188 ], [ 785577.053880051709712, 6231884.055957002565265 ], [ 785577.801285209599882, 6231884.720500953495502 ], [ 785578.548690368421376, 6231885.385044915601611 ], [ 785579.296095528872684, 6231886.049588893540204 ], [ 785580.043500690022483, 6231886.714132882654667 ], [ 785580.790905853267759, 6231887.378676888532937 ], [ 785581.538311016978696, 6231888.0432209065184 ], [ 785582.285716182785109, 6231888.707764938473701 ], [ 785583.033121348940767, 6231889.372308982536197 ], [ 785583.780526517191902, 6231890.036853041499853 ], [ 785584.527931686025113, 6231890.701397113502026 ], [ 785585.275336855789647, 6231891.365941198542714 ], [ 785586.022742027183995, 6231892.030485298484564 ], [ 785586.77014719939325, 6231892.695029413327575 ], [ 785587.517552373348735, 6231893.359573539346457 ], [ 785588.264957548119128, 6231894.024117679335177 ], [ 785589.01236272463575, 6231894.688661834225059 ], [ 785589.75976790196728, 6231895.353206000290811 ], [ 785590.507173079880886, 6231896.01775018312037 ], [ 785591.254578259773552, 6231896.682294376194477 ], [ 785592.001983441412449, 6231897.346838586032391 ], [ 785592.749388623749837, 6231898.011382807046175 ], [ 785593.496793806785718, 6231898.675927041098475 ], [ 785594.244198991800658, 6231899.340471291914582 ], [ 785594.991604177397676, 6231900.00501555390656 ], [ 785595.7390093638096, 6231900.669559830799699 ], [ 785596.486414553131908, 6231901.334104120731354 ], [ 785597.233819741988555, 6231901.998648424632847 ], [ 785597.981224932707846, 6231902.663192741572857 ], [ 785598.728630125289783, 6231903.327737071551383 ], [ 785599.476035317406058, 6231903.992281417362392 ], [ 785600.223440512665547, 6231904.656825775280595 ], [ 785600.970845707226545, 6231905.321370147168636 ], [ 785601.718250904930755, 6231905.985914532095194 ], [ 785602.465656102169305, 6231906.650458930060267 ], [ 785603.2130613012705, 6231907.31500334199518 ], [ 785603.96046650223434, 6231907.979547768831253 ], [ 785604.707871703896672, 6231908.64409220777452 ], [ 785605.455276906373911, 6231909.308636661618948 ], [ 785606.202682110480964, 6231909.973181128501892 ], [ 785606.950087315402925, 6231910.637725608423352 ], [ 785607.697492522187531, 6231911.302270101383328 ], [ 785608.444897729670629, 6231911.966814611107111 ], [ 785609.192302939016372, 6231912.631359131075442 ], [ 785609.939708148944192, 6231913.295903665944934 ], [ 785610.687113359570503, 6231913.960448212921619 ], [ 785611.434518572175875, 6231914.624992774799466 ], [ 785612.181923786527477, 6231915.289537349715829 ], [ 785612.929329000413418, 6231915.954081939533353 ], [ 785613.676734217442572, 6231916.618626542389393 ], [ 785614.424139434006065, 6231917.283171158283949 ], [ 785615.171544653479941, 6231917.947715788148344 ], [ 785615.918949872604571, 6231918.612260432913899 ], [ 785616.666355093591847, 6231919.276805089786649 ], [ 785617.413760316325352, 6231919.941349759697914 ], [ 785618.161165539640933, 6231920.605894444510341 ], [ 785618.908570763887838, 6231921.270439142361283 ], [ 785619.655975989997387, 6231921.934983853250742 ], [ 785620.403381216572598, 6231922.599528579041362 ], [ 785621.150786445243284, 6231923.264073319733143 ], [ 785621.898191674496047, 6231923.92861806973815 ], [ 785622.645596905611455, 6231924.59316283557564 ], [ 785623.393002137541771, 6231925.257707614451647 ], [ 785624.140407369937748, 6231925.922252408228815 ], [ 785624.88781260419637, 6231926.586797215044498 ], [ 785625.635217840434052, 6231927.251342035830021 ], [ 785626.382623076206073, 6231927.915886869654059 ], [ 785627.130028315121308, 6231928.580431718379259 ], [ 785627.877433554502204, 6231929.244976579211652 ], [ 785628.624838794698007, 6231929.909521453082561 ], [ 785629.372244035592303, 6231930.574066342785954 ], [ 785630.119649278232828, 6231931.238611243665218 ], [ 785630.867054522968829, 6231931.903156159445643 ], [ 785631.614459768054076, 6231932.567701088264585 ], [ 785632.36186501418706, 6231933.232246031053364 ], [ 785633.109270261833444, 6231933.896790988743305 ], [ 785633.856675510527566, 6231934.561335956677794 ], [ 785634.604080760851502, 6231935.225880940444767 ], [ 785635.351486011873931, 6231935.890425937250257 ], [ 785636.098891264759004, 6231936.554970948025584 ], [ 785636.846296518458985, 6231937.219515973702073 ], [ 785637.593701772857457, 6231937.884061010554433 ], [ 785638.34110702900216, 6231938.548606063239276 ], [ 785639.088512287009507, 6231939.213151127099991 ], [ 785639.835917545715347, 6231939.877696206793189 ], [ 785640.583322805119678, 6231940.542241298593581 ], [ 785641.330728066386655, 6231941.206786403432488 ], [ 785642.078133328352123, 6231941.871331525035203 ], [ 785642.825538591016084, 6231942.535876657813787 ], [ 785643.572943855659105, 6231943.200421803630888 ], [ 785644.32034912193194, 6231943.864966964349151 ], [ 785645.067754389019683, 6231944.529512139037251 ], [ 785645.815159656805918, 6231945.194057326763868 ], [ 785646.562564926338382, 6231945.858602526597679 ], [ 785647.309970196685754, 6231946.52314774133265 ], [ 785648.057375468895771, 6231947.187692969106138 ], [ 785648.804780741920695, 6231947.852238211780787 ], [ 785649.552186016459018, 6231948.516783466562629 ], [ 785650.299591291928664, 6231949.181328736245632 ], [ 785651.046996569260955, 6231949.845874018967152 ], [ 785651.794401847058907, 6231950.51041931565851 ], [ 785652.541807125788182, 6231951.174964625388384 ], [ 785653.289212406380102, 6231951.839509949088097 ], [ 785654.036617687554099, 6231952.504055284895003 ], [ 785654.78402297059074, 6231953.168600637465715 ], [ 785655.531428254442289, 6231953.833146001212299 ], [ 785656.278833539923653, 6231954.497691379860044 ], [ 785657.026238826336339, 6231955.162236770614982 ], [ 785657.773644113447517, 6231955.826782176271081 ], [ 785658.033016260480508, 6231956.057399451732635 ], [ 785658.780421549919993, 6231956.721944874152541 ], [ 785659.527826839941554, 6231957.386490311473608 ], [ 785660.27523213182576, 6231958.051035762764513 ], [ 785661.022637424524873, 6231958.715581227093935 ], [ 785661.770042719086632, 6231959.380126704461873 ], [ 785662.517448014114052, 6231960.044672194868326 ], [ 785663.264853311236948, 6231960.709217701107264 ], [ 785664.012258608825505, 6231961.373763218522072 ], [ 785664.759663907345384, 6231962.038308750838041 ], [ 785665.507069207611494, 6231962.702854296192527 ], [ 785666.254474508576095, 6231963.367399856448174 ], [ 785667.001879811286926, 6231964.031945427879691 ], [ 785667.749285114812665, 6231964.696491016075015 ], [ 785668.496690420201048, 6231965.361036617308855 ], [ 785669.244095726287924, 6231966.025582229718566 ], [ 785669.991501034237444, 6231966.690127857029438 ], [ 785670.738906342769042, 6231967.354673499241471 ], [ 785671.486311651999131, 6231968.019219152629375 ], [ 785672.233716963091865, 6231968.683764820918441 ], [ 785672.981122276280075, 6231969.348310502246022 ], [ 785673.728527588769794, 6231970.012856198474765 ], [ 785674.47593290428631, 6231970.677401907742023 ], [ 785675.223338219453581, 6231971.341947630047798 ], [ 785675.970743536367081, 6231972.006493367254734 ], [ 785676.718148855026811, 6231972.671039116568863 ], [ 785677.465554174617864, 6231973.335584878921509 ], [ 785678.212959495955147, 6231974.000130658037961 ], [ 785678.960364818107337, 6231974.664676447398961 ], [ 785679.707770140841603, 6231975.329222252592444 ], [ 785680.455175465438515, 6231975.993768068030477 ], [ 785681.202580790733919, 6231976.658313901163638 ], [ 785681.949986117891967, 6231977.32285974547267 ], [ 785682.697391445632093, 6231977.987405605614185 ], [ 785683.44479677407071, 6231978.651951476931572 ], [ 785684.192202105536126, 6231979.31649736315012 ], [ 785684.939607436652295, 6231979.981043262407184 ], [ 785685.68701276963111, 6231980.645589175634086 ], [ 785686.434418103308417, 6231981.310135101899505 ], [ 785687.181823438731954, 6231981.974681042134762 ], [ 785687.929228776134551, 6231982.639226994477212 ], [ 785688.676634112955071, 6231983.303772963583469 ], [ 785689.42403945280239, 6231983.96831894479692 ], [ 785690.171444792300463, 6231984.632864939980209 ], [ 785690.91885013342835, 6231985.297410947270691 ], [ 785691.666255476535298, 6231985.961956970393658 ], [ 785692.413660820457153, 6231986.626503004692495 ], [ 785693.161066164844669, 6231987.291049053892493 ], [ 785693.908471511211246, 6231987.955595115199685 ], [ 785694.655876858276315, 6231988.620141193270683 ], [ 785695.403282207204029, 6231989.284687282517552 ], [ 785696.15068755671382, 6231989.94923338573426 ], [ 785696.898092908319086, 6231990.613779501989484 ], [ 785697.645498260390013, 6231991.278325635008514 ], [ 785698.392903613159433, 6231991.942871778272092 ], [ 785699.140308969072066, 6231992.607417935505509 ], [ 785699.887714324402623, 6231993.271964107640088 ], [ 785700.63511968171224, 6231993.936510292813182 ], [ 785701.382525039603934, 6231994.60105649009347 ], [ 785702.129930399358273, 6231995.265602702274919 ], [ 785702.877335759811103, 6231995.930148929357529 ], [ 785703.624741122126579, 6231996.594695168547332 ], [ 785704.372146485140547, 6231997.259241420775652 ], [ 785705.11955185001716, 6231997.923787688836455 ], [ 785705.866957215592265, 6231998.58833396807313 ], [ 785706.614362581865862, 6231999.252880262210965 ], [ 785707.361767950002104, 6231999.917426569387317 ], [ 785708.109173318836838, 6232000.581972889602184 ], [ 785708.856578689417802, 6232001.246519226580858 ], [ 785709.603984060697258, 6232001.911065572872758 ], [ 785710.351389433955774, 6232002.575611935928464 ], [ 785711.098794807796367, 6232003.240158310160041 ], [ 785711.84620018361602, 6232003.904704699292779 ], [ 785712.59360556001775, 6232004.569251101464033 ], [ 785713.341010937117971, 6232005.233797518536448 ], [ 785714.088416316080838, 6232005.89834394864738 ], [ 785714.835821697022766, 6232006.56289039272815 ], [ 785715.583227077382617, 6232007.227436847984791 ], [ 785716.330632460769266, 6232007.891983319073915 ], [ 785717.078037843690254, 6232008.556529803201556 ], [ 785717.82544322963804, 6232009.221076302230358 ], [ 785718.572848615120165, 6232009.885622813366354 ], [ 785718.728471923735924, 6232010.023993407376111 ], [ 785719.591691502602771, 6232010.52905663382262 ], [ 785720.454911086824723, 6232011.034119874238968 ], [ 785721.318130677100271, 6232011.539183123968542 ], [ 785722.181350274244323, 6232012.044246388599277 ], [ 785723.044569877325557, 6232012.549309661611915 ], [ 785723.90778948715888, 6232013.054372949525714 ], [ 785724.771009103162214, 6232013.559436248615384 ], [ 785725.634228725917637, 6232014.06449956074357 ], [ 785726.497448354493827, 6232014.569562884047627 ], [ 785727.360667989007197, 6232015.074626219458878 ], [ 785728.223887630272657, 6232015.579689566977322 ], [ 785729.087107278639451, 6232016.08475292660296 ], [ 785729.950326932943426, 6232016.589816298335791 ], [ 785730.813546592951752, 6232017.094879683107138 ], [ 785731.676766259828582, 6232017.599943079054356 ], [ 785732.539985932759009, 6232018.105006486177444 ], [ 785733.403205612441525, 6232018.610069908201694 ], [ 785734.266425298061222, 6232019.11513333953917 ], [ 785735.129644990549423, 6232019.620196784846485 ], [ 785735.99286468885839, 6232020.125260239467025 ], [ 785736.856084394268692, 6232020.630323709920049 ], [ 785737.719304105499759, 6232021.135387187823653 ], [ 785738.582523823599331, 6232021.640450684353709 ], [ 785739.445743547519669, 6232022.145514186471701 ], [ 785740.308963277377188, 6232022.650577703490853 ], [ 785741.172183013986796, 6232023.155641233548522 ], [ 785742.035402756533585, 6232023.660704774782062 ], [ 785742.898622506065294, 6232024.165768327191472 ], [ 785743.761842262698337, 6232024.670831892639399 ], [ 785744.625062023755163, 6232025.175895470194519 ], [ 785745.488281793077476, 6232025.680959059856832 ], [ 785746.351501567056403, 6232026.186022660695016 ], [ 785747.214721349067986, 6232026.691086273640394 ], [ 785748.077941135736182, 6232027.196149898692966 ], [ 785748.941160929505713, 6232027.701213536784053 ], [ 785749.804380730143748, 6232028.206277186982334 ], [ 785750.667600536602549, 6232028.711340850219131 ], [ 785751.530820348998532, 6232029.216404523700476 ], [ 785752.394040168263018, 6232029.721468209289014 ], [ 785753.257259994628839, 6232030.226531907916069 ], [ 785754.120479826582596, 6232030.731595617718995 ], [ 785754.983699664473534, 6232031.236659340560436 ], [ 785755.846919509465806, 6232031.741723075509071 ], [ 785756.710139360046014, 6232032.246786823496222 ], [ 785757.573359217727557, 6232032.751850580796599 ], [ 785758.436579081229866, 6232033.256914351135492 ], [ 785759.299798950436525, 6232033.761978133581579 ], [ 785760.163018826860934, 6232034.267041929066181 ], [ 785761.026238709921017, 6232034.772105736657977 ], [ 785761.889458599034697, 6232035.277169555425644 ], [ 785762.752678493969142, 6232035.782233385369182 ], [ 785763.615898395772092, 6232036.287297230213881 ], [ 785764.479118304559961, 6232036.792361084371805 ], [ 785765.342338219285011, 6232037.297424951568246 ], [ 785766.205558139597997, 6232037.802488831803203 ], [ 785767.068778067012317, 6232038.30755272321403 ], [ 785767.931998000363819, 6232038.812616628594697 ], [ 785768.795217939186841, 6232039.317680543288589 ], [ 785769.658437886508182, 6232039.822744470089674 ], [ 785770.521657838253304, 6232040.327808411791921 ], [ 785771.384877797216177, 6232040.832872365601361 ], [ 785772.248097762931138, 6232041.337936326861382 ], [ 785773.111317734466866, 6232041.843000303022563 ], [ 785773.974537711939774, 6232042.348064292222261 ], [ 785774.837757696397603, 6232042.853128291666508 ], [ 785775.700977687723935, 6232043.35819230414927 ], [ 785776.56419768370688, 6232043.863256329670548 ], [ 785777.427417687838897, 6232044.368320365436375 ], [ 785778.290637696627527, 6232044.873384414240718 ], [ 785779.15385771356523, 6232045.378448476083577 ], [ 785780.017077735159546, 6232045.883512549102306 ], [ 785780.88029776501935, 6232046.388576633296907 ], [ 785781.743517799302936, 6232046.893640730530024 ], [ 785782.606737840687856, 6232047.398704841732979 ], [ 785783.469957889057696, 6232047.903768961317837 ], [ 785784.333177943248302, 6232048.408833095803857 ], [ 785785.196398003259674, 6232048.913897240534425 ], [ 785786.059618070023134, 6232049.418961398303509 ], [ 785786.922838142840192, 6232049.924025567248464 ], [ 785787.786058222642168, 6232050.429089749231935 ], [ 785788.649278309312649, 6232050.934153942391276 ], [ 785789.512498400639743, 6232051.439218147657812 ], [ 785790.375718500232324, 6232051.944282367825508 ], [ 785791.238938604365103, 6232052.44934659730643 ], [ 785792.102158715366386, 6232052.954410839825869 ], [ 785792.965378833469003, 6232053.4594750944525 ], [ 785793.828598957392387, 6232053.96453935932368 ], [ 785794.69181908830069, 6232054.469603638164699 ], [ 785795.555039223749191, 6232054.974667930044234 ], [ 785796.418259367579594, 6232055.479732230305672 ], [ 785797.281479516997933, 6232055.984796546399593 ], [ 785798.144699672353454, 6232056.489860873669386 ], [ 785799.007919834577478, 6232056.994925211183727 ], [ 785799.871140002738684, 6232057.499989561736584 ], [ 785800.734360177651979, 6232058.005053925327957 ], [ 785801.59758035861887, 6232058.510118301026523 ], [ 785802.460800546454266, 6232059.015182686969638 ], [ 785803.324020740110427, 6232059.520247086882591 ], [ 785804.187240940751508, 6232060.025311498902738 ], [ 785805.050461147213355, 6232060.530375922098756 ], [ 785805.913681359612383, 6232061.035440357401967 ], [ 785806.7769015787635, 6232061.540504804812372 ], [ 785807.640121805015951, 6232062.045569265261292 ], [ 785808.503342035925016, 6232062.550633735954762 ], [ 785809.366562274983153, 6232063.055698221549392 ], [ 785810.22978251974564, 6232063.560762716457248 ], [ 785811.093002770328894, 6232064.06582722440362 ], [ 785811.956223028013483, 6232064.57089174631983 ], [ 785812.819443291518837, 6232065.075956277549267 ], [ 785813.682663560728543, 6232065.581020820885897 ], [ 785814.54588383808732, 6232066.086085377261043 ], [ 785815.409104120102711, 6232066.591149946674705 ], [ 785816.272324409219436, 6232067.09621452819556 ], [ 785817.135544705204666, 6232067.601279120892286 ], [ 785817.998765006894246, 6232068.106343723833561 ], [ 785818.861985314637423, 6232068.611408341675997 ], [ 785819.725205629132688, 6232069.116472970694304 ], [ 785820.588425949565135, 6232069.621537610888481 ], [ 785821.451646276749671, 6232070.126602265052497 ], [ 785822.314866610104218, 6232070.631666930392385 ], [ 785823.17808695032727, 6232071.136731607839465 ], [ 785824.041307296254672, 6232071.641796297393739 ], [ 785824.904527649283409, 6232072.146860999055207 ], [ 785825.767748007900082, 6232072.651925710961223 ], [ 785826.630968373734504, 6232073.1569904377684 ], [ 785827.494188745273277, 6232073.662055175751448 ], [ 785828.357409122632816, 6232074.167119923979044 ], [ 785829.220629506977275, 6232074.672184686176479 ], [ 785830.083849898306653, 6232075.177249462343752 ], [ 785830.947070295456797, 6232075.682314248755574 ], [ 785831.810290698427707, 6232076.187379044480622 ], [ 785832.673511108499952, 6232076.692443856038153 ], [ 785833.536731524160132, 6232077.197508677840233 ], [ 785834.399951946805231, 6232077.702573512680829 ], [ 785835.263172375387512, 6232078.207638359628618 ], [ 785836.126392809674144, 6232078.7127032186836 ], [ 785836.98961325106211, 6232079.217768087983131 ], [ 785837.85283369931858, 6232079.722832971252501 ], [ 785837.876511437119916, 6232079.736686669290066 ], [ 785838.515930341556668, 6232080.505701337009668 ], [ 785839.155349242733791, 6232081.274716021493077 ], [ 785839.794768141931854, 6232082.043730717152357 ], [ 785840.43418703682255, 6232082.812745427712798 ], [ 785841.073605929501355, 6232083.581760152243078 ], [ 785841.713024820201099, 6232084.350774887949228 ], [ 785842.352443706593476, 6232085.119789639487863 ], [ 785842.991862590890378, 6232085.88880440313369 ], [ 785843.63128147192765, 6232086.657819179818034 ], [ 785844.270700350869447, 6232087.426833970472217 ], [ 785844.910119226784445, 6232088.195848774164915 ], [ 785845.549538099439815, 6232088.96486359089613 ], [ 785846.18895696871914, 6232089.733878421597183 ], [ 785846.828375836019404, 6232090.502893263474107 ], [ 785847.46779470006004, 6232091.271908121183515 ], [ 785848.107213561073877, 6232092.040922993794084 ], [ 785848.746632418828085, 6232092.809937877580523 ], [ 785849.386051274370402, 6232093.578952773474157 ], [ 785850.025470126769505, 6232094.347967682406306 ], [ 785850.664888977073133, 6232095.116982607170939 ], [ 785851.304307823302224, 6232095.885997544974089 ], [ 785851.943726667086594, 6232096.655012493953109 ], [ 785852.583145509008318, 6232097.424027458764613 ], [ 785853.222564346389845, 6232098.193042434751987 ], [ 785853.861983182025142, 6232098.962057426571846 ], [ 785854.501402014284395, 6232099.731072429567575 ], [ 785855.140820844448172, 6232100.500087447464466 ], [ 785855.780239671468735, 6232101.269102476537228 ], [ 785856.419658495113254, 6232102.038117521442473 ], [ 785857.059077315730974, 6232102.807132580317557 ], [ 785857.698496134253219, 6232103.576147649437189 ], [ 785858.337914949515834, 6232104.34516273252666 ], [ 785858.977333761518821, 6232105.114177829585969 ], [ 785859.616752571659163, 6232105.88319294154644 ], [ 785860.256171377259307, 6232106.652208065614104 ], [ 785860.895590181928128, 6232107.421223202720284 ], [ 785861.535008982405998, 6232108.190238352864981 ], [ 785862.174427780788392, 6232108.959253517910838 ], [ 785862.813846575794742, 6232109.728268695063889 ], [ 785863.453265367657878, 6232110.497283885255456 ], [ 785864.092684157541953, 6232111.266299089416862 ], [ 785864.732102944049984, 6232112.035314306616783 ], [ 785865.371521727647632, 6232112.804329537786543 ], [ 785866.010940507752821, 6232113.57334478199482 ], [ 785866.650359285995364, 6232114.342360038310289 ], [ 785867.289778060745448, 6232115.111375310458243 ], [ 785867.929196833749302, 6232115.880390595644712 ], [ 785868.568615602212958, 6232116.649405892007053 ], [ 785869.208034368697554, 6232117.418421203270555 ], [ 785869.847453132970259, 6232118.18743652664125 ], [ 785870.486871893052012, 6232118.956451864913106 ], [ 785871.126290651038289, 6232119.725467216223478 ], [ 785871.765709405764937, 6232120.494482580572367 ], [ 785872.405128158279695, 6232121.263497957028449 ], [ 785873.044546906836331, 6232122.032513348385692 ], [ 785873.683965652948245, 6232122.801528752781451 ], [ 785874.323384397081099, 6232123.570544170215726 ], [ 785874.962803137023002, 6232124.339559600688517 ], [ 785875.602221874753013, 6232125.108575046993792 ], [ 785876.241640610620379, 6232125.877590503543615 ], [ 785876.881059341947548, 6232126.646605974063277 ], [ 785877.520478071062826, 6232127.4156214594841 ], [ 785878.159896797151305, 6232128.184636956080794 ], [ 785878.79931552009657, 6232128.95365246757865 ], [ 785879.438734240829945, 6232129.722667992115021 ], [ 785880.078152958536521, 6232130.491683530621231 ], [ 785880.71757167391479, 6232131.260699082165956 ], [ 785881.356990385218523, 6232132.029714645817876 ], [ 785881.996409094310366, 6232132.798730222508311 ], [ 785882.635827800142579, 6232133.56774581503123 ], [ 785883.275246503995731, 6232134.336761418730021 ], [ 785883.914665204589255, 6232135.105777035467327 ], [ 785884.55408390192315, 6232135.874792667105794 ], [ 785885.193502596113831, 6232136.6438083127141 ], [ 785885.832921288325451, 6232137.412823969498277 ], [ 785886.472339977277443, 6232138.18183964304626 ], [ 785887.111758663086221, 6232138.950855325907469 ], [ 785887.751177346566692, 6232139.719871023669839 ], [ 785888.390596027020365, 6232140.48888673633337 ], [ 785889.030014704214409, 6232141.257902462035418 ], [ 785889.669433378148824, 6232142.026918198913336 ], [ 785890.308852050220594, 6232142.79593394882977 ], [ 785890.948270718799904, 6232143.564949714578688 ], [ 785891.587689384352416, 6232144.333965494297445 ], [ 785892.227108047809452, 6232145.102981285192072 ], [ 785892.866526708006859, 6232145.871997089125216 ], [ 785893.505945365177467, 6232146.641012907959521 ], [ 785894.14536402001977, 6232147.410028738901019 ], [ 785894.784782671835274, 6232148.179044583812356 ], [ 785895.424201320391148, 6232148.948060439899564 ], [ 785896.063619965570979, 6232149.717076312750578 ], [ 785896.703038608888164, 6232150.486092196777463 ], [ 785897.34245724894572, 6232151.255108096636832 ], [ 785897.981875886907801, 6232152.024124007672071 ], [ 785898.621294520562515, 6232152.793139934539795 ], [ 785899.260713152121753, 6232153.562155868858099 ], [ 785899.900131780421361, 6232154.331171821802855 ], [ 785900.53955040674191, 6232155.100187787786126 ], [ 785901.178969029686414, 6232155.869203764945269 ], [ 785901.818387649487704, 6232156.638219757936895 ], [ 785902.457806266145781, 6232157.407235762104392 ], [ 785903.097224880708382, 6232158.17625178117305 ], [ 785903.736643492127769, 6232158.945267813280225 ], [ 785904.376062100287527, 6232159.714283855631948 ], [ 785905.015480706468225, 6232160.483299915678799 ], [ 785905.654899309272878, 6232161.252315988764167 ], [ 785906.294317908817902, 6232162.021332072094083 ], [ 785906.933736506500281, 6232162.79034817032516 ], [ 785907.573155099642463, 6232163.559364283457398 ], [ 785908.212573690805584, 6232164.328380406834185 ], [ 785908.85199227987323, 6232165.097396546974778 ], [ 785909.491410865797661, 6232165.866412699222565 ], [ 785910.130829448578879, 6232166.635428864508867 ], [ 785910.770248027867638, 6232167.404445042833686 ], [ 785911.409666604129598, 6232168.173461236059666 ], [ 785912.049085178296082, 6232168.942477438598871 ], [ 785912.68850375036709, 6232169.711493657901883 ], [ 785913.327922318130732, 6232170.480509888380766 ], [ 785913.967340883915313, 6232171.249526135623455 ], [ 785914.606759446207434, 6232172.01854239217937 ], [ 785915.246178005589172, 6232172.787558665499091 ], [ 785915.885596562642604, 6232173.556574951857328 ], [ 785916.525015116669238, 6232174.325591249391437 ], [ 785917.164433667436242, 6232175.094607561826706 ], [ 785917.803852216107771, 6232175.863623887300491 ], [ 785918.443270761752501, 6232176.632640225812793 ], [ 785919.082689303904772, 6232177.40165657736361 ], [ 785919.722107842797413, 6232178.170672943815589 ], [ 785920.36152637982741, 6232178.939689323306084 ], [ 785921.000944913597777, 6232179.708705715835094 ], [ 785921.640363445272669, 6232180.477722119539976 ], [ 785922.279781972640194, 6232181.246738538146019 ], [ 785922.919200497912243, 6232182.0157549707219 ], [ 785923.558619021205232, 6232182.784771416336298 ], [ 785924.198037540074438, 6232183.553787874057889 ], [ 785924.837456056848168, 6232184.322804346680641 ], [ 785925.476874570245855, 6232185.091820831410587 ], [ 785926.116293081780896, 6232185.860837331041694 ], [ 785926.755711588892154, 6232186.629853843711317 ], [ 785927.395130094024353, 6232187.398870369419456 ], [ 785928.03454859694466, 6232188.167886909097433 ], [ 785928.6739670955576, 6232188.936903459951282 ], [ 785929.313385592307895, 6232189.705920025706291 ], [ 785929.952804086729884, 6232190.474936605431139 ], [ 785930.592222576844506, 6232191.243953198194504 ], [ 785931.231641064863652, 6232192.012969803996384 ], [ 785931.871059549739584, 6232192.781986422836781 ], [ 785932.510478032520041, 6232193.551003055647016 ], [ 785933.149896512157284, 6232194.320019701495767 ], [ 785933.789314988534898, 6232195.089036360383034 ], [ 785934.428733461536467, 6232195.858053031377494 ], [ 785935.068151932791807, 6232196.627069719135761 ], [ 785935.707570400554687, 6232197.396086417138577 ], [ 785936.346988865174353, 6232198.165103130042553 ], [ 785936.986407326767221, 6232198.934119855985045 ], [ 785937.625825785915367, 6232199.703136594966054 ], [ 785938.265244243433699, 6232200.472153347916901 ], [ 785938.904662696179003, 6232201.241170112043619 ], [ 785939.544081147061661, 6232202.010186892002821 ], [ 785940.18349959468469, 6232202.779203684069216 ], [ 785940.822918039280921, 6232203.548220491036773 ], [ 785941.462336481548846, 6232204.317237310111523 ], [ 785942.101754920673557, 6232205.086254142224789 ], [ 785942.741173356655054, 6232205.855270988307893 ], [ 785943.38059179042466, 6232206.624287849292159 ], [ 785944.020010220003314, 6232207.393304720520973 ], [ 785944.659428648650646, 6232208.162321606650949 ], [ 785945.298847072757781, 6232208.93133850581944 ], [ 785945.938265494885854, 6232209.700355418026447 ], [ 785946.577683913870715, 6232210.469372345134616 ], [ 785947.21710232947953, 6232211.238389285281301 ], [ 785947.856520743342116, 6232212.007406237535179 ], [ 785948.495939153595828, 6232212.776423202827573 ], [ 785949.13535756082274, 6232213.545440183952451 ], [ 785949.774775966070592, 6232214.3144571762532 ], [ 785950.4141943679424, 6232215.083474181592464 ], [ 785951.053612766670994, 6232215.852491200901568 ], [ 785951.693031162023544, 6232216.621508233249187 ], [ 785952.332449555629864, 6232217.390525279566646 ], [ 785952.971867945743725, 6232218.15954233892262 ], [ 785953.611286332830787, 6232218.928559413179755 ], [ 785954.250704717822373, 6232219.697576498612761 ], [ 785954.890123099437915, 6232220.466593598946929 ], [ 785955.529541478026658, 6232221.235610712319613 ], [ 785956.168959854403511, 6232222.004627836868167 ], [ 785956.808378227637149, 6232222.773644976317883 ], [ 785957.447796597611159, 6232223.542662128806114 ], [ 785958.087214964441955, 6232224.31167929712683 ], [ 785958.72663332906086, 6232225.080696477554739 ], [ 785959.366051690536551, 6232225.849713668227196 ], [ 785960.005470050033182, 6232226.618730874732137 ], [ 785960.644888404989615, 6232227.387748096138239 ], [ 785961.284306757966988, 6232228.156765328720212 ], [ 785961.9237251089653, 6232228.925782576203346 ], [ 785962.56314345553983, 6232229.694799833931029 ], [ 785963.202561800018884, 6232230.463817107491195 ], [ 785963.841980141354725, 6232231.2328343950212 ], [ 785964.481398480478674, 6232232.001851694658399 ], [ 785965.120816816575825, 6232232.770869007334113 ], [ 785965.760235149180517, 6232233.539886333048344 ], [ 785966.39965347875841, 6232234.308903675526381 ], [ 785967.039071806240827, 6232235.077921027317643 ], [ 785967.678490130463615, 6232235.846938392147422 ], [ 785968.31790845154319, 6232236.615955773741007 ], [ 785968.957326770643704, 6232237.384973167441785 ], [ 785969.596745086368173, 6232238.15399057418108 ], [ 785970.236163398716599, 6232238.923007993027568 ], [ 785970.875581708038226, 6232239.692025426775217 ], [ 785971.515000015380792, 6232240.461042873561382 ], [ 785972.15441831946373, 6232241.230060333386064 ], [ 785972.793836621334776, 6232241.999077808111906 ], [ 785973.433254919131286, 6232242.768095293082297 ], [ 785974.07267321459949, 6232243.537112792953849 ], [ 785974.712091507972218, 6232244.306130306795239 ], [ 785975.351509797153994, 6232245.075147833675146 ], [ 785975.990928084240295, 6232245.844165375456214 ], [ 785976.630346367950551, 6232246.613182926550508 ], [ 785977.269764649681747, 6232247.382200494408607 ], [ 785977.909182928153314, 6232248.151218074373901 ], [ 785978.548601203598082, 6232248.920235669240355 ], [ 785979.188019475666806, 6232249.689253276214004 ], [ 785979.827437745640054, 6232250.458270896226168 ], [ 785980.466856012353674, 6232251.227288527414203 ], [ 785981.106274276040494, 6232251.996306176297367 ], [ 785981.745692537515424, 6232252.765323834493756 ], [ 785982.302910423721187, 6232253.435480493120849 ], [ 785983.050316154258326, 6232254.100031905807555 ], [ 785983.797721885377541, 6232254.764583334326744 ], [ 785984.545127618359402, 6232255.429134774953127 ], [ 785985.292533352039754, 6232256.093686230480671 ], [ 785986.039939087699167, 6232256.758237697184086 ], [ 785986.787344823940657, 6232257.422789180651307 ], [ 785987.534750560880639, 6232258.087340677157044 ], [ 785988.28215629956685, 6232258.751892184838653 ], [ 785989.029562039999291, 6232259.416443708352745 ], [ 785989.776967781363055, 6232260.080995244905353 ], [ 785990.52437352319248, 6232260.745546793565154 ], [ 785991.271779267117381, 6232261.410098357126117 ], [ 785992.019185011507943, 6232262.074649935588241 ], [ 785992.766590757993981, 6232262.739201526157558 ], [ 785993.51399650494568, 6232263.403753129765391 ], [ 785994.261402253760025, 6232264.068304748274386 ], [ 785995.008808003272861, 6232264.732856379821897 ], [ 785995.75621375348419, 6232265.397408025339246 ], [ 785996.503619505558163, 6232266.061959683895111 ], [ 785997.251025259378366, 6232266.726511356420815 ], [ 785997.998431013897061, 6232267.391063041985035 ], [ 785998.745836769230664, 6232268.055614741519094 ], [ 785999.493242526310496, 6232268.720166454091668 ], [ 786000.24064828408882, 6232269.384718181565404 ], [ 786000.98805404372979, 6232270.049269922077656 ], [ 786001.735459803952836, 6232270.713821676559746 ], [ 786002.482865566271357, 6232271.378373444080353 ], [ 786003.230271328939125, 6232272.042925225570798 ], [ 786003.977677093585953, 6232272.707477020099759 ], [ 786004.725082858931273, 6232273.372028827667236 ], [ 786005.472488626139238, 6232274.036580650135875 ], [ 786006.219894392765127, 6232274.701132485643029 ], [ 786006.967300162650645, 6232275.365684336051345 ], [ 786007.714705932885408, 6232276.030236195772886 ], [ 786008.462111703935079, 6232276.694788074120879 ], [ 786009.209517476847395, 6232277.359339963644743 ], [ 786009.956923250574619, 6232278.023891868069768 ], [ 786010.704329025931656, 6232278.688443785533309 ], [ 786011.451734801987186, 6232279.352995716035366 ], [ 786012.199140580021776, 6232280.017547661438584 ], [ 786012.946546358522028, 6232280.682099618017673 ], [ 786013.693952137837186, 6232281.346651588566601 ], [ 786014.44135791901499, 6232282.011203575879335 ], [ 786015.188763702055439, 6232282.675755573436618 ], [ 786015.93616948579438, 6232283.340307585895061 ], [ 786016.683575270115398, 6232284.004859612323344 ], [ 786017.430981056299061, 6232284.669411649927497 ], [ 786018.1783868430648, 6232285.333963704295456 ], [ 786018.925792631926015, 6232285.998515771701932 ], [ 786019.673198421252891, 6232286.663067852146924 ], [ 786020.420604212558828, 6232287.327619944699109 ], [ 786021.168010004446842, 6232287.992172053083777 ], [ 786021.9154157981975, 6232288.656724175438285 ], [ 786022.662821592763066, 6232289.321276310831308 ], [ 786023.410227387910709, 6232289.985828459262848 ], [ 786024.157633184804581, 6232290.650380619801581 ], [ 786024.905038983561099, 6232291.314932795241475 ], [ 786025.65244478196837, 6232291.97948498558253 ], [ 786026.399850583169609, 6232292.644037187099457 ], [ 786027.147256385302171, 6232293.308589404448867 ], [ 786027.894662187900394, 6232293.973141632974148 ], [ 786028.642067992594093, 6232294.637693877331913 ], [ 786029.389473797753453, 6232295.302246135659516 ], [ 786030.136879603611305, 6232295.966798406094313 ], [ 786030.884285411331803, 6232296.631350690498948 ], [ 786031.631691220914945, 6232297.295902988873422 ], [ 786032.379097031196579, 6232297.960455300286412 ], [ 786033.126502843340859, 6232298.625007627531886 ], [ 786033.873908654786646, 6232299.289559964090586 ], [ 786034.621314469492063, 6232299.954112317413092 ], [ 786035.368720284663141, 6232300.618664681911469 ], [ 786036.116126100765541, 6232301.283217063173652 ], [ 786036.863531918614171, 6232301.947769454680383 ], [ 786037.610937737044878, 6232302.612321861088276 ], [ 786038.358343557454646, 6232303.276874281466007 ], [ 786039.10574937844649, 6232303.9414267167449 ], [ 786039.85315520002041, 6232304.605979165062308 ], [ 786040.600561023573391, 6232305.270531624555588 ], [ 786041.347966848989017, 6232305.935084098950028 ], [ 786042.09537267498672, 6232306.599636587314308 ], [ 786042.84277850179933, 6232307.264189089648426 ], [ 786043.59018433035817, 6232307.928741605952382 ], [ 786044.337590159499086, 6232308.593294134363532 ], [ 786045.084995990735479, 6232309.257846677675843 ], [ 786045.832401822437532, 6232309.92239923402667 ], [ 786046.579807656118646, 6232310.586951805278659 ], [ 786047.327213490381837, 6232311.251504386775196 ], [ 786048.074619326507673, 6232311.916056984104216 ], [ 786048.822025163332, 6232312.58060959354043 ], [ 786049.569431002018973, 6232313.245162218809128 ], [ 786050.316836841404438, 6232313.909714858978987 ], [ 786051.064242681255564, 6232314.574267510324717 ], [ 786051.811648523085751, 6232315.238820175640285 ], [ 786052.559054365614429, 6232315.903372852131724 ], [ 786053.306460210122168, 6232316.567925546318293 ], [ 786054.053866056259722, 6232317.232478252612054 ], [ 786054.801271901931614, 6232317.897030971944332 ], [ 786055.548677750863135, 6232318.561583705246449 ], [ 786056.296083598979749, 6232319.226136451587081 ], [ 786057.043489449075423, 6232319.890689210966229 ], [ 786057.790895301033743, 6232320.555241986177862 ], [ 786058.538301153574139, 6232321.21979477442801 ], [ 786059.28570700797718, 6232321.884347574785352 ], [ 786060.033112863311544, 6232322.548900390043855 ], [ 786060.780518718995154, 6232323.213453218340874 ], [ 786061.527924576657824, 6232323.878006060607731 ], [ 786062.275330435018986, 6232324.542558915913105 ], [ 786063.022736295126379, 6232325.207111785188317 ], [ 786063.770142155932263, 6232325.871664668433368 ], [ 786064.517548018717207, 6232326.536217564716935 ], [ 786065.264953882084228, 6232327.200770474970341 ], [ 786066.012359747197479, 6232327.865323398262262 ], [ 786066.759765613125637, 6232328.529876335524023 ], [ 786067.50717148091644, 6232329.194429285824299 ], [ 786068.254577349405736, 6232329.858982250094414 ], [ 786069.001983218360692, 6232330.523535227403045 ], [ 786069.749389089178294, 6232331.188088219612837 ], [ 786070.496794961974956, 6232331.852641224861145 ], [ 786071.244200834305957, 6232332.517194244079292 ], [ 786071.991606709547341, 6232333.1817472781986 ], [ 786072.739012585487217, 6232333.846300323493779 ], [ 786073.486418462125584, 6232334.510853383690119 ], [ 786074.233824340626597, 6232335.175406455993652 ], [ 786074.981230219826102, 6232335.839959543198347 ], [ 786075.728636099607684, 6232336.504512642510235 ], [ 786076.47604198125191, 6232337.169065756723285 ], [ 786077.223447864758782, 6232337.83361888397485 ], [ 786077.970853748964146, 6232338.498172026127577 ], [ 786078.718259633751586, 6232339.162725180387497 ], [ 786079.465665520518087, 6232339.827278349548578 ], [ 786080.213071409030817, 6232340.49183152988553 ], [ 786080.960477298358455, 6232341.156384726986289 ], [ 786081.70788318826817, 6232341.820937936194241 ], [ 786082.455289079924114, 6232342.485491159372032 ], [ 786083.20269497227855, 6232343.150044396519661 ], [ 786083.950100866612047, 6232343.814597645774484 ], [ 786084.697506761411205, 6232344.479150909930468 ], [ 786085.44491265702527, 6232345.143704186193645 ], [ 786086.192318555666134, 6232345.808257477357984 ], [ 786086.939724453841336, 6232346.472810782492161 ], [ 786087.687130353879184, 6232347.137364099733531 ], [ 786088.434536255663261, 6232347.801917431876063 ], [ 786089.181942156981677, 6232348.466470777988434 ], [ 786089.929348061326891, 6232349.131024135276675 ], [ 786090.676753966254182, 6232349.795577509328723 ], [ 786091.424159871879965, 6232350.460130894556642 ], [ 786092.171565779368393, 6232351.124684293754399 ], [ 786092.918971687555313, 6232351.789237705990672 ], [ 786093.666377597604878, 6232352.453791134059429 ], [ 786094.413783508352935, 6232353.118344575166702 ], [ 786095.161189419799484, 6232353.782898027449846 ], [ 786095.908595332992263, 6232354.447451496496797 ], [ 786096.656001248047687, 6232355.112004976719618 ], [ 786097.403407163801603, 6232355.7765584718436 ], [ 786098.150813080137596, 6232356.441111980006099 ], [ 786098.898218998452649, 6232357.105665501207113 ], [ 786099.645624917466193, 6232357.770219037309289 ], [ 786100.393030838109553, 6232358.434772586449981 ], [ 786101.140436760848388, 6232359.099326150491834 ], [ 786101.887842682888731, 6232359.763879727572203 ], [ 786102.635248607955873, 6232360.428433317691088 ], [ 786103.382654532790184, 6232361.092986918985844 ], [ 786104.130060459137894, 6232361.757540537975729 ], [ 786104.877466387464665, 6232362.422094167210162 ], [ 786105.624872316489927, 6232363.086647812277079 ], [ 786106.372278246097267, 6232363.751201469451189 ], [ 786107.119684177683666, 6232364.415755142457783 ], [ 786107.867090111132711, 6232365.080308827571571 ], [ 786108.614496045047417, 6232365.744862524792552 ], [ 786109.361901979893446, 6232366.409416239708662 ], [ 786110.109307916252874, 6232367.07396996486932 ], [ 786110.856713853543624, 6232367.73852370493114 ], [ 786111.604119792580605, 6232368.403077458962798 ], [ 786112.351525732316077, 6232369.067631224170327 ], [ 786113.098931673681363, 6232369.73218500521034 ], [ 786113.809818730689585, 6232370.364268139004707 ], [ 786114.557224674266763, 6232371.028821947984397 ], [ 786115.304630618426017, 6232371.693375766277313 ], [ 786116.052036564564332, 6232372.357929601334035 ], [ 786116.799442512448877, 6232373.022483451291919 ], [ 786117.546848460100591, 6232373.687037310563028 ], [ 786118.294254410546273, 6232374.351591185666621 ], [ 786119.041660360526294, 6232375.01614507380873 ], [ 786119.789066313533112, 6232375.680698976852 ], [ 786120.536472265841439, 6232376.345252892002463 ], [ 786121.283878220245242, 6232377.009806822054088 ], [ 786122.03128417651169, 6232377.674360764212906 ], [ 786122.778690133243799, 6232378.338914722204208 ], [ 786123.526096090790816, 6232379.003468690440059 ], [ 786124.273502050084062, 6232379.668022675439715 ], [ 786125.020908011356369, 6232380.332576673477888 ], [ 786125.768313973094337, 6232380.997130683623254 ], [ 786126.515719935763627, 6232381.661684708669782 ], [ 786127.263125900179148, 6232382.326238745823503 ], [ 786128.010531865176745, 6232382.990792797878385 ], [ 786128.757937832036987, 6232383.65534686204046 ], [ 786129.505343799712136, 6232384.319900943897665 ], [ 786130.2527497690171, 6232384.984455035999417 ], [ 786131.000155739136972, 6232385.649009142071009 ], [ 786131.747561709955335, 6232386.313563261181116 ], [ 786132.494967682519928, 6232386.978117394261062 ], [ 786133.242373656947166, 6232387.642671542242169 ], [ 786133.989779632072896, 6232388.307225703261793 ], [ 786134.737185607897118, 6232388.971779877319932 ], [ 786135.48459158546757, 6232389.636334063485265 ], [ 786136.231997563736513, 6232390.300888266414404 ], [ 786136.979403543868102, 6232390.965442480519414 ], [ 786137.726809524698183, 6232391.629996710456908 ], [ 786138.474215507274494, 6232392.29455095063895 ], [ 786139.221621490782127, 6232392.959105206653476 ], [ 786139.969027475919574, 6232393.62365947663784 ], [ 786140.716433461755514, 6232394.288213760592043 ], [ 786141.463839449221268, 6232394.95276805665344 ], [ 786142.21124543773476, 6232395.617322366684675 ], [ 786142.958651426713914, 6232396.281876688823104 ], [ 786143.706057417672127, 6232396.946431027725339 ], [ 786144.453463409212418, 6232397.61098537966609 ], [ 786145.200869402615353, 6232398.275539742782712 ], [ 786145.948275397764519, 6232398.940094120800495 ], [ 786146.695681392448023, 6232399.60464851371944 ], [ 786147.443087390158325, 6232400.2692029196769 ], [ 786148.190493387402967, 6232400.933757336810231 ], [ 786148.937899387674406, 6232401.598311770707369 ], [ 786149.685305387480184, 6232402.2628662167117 ], [ 786150.432711388915777, 6232402.92742067668587 ], [ 786151.180117392446846, 6232403.591975150629878 ], [ 786151.927523396676406, 6232404.25652963668108 ], [ 786152.674929402535781, 6232404.921084138564765 ], [ 786153.42233540804591, 6232405.585638651624322 ], [ 786154.169741416466422, 6232406.250193180516362 ], [ 786154.917147425469011, 6232406.914747720584273 ], [ 786155.664553435402922, 6232407.579302277415991 ], [ 786156.411959446966648, 6232408.243856844492257 ], [ 786157.159365459228866, 6232408.908411426469684 ], [ 786157.906771473353729, 6232409.572966022416949 ], [ 786158.654177488293499, 6232410.237520633265376 ], [ 786159.401583504863083, 6232410.902075255289674 ], [ 786160.148989522363991, 6232411.566629892215133 ], [ 786160.896395540330559, 6232412.231184542179108 ], [ 786161.643801560159773, 6232412.895739206112921 ], [ 786162.391207581851631, 6232413.560293884016573 ], [ 786163.138613604241982, 6232414.224848574027419 ], [ 786163.886019627214409, 6232414.889403279870749 ], [ 786164.633425652165897, 6232415.553957997821271 ], [ 786165.380831678863615, 6232416.218512730672956 ], [ 786166.128237704979256, 6232416.883067474700511 ], [ 786166.875643734354526, 6232417.547622235491872 ], [ 786167.623049764195457, 6232418.212177004665136 ], [ 786168.37045579473488, 6232418.876731792464852 ], [ 786169.11786182585638, 6232419.541286592371762 ], [ 786169.865267860237509, 6232420.20584140624851 ], [ 786170.612673893920146, 6232420.870396231301129 ], [ 786171.360079929465428, 6232421.534951074048877 ], [ 786172.107485966989771, 6232422.199505928903818 ], [ 786172.854892004979774, 6232422.864060796797276 ], [ 786173.602298043901101, 6232423.528615676797926 ], [ 786174.349704084452242, 6232424.193170571699739 ], [ 786175.097110125701874, 6232424.857725480571389 ], [ 786175.844516168814152, 6232425.522280402481556 ], [ 786176.591922213789076, 6232426.186835340224206 ], [ 786177.339328258181922, 6232426.851390287280083 ], [ 786178.086734305717982, 6232427.515945251099765 ], [ 786178.834140352788381, 6232428.180500227026641 ], [ 786179.581546402769163, 6232428.845055218786001 ], [ 786180.328952452167869, 6232429.509610222652555 ], [ 786181.076358503429219, 6232430.174165239557624 ], [ 786181.823764556553215, 6232430.838720269501209 ], [ 786182.571170610375702, 6232431.503275314345956 ], [ 786183.318576664896682, 6232432.167830372229218 ], [ 786184.065982721280307, 6232432.832385445013642 ], [ 786184.813388779526576, 6232433.496940528973937 ], [ 786185.56079483719077, 6232434.161495627835393 ], [ 786186.308200897881761, 6232434.826050740666687 ], [ 786187.055606959154829, 6232435.490605866536498 ], [ 786187.80301302135922, 6232436.155161008238792 ], [ 786188.550419083912857, 6232436.819716161116958 ], [ 786189.297825149726123, 6232437.484271328896284 ], [ 786190.045231214957312, 6232438.148826509714127 ], [ 786190.792637283098884, 6232438.813381703570485 ], [ 786191.540043350774795, 6232439.47793691046536 ], [ 786192.287449420429766, 6232440.142492133192718 ], [ 786193.034855491714552, 6232440.807047367095947 ], [ 786193.782261563814245, 6232441.47160261683166 ], [ 786194.52966763661243, 6232442.136157877743244 ], [ 786195.277073711156845, 6232442.800713153555989 ], [ 786196.024479786399752, 6232443.465268444269896 ], [ 786196.771885863505304, 6232444.129823746159673 ], [ 786197.519291941309348, 6232444.794379062950611 ], [ 786198.266698020859621, 6232445.458934393711388 ], [ 786199.014104101108387, 6232446.123489738442004 ], [ 786199.761510183336213, 6232446.788045095279813 ], [ 786200.508916266029701, 6232447.452600466087461 ], [ 786201.256322350585833, 6232448.117155849933624 ], [ 786202.003728435956873, 6232448.781711250543594 ], [ 786202.751134521793574, 6232449.44626666046679 ], [ 786203.498540609609336, 6232450.110822085291147 ], [ 786204.245946699287742, 6232450.775377525016665 ], [ 786204.993352789548226, 6232451.4399329777807 ], [ 786205.740758880507201, 6232452.104488445445895 ], [ 786206.488164973445237, 6232452.769043924286962 ], [ 786207.235571066965349, 6232453.433599418029189 ], [ 786207.982977162231691, 6232454.098154924809933 ], [ 786208.73038325808011, 6232454.762710444629192 ], [ 786209.477789356024005, 6232455.427265979349613 ], [ 786210.22519545443356, 6232456.091821528039873 ], [ 786210.972601554822177, 6232456.756377088837326 ], [ 786211.720007655909285, 6232457.420932663604617 ], [ 786212.467413757462054, 6232458.085488252341747 ], [ 786213.2148198611103, 6232458.750043855980039 ], [ 786213.962225966504775, 6232459.414599471725523 ], [ 786214.709632072364911, 6232460.079155100509524 ], [ 786215.45703817915637, 6232460.743710743263364 ], [ 786216.204444287577644, 6232461.408266399055719 ], [ 786216.951850397977978, 6232462.072822069749236 ], [ 786217.699256507912651, 6232462.737377753481269 ], [ 786218.446662620757706, 6232463.401933452114463 ], [ 786219.194068733137101, 6232464.066489163786173 ], [ 786219.941474848659709, 6232464.731044888496399 ], [ 786220.688880963483825, 6232465.395600624382496 ], [ 786221.436287081218325, 6232466.060156377032399 ], [ 786222.183693198719993, 6232466.724712142720819 ], [ 786222.931099317967892, 6232467.389267921447754 ], [ 786223.678505439078435, 6232468.05382371507585 ], [ 786224.42591156065464, 6232468.718379519879818 ], [ 786225.084924302180298, 6232469.304340405389667 ], [ 786225.88942704256624, 6232469.898500070907176 ], [ 786226.693929785629734, 6232470.492659751325846 ], [ 786227.49843253265135, 6232471.086819445714355 ], [ 786228.302935284445994, 6232471.680979153141379 ], [ 786229.10743803891819, 6232472.275138871744275 ], [ 786229.911940797232091, 6232472.869298605248332 ], [ 786230.716443559387699, 6232473.463458351790905 ], [ 786231.520946324104443, 6232474.057618109509349 ], [ 786232.325449093710631, 6232474.651777883060277 ], [ 786233.129951866110787, 6232475.245937667787075 ], [ 786233.934454642236233, 6232475.840097466483712 ], [ 786234.738957423483953, 6232476.434257279150188 ], [ 786235.543460206128657, 6232477.028417102992535 ], [ 786236.347962993662804, 6232477.622576941736042 ], [ 786237.152465784922242, 6232478.216736794449389 ], [ 786237.956968580139801, 6232478.810896657407284 ], [ 786238.761471377918497, 6232479.405056536197662 ], [ 786239.565974179655313, 6232479.999216426163912 ], [ 786240.370476986048743, 6232480.593376329168677 ], [ 786241.174979795468971, 6232481.187536248005927 ], [ 786241.979482608381659, 6232481.781696177087724 ], [ 786242.783985424088314, 6232482.375856122002006 ], [ 786243.588488244917244, 6232482.970016077160835 ], [ 786244.39299106807448, 6232483.564176047220826 ], [ 786245.19749389635399, 6232484.158336029388011 ], [ 786246.001996727311052, 6232484.752496025525033 ], [ 786246.806499561993405, 6232485.346656035631895 ], [ 786247.611002400401048, 6232485.940816055983305 ], [ 786248.415505242766812, 6232486.534976094029844 ], [ 786249.220008087810129, 6232487.129136143252254 ], [ 786250.024510937742889, 6232487.723296202719212 ], [ 786250.829013790236786, 6232488.317456279881299 ], [ 786251.633516646688804, 6232488.911616368219256 ], [ 786252.438019508030266, 6232489.505776468664408 ], [ 786253.242522371932864, 6232490.09993658401072 ], [ 786254.047025238629431, 6232490.694096710532904 ], [ 786254.85152811021544, 6232491.288256851956248 ], [ 786255.656030985526741, 6232491.882417006418109 ], [ 786256.460533863632008, 6232492.47657717205584 ], [ 786257.265036745346151, 6232493.070737352594733 ], [ 786258.069539631018415, 6232493.664897547103465 ], [ 786258.874042520532385, 6232494.259057754650712 ], [ 786259.678545413771644, 6232494.85321797337383 ], [ 786260.483048310736194, 6232495.447378205135465 ], [ 786261.287551211658865, 6232496.041538452729583 ], [ 786262.092054115142673, 6232496.635698711499572 ], [ 786262.896557022468187, 6232497.229858984239399 ], [ 786263.701059934683144, 6232497.824019269086421 ], [ 786264.505562849808484, 6232498.418179569765925 ], [ 786265.310065768426284, 6232499.012339878827333 ], [ 786266.114568689838052, 6232499.606500206515193 ], [ 786266.919071616022848, 6232500.200660542584956 ], [ 786267.723574546165764, 6232500.794820895418525 ], [ 786268.528077478986233, 6232501.388981258496642 ], [ 786269.332580415531993, 6232501.983141636475921 ], [ 786270.137083355803043, 6232502.577302027493715 ], [ 786270.941586300032213, 6232503.171462430618703 ], [ 786271.746089247986674, 6232503.765622846782207 ], [ 786272.550592199899256, 6232504.359783278778195 ], [ 786273.35509515425656, 6232504.953943720087409 ], [ 786274.159598113619722, 6232505.548104176297784 ], [ 786274.964101075660437, 6232506.142264648340642 ], [ 786275.768604041659273, 6232506.736425129696727 ], [ 786276.573107011266984, 6232507.330585627816617 ], [ 786277.377609984716401, 6232507.924746137112379 ], [ 786278.182112962007523, 6232508.518906659446657 ], [ 786278.986615941743366, 6232509.113067193888128 ], [ 786279.7911189267179, 6232509.707227744162083 ], [ 786280.595621914137155, 6232510.301388304680586 ], [ 786281.400124905398116, 6232510.895548881962895 ], [ 786282.204627900617197, 6232511.489709468558431 ], [ 786283.009130899561569, 6232512.083870070055127 ], [ 786283.813633902231231, 6232512.67803068459034 ], [ 786284.618136908859015, 6232513.272191313095391 ], [ 786285.422639917931519, 6232513.866351953707635 ], [ 786286.22714293084573, 6232514.460512606427073 ], [ 786287.031645948765799, 6232515.054673274978995 ], [ 786287.836148969363421, 6232515.648833954706788 ], [ 786288.640651993686333, 6232516.242994648404419 ], [ 786289.445155021967366, 6232516.837155355140567 ], [ 786290.249658052809536, 6232517.431316075846553 ], [ 786291.05416108854115, 6232518.025476808659732 ], [ 786291.858664127066731, 6232518.619637554511428 ], [ 786292.663167169084772, 6232519.213798312470317 ], [ 786293.467670216457918, 6232519.80795908626169 ], [ 786294.272173266392201, 6232520.402119873091578 ], [ 786295.076676319818944, 6232520.996280671097338 ], [ 786295.881179376272485, 6232521.590441482141614 ], [ 786296.685682437382638, 6232522.184602308087051 ], [ 786297.49018550128676, 6232522.778763146139681 ], [ 786298.29468857019674, 6232523.372923996299505 ], [ 786299.099191641551442, 6232523.967084860429168 ], [ 786299.903694716980681, 6232524.561245739459991 ], [ 786300.70819779613521, 6232525.155406631529331 ], [ 786301.512700879015028, 6232525.749567534774542 ], [ 786302.3172039645724, 6232526.343728451058269 ], [ 786303.121707055019215, 6232526.937889382243156 ], [ 786303.926210148259997, 6232527.532050325535238 ], [ 786304.73071324522607, 6232528.126211281865835 ], [ 786305.535216345917434, 6232528.720372252166271 ], [ 786306.339719450566918, 6232529.314533235505223 ], [ 786307.144222558825277, 6232529.908694231882691 ], [ 786307.948725671041757, 6232530.502855240367353 ], [ 786308.753228785702959, 6232531.097016263753176 ], [ 786309.557731905719265, 6232531.691177299246192 ], [ 786310.362235028063878, 6232532.285338347777724 ], [ 786311.166738154366612, 6232532.879499409347773 ], [ 786311.971241284278221, 6232533.47366048488766 ], [ 786312.775744418147951, 6232534.067821571603417 ], [ 786313.580247555859387, 6232534.661982674151659 ], [ 786314.384750697179697, 6232535.256143789738417 ], [ 786315.189253841293976, 6232535.850304916501045 ], [ 786315.993756989133544, 6232536.444466059096158 ], [ 786316.798260141978972, 6232537.038627212867141 ], [ 786317.602763296337798, 6232537.632788377813995 ], [ 786318.407266455586068, 6232538.226949559524655 ], [ 786319.211769618676044, 6232538.821110753342509 ], [ 786320.016272785607725, 6232539.415271960198879 ], [ 786320.820775954984128, 6232540.00943317823112 ], [ 786321.625279129599221, 6232540.603594411164522 ], [ 786322.429782306775451, 6232541.197755658999085 ], [ 786323.234285487676971, 6232541.791916917078197 ], [ 786324.038788672536612, 6232542.386078191921115 ], [ 786324.843291861005127, 6232542.980239477008581 ], [ 786325.647795053315349, 6232543.574400775134563 ], [ 786326.452298248303123, 6232544.168562086299062 ], [ 786327.256801448296756, 6232544.762723412364721 ], [ 786328.061304650851525, 6232545.356884751468897 ], [ 786328.865807857364416, 6232545.951046103611588 ], [ 786329.670311067486182, 6232546.545207465067506 ], [ 786330.474814281566069, 6232547.139368846081197 ], [ 786331.279317499371246, 6232547.733530234545469 ], [ 786332.08382071973756, 6232548.327691639773548 ], [ 786332.888323945226148, 6232548.921853058040142 ], [ 786333.692827173159458, 6232549.516014486551285 ], [ 786334.497330405050889, 6232550.110175931826234 ], [ 786335.301833641948178, 6232550.704337387345731 ], [ 786336.106336881406605, 6232551.29849885776639 ], [ 786336.910840123426169, 6232551.892660340294242 ], [ 786337.715343370335177, 6232552.48682183586061 ], [ 786338.519846621435136, 6232553.080983347259462 ], [ 786339.324349874863401, 6232553.675144868902862 ], [ 786340.128853132133372, 6232554.269306403584778 ], [ 786340.933356393361464, 6232554.863467954099178 ], [ 786341.737859658198431, 6232555.457629514858127 ], [ 786342.542362926993519, 6232556.051791090518236 ], [ 786343.346866199513897, 6232556.645952679216862 ], [ 786344.151369474478997, 6232557.240114280954003 ], [ 786344.955872754799202, 6232557.834275895729661 ], [ 786345.354649768676609, 6232558.128790539689362 ], [ 786345.725951151107438, 6232559.057439483702183 ], [ 786346.097252522711642, 6232559.986088436096907 ], [ 786346.468553885468282, 6232560.914737399667501 ], [ 786346.839855237398297, 6232561.843386368826032 ], [ 786347.211156578268856, 6232562.77203534822911 ], [ 786347.582457910408266, 6232563.70068433880806 ], [ 786347.953759231604636, 6232564.629333337768912 ], [ 786348.325060542905703, 6232565.557982344180346 ], [ 786348.696361844544299, 6232566.486631362698972 ], [ 786349.067663135007024, 6232567.415280386805534 ], [ 786349.438964415807277, 6232568.343929422087967 ], [ 786349.810265686595812, 6232569.272578464820981 ], [ 786350.181566947605461, 6232570.201227520592511 ], [ 786350.552868197672069, 6232571.129876581951976 ], [ 786350.92416943795979, 6232572.058525653555989 ], [ 786351.295470668235794, 6232572.987174736335874 ], [ 786351.666771887685172, 6232573.915823822841048 ], [ 786352.038073097122833, 6232574.844472923316061 ], [ 786352.409374297014438, 6232575.773122031241655 ], [ 786352.780675486894324, 6232576.701771147549152 ], [ 786353.151976665831171, 6232577.63042027503252 ], [ 786353.523277834872715, 6232578.559069409966469 ], [ 786353.894578994018957, 6232579.487718555144966 ], [ 786354.265880143502727, 6232580.416367707774043 ], [ 786354.637181281810626, 6232581.345016869716346 ], [ 786355.008482410572469, 6232582.27366604283452 ], [ 786355.379783528042026, 6232583.202315224334598 ], [ 786355.751084636896849, 6232584.130964413285255 ], [ 786356.122385734925047, 6232585.059613614343107 ], [ 786356.493686822941527, 6232585.988262820988894 ], [ 786356.864987900014967, 6232586.916912039741874 ], [ 786357.236288968473673, 6232587.845561265945435 ], [ 786357.607590025872923, 6232588.774210502393544 ], [ 786357.978891072329134, 6232589.702859748154879 ], [ 786358.35019211017061, 6232590.631509002298117 ], [ 786358.721493136836216, 6232591.560158263891935 ], [ 786359.09279415383935, 6232592.488807536661625 ], [ 786359.464095160947181, 6232593.417456817813218 ], [ 786359.835396156995557, 6232594.346106108278036 ], [ 786360.206697143381462, 6232595.274755409918725 ], [ 786360.577998119639233, 6232596.20340471714735 ], [ 786360.949299086350948, 6232597.132054036483169 ], [ 786361.320600041886792, 6232598.060703363269567 ], [ 786361.691900987643749, 6232598.98935269843787 ], [ 786362.063201923621818, 6232599.91800204385072 ], [ 786362.434502848656848, 6232600.846651399508119 ], [ 786362.805803763796575, 6232601.775300761684775 ], [ 786363.177104669157416, 6232602.703950135968626 ], [ 786363.548405564622954, 6232603.632599517703056 ], [ 786363.919706448912621, 6232604.561248908750713 ], [ 786364.291007323539816, 6232605.489898308180273 ], [ 786364.662308188388124, 6232606.418547717854381 ], [ 786365.033609042176977, 6232607.347197136841714 ], [ 786365.404909887118265, 6232608.275846565142274 ], [ 786365.776210721349344, 6232609.204496000893414 ], [ 786366.147511544404551, 6232610.13314544595778 ], [ 786366.518812358961441, 6232611.061794901266694 ], [ 786366.890113162458874, 6232611.990444367751479 ], [ 786367.261413956061006, 6232612.9190938398242 ], [ 786367.632714738720097, 6232613.847743320278823 ], [ 786368.004015512764454, 6232614.776392813771963 ], [ 786368.37531627563294, 6232615.705042313784361 ], [ 786368.746617027558386, 6232616.633691823109984 ], [ 786369.117917770752683, 6232617.562341343611479 ], [ 786369.489218503236771, 6232618.490990870632231 ], [ 786369.86051922570914, 6232619.419640408828855 ], [ 786370.231819938286208, 6232620.348289953544736 ], [ 786370.603120639920235, 6232621.276939509436488 ], [ 786370.974421331658959, 6232622.205589072778821 ], [ 786371.345722013618797, 6232623.134238647297025 ], [ 786371.717022685916163, 6232624.062888231128454 ], [ 786372.088323347037658, 6232624.991537822410464 ], [ 786372.459623998263851, 6232625.9201874230057 ], [ 786372.830924639827572, 6232626.848837034776807 ], [ 786373.202225270215422, 6232627.777486653067172 ], [ 786373.5735258909408, 6232628.706136279739439 ], [ 786373.944826501654461, 6232629.634785920381546 ], [ 786374.316127102589235, 6232630.563435566611588 ], [ 786374.687427692580968, 6232631.492085222154856 ], [ 786375.058728273957968, 6232632.420734887942672 ], [ 786375.430028843111359, 6232633.349384561181068 ], [ 786375.8013294035336, 6232634.278034245595336 ], [ 786376.172629953129217, 6232635.206683935597539 ], [ 786376.543930492596701, 6232636.135333636775613 ], [ 786376.915231022518128, 6232637.063983348198235 ], [ 786377.286531541263685, 6232637.99263306800276 ], [ 786377.657832051394507, 6232638.921282798051834 ], [ 786378.029132550698705, 6232639.849932536482811 ], [ 786378.400433038594201, 6232640.778582282364368 ], [ 786378.771733517060056, 6232641.707232037559152 ], [ 786379.143033986678347, 6232642.635881803929806 ], [ 786379.514334444189444, 6232643.56453157775104 ], [ 786379.885634892969392, 6232644.493181362748146 ], [ 786380.2569353308063, 6232645.421831156127155 ], [ 786380.628235758747905, 6232646.350480956956744 ], [ 786380.999536176794209, 6232647.279130768030882 ], [ 786381.370836584013887, 6232648.207780589349568 ], [ 786381.742136982386, 6232649.136430418118834 ], [ 786382.113437368767336, 6232650.065080256201327 ], [ 786382.484737746417522, 6232650.99373010545969 ], [ 786382.856038112891838, 6232651.922379963099957 ], [ 786383.227338469820097, 6232652.851029826328158 ], [ 786383.598638816853054, 6232653.779679701663554 ], [ 786383.969939153874293, 6232654.708329585380852 ], [ 786384.341239479952492, 6232655.636979478411376 ], [ 786384.712539796368219, 6232656.565629380755126 ], [ 786385.083840102772228, 6232657.494279293343425 ], [ 786385.455140398116782, 6232658.422929212450981 ], [ 786385.826440683798864, 6232659.351579142734408 ], [ 786386.197740959585644, 6232660.280229082331061 ], [ 786386.569041225709952, 6232661.20887903124094 ], [ 786386.940341480541974, 6232662.137528987601399 ], [ 786387.311641725711524, 6232663.06617895513773 ], [ 786387.682941960869357, 6232663.99482893012464 ], [ 786388.054242186364718, 6232664.923478914424777 ], [ 786388.425542400917038, 6232665.852128908038139 ], [ 786388.796842605457641, 6232666.780778910964727 ], [ 786389.168142800335772, 6232667.709428922273219 ], [ 786389.539442984154448, 6232668.638078944757581 ], [ 786389.910743157961406, 6232669.566728973761201 ], [ 786390.282043321989477, 6232670.495379012078047 ], [ 786390.653343476355076, 6232671.424029061570764 ], [ 786391.024643619661219, 6232672.352679120376706 ], [ 786391.395943752955645, 6232673.281329186633229 ], [ 786391.7672438765876, 6232674.209979262202978 ], [ 786392.138543989276513, 6232675.138629347085953 ], [ 786392.509844093117863, 6232676.067279441282153 ], [ 786392.881144186016172, 6232676.995929544791579 ], [ 786393.252444267971441, 6232677.924579655751586 ], [ 786393.623744341311976, 6232678.853229777887464 ], [ 786393.995044403593056, 6232679.781879908405244 ], [ 786394.366344455862418, 6232680.710530048236251 ], [ 786394.737644497305155, 6232681.639180200174451 ], [ 786395.108944530133158, 6232682.567830356769264 ], [ 786395.480244551901706, 6232683.496480522677302 ], [ 786395.851544563774951, 6232684.425130697898567 ], [ 786396.22284456458874, 6232685.353780884295702 ], [ 786396.594144555623643, 6232686.28243107907474 ], [ 786396.965444536996074, 6232687.211081284098327 ], [ 786397.336744508356787, 6232688.139731496572495 ], [ 786397.708044469938613, 6232689.068381717428565 ], [ 786398.079344420460984, 6232689.997031948529184 ], [ 786398.450644361204468, 6232690.925682188943028 ], [ 786398.821944291004911, 6232691.854332438670099 ], [ 786399.193244212074205, 6232692.78298269584775 ], [ 786399.564544121967629, 6232693.711632965132594 ], [ 786399.935844021150842, 6232694.640283241868019 ], [ 786400.307143911370076, 6232695.568933526054025 ], [ 786400.678443790879101, 6232696.497583821415901 ], [ 786401.049743660376407, 6232697.426234126091003 ], [ 786401.421043520094827, 6232698.354884440079331 ], [ 786401.792343368753791, 6232699.28353476151824 ], [ 786402.163643208798021, 6232700.212185093201697 ], [ 786402.534943037899211, 6232701.14083543419838 ], [ 786402.90624285582453, 6232702.069485783576965 ], [ 786403.277542665367946, 6232702.998136143200099 ], [ 786403.64884246350266, 6232703.926786510273814 ], [ 786404.020142250927165, 6232704.8554368885234 ], [ 786404.391442029504105, 6232705.784087274223566 ], [ 786404.762741797254421, 6232706.712737671099603 ], [ 786405.134041555109434, 6232707.641388073563576 ], [ 786405.50534130318556, 6232708.570038488134742 ], [ 786405.876641040085815, 6232709.498688910156488 ], [ 786406.247940768487751, 6232710.427339343354106 ], [ 786406.619240485713817, 6232711.355989784002304 ], [ 786406.990540192229673, 6232712.284640235826373 ], [ 786407.36183988978155, 6232713.2132906941697 ], [ 786407.733139576390386, 6232714.141941161826253 ], [ 786408.104439253220335, 6232715.070591639727354 ], [ 786408.475738918990828, 6232715.999242125079036 ], [ 786408.847038574982435, 6232716.927892621606588 ], [ 786409.218338222242892, 6232717.856543128378689 ], [ 786409.589637857396156, 6232718.785193642601371 ], [ 786409.960937483934686, 6232719.71384416334331 ], [ 786410.332237099297345, 6232720.642494697123766 ], [ 786410.703536704881117, 6232721.571145240217447 ], [ 786411.074836300686002, 6232722.499795788899064 ], [ 786411.446135885547847, 6232723.428446349687874 ], [ 786411.817435460397974, 6232724.357096917927265 ], [ 786412.188735025469214, 6232725.285747496411204 ], [ 786412.560034580761567, 6232726.214398084208369 ], [ 786412.931334124994464, 6232727.143048679456115 ], [ 786413.302633659448475, 6232728.071699285879731 ], [ 786413.673933184123598, 6232729.000349900685251 ], [ 786414.045232697622851, 6232729.929000523872674 ], [ 786414.416532201343216, 6232730.857651157304645 ], [ 786414.787831695284694, 6232731.786301798187196 ], [ 786415.159131179330871, 6232732.714952449314296 ], [ 786415.53043065359816, 6232733.643603108823299 ], [ 786415.901730116689578, 6232734.572253778576851 ], [ 786416.273029570002109, 6232735.500904456712306 ], [ 786416.64432901260443, 6232736.429555146023631 ], [ 786417.015628444962204, 6232737.358205840922892 ], [ 786417.386927868938074, 6232738.286856546998024 ], [ 786417.758227280573919, 6232739.215507263317704 ], [ 786418.129526683595031, 6232740.144157987087965 ], [ 786418.500826075673103, 6232741.072808722034097 ], [ 786418.872125457855873, 6232742.001459462568164 ], [ 786419.243424830259755, 6232742.930110214278102 ], [ 786419.614724191487767, 6232743.858760974369943 ], [ 786419.986023544333875, 6232744.787411744706333 ], [ 786420.357322884723544, 6232745.716062523424625 ], [ 786420.728622216498479, 6232746.644713312387466 ], [ 786421.099921537446789, 6232747.573364108800888 ], [ 786421.471220849547535, 6232748.502014915458858 ], [ 786421.842520149424672, 6232749.430665731430054 ], [ 786422.213819440803491, 6232750.359316555783153 ], [ 786422.585118721122853, 6232751.287967389449477 ], [ 786422.956417991546914, 6232752.216618232429028 ], [ 786423.327717252192087, 6232753.145269083790481 ], [ 786423.69901650166139, 6232754.073919945396483 ], [ 786424.01521936559584, 6232754.864770105108619 ], [ 786424.568889922113158, 6232755.697659347206354 ], [ 786425.122560471994802, 6232756.530548602342606 ], [ 786425.676231016404927, 6232757.363437870517373 ], [ 786426.229901555576362, 6232758.196327149868011 ], [ 786426.783572089392692, 6232759.029216443188488 ], [ 786427.337242617504671, 6232759.862105747684836 ], [ 786427.890913139213808, 6232760.6949950652197 ], [ 786428.444583655451424, 6232761.527884393930435 ], [ 786428.998254166217521, 6232762.360773736611009 ], [ 786429.551924671744928, 6232763.19366308953613 ], [ 786430.105595171800815, 6232764.026552457362413 ], [ 786430.659265665104613, 6232764.85944183729589 ], [ 786431.212936153169721, 6232765.692331228405237 ], [ 786431.766606636927463, 6232766.525220632553101 ], [ 786432.320277114049532, 6232767.35811004973948 ], [ 786432.873947584652342, 6232768.190999476239085 ], [ 786433.427618051064201, 6232769.023888919502497 ], [ 786433.981288510840386, 6232769.856778375804424 ], [ 786434.534958965028636, 6232770.689667841419578 ], [ 786435.088629414094612, 6232771.522557320073247 ], [ 786435.642299857689068, 6232772.355446809902787 ], [ 786436.195970294531435, 6232773.188336315564811 ], [ 786436.74964072718285, 6232774.021225830540061 ], [ 786437.303311153315008, 6232774.854115359485149 ], [ 786437.856981573975645, 6232775.687004900537431 ], [ 786438.410651989164762, 6232776.519894452765584 ], [ 786438.964322397951037, 6232777.352784018963575 ], [ 786439.517992802429944, 6232778.185673598200083 ], [ 786440.071663200156763, 6232779.018563188612461 ], [ 786440.625333592528477, 6232779.851452792063355 ], [ 786441.179003979428671, 6232780.684342407621443 ], [ 786441.732674359926023, 6232781.517232036218047 ], [ 786442.286344736116007, 6232782.350121675990522 ], [ 786442.840015105670318, 6232783.183011328801513 ], [ 786443.393685469869524, 6232784.015900993719697 ], [ 786443.94735582859721, 6232784.848790673539042 ], [ 786444.501026181969792, 6232785.681680364534259 ], [ 786445.0546965287067, 6232786.514570066705346 ], [ 786445.608366871252656, 6232787.347459780052304 ], [ 786446.162037207046524, 6232788.180349506437778 ], [ 786446.715707537601702, 6232789.013239249587059 ], [ 786447.26937786268536, 6232789.846129002049565 ], [ 786447.823048181133345, 6232790.679018765687943 ], [ 786448.376718495506793, 6232791.511908544227481 ], [ 786448.930388803128153, 6232792.34479833394289 ], [ 786449.484059105394408, 6232793.17768813483417 ], [ 786450.037729402072728, 6232794.010577950626612 ], [ 786450.59139969246462, 6232794.843467775732279 ], [ 786451.14506997843273, 6232795.67635761667043 ], [ 786451.698740257881582, 6232796.509247468784451 ], [ 786452.252410531858914, 6232797.342137333005667 ], [ 786452.806080800364725, 6232798.175027209334075 ], [ 786453.359751062467694, 6232799.007917098701 ], [ 786453.913421320146881, 6232799.840807002037764 ], [ 786454.467091571190394, 6232800.673696914687753 ], [ 786455.020761816995218, 6232801.506586842238903 ], [ 786455.574432057328522, 6232802.339476780034602 ], [ 786456.128102292190306, 6232803.172366730868816 ], [ 786456.681772520416416, 6232804.005256693810225 ], [ 786457.23544274456799, 6232804.838146672584116 ], [ 786457.78911296185106, 6232805.671036659739912 ], [ 786458.342783174011856, 6232806.503926660865545 ], [ 786458.896453380701132, 6232807.336816675961018 ], [ 786459.450123580638319, 6232808.169706702232361 ], [ 786460.003793775336817, 6232809.002596740610898 ], [ 786460.557463965727948, 6232809.83548679202795 ], [ 786461.11113414959982, 6232810.668376853689551 ], [ 786461.664804327883758, 6232811.501266930252314 ], [ 786462.218474499648437, 6232812.334157016128302 ], [ 786462.772144667222165, 6232813.167047118768096 ], [ 786463.325814828276634, 6232813.999937232583761 ], [ 786463.879484983626753, 6232814.832827357575297 ], [ 786464.433155133738182, 6232815.66571749560535 ], [ 786464.986825277213939, 6232816.498607645742595 ], [ 786465.540495416615158, 6232817.331497810781002 ], [ 786466.094165549147874, 6232818.164387985132635 ], [ 786466.647835676558316, 6232818.997278172522783 ], [ 786467.201505798264407, 6232819.830168372020125 ], [ 786467.755175914848223, 6232820.663058584555984 ], [ 786468.308846025727689, 6232821.495948810130358 ], [ 786468.862516130320728, 6232822.328839047811925 ], [ 786469.416186229209416, 6232823.161729297600687 ], [ 786469.969856322742999, 6232823.994619559496641 ], [ 786470.523526411037892, 6232824.827509833499789 ], [ 786471.07719649374485, 6232825.660400122404099 ], [ 786471.630866569816135, 6232826.493290422484279 ], [ 786472.184536640532315, 6232827.32618073374033 ], [ 786472.738206706009805, 6232828.159071058034897 ], [ 786473.29187676589936, 6232828.99196139536798 ], [ 786473.845546820317395, 6232829.824851745739579 ], [ 786474.399216868216172, 6232830.657742107287049 ], [ 786474.952886911923997, 6232831.490632481873035 ], [ 786475.506556948879734, 6232832.32352286670357 ], [ 786476.060226980596781, 6232833.156413266435266 ], [ 786476.613897006725892, 6232833.989303678274155 ], [ 786477.167567026335746, 6232834.822194101288915 ], [ 786477.72123704047408, 6232835.655084539204836 ], [ 786478.274907050421461, 6232836.487974987365305 ], [ 786478.828577052685432, 6232837.320865448564291 ], [ 786479.382247050525621, 6232838.15375592187047 ], [ 786479.93591704312712, 6232838.986646408215165 ], [ 786480.489587029092945, 6232839.819536905735731 ], [ 786481.043257010751404, 6232840.652427418157458 ], [ 786481.596926985890605, 6232841.485317941755056 ], [ 786482.15059695544187, 6232842.318208476528525 ], [ 786482.704266918590292, 6232843.151099026203156 ], [ 786483.257936877431348, 6232843.983989587984979 ], [ 786483.811606829753146, 6232844.816880160942674 ], [ 786484.365276776487008, 6232845.649770747870207 ], [ 786484.918946717865765, 6232846.482661344110966 ], [ 786485.472616653889418, 6232847.315551956184208 ], [ 786486.026286583393812, 6232848.148442577570677 ], [ 786486.579956508474424, 6232848.981333213858306 ], [ 786487.133626427035779, 6232849.814223862253129 ], [ 786487.687296340125613, 6232850.647114522755146 ], [ 786488.240966247860342, 6232851.480005195364356 ], [ 786488.794636148959398, 6232852.31289588008076 ], [ 786489.348306045867503, 6232853.145786578767002 ], [ 786489.901975936023518, 6232853.978677287697792 ], [ 786490.455645820940845, 6232854.811568009667099 ], [ 786491.009315700503066, 6232855.644458746537566 ], [ 786491.562985574360937, 6232856.477349491789937 ], [ 786492.11665544169955, 6232857.310240251943469 ], [ 786492.670325303799473, 6232858.143131025135517 ], [ 786493.22399516031146, 6232858.976021808572114 ], [ 786493.777665011584759, 6232859.808912607841194 ], [ 786494.331334857270122, 6232860.641803415492177 ], [ 786494.88500469760038, 6232861.474694238975644 ], [ 786495.43867453141138, 6232862.307585071772337 ], [ 786495.992344359750859, 6232863.140475919470191 ], [ 786496.546014182618819, 6232863.973366778343916 ], [ 786497.099684000015259, 6232864.806257651187479 ], [ 786497.629746027756482, 6232865.603635115548968 ], [ 786498.232305654557422, 6232866.401870289817452 ], [ 786498.834865278331563, 6232867.200105477124453 ], [ 786499.437424897449091, 6232867.998340679332614 ], [ 786500.039984512375668, 6232868.796575893647969 ], [ 786500.642544123809785, 6232869.59481112100184 ], [ 786501.245103729888797, 6232870.393046362325549 ], [ 786501.847663333872333, 6232871.19128161482513 ], [ 786502.450222932267934, 6232871.989516883157194 ], [ 786503.052782526239753, 6232872.787752160802484 ], [ 786503.655342116951942, 6232873.585987452417612 ], [ 786504.25790170324035, 6232874.384222760796547 ], [ 786504.860461285104975, 6232875.182458077557385 ], [ 786505.463020863709971, 6232875.980693410150707 ], [ 786506.065580438124016, 6232876.778928754851222 ], [ 786506.668140007881448, 6232877.577164112590253 ], [ 786507.270699573215097, 6232878.375399482436478 ], [ 786507.873259134357795, 6232879.173634866252542 ], [ 786508.475818692008033, 6232879.971870263107121 ], [ 786509.07837824546732, 6232880.770105672068894 ], [ 786509.680937794502825, 6232881.568341095000505 ], [ 786510.2834973402787, 6232882.366576533764601 ], [ 786510.886056881397963, 6232883.164811979979277 ], [ 786511.488616418326274, 6232883.963047442957759 ], [ 786512.091175950830802, 6232884.761282917112112 ], [ 786512.693735480075702, 6232885.559518405236304 ], [ 786513.29629500489682, 6232886.357753905467689 ], [ 786513.89885452541057, 6232887.155989420600235 ], [ 786514.501414041500539, 6232887.954224947839975 ], [ 786515.103973554214463, 6232888.752460487186909 ], [ 786515.706533061456867, 6232889.550696039572358 ], [ 786516.309092566487379, 6232890.348931604996324 ], [ 786516.911652066046372, 6232891.147167183458805 ], [ 786517.514211561065167, 6232891.945402774959803 ], [ 786518.116771053057164, 6232892.743638381361961 ], [ 786518.719330540508963, 6232893.541874000802636 ], [ 786519.321890024701133, 6232894.340109629556537 ], [ 786519.924449504585937, 6232895.138345273211598 ], [ 786520.527008978882805, 6232895.936580931767821 ], [ 786521.129568451084197, 6232896.734816601499915 ], [ 786521.732127917581238, 6232897.533052285201848 ], [ 786522.334687381051481, 6232898.331287981010973 ], [ 786522.937246839981526, 6232899.129523689858615 ], [ 786523.539806294487789, 6232899.927759412676096 ], [ 786524.14236574457027, 6232900.72599514760077 ], [ 786524.744925191393122, 6232901.524230897426605 ], [ 786525.347484633792192, 6232902.322466657496989 ], [ 786525.95004407200031, 6232903.120702434331179 ], [ 786526.55260350566823, 6232903.918938220478594 ], [ 786527.155162936076522, 6232904.717174019664526 ], [ 786527.757722361944616, 6232905.515409832820296 ], [ 786528.360281783505343, 6232906.313645659945905 ], [ 786528.962841201806441, 6232907.111881498247385 ], [ 786529.565400615800172, 6232907.910117351450026 ], [ 786530.167960025370121, 6232908.708353216759861 ], [ 786530.770519430399872, 6232909.506589094176888 ], [ 786531.373078831122257, 6232910.3048249874264 ], [ 786531.975638228585012, 6232911.103060889989138 ], [ 786532.578197621623985, 6232911.901296809315681 ], [ 786533.180757010239176, 6232912.699532739818096 ], [ 786533.783316395711154, 6232913.497768682427704 ], [ 786534.385875776642933, 6232914.296004639938474 ], [ 786534.988435153150931, 6232915.094240609556437 ], [ 786535.590994525235146, 6232915.89247659035027 ], [ 786536.193553892895579, 6232916.69071258790791 ], [ 786536.796113257529214, 6232917.488948597572744 ], [ 786537.398672617506236, 6232918.287184618413448 ], [ 786538.001231974456459, 6232919.085420653223991 ], [ 786538.603791325585917, 6232919.883656700141728 ], [ 786539.206350673688576, 6232920.681892761960626 ], [ 786539.808910017134622, 6232921.480128835886717 ], [ 786540.411469357553869, 6232922.278364922851324 ], [ 786541.014028692385182, 6232923.076601021923125 ], [ 786541.61658802384045, 6232923.874837134964764 ], [ 786542.219147350988351, 6232924.673073260113597 ], [ 786542.821706674993038, 6232925.471309401094913 ], [ 786543.424265993293375, 6232926.269545552320778 ], [ 786544.026825308217667, 6232927.067781718447804 ], [ 786544.629384618951008, 6232927.866017894819379 ], [ 786545.231943926308304, 6232928.664254086092114 ], [ 786545.834503228077665, 6232929.462490290403366 ], [ 786546.437062526587397, 6232930.260726507753134 ], [ 786547.039621820906177, 6232931.058962738141418 ], [ 786547.642181111732498, 6232931.85719897877425 ], [ 786548.244740398135036, 6232932.655435236170888 ], [ 786548.847299680346623, 6232933.45367150567472 ], [ 786549.449858957901597, 6232934.251907787285745 ], [ 786550.052418231149204, 6232935.050144081935287 ], [ 786550.654977501137182, 6232935.848380390554667 ], [ 786551.257536766817793, 6232936.64661671128124 ], [ 786551.860096028074622, 6232937.444853045977652 ], [ 786552.462655285955407, 6232938.243089394643903 ], [ 786553.065214538248256, 6232939.041325753554702 ], [ 786553.667773787397891, 6232939.839562126435339 ], [ 786554.270333033287898, 6232940.637798514217138 ], [ 786554.872892273589969, 6232941.436034912243485 ], [ 786555.475451510632411, 6232942.234271325170994 ], [ 786556.078010743134655, 6232943.032507751137018 ], [ 786556.680569971445948, 6232943.830744190141559 ], [ 786557.283129196381196, 6232944.62898064032197 ], [ 786557.885688416892663, 6232945.427217105403543 ], [ 786558.488247633213177, 6232946.225453583523631 ], [ 786559.090806844877079, 6232947.023690073750913 ], [ 786559.693366053281352, 6232947.821926577016711 ], [ 786560.295925257378258, 6232948.620163092389703 ], [ 786560.898484457051381, 6232949.418399624526501 ], [ 786561.501043652184308, 6232950.216636165976524 ], [ 786562.103602844290435, 6232951.014872720465064 ], [ 786562.706162031972781, 6232951.813109289854765 ], [ 786563.308721214998513, 6232952.611345870420337 ], [ 786563.911280393716879, 6232953.409582466818392 ], [ 786564.513839569292031, 6232954.207819072529674 ], [ 786565.116398740326986, 6232955.006055695004761 ], [ 786565.718957907054573, 6232955.804292326793075 ], [ 786566.321517070522532, 6232956.602528976276517 ], [ 786566.92407622828614, 6232957.400765634141862 ], [ 786567.526635383022949, 6232958.199002308771014 ], [ 786568.129194533219561, 6232958.997238993644714 ], [ 786568.731753680156544, 6232959.795475693419576 ], [ 786569.334312822669744, 6232960.593712404370308 ], [ 786569.936871960759163, 6232961.391949128359556 ], [ 786570.539431094541214, 6232962.190185867249966 ], [ 786571.141990223899484, 6232962.988422619178891 ], [ 786571.744549349881709, 6232963.786659382283688 ], [ 786572.347108471440151, 6232964.584896158427 ], [ 786572.949667588807642, 6232965.383132951334119 ], [ 786573.552226702682674, 6232966.181369751691818 ], [ 786574.154785812366754, 6232966.979606567882001 ], [ 786574.757344917394221, 6232967.777843397110701 ], [ 786575.359904018230736, 6232968.576080240309238 ], [ 786575.962463115574792, 6232969.374317093752325 ], [ 786576.565022208611481, 6232970.172553962096572 ], [ 786577.167581297224388, 6232970.970790844410658 ], [ 786577.770140381413512, 6232971.769027737900615 ], [ 786578.372699462575838, 6232972.567264646291733 ], [ 786578.975258539197966, 6232973.365501565858722 ], [ 786579.577817611163482, 6232974.163738496601582 ], [ 786580.180376678938046, 6232974.961975444108248 ], [ 786580.782935743452981, 6232975.760212403722107 ], [ 786580.799463659059256, 6232975.782107674516737 ], [ 786581.51729632425122, 6232976.47850982286036 ], [ 786582.235128989676014, 6232977.174911985173821 ], [ 786582.952961655100808, 6232977.871314158663154 ], [ 786583.670794320758432, 6232978.567716347053647 ], [ 786584.388626985484734, 6232979.264118550345302 ], [ 786585.106459651491605, 6232979.960520766675472 ], [ 786585.824292316334322, 6232980.656922996044159 ], [ 786586.542124982574023, 6232981.353325240314007 ], [ 786587.259957647882402, 6232982.049727497622371 ], [ 786587.977790313307196, 6232982.746129767969251 ], [ 786588.695622978848405, 6232983.442532054148614 ], [ 786589.413455644389614, 6232984.138934350572526 ], [ 786590.131288309115916, 6232984.8353366618976 ], [ 786590.849120975239202, 6232985.531738987192512 ], [ 786591.56695364008192, 6232986.228141326457262 ], [ 786592.284786306321621, 6232986.924543680623174 ], [ 786593.002618971746415, 6232987.620946045964956 ], [ 786593.720451636938378, 6232988.317348424345255 ], [ 786594.438284303876571, 6232989.013750817626715 ], [ 786595.156116969650611, 6232989.710153225809336 ], [ 786595.873949634376913, 6232990.406555647961795 ], [ 786596.591782300267369, 6232991.102958083152771 ], [ 786597.30961496650707, 6232991.79936053045094 ], [ 786598.027447632746771, 6232992.49576299265027 ], [ 786598.745280298171565, 6232993.192165468819439 ], [ 786599.463112963596359, 6232993.888567957095802 ], [ 786600.180945630418137, 6232994.584970461204648 ], [ 786600.898778296075761, 6232995.281372977420688 ], [ 786601.616610961966217, 6232995.977775507606566 ], [ 786602.334443628205918, 6232996.67417805083096 ], [ 786603.052276294329204, 6232997.370580608956516 ], [ 786603.770108959521167, 6232998.066983179189265 ], [ 786604.487941625993699, 6232998.763385765254498 ], [ 786605.205774292815477, 6232999.459788363426924 ], [ 786605.923606958473101, 6233000.156190974637866 ], [ 786606.641439624130726, 6233000.852593601681292 ], [ 786607.359272291418165, 6233001.548996240831912 ], [ 786608.07710495730862, 6233002.24539889395237 ], [ 786608.794937623664737, 6233002.941801561973989 ], [ 786609.512770290020853, 6233003.638204242102802 ], [ 786610.2306029566098, 6233004.334606936201453 ], [ 786610.948435622034594, 6233005.031009642407298 ], [ 786611.666268288856372, 6233005.727412363514304 ], [ 786612.384100954746827, 6233006.423815099522471 ], [ 786613.101933622034267, 6233007.120217848569155 ], [ 786613.819766288041137, 6233007.816620609723032 ], [ 786614.537598954280838, 6233008.513023385778069 ], [ 786615.255431620636955, 6233009.209426174871624 ], [ 786615.973264287225902, 6233009.905828978866339 ], [ 786616.691096953931265, 6233010.602231794968247 ], [ 786617.408929620869458, 6233011.298634627833962 ], [ 786618.126762286759913, 6233011.995037470012903 ], [ 786618.844594953930937, 6233012.691440329886973 ], [ 786619.562427621101961, 6233013.387843200005591 ], [ 786620.280260287574492, 6233014.084246085956693 ], [ 786620.998092954047024, 6233014.780648985877633 ], [ 786621.715925620519556, 6233015.477051896974444 ], [ 786622.433758287224919, 6233016.173454822972417 ], [ 786623.151590954279527, 6233016.869857763871551 ], [ 786623.86942362121772, 6233017.5662607178092 ], [ 786624.587256288388744, 6233018.262663682922721 ], [ 786625.305088954628445, 6233018.959066663868725 ], [ 786626.022921622148715, 6233019.655469657853246 ], [ 786626.740754288621247, 6233020.351872665807605 ], [ 786627.458586956374347, 6233021.048275689594448 ], [ 786628.176419623196125, 6233021.744678724557161 ], [ 786628.894252290017903, 6233022.441081773489714 ], [ 786629.612084957188927, 6233023.137484837323427 ], [ 786630.32991762435995, 6233023.833887914195657 ], [ 786631.047750291763805, 6233024.530291004106402 ], [ 786631.765582958003506, 6233025.226694107055664 ], [ 786632.483415625756606, 6233025.923097224906087 ], [ 786633.201248292345554, 6233026.619500355795026 ], [ 786633.9190809604479, 6233027.315903500653803 ], [ 786634.636913627386093, 6233028.012306660413742 ], [ 786635.354746294440702, 6233028.708709830418229 ], [ 786636.072578961728141, 6233029.405113017186522 ], [ 786636.79041162901558, 6233030.101516215130687 ], [ 786637.50824429653585, 6233030.797919428907335 ], [ 786638.22607696428895, 6233031.494322656653821 ], [ 786638.94390963204205, 6233032.190725896507502 ], [ 786639.661742298863828, 6233032.887129148468375 ], [ 786640.37957496708259, 6233033.583532418124378 ], [ 786641.097407634137198, 6233034.279935698024929 ], [ 786641.815240301424637, 6233034.976338993757963 ], [ 786642.533072968828492, 6233035.672742301598191 ], [ 786643.250905636465177, 6233036.369145624339581 ], [ 786643.968738303985447, 6233037.065548959188163 ], [ 786644.686570971854962, 6233037.761952308937907 ], [ 786645.404403639957309, 6233038.45835567265749 ], [ 786646.122236306895502, 6233039.154759048484266 ], [ 786646.840068975230679, 6233039.851162441074848 ], [ 786647.557901642518118, 6233040.547565843909979 ], [ 786648.27573431096971, 6233041.243969261646271 ], [ 786648.993566978722811, 6233041.940372694283724 ], [ 786649.711399646359496, 6233042.636776138097048 ], [ 786650.429232314229012, 6233043.333179597742856 ], [ 786651.147064982214943, 6233044.029583070427179 ], [ 786651.864897650433704, 6233044.725986557081342 ], [ 786652.582730317488313, 6233045.42239005677402 ], [ 786653.300562985939905, 6233046.118793568573892 ], [ 786654.018395653343759, 6233046.815197095274925 ], [ 786654.736228322144598, 6233047.511600637808442 ], [ 786655.454060989897698, 6233048.208004190586507 ], [ 786656.171893657767214, 6233048.904407760128379 ], [ 786656.88972632586956, 6233049.600811339914799 ], [ 786657.607558994088322, 6233050.297214936465025 ], [ 786658.325391662307084, 6233050.993618545122445 ], [ 786659.043224330758676, 6233051.690022168681026 ], [ 786659.761056999443099, 6233052.3864258043468 ], [ 786660.478889666963369, 6233053.082829454913735 ], [ 786661.196722335880622, 6233053.779233118519187 ], [ 786661.914555003866553, 6233054.475636795163155 ], [ 786662.632387671852484, 6233055.172040486708283 ], [ 786663.350220340071246, 6233055.868444190360606 ], [ 786664.068053009686992, 6233056.564847909845412 ], [ 786664.785885676858015, 6233057.261251639574766 ], [ 786665.503718345426023, 6233057.957655386999249 ], [ 786666.221551014226861, 6233058.654059145599604 ], [ 786666.93938368326053, 6233059.350462919101119 ], [ 786667.657216351013631, 6233060.046866704709828 ], [ 786668.37504902028013, 6233060.743270507082343 ], [ 786669.092881688382477, 6233061.439674319699407 ], [ 786669.810714356834069, 6233062.136078147217631 ], [ 786670.528547025285661, 6233062.832481987774372 ], [ 786671.246379695134237, 6233063.528885844163597 ], [ 786671.964212362770922, 6233064.225289711728692 ], [ 786672.682045031688176, 6233064.921693593263626 ], [ 786673.39987770083826, 6233065.618097488768399 ], [ 786674.117710369871929, 6233066.31450139824301 ], [ 786674.835543038090691, 6233067.01090532168746 ], [ 786675.553375707706437, 6233067.707309257239103 ], [ 786676.271208376158029, 6233068.403713209554553 ], [ 786676.989041044842452, 6233069.100117171183228 ], [ 786677.70687371364329, 6233069.796521150507033 ], [ 786678.424706382444128, 6233070.492925141006708 ], [ 786679.142539051594213, 6233071.189329147338867 ], [ 786679.860371720744297, 6233071.885733166709542 ], [ 786680.578204390360042, 6233072.582137198187411 ], [ 786681.296037058578804, 6233073.278541243635118 ], [ 786682.013869728310965, 6233073.974945303052664 ], [ 786682.731702396995388, 6233074.671349377371371 ], [ 786683.449535065563396, 6233075.367753462865949 ], [ 786684.167367735877633, 6233076.064157563261688 ], [ 786684.885200405027717, 6233076.760561678558588 ], [ 786685.603033074177802, 6233077.456965805962682 ], [ 786686.320865743560717, 6233078.153369948267937 ], [ 786687.038698413176462, 6233078.849774103611708 ], [ 786687.756531081628054, 6233079.546178271062672 ], [ 786688.474363751360215, 6233080.242582453414798 ], [ 786689.192196420161054, 6233080.938986651599407 ], [ 786689.91002909024246, 6233081.635390860028565 ], [ 786690.627861759392545, 6233082.331795083358884 ], [ 786691.345694428659044, 6233083.028199322521687 ], [ 786692.063527097925544, 6233083.72460357286036 ], [ 786692.635016309097409, 6233084.279032954014838 ], [ 786693.251484378241003, 6233085.066579634323716 ], [ 786693.867952444590628, 6233085.854126330465078 ], [ 786694.484420506516472, 6233086.641673035919666 ], [ 786695.100888564484194, 6233087.429219756275415 ], [ 786695.717356619192287, 6233088.216766488738358 ], [ 786696.33382466994226, 6233089.004313236102462 ], [ 786696.950292717665434, 6233089.791859995573759 ], [ 786697.566760761197656, 6233090.579406768083572 ], [ 786698.183228800422512, 6233091.366953554563224 ], [ 786698.799696836620569, 6233092.15450035315007 ], [ 786699.416164869908243, 6233092.942047165706754 ], [ 786700.032632899004966, 6233093.729593992233276 ], [ 786700.649100923794322, 6233094.51714082993567 ], [ 786701.265568945673294, 6233095.304687680676579 ], [ 786701.882036964409053, 6233096.09223454631865 ], [ 786702.498504979186691, 6233096.879781424999237 ], [ 786703.114972989540547, 6233097.667328314855695 ], [ 786703.731440997100435, 6233098.454875219613314 ], [ 786704.347909000352956, 6233099.242422137409449 ], [ 786704.964376999414526, 6233100.029969070106745 ], [ 786705.580844995565712, 6233100.817516013979912 ], [ 786706.19731298845727, 6233101.60506296902895 ], [ 786706.813780977157876, 6233102.392609938979149 ], [ 786707.430248963064514, 6233103.180156921967864 ], [ 786708.046716943499632, 6233103.96770391985774 ], [ 786708.66318492218852, 6233104.75525092985481 ], [ 786709.279652896570042, 6233105.542797952890396 ], [ 786709.896120866760612, 6233106.330344988033175 ], [ 786710.512588833924383, 6233107.117892037145793 ], [ 786711.129056797130033, 6233107.905439101159573 ], [ 786711.745524757076055, 6233108.692986177280545 ], [ 786712.361992712831125, 6233109.480533264577389 ], [ 786712.978460665792227, 6233110.268080366775393 ], [ 786713.594928614329547, 6233111.055627480149269 ], [ 786714.21139655879233, 6233111.843174609355628 ], [ 786714.827864500228316, 6233112.630721749737859 ], [ 786715.444332437356934, 6233113.41826890502125 ], [ 786716.060800371575169, 6233114.205816071480513 ], [ 786716.677268302883022, 6233114.993363253772259 ], [ 786717.293736229650676, 6233115.780910447239876 ], [ 786717.910204152576625, 6233116.568457653746009 ], [ 786718.526672072475776, 6233117.356004874221981 ], [ 786719.143139987951145, 6233118.143552107736468 ], [ 786719.759607899468392, 6233118.931099354289472 ], [ 786720.376075807726011, 6233119.718646614812315 ], [ 786720.992543713189662, 6233120.50619388744235 ], [ 786721.609011614345945, 6233121.293741173110902 ], [ 786722.225479511427693, 6233122.081288472749293 ], [ 786722.841947405249812, 6233122.868835784494877 ], [ 786723.458415296277963, 6233123.656383110210299 ], [ 786724.074883182998747, 6233124.443930448964238 ], [ 786724.69135106576141, 6233125.231477801688015 ], [ 786725.307818945264444, 6233126.019025165587664 ], [ 786725.924286820460111, 6233126.80657254345715 ], [ 786726.54075469286181, 6233127.594119935296476 ], [ 786727.157222561072558, 6233128.381667340174317 ], [ 786727.773690425092354, 6233129.169214757159352 ], [ 786728.390158286085352, 6233129.956762188114226 ], [ 786729.006626143935136, 6233130.74430963024497 ], [ 786729.623093997710384, 6233131.531857088208199 ], [ 786730.239561847178265, 6233132.319404560141265 ], [ 786730.856029693735763, 6233133.106952041387558 ], [ 786731.472497537266463, 6233133.894499540328979 ], [ 786732.088965375442058, 6233134.682047048583627 ], [ 786732.705433211755008, 6233135.469594572670758 ], [ 786733.321901043877006, 6233136.25714210793376 ], [ 786733.938368871808052, 6233137.0446896571666 ], [ 786734.554836695548147, 6233137.832237219437957 ], [ 786735.171304517425597, 6233138.619784794747829 ], [ 786735.787772333947942, 6233139.407332383096218 ], [ 786736.404240147443488, 6233140.194879984483123 ], [ 786737.020707957912236, 6233140.982427598908544 ], [ 786737.637175764190033, 6233141.769975228235126 ], [ 786738.253643566393293, 6233142.557522869668901 ], [ 786738.870111365336925, 6233143.345070524141192 ], [ 786739.486579160438851, 6233144.132618191652 ], [ 786740.103046952281147, 6233144.920165872201324 ], [ 786740.719514739932492, 6233145.707713566720486 ], [ 786741.335982524440624, 6233146.495261272415519 ], [ 786741.952450304874219, 6233147.282808994874358 ], [ 786742.568918082513846, 6233148.070356726646423 ], [ 786743.185385855613276, 6233148.85790447331965 ], [ 786743.801853624754585, 6233149.645452233031392 ], [ 786744.418321390869096, 6233150.433000007644296 ], [ 786745.034789153956808, 6233151.220547791570425 ], [ 786745.651256912853569, 6233152.008095591329038 ], [ 786746.267724667442963, 6233152.79564340505749 ], [ 786746.884192419005558, 6233153.58319122903049 ], [ 786747.500660166377202, 6233154.370739067904651 ], [ 786748.117127910954878, 6233155.158286919817328 ], [ 786748.733595651108772, 6233155.945834784768522 ], [ 786749.350063388235867, 6233156.733382663689554 ], [ 786749.966531121288426, 6233157.520930555649102 ], [ 786750.582998851314187, 6233158.308478459715843 ], [ 786751.199466577148996, 6233159.096026375889778 ], [ 786751.815934298560023, 6233159.883574306964874 ], [ 786752.432402017293498, 6233160.671122253872454 ], [ 786753.048869732767344, 6233161.45867020636797 ], [ 786753.665337444283068, 6233162.246218179352582 ], [ 786754.281805151375011, 6233163.033766161650419 ], [ 786754.898272855672985, 6233163.821314157918096 ], [ 786755.514740555547178, 6233164.608862168155611 ], [ 786756.131208252510987, 6233165.396410191431642 ], [ 786756.747675945283845, 6233166.183958227746189 ], [ 786757.364143634913489, 6233166.971506277099252 ], [ 786757.980611320585012, 6233167.759054340422153 ], [ 786758.597079002996907, 6233168.546602413989604 ], [ 786759.213546681334265, 6233169.334150502458215 ], [ 786759.830014355597086, 6233170.121698604896665 ], [ 786760.446482026716694, 6233170.909246720373631 ], [ 786761.062949694809504, 6233171.696794848889112 ], [ 786761.679417358711362, 6233172.48434299044311 ], [ 786762.295885018538684, 6233173.271891145035625 ], [ 786762.912352675106376, 6233174.059439309872687 ], [ 786763.528820327599533, 6233174.846987492404878 ], [ 786764.145287977065891, 6233175.634535687044263 ], [ 786764.761755622457713, 6233176.422083893790841 ], [ 786765.378223264706321, 6233177.209632113575935 ], [ 786765.994690902763978, 6233177.997180348262191 ], [ 786766.611158536514267, 6233178.784728592261672 ], [ 786767.227626167470589, 6233179.572276854887605 ], [ 786767.844093795283698, 6233180.359825126826763 ], [ 786768.460561418905854, 6233181.14737341273576 ], [ 786769.077029038220644, 6233181.934921711683273 ], [ 786769.693496654857881, 6233182.722470024600625 ], [ 786770.30996426823549, 6233183.510018350556493 ], [ 786770.926431876141578, 6233184.297566689550877 ], [ 786771.542899482417852, 6233185.085115039721131 ], [ 786772.159367084503174, 6233185.872663404792547 ], [ 786772.775834682164714, 6233186.660211783833802 ], [ 786773.392302275868133, 6233187.44776017498225 ], [ 786774.008769867708907, 6233188.235308580100536 ], [ 786774.625237453961745, 6233189.022856996394694 ], [ 786775.241705037420616, 6233189.810405427590013 ], [ 786775.858172617852688, 6233190.597953871823847 ], [ 786776.474640194093809, 6233191.385502330027521 ], [ 786777.091107765911147, 6233192.173050798475742 ], [ 786777.707575334818102, 6233192.960599281825125 ], [ 786778.324042899534106, 6233193.748147778213024 ], [ 786778.940510461339727, 6233194.535696288570762 ], [ 786779.556978018721566, 6233195.323244811967015 ], [ 786780.173445573425852, 6233196.110793348401785 ], [ 786780.789913124754094, 6233196.898341896943748 ], [ 786781.406380670960061, 6233197.685890460386872 ], [ 786782.022848214022815, 6233198.473439035005867 ], [ 786782.639315754175186, 6233199.260987622663379 ], [ 786783.25578329002019, 6233200.048536226153374 ], [ 786783.872250821674243, 6233200.83608484081924 ], [ 786784.488718350417912, 6233201.623633468523622 ], [ 786785.105185876018368, 6233202.41118210926652 ], [ 786785.721653397544287, 6233203.198730764910579 ], [ 786785.920513458666392, 6233203.452778173610568 ], [ 786786.345700582140125, 6233204.358030080795288 ], [ 786786.770887697115541, 6233205.263281999155879 ], [ 786787.196074802312069, 6233206.168533928692341 ], [ 786787.62126189796254, 6233207.073785867542028 ], [ 786788.046448985114694, 6233207.979037817567587 ], [ 786788.471636063768528, 6233208.884289775975049 ], [ 786788.896823132643476, 6233209.789541745558381 ], [ 786789.322010192321613, 6233210.694793725386262 ], [ 786789.747197244316339, 6233211.600045716390014 ], [ 786790.172384285600856, 6233212.505297716706991 ], [ 786790.597571318503469, 6233213.410549726337194 ], [ 786791.022758342791349, 6233214.315801747143269 ], [ 786791.447945358697325, 6233215.221053778193891 ], [ 786791.873132364824414, 6233216.126305819489062 ], [ 786792.298319361405447, 6233217.031557871028781 ], [ 786792.723506349604577, 6233217.936809933744371 ], [ 786793.148693328024819, 6233218.842062006704509 ], [ 786793.573880298063159, 6233219.747314089909196 ], [ 786793.999067259486765, 6233220.652566181495786 ], [ 786794.424254211247899, 6233221.557818284258246 ], [ 786794.849441154743545, 6233222.463070397265255 ], [ 786795.274628088343889, 6233223.36832251958549 ], [ 786795.699815013678744, 6233224.273574654012918 ], [ 786796.125001929467544, 6233225.178826799616218 ], [ 786796.55018883664161, 6233226.084078952670097 ], [ 786796.975375734036788, 6233226.989331116899848 ], [ 786797.400562623050064, 6233227.894583291374147 ], [ 786797.825749502517283, 6233228.799835477024317 ], [ 786798.250936373369768, 6233229.705087672919035 ], [ 786798.67612323584035, 6233230.610339878126979 ], [ 786799.101310088764876, 6233231.515592093579471 ], [ 786799.526496933074668, 6233232.420844321139157 ], [ 786799.951683767838404, 6233233.326096557080746 ], [ 786800.376870592823252, 6233234.231348805129528 ], [ 786800.802057409193367, 6233235.136601060628891 ], [ 786801.227244217414409, 6233236.041853327304125 ], [ 786801.652431017020717, 6233236.947105606086552 ], [ 786802.077617805800401, 6233237.852357890456915 ], [ 786802.502804587362334, 6233238.757610189728439 ], [ 786802.927991359261796, 6233239.662862497381866 ], [ 786803.353178121382371, 6233240.568114816211164 ], [ 786803.778364875121042, 6233241.473367146216333 ], [ 786804.203551620477811, 6233242.378619484603405 ], [ 786804.628738356172107, 6233243.283871835097671 ], [ 786805.053925082087517, 6233244.189124193973839 ], [ 786805.479111799504608, 6233245.094376562163234 ], [ 786805.904298508539796, 6233245.999628942459822 ], [ 786806.329485207796097, 6233246.904881332069635 ], [ 786806.75467189878691, 6233247.810133733786643 ], [ 786807.179858580115251, 6233248.715386144816875 ], [ 786807.605045252945274, 6233249.620638566091657 ], [ 786808.030231917160563, 6233250.525890998542309 ], [ 786808.455418570549227, 6233251.431143439374864 ], [ 786808.880605216836557, 6233252.336395890451968 ], [ 786809.305791853344999, 6233253.241648353636265 ], [ 786809.73097848019097, 6233254.146900825202465 ], [ 786810.156165099935606, 6233255.052153307013214 ], [ 786810.581351708620787, 6233255.957405801862478 ], [ 786811.006538308924064, 6233256.862658303231001 ], [ 786811.431724900845438, 6233257.76791081763804 ], [ 786811.856911482987925, 6233258.673163340426981 ], [ 786812.282098056632094, 6233259.578415874391794 ], [ 786812.707284620730206, 6233260.483668418601155 ], [ 786813.13247117633, 6233261.388920973055065 ], [ 786813.55765772331506, 6233262.2941735368222 ], [ 786813.982844260754064, 6233263.199426111765206 ], [ 786814.408030788647011, 6233264.104678697884083 ], [ 786814.833217307925224, 6233265.009931294247508 ], [ 786815.258403818821535, 6233265.915183898061514 ], [ 786815.683590320055373, 6233266.820436514914036 ], [ 786816.10877681162674, 6233267.725689139217138 ], [ 786816.533963295980357, 6233268.630941778421402 ], [ 786816.959149769390933, 6233269.536194425076246 ], [ 786817.384336235467345, 6233270.441447081044316 ], [ 786817.809522690833546, 6233271.346699748188257 ], [ 786818.234709138865583, 6233272.251952426508069 ], [ 786818.659895577235147, 6233273.157205112278461 ], [ 786819.08508200594224, 6233274.062457812950015 ], [ 786819.5102684260346, 6233274.967710519209504 ], [ 786819.935454837977886, 6233275.872963238507509 ], [ 786820.360641240142286, 6233276.778215968981385 ], [ 786820.785827632527798, 6233277.683468706905842 ], [ 786821.211014017695561, 6233278.588721457868814 ], [ 786821.636200391920283, 6233279.493974216282368 ], [ 786822.061386757879518, 6233280.399226984940469 ], [ 786822.486573115340434, 6233281.304479764774442 ], [ 786822.911759464303032, 6233282.209732556715608 ], [ 786823.336945802439004, 6233283.114985356107354 ], [ 786823.762132133124396, 6233284.020238166674972 ], [ 786824.187318454380147, 6233284.92549098841846 ], [ 786824.612504765857011, 6233285.830743819475174 ], [ 786825.037691068835557, 6233286.735996659845114 ], [ 786825.462877363432199, 6233287.64124951325357 ], [ 786825.888063648366369, 6233288.546502375975251 ], [ 786826.313249923638068, 6233289.451755248010159 ], [ 786826.738436191575602, 6233290.357008129358292 ], [ 786827.16362244868651, 6233291.262261023744941 ], [ 786827.588808698346838, 6233292.16751392558217 ], [ 786828.013994938693941, 6233293.072766839526594 ], [ 786828.439181169145741, 6233293.978019763715565 ], [ 786828.864367391215637, 6233294.883272698149085 ], [ 786829.289553603739478, 6233295.788525640964508 ], [ 786829.714739807648584, 6233296.693778596818447 ], [ 786830.139926003059372, 6233297.599031561985612 ], [ 786830.565112188924104, 6233298.504284536466002 ], [ 786830.990298365009949, 6233299.409537520259619 ], [ 786831.415484533878043, 6233300.314790517091751 ], [ 786831.840670691919513, 6233301.220043523237109 ], [ 786832.265856842626818, 6233302.125296538695693 ], [ 786832.691042982507497, 6233303.030549565330148 ], [ 786833.116229115054011, 6233303.935802601277828 ], [ 786833.541415237006731, 6233304.841055649332702 ], [ 786833.966601351392455, 6233305.746308704838157 ], [ 786834.391787456232123, 6233306.65156177431345 ], [ 786834.816973551409319, 6233307.556814851239324 ], [ 786835.242159638088197, 6233308.462067939341068 ], [ 786835.667345716385171, 6233309.367321036756039 ], [ 786836.092531784903258, 6233310.272574146278203 ], [ 786836.517717845039442, 6233311.177827263250947 ], [ 786836.942903895396739, 6233312.083080392330885 ], [ 786837.368089937372133, 6233312.988333531655371 ], [ 786837.793275969801471, 6233313.893586682155728 ], [ 786838.218461993616074, 6233314.798839841037989 ], [ 786838.643648007768206, 6233315.70409301109612 ], [ 786839.068834013538435, 6233316.609346191398799 ], [ 786839.494020010810345, 6233317.514599381946027 ], [ 786839.919205998303369, 6233318.419852582737803 ], [ 786840.344391976250336, 6233319.325105793774128 ], [ 786840.769577945815399, 6233320.230359014123678 ], [ 786841.194763906649314, 6233321.135612247511744 ], [ 786841.619949857937172, 6233322.040865488350391 ], [ 786842.045135800959542, 6233322.946118740364909 ], [ 786842.470321733970195, 6233323.851372002623975 ], [ 786842.895507658831775, 6233324.75662527512759 ], [ 786843.320693573914468, 6233325.661878557875752 ], [ 786843.745879480498843, 6233326.567131849937141 ], [ 786844.171065378468484, 6233327.4723851531744 ], [ 786844.596251267008483, 6233328.377638466656208 ], [ 786845.021437145886011, 6233329.282891791313887 ], [ 786845.446623016265221, 6233330.188145127147436 ], [ 786845.871808878146112, 6233331.093398469500244 ], [ 786846.296994730364531, 6233331.998651824891567 ], [ 786846.722180574201047, 6233332.903905190527439 ], [ 786847.147366408142261, 6233333.809158563613892 ], [ 786847.572552233701572, 6233334.71441194973886 ], [ 786847.997738049598411, 6233335.6196653470397 ], [ 786848.422923857113346, 6233336.52491875179112 ], [ 786848.848109655082226, 6233337.430172168649733 ], [ 786849.273295444319956, 6233338.335425592958927 ], [ 786849.698481225175783, 6233339.240679029375315 ], [ 786850.123666996369138, 6233340.145932476967573 ], [ 786850.548852758016437, 6233341.051185933873057 ], [ 786850.974038512213156, 6233341.956439401954412 ], [ 786851.399224255699664, 6233342.861692879348993 ], [ 786851.661070976406336, 6233343.419184903614223 ], [ 786852.102495932718739, 6233344.31663172878325 ], [ 786852.543920878437348, 6233345.21407856233418 ], [ 786852.985345817403868, 6233346.111525410786271 ], [ 786853.426770745893009, 6233347.00897226575762 ], [ 786853.868195667397231, 6233347.90641913190484 ], [ 786854.30962057877332, 6233348.803866010159254 ], [ 786854.751045482931659, 6233349.701312897726893 ], [ 786855.192470376845449, 6233350.598759794607759 ], [ 786855.63389526377432, 6233351.496206706389785 ], [ 786856.075320141622797, 6233352.393653625622392 ], [ 786856.516745009925216, 6233353.291100554168224 ], [ 786856.958169870311394, 6233354.18854749482125 ], [ 786857.399594721617177, 6233355.08599444758147 ], [ 786857.841019564541057, 6233355.983441408723593 ], [ 786858.282444399548694, 6233356.880888380110264 ], [ 786858.723869225475937, 6233357.778335364535451 ], [ 786859.165294041740708, 6233358.675782358273864 ], [ 786859.606718850205652, 6233359.573229363188148 ], [ 786860.048143650521524, 6233360.470676377415657 ], [ 786860.489568441640586, 6233361.368123402819037 ], [ 786860.930993223562837, 6233362.265570438466966 ], [ 786861.372417997336015, 6233363.163017485290766 ], [ 786861.813842762960121, 6233364.060464542359114 ], [ 786862.255267519271001, 6233364.957911608740687 ], [ 786862.69669226789847, 6233365.855358688160777 ], [ 786863.138117006979883, 6233366.752805777825415 ], [ 786863.579541738028638, 6233367.650252877734601 ], [ 786864.020966459764168, 6233368.547699986025691 ], [ 786864.46239117346704, 6233369.445147108286619 ], [ 786864.903815877856687, 6233370.342594237998128 ], [ 786865.345240574330091, 6233371.240041380748153 ], [ 786865.78666526149027, 6233372.137488533742726 ], [ 786866.228089940734208, 6233373.034935696050525 ], [ 786866.669514610432088, 6233373.932382868602872 ], [ 786867.110939272213727, 6233374.829830055125058 ], [ 786867.55236392468214, 6233375.727277248166502 ], [ 786867.993788569117896, 6233376.624724453315139 ], [ 786868.43521320540458, 6233377.522171668708324 ], [ 786868.876637832494453, 6233378.419618895277381 ], [ 786869.3180624502711, 6233379.317066133022308 ], [ 786869.759487060131505, 6233380.214513380080462 ], [ 786870.200911661842838, 6233381.111960639245808 ], [ 786870.64233625435736, 6233382.009407905861735 ], [ 786871.083760837558657, 6233382.906855186447501 ], [ 786871.525185412610881, 6233383.804302476346493 ], [ 786871.966609979746863, 6233384.701749776490033 ], [ 786872.40803453756962, 6233385.599197088740766 ], [ 786872.849459087243304, 6233386.49664440844208 ], [ 786873.290883627720177, 6233387.39409174118191 ], [ 786873.732308160047978, 6233388.291539084166288 ], [ 786874.173732683295384, 6233389.188986437395215 ], [ 786874.615157198277302, 6233390.086433799937367 ], [ 786875.056581704178825, 6233390.983881175518036 ], [ 786875.498006201931275, 6233391.88132856041193 ], [ 786875.9394306903705, 6233392.778775956481695 ], [ 786876.380855170777068, 6233393.676223362796009 ], [ 786876.822279641986825, 6233394.573670780286193 ], [ 786877.263704105047509, 6233395.47111820615828 ], [ 786877.705128558911383, 6233396.368565645068884 ], [ 786878.146553004626185, 6233397.266013093292713 ], [ 786878.587977442308329, 6233398.163460552692413 ], [ 786879.029401870793663, 6233399.060908021405339 ], [ 786879.470826289965771, 6233399.958355503156781 ], [ 786879.912250700988807, 6233400.855802992358804 ], [ 786880.353675104095601, 6233401.753250494599342 ], [ 786880.795099497772753, 6233402.650698006153107 ], [ 786881.236523882485926, 6233403.548145528882742 ], [ 786881.677948258817196, 6233404.445593062788248 ], [ 786882.119372627232224, 6233405.34304060600698 ], [ 786882.560796986334026, 6233406.240488158538938 ], [ 786883.002221337519586, 6233407.137935725972056 ], [ 786883.44364567915909, 6233408.035383300855756 ], [ 786883.885070012882352, 6233408.932830886915326 ], [ 786884.326494337408803, 6233409.830278484150767 ], [ 786884.767918652622029, 6233410.727726090699434 ], [ 786885.209342960966751, 6233411.625173708423972 ], [ 786885.650767259998247, 6233412.522621337324381 ], [ 786886.092191549949348, 6233413.420068977400661 ], [ 786886.533615831518546, 6233414.317516624927521 ], [ 786886.975040104007348, 6233415.214964284561574 ], [ 786887.416464368463494, 6233416.112411955371499 ], [ 786887.857888623606414, 6233417.009859636425972 ], [ 786888.299312870716676, 6233417.907307328656316 ], [ 786888.740737109561451, 6233418.804755032062531 ], [ 786889.182161339442246, 6233419.702202743850648 ], [ 786889.623585559893399, 6233420.59965046774596 ], [ 786890.065009772311896, 6233421.497098200023174 ], [ 786890.50643397658132, 6233422.394545946270227 ], [ 786890.947858171653934, 6233423.291993701830506 ], [ 786891.389282357646152, 6233424.189441469497979 ], [ 786891.830706535372883, 6233425.086889244616032 ], [ 786892.272130705066957, 6233425.984337031841278 ], [ 786892.713554865447804, 6233426.881784830242395 ], [ 786893.154979017795995, 6233427.779232637956738 ], [ 786893.59640316083096, 6233428.676680454984307 ], [ 786894.037827295833267, 6233429.57412828411907 ], [ 786894.47925142175518, 6233430.471576124429703 ], [ 786894.920675539411604, 6233431.369023976847529 ], [ 786895.362099647754803, 6233432.266471837647259 ], [ 786895.80352374818176, 6233433.163919707760215 ], [ 786896.244947839062661, 6233434.061367589980364 ], [ 786896.68637192226015, 6233434.958815483376384 ], [ 786897.127795997192152, 6233435.856263386085629 ], [ 786897.569220061879605, 6233436.753711299970746 ], [ 786898.010644119465724, 6233437.651159225031734 ], [ 786898.452068167738616, 6233438.548607159405947 ], [ 786898.893492206814699, 6233439.446055105887353 ], [ 786899.334916237858124, 6233440.343503059819341 ], [ 786899.776340260752477, 6233441.240951029583812 ], [ 786900.217764274450019, 6233442.138399004936218 ], [ 786900.659188280114904, 6233443.035846993327141 ], [ 786901.100612276582979, 6233443.933294994756579 ], [ 786901.542036263737828, 6233444.830743 ], [ 786901.983460242627189, 6233445.728191021829844 ], [ 786902.424884213600308, 6233446.625639052130282 ], [ 786902.866308175376616, 6233447.523087091743946 ], [ 786903.307732128771022, 6233448.420535143464804 ], [ 786903.749156073201448, 6233449.317983206361532 ], [ 786904.190580009715632, 6233450.215431278571486 ], [ 786904.632003936683759, 6233451.112879361025989 ], [ 786905.073427855502814, 6233452.010327456519008 ], [ 786905.514851766638458, 6233452.907775559462607 ], [ 786905.956275667063892, 6233453.805223675444722 ], [ 786906.397699560504407, 6233454.702671800740063 ], [ 786906.839123444748111, 6233455.60011993534863 ], [ 786907.28054731991142, 6233456.49756808206439 ], [ 786907.721971186809242, 6233457.395016239956021 ], [ 786908.163395045790821, 6233458.292464409023523 ], [ 786908.604818895226344, 6233459.189912585541606 ], [ 786909.046242735697888, 6233460.087360776029527 ], [ 786909.487666568020359, 6233460.984808973968029 ], [ 786909.929090392193757, 6233461.882257184013724 ], [ 786910.37051420705393, 6233462.779705404303968 ], [ 786910.81193801399786, 6233463.677153637632728 ], [ 786911.253361811628565, 6233464.574601877480745 ], [ 786911.694785599946044, 6233465.472050131298602 ], [ 786912.136209381511435, 6233466.369498396292329 ], [ 786912.577633152483031, 6233467.266946667805314 ], [ 786913.019056916702539, 6233468.16439495049417 ], [ 786913.460480670444667, 6233469.061843246221542 ], [ 786913.901904417085461, 6233469.95929155126214 ], [ 786914.34332815464586, 6233470.856739865615964 ], [ 786914.784751883009449, 6233471.754188193008304 ], [ 786915.226175603223965, 6233472.651636529713869 ], [ 786915.667599314125255, 6233473.549084877595305 ], [ 786916.109023016877472, 6233474.446533237583935 ], [ 786916.550446711713448, 6233475.343981605023146 ], [ 786916.991870397236198, 6233476.24142998456955 ], [ 786917.433294073562138, 6233477.138878375291824 ], [ 786917.874717741739005, 6233478.036326775327325 ], [ 786918.316141401883215, 6233478.933775185607374 ], [ 786918.757565052830614, 6233479.831223608925939 ], [ 786919.198988694464788, 6233480.728672040626407 ], [ 786919.640412329230458, 6233481.626120485365391 ], [ 786920.081835953402333, 6233482.52356893569231 ], [ 786920.523259569657966, 6233483.421017400920391 ], [ 786920.964683177764527, 6233484.318465875461698 ], [ 786921.406106776557863, 6233485.215914361178875 ], [ 786921.847530367318541, 6233486.113362856209278 ], [ 786922.288953949930146, 6233487.010811362415552 ], [ 786922.730377522297204, 6233487.908259877935052 ], [ 786923.171801087679341, 6233488.805708406493068 ], [ 786923.613224643748254, 6233489.703156942501664 ], [ 786924.05464819050394, 6233490.600605493411422 ], [ 786924.496071729343385, 6233491.498054052703083 ], [ 786924.937495258986019, 6233492.395502623170614 ], [ 786925.37891878024675, 6233493.292951202020049 ], [ 786925.820342293707654, 6233494.190399792045355 ], [ 786926.261765797622502, 6233495.087848393246531 ], [ 786926.703189293737523, 6233495.985297006554902 ], [ 786927.144612780539319, 6233496.882745629176497 ], [ 786927.586036258027889, 6233497.780194261111319 ], [ 786928.027459727367386, 6233498.677642906084657 ], [ 786928.468883188674226, 6233499.575091561302543 ], [ 786928.910306640784256, 6233500.472540224902332 ], [ 786929.351730084978044, 6233501.369988900609314 ], [ 786929.79315351950936, 6233502.267437586560845 ], [ 786930.23457694624085, 6233503.164886283688247 ], [ 786930.676000363659114, 6233504.062334991060197 ], [ 786931.117423772928305, 6233504.959783707745373 ], [ 786931.558847172884271, 6233505.857232434675097 ], [ 786932.00027056504041, 6233506.75468117557466 ], [ 786932.441693948931061, 6233507.652129926718771 ], [ 786932.883117323508486, 6233508.549578685313463 ], [ 786933.324540689005516, 6233509.447027456015348 ], [ 786933.765964046353474, 6233510.344476236961782 ], [ 786934.207387395435944, 6233511.241925029084086 ], [ 786934.648810735438019, 6233512.139373831450939 ], [ 786935.090234066126868, 6233513.03682264406234 ], [ 786935.53165738878306, 6233513.934271467849612 ], [ 786935.973080703290179, 6233514.831720301881433 ], [ 786936.414504008600488, 6233515.729169148951769 ], [ 786936.855927305761725, 6233516.626618003472686 ], [ 786937.297350593842566, 6233517.524066868238151 ], [ 786937.738773873657919, 6233518.421515744179487 ], [ 786938.180197144276462, 6233519.318964632228017 ], [ 786938.621620406745933, 6233520.216413529589772 ], [ 786938.754270494449884, 6233520.48610180336982 ], [ 786939.423712753457949, 6233521.229146957397461 ], [ 786940.093155010486953, 6233521.972192123532295 ], [ 786940.762597266351804, 6233522.715237303636968 ], [ 786941.432039520004764, 6233523.458282498642802 ], [ 786942.101481771329418, 6233524.20132770575583 ], [ 786942.77092402195558, 6233524.944372926838696 ], [ 786943.440366270253435, 6233525.687418160960078 ], [ 786944.109808516222984, 6233526.430463409982622 ], [ 786944.77925076126121, 6233527.173508672043681 ], [ 786945.448693003854714, 6233527.916553948074579 ], [ 786946.118135245516896, 6233528.659599235281348 ], [ 786946.787577485083602, 6233529.402644538320601 ], [ 786947.457019722322002, 6233530.14568985439837 ], [ 786948.126461957581341, 6233530.888735182583332 ], [ 786948.795904191676527, 6233531.631780524738133 ], [ 786949.465346423443407, 6233532.374825880862772 ], [ 786950.134788654278964, 6233533.117871252819896 ], [ 786950.804230882786214, 6233533.860916635021567 ], [ 786951.473673109314404, 6233534.603962033987045 ], [ 786952.143115333514288, 6233535.347007442265749 ], [ 786952.812557556550018, 6233536.090052867308259 ], [ 786953.481999778770842, 6233536.833098305389285 ], [ 786954.15144199738279, 6233537.576143756508827 ], [ 786954.820884215179831, 6233538.319189221598208 ], [ 786955.490326430648565, 6233539.062234699726105 ], [ 786956.159768645185977, 6233539.805280189961195 ], [ 786956.829210857395083, 6233540.548325696960092 ], [ 786957.498653067508712, 6233541.291371215134859 ], [ 786958.168095276458189, 6233542.034416748210788 ], [ 786958.83753748331219, 6233542.777462294325233 ], [ 786959.506979687837884, 6233543.520507852546871 ], [ 786960.176421891432256, 6233544.263553426600993 ], [ 786960.845864092931151, 6233545.006599014624953 ], [ 786961.515306293265894, 6233545.749644614756107 ], [ 786962.18474849127233, 6233546.492690226063132 ], [ 786962.854190687183291, 6233547.235735855065286 ], [ 786963.52363288088236, 6233547.978781495243311 ], [ 786964.193075073533691, 6233548.721827149391174 ], [ 786964.862517263973132, 6233549.464872816577554 ], [ 786965.531959452200681, 6233550.207918498665094 ], [ 786966.201401639264077, 6233550.950964193791151 ], [ 786966.870843824348412, 6233551.694009901955724 ], [ 786967.540286008268595, 6233552.437055623158813 ], [ 786968.209728190209717, 6233553.18010135833174 ], [ 786968.879170369589701, 6233553.923147108405828 ], [ 786969.548612548154779, 6233554.666192872449756 ], [ 786970.21805472439155, 6233555.409238645806909 ], [ 786970.887496898532845, 6233556.152284435927868 ], [ 786971.556939070462249, 6233556.895330239087343 ], [ 786972.226381241343915, 6233557.63837605714798 ], [ 786972.895823411177844, 6233558.381421888247132 ], [ 786973.565265577519313, 6233559.124467730522156 ], [ 786974.234707742813043, 6233559.86751358769834 ], [ 786974.904149907175452, 6233560.610559458844364 ], [ 786975.573592068161815, 6233561.353605343028903 ], [ 786976.243034229264595, 6233562.096651241183281 ], [ 786976.912476386991329, 6233562.839697152376175 ], [ 786977.581918543670326, 6233563.582743076607585 ], [ 786978.251360698137432, 6233564.325789017602801 ], [ 786978.920802850392647, 6233565.068834966979921 ], [ 786979.590245001600124, 6233565.811880934052169 ], [ 786980.259687150712125, 6233566.554926913231611 ], [ 786980.929129298543558, 6233567.297972906380892 ], [ 786981.598571443231776, 6233568.041018912568688 ], [ 786982.268013587919995, 6233568.784064931795001 ], [ 786982.937455729348585, 6233569.527110965922475 ], [ 786983.606897869613022, 6233570.270157013088465 ], [ 786984.276340007781982, 6233571.013203073292971 ], [ 786984.94578214478679, 6233571.756249146535993 ], [ 786985.615224279696122, 6233572.499295234680176 ], [ 786986.284666412277147, 6233573.24234133400023 ], [ 786986.954108542646281, 6233573.98538745008409 ], [ 786987.623550672084093, 6233574.728433575481176 ], [ 786988.292992800474167, 6233575.471479718573391 ], [ 786988.962434925371781, 6233576.214525874704123 ], [ 786989.631877049338073, 6233576.957572042010725 ], [ 786990.301319172373042, 6233577.700618226081133 ], [ 786990.970761291799136, 6233578.44366442039609 ], [ 786991.640203410293907, 6233579.186710629612207 ], [ 786992.30964552774094, 6233579.929756851866841 ], [ 786992.979087642976083, 6233580.672803089022636 ], [ 786993.648529755882919, 6233581.415849338285625 ], [ 786994.317971866810694, 6233582.158895603381097 ], [ 786994.987413976574317, 6233582.901941878721118 ], [ 786995.656856084126048, 6233583.644988169893622 ], [ 786996.326298189465888, 6233584.388034474104643 ], [ 786996.99574029375799, 6233585.131080791354179 ], [ 786997.665182395954616, 6233585.874127121642232 ], [ 786998.33462449698709, 6233586.617173466831446 ], [ 786999.004066595924087, 6233587.360219826921821 ], [ 786999.673508692532778, 6233588.103266199119389 ], [ 787000.342950788093731, 6233588.846312582492828 ], [ 787001.012392881559208, 6233589.589358981698751 ], [ 787001.681834972696379, 6233590.332405392080545 ], [ 787002.351277061738074, 6233591.075451821088791 ], [ 787003.020719149615616, 6233591.818498259410262 ], [ 787003.690161236445419, 6233592.561544712632895 ], [ 787004.359603320015594, 6233593.304591178894043 ], [ 787005.029045402538031, 6233594.047637658193707 ], [ 787005.698487483896315, 6233594.790684152394533 ], [ 787006.36792956199497, 6233595.53373065777123 ], [ 787007.037371639045887, 6233596.276777179911733 ], [ 787007.706813715049066, 6233597.019823714159429 ], [ 787008.376255788840353, 6233597.762870262376964 ], [ 787009.045697860303335, 6233598.505916822701693 ], [ 787009.715139929670841, 6233599.24896339699626 ], [ 787010.384581997990608, 6233599.992009985260665 ], [ 787011.054024064098485, 6233600.73505658749491 ], [ 787011.723466127878055, 6233601.478103203698993 ], [ 787012.392908190842718, 6233602.221149832010269 ], [ 787013.062350252410397, 6233602.964196474291384 ], [ 787013.731792310951278, 6233603.70724313147366 ], [ 787014.401234368328005, 6233604.450289799831808 ], [ 787015.070676423492841, 6233605.193336483091116 ], [ 787015.740118477726355, 6233605.936383180320263 ], [ 787016.409560529631563, 6233606.679429890587926 ], [ 787017.079002579324879, 6233607.422476613894105 ], [ 787017.748444627970457, 6233608.165523351170123 ], [ 787018.41788667452056, 6233608.908570101484656 ], [ 787019.087328718742356, 6233609.651616865769029 ], [ 787019.756770761683583, 6233610.394663643091917 ], [ 787020.426212802878581, 6233611.137710436247289 ], [ 787020.802404754795134, 6233611.555264474824071 ], [ 787021.59857716341503, 6233612.160558375529945 ], [ 787022.394749574945308, 6233612.765852289274335 ], [ 787023.190921989502385, 6233613.371146216988564 ], [ 787023.987094407202676, 6233613.976440157741308 ], [ 787024.783266828861088, 6233614.581734109669924 ], [ 787025.579439254011959, 6233615.187028078362346 ], [ 787026.375611680676229, 6233615.792322059161961 ], [ 787027.171784112928435, 6233616.39761605206877 ], [ 787027.967956546926871, 6233617.002910058945417 ], [ 787028.764128984184936, 6233617.608204079791903 ], [ 787029.560301425517537, 6233618.213498112745583 ], [ 787030.356473869876936, 6233618.818792159669101 ], [ 787031.152646317379549, 6233619.424086220562458 ], [ 787031.948818767908961, 6233620.029380291700363 ], [ 787032.744991222629324, 6233620.634674378670752 ], [ 787033.541163679212332, 6233621.239968478679657 ], [ 787034.337336140102707, 6233621.845262590795755 ], [ 787035.13350860401988, 6233622.450556717813015 ], [ 787035.929681070963852, 6233623.055850857868791 ], [ 787036.725853542098776, 6233623.66114501003176 ], [ 787037.522026015096344, 6233624.266439175233245 ], [ 787038.318198492517695, 6233624.871733354404569 ], [ 787039.114370972849429, 6233625.477027547545731 ], [ 787039.910543456207961, 6233626.082321751862764 ], [ 787040.706715943757445, 6233626.687615972012281 ], [ 787041.502888433285989, 6233627.292910205200315 ], [ 787042.299060927005485, 6233627.898204450495541 ], [ 787043.095233423868194, 6233628.503498709760606 ], [ 787043.891405923524871, 6233629.108792981132865 ], [ 787044.687578426441178, 6233629.714087264612317 ], [ 787045.483750933548436, 6233630.319381564855576 ], [ 787046.279923443682492, 6233630.924675876274705 ], [ 787047.076095957076177, 6233631.529970201663673 ], [ 787047.87226847326383, 6233632.135264540091157 ], [ 787048.668440992594697, 6233632.740558890625834 ], [ 787049.464613516000099, 6233633.345853255130351 ], [ 787050.260786041500978, 6233633.951147634536028 ], [ 787051.056958571076393, 6233634.556442024186254 ], [ 787051.853131103795022, 6233635.161736429668963 ], [ 787052.649303640704602, 6233635.767030848190188 ], [ 787053.445476179476827, 6233636.372325278818607 ], [ 787054.24164872255642, 6233636.977619723416865 ], [ 787055.03782126866281, 6233637.582914181053638 ], [ 787055.833993817679584, 6233638.188208651728928 ], [ 787056.630166369955987, 6233638.793503135442734 ], [ 787057.426338925259188, 6233639.398797633126378 ], [ 787058.222511484636925, 6233640.004092143848538 ], [ 787059.018684047157876, 6233640.609386667609215 ], [ 787059.814856612822041, 6233641.214681206271052 ], [ 787060.611029181396589, 6233641.819975754246116 ], [ 787061.407201752997935, 6233642.425270320847631 ], [ 787062.203374328906648, 6233643.030564897693694 ], [ 787062.999546907842159, 6233643.635859485715628 ], [ 787063.795719489920884, 6233644.241154089570045 ], [ 787064.591892074909993, 6233644.846448706462979 ], [ 787065.388064662925899, 6233645.451743336394429 ], [ 787066.184237255249172, 6233646.057037979364395 ], [ 787066.98040985071566, 6233646.6623326363042 ], [ 787067.776582448976114, 6233647.267627304419875 ], [ 787068.572755050612614, 6233647.872921988368034 ], [ 787069.368927655159496, 6233648.47821668535471 ], [ 787070.16510026389733, 6233649.083511394448578 ], [ 787070.961272874614224, 6233649.688806116580963 ], [ 787071.757445489289239, 6233650.294100853614509 ], [ 787072.553618108504452, 6233650.899395603686571 ], [ 787073.34979072958231, 6233651.504690364934504 ], [ 787074.145963353454135, 6233652.109985141083598 ], [ 787074.942135981749743, 6233652.715279931202531 ], [ 787075.738308612955734, 6233653.320574730634689 ], [ 787076.534481247421354, 6233653.925869548693299 ], [ 787077.330653884680942, 6233654.531164376065135 ], [ 787078.126826526364312, 6233655.136459218338132 ], [ 787078.92299917107448, 6233655.741754074580967 ], [ 787079.719171817530878, 6233656.347048941999674 ], [ 787080.515344468411058, 6233656.952343823388219 ], [ 787081.311517123365775, 6233657.557638720609248 ], [ 787082.107689780183136, 6233658.162933627143502 ], [ 787082.903862441307865, 6233658.768228549510241 ], [ 787083.700035105459392, 6233659.373523484915495 ], [ 787084.496207772754133, 6233659.97881843149662 ], [ 787085.292380442842841, 6233660.584113392978907 ], [ 787086.088553116307594, 6233661.189408369362354 ], [ 787086.884725793846883, 6233661.794703356921673 ], [ 787087.68089847441297, 6233662.39999835845083 ], [ 787088.477071158005856, 6233663.005293371155858 ], [ 787089.273243844741955, 6233663.61058839969337 ], [ 787090.069416534504853, 6233664.215883441269398 ], [ 787090.865589228458703, 6233664.821178494021297 ], [ 787091.0530627630651, 6233664.963706372305751 ], [ 787091.800466308835894, 6233665.628282196819782 ], [ 787092.547869856469333, 6233666.292858033441007 ], [ 787093.295273404801264, 6233666.957433884963393 ], [ 787094.042676954646595, 6233667.622009748592973 ], [ 787094.790080505423248, 6233668.286585627123713 ], [ 787095.5374840577133, 6233668.951161519624293 ], [ 787096.284887610701844, 6233669.615737423300743 ], [ 787097.032291165785864, 6233670.280313341878355 ], [ 787097.779694720986299, 6233670.944889275357127 ], [ 787098.52709827828221, 6233671.609465219080448 ], [ 787099.274501836160198, 6233672.274041180498898 ], [ 787100.021905395784415, 6233672.938617153093219 ], [ 787100.769308957271278, 6233673.603193141520023 ], [ 787101.516712518176064, 6233674.267769142985344 ], [ 787102.264116081874818, 6233674.932345155626535 ], [ 787103.011519646504894, 6233675.596921185031533 ], [ 787103.758923211484216, 6233676.261497224681079 ], [ 787104.506326778326184, 6233676.926073281094432 ], [ 787105.253730345633812, 6233677.590649345889688 ], [ 787106.001133914920501, 6233678.255225428380072 ], [ 787106.74853748595342, 6233678.919801525771618 ], [ 787107.495941057568416, 6233679.584377635270357 ], [ 787108.243344629881904, 6233680.248953757807612 ], [ 787108.990748204058036, 6233680.913529895246029 ], [ 787109.738151779747568, 6233681.578106043860316 ], [ 787110.485555356135592, 6233682.242682207375765 ], [ 787111.232958933222108, 6233682.907258385792375 ], [ 787111.980362512054853, 6233683.571834576316178 ], [ 787112.727766092866659, 6233684.236410781741142 ], [ 787113.475169674027711, 6233684.9009869992733 ], [ 787114.222573255887255, 6233685.565563229843974 ], [ 787114.969976839376613, 6233686.230139475315809 ], [ 787115.717380424961448, 6233686.894715734757483 ], [ 787116.464784010895528, 6233687.559292005375028 ], [ 787117.2121875975281, 6233688.223868292756379 ], [ 787117.95959118718747, 6233688.888444593176246 ], [ 787118.70699477638118, 6233689.553020907565951 ], [ 787119.454398367204703, 6233690.217597234994173 ], [ 787120.201801959658042, 6233690.882173575460911 ], [ 787120.949205552926287, 6233691.546749928034842 ], [ 787121.696609148057178, 6233692.211326295509934 ], [ 787122.44401274365373, 6233692.875902676954865 ], [ 787123.191416341112927, 6233693.54047907050699 ], [ 787123.938819939270616, 6233694.205055480822921 ], [ 787124.686223537893966, 6233694.869631904177368 ], [ 787125.433627139427699, 6233695.534208337776363 ], [ 787126.181030740495771, 6233696.198784787207842 ], [ 787126.928434344474226, 6233696.863361250609159 ], [ 787127.67583794798702, 6233697.527937726117671 ], [ 787128.423241554293782, 6233698.192514217458665 ], [ 787129.170645161299035, 6233698.857090721838176 ], [ 787129.91804876900278, 6233699.521667239256203 ], [ 787130.665452378569171, 6233700.186243770644069 ], [ 787131.412855988484807, 6233700.850820314139128 ], [ 787132.160259600263089, 6233701.515396872535348 ], [ 787132.907663212856278, 6233702.179973444901407 ], [ 787133.655066827079281, 6233702.844550028443336 ], [ 787134.402470441884361, 6233703.50912662781775 ], [ 787135.149874058552086, 6233704.173703242093325 ], [ 787135.897277676733211, 6233704.838279865682125 ], [ 787136.644681294681504, 6233705.502856506966054 ], [ 787137.392084915540181, 6233706.167433160357177 ], [ 787138.139488536864519, 6233706.832009825855494 ], [ 787138.886892159003764, 6233707.496586509048939 ], [ 787139.634295782889239, 6233708.161163202486932 ], [ 787140.381699408404529, 6233708.825739908963442 ], [ 787141.129103034734726, 6233709.49031663313508 ], [ 787141.876506661530584, 6233710.154893367551267 ], [ 787142.623910290072672, 6233710.81947011500597 ], [ 787143.371313920477405, 6233711.484046876430511 ], [ 787144.118717551464215, 6233712.148623652756214 ], [ 787144.866121183149517, 6233712.813200443051755 ], [ 787145.613524816464633, 6233713.477777244523168 ], [ 787146.360928451758809, 6233714.142354063689709 ], [ 787147.108332087518647, 6233714.806930892169476 ], [ 787147.855735723976977, 6233715.471507735550404 ], [ 787148.603139362181537, 6233716.136084593832493 ], [ 787149.350543002248742, 6233716.800661465153098 ], [ 787150.097946642781608, 6233717.465238350443542 ], [ 787150.845350285293534, 6233718.129815248772502 ], [ 787151.592753928271122, 6233718.794392160139978 ], [ 787152.34015757299494, 6233719.458969085477293 ], [ 787153.087561218533665, 6233720.123546024784446 ], [ 787153.834964864421636, 6233720.788122976198792 ], [ 787154.582368513336405, 6233721.4526999425143 ], [ 787155.329772161785513, 6233722.117276921868324 ], [ 787156.077175812097266, 6233722.781853916123509 ], [ 787156.824579464038834, 6233723.446430923417211 ], [ 787157.571983116562478, 6233724.111007943749428 ], [ 787158.319386770948768, 6233724.775584978051484 ], [ 787159.066790425917134, 6233725.440162025392056 ], [ 787159.814194082748145, 6233726.104739088565111 ], [ 787160.561597740161233, 6233726.769316162914038 ], [ 787161.30900139932055, 6233727.433893252164125 ], [ 787162.056405060226098, 6233728.098470354452729 ], [ 787162.803808720665984, 6233728.763047469779849 ], [ 787163.551212384016253, 6233729.427624598145485 ], [ 787164.298616047948599, 6233730.092201741412282 ], [ 787165.046019712579437, 6233730.756778897717595 ], [ 787165.793423379072919, 6233731.421356068924069 ], [ 787166.540827045915648, 6233732.08593325316906 ], [ 787167.288230714621022, 6233732.750510449521244 ], [ 787168.035634385189041, 6233733.415087660774589 ], [ 787168.783038056339137, 6233734.079664885997772 ], [ 787169.530441728187725, 6233734.744242126122117 ], [ 787170.277845401666127, 6233735.408819377422333 ], [ 787171.025249075843021, 6233736.07339664362371 ], [ 787171.772652751766145, 6233736.73797392193228 ], [ 787172.520056429551914, 6233737.402551215142012 ], [ 787173.267460107803345, 6233738.067128518596292 ], [ 787174.014863786753267, 6233738.7317058397457 ], [ 787174.762267467565835, 6233739.396283173002303 ], [ 787175.509671150008217, 6233740.060860520228744 ], [ 787176.25707483314909, 6233740.725437880493701 ], [ 787177.004478518152609, 6233741.390015254728496 ], [ 787177.75188220362179, 6233742.05459264293313 ], [ 787178.499285889789462, 6233742.719170045107603 ], [ 787179.246689577703364, 6233743.383747459389269 ], [ 787179.994093267479911, 6233744.048324888572097 ], [ 787180.741496957838535, 6233744.712902331724763 ], [ 787181.488900649826974, 6233745.377479786984622 ], [ 787182.096036930335686, 6233745.917334079742432 ], [ 787182.62554886424914, 6233746.765798941254616 ], [ 787183.155060790246353, 6233747.614263812080026 ], [ 787183.684572710189968, 6233748.462728696875274 ], [ 787184.21408462501131, 6233749.311193594709039 ], [ 787184.74359653214924, 6233750.159658502787352 ], [ 787185.273108434164897, 6233751.008123422041535 ], [ 787185.802620328729972, 6233751.85658835619688 ], [ 787186.332132218172774, 6233752.705053300596774 ], [ 787186.861644100164995, 6233753.55351825710386 ], [ 787187.391155976802111, 6233754.401983225718141 ], [ 787187.920667845988646, 6233755.250448207370937 ], [ 787188.450179708888754, 6233756.098913200199604 ], [ 787188.979691566666588, 6233756.947378206066787 ], [ 787189.509203416877426, 6233757.795843224972486 ], [ 787190.03871526196599, 6233758.644308252260089 ], [ 787190.568227099487558, 6233759.492773294448853 ], [ 787191.097738930722699, 6233760.341238347813487 ], [ 787191.627250756835565, 6233761.189703414216638 ], [ 787192.15676257526502, 6233762.038168492726982 ], [ 787192.686274387408048, 6233762.886633582413197 ], [ 787193.215786194428802, 6233763.735098684206605 ], [ 787193.745297993998975, 6233764.583563798107207 ], [ 787194.27480978728272, 6233765.43202892318368 ], [ 787194.804321575211361, 6233766.280494063161314 ], [ 787195.333833355805837, 6233767.128959214314818 ], [ 787195.863345129997469, 6233767.977424375712872 ], [ 787196.392856897902675, 6233768.825889550149441 ], [ 787196.922368660569191, 6233769.674354737624526 ], [ 787197.451880415785126, 6233770.522819938138127 ], [ 787197.981392164714634, 6233771.371285146102309 ], [ 787198.5109039072413, 6233772.219750370830297 ], [ 787199.040415644645691, 6233773.068215606734157 ], [ 787199.569927374366671, 6233773.916680853813887 ], [ 787200.099439097917639, 6233774.765146112069488 ], [ 787200.628950815182179, 6233775.613611381500959 ], [ 787201.15846252720803, 6233776.462076667696238 ], [ 787201.687974231666885, 6233777.310541962273419 ], [ 787202.217485929839313, 6233778.159007269889116 ], [ 787202.746997621608898, 6233779.007472589612007 ], [ 787203.276509307092056, 6233779.855937921442091 ], [ 787203.806020986288786, 6233780.704403264448047 ], [ 787204.335532660363242, 6233781.552868621423841 ], [ 787204.865044326870702, 6233782.401333989575505 ], [ 787205.39455598697532, 6233783.249799370765686 ], [ 787205.924067640909925, 6233784.09826476406306 ], [ 787206.453579288441688, 6233784.94673016667366 ], [ 787206.983090929570608, 6233785.795195583254099 ], [ 787207.5126025644131, 6233786.643661012873054 ], [ 787208.04211419285275, 6233787.492126451805234 ], [ 787208.571625815005973, 6233788.340591905638576 ], [ 787209.101137431920506, 6233789.189057370647788 ], [ 787209.630649041384459, 6233790.037522848695517 ], [ 787210.160160644445568, 6233790.885988336987793 ], [ 787210.689672241453081, 6233791.734453837387264 ], [ 787211.219183831824921, 6233792.58291935082525 ], [ 787211.748695416026749, 6233793.43138487637043 ], [ 787212.278206993825734, 6233794.279850414022803 ], [ 787212.807718565221876, 6233795.128315961919725 ], [ 787213.337230130331591, 6233795.97678152564913 ], [ 787213.866741689154878, 6233796.825247100554407 ], [ 787214.396253241691738, 6233797.673712683841586 ], [ 787214.92576478770934, 6233798.522178282961249 ], [ 787215.45527632755693, 6233799.370643891394138 ], [ 787215.984787861001678, 6233800.219109515659511 ], [ 787216.514299388043582, 6233801.067575147375464 ], [ 787217.043810908915475, 6233801.916040794923902 ], [ 787217.57332242326811, 6233802.764506452716887 ], [ 787218.102833931334317, 6233803.612972123548388 ], [ 787218.632345433114097, 6233804.461437806487083 ], [ 787219.161856928607449, 6233805.309903501532972 ], [ 787219.691368417697959, 6233806.158369207754731 ], [ 787220.220879900385626, 6233807.006834926083684 ], [ 787220.750391376903281, 6233807.85530065651983 ], [ 787221.279902847018093, 6233808.703766399994493 ], [ 787221.809414310613647, 6233809.552232157438993 ], [ 787222.338925767922774, 6233810.400697922334075 ], [ 787222.868437219061889, 6233811.249163702130318 ], [ 787223.397948663914576, 6233812.097629493102431 ], [ 787223.92746010213159, 6233812.946095298044384 ], [ 787224.456971533130854, 6233813.794561114162207 ], [ 787224.986482958775014, 6233814.643026940524578 ], [ 787225.515994378132746, 6233815.491492780856788 ], [ 787226.04550579120405, 6233816.339958633296192 ], [ 787226.575017197988927, 6233817.188424496911466 ], [ 787227.104528598370962, 6233818.036890372633934 ], [ 787227.634039992466569, 6233818.885356261394918 ], [ 787228.163551380159333, 6233819.733822161331773 ], [ 787228.693062760168687, 6233820.582288073375821 ], [ 787229.222574135288596, 6233821.430753997527063 ], [ 787229.752085503889248, 6233822.279219934716821 ], [ 787230.281596866203472, 6233823.127685884013772 ], [ 787230.811108222231269, 6233823.976151842623949 ], [ 787231.340619571856223, 6233824.824617817997932 ], [ 787231.87013091519475, 6233825.673083802685142 ], [ 787232.399642251082696, 6233826.521549798548222 ], [ 787232.929153581731953, 6233827.370015807449818 ], [ 787233.458664905978367, 6233828.218481827527285 ], [ 787233.988176224054769, 6233829.066947862505913 ], [ 787234.517687535611913, 6233829.915413908660412 ], [ 787235.047198839718476, 6233830.763879965990782 ], [ 787235.576710138702765, 6233831.612346034497023 ], [ 787236.106221431284212, 6233832.460812116973102 ], [ 787236.635732717579231, 6233833.309278212487698 ], [ 787237.165243997471407, 6233834.157744316384196 ], [ 787237.694755269913003, 6233835.006210435181856 ], [ 787238.224266537232324, 6233835.854676564224064 ], [ 787238.753777798032388, 6233836.703142704442143 ], [ 787239.283289052778855, 6233837.551608860492706 ], [ 787239.812800299841911, 6233838.400075026787817 ], [ 787240.342311541782692, 6233839.248541206121445 ], [ 787240.871822777320631, 6233840.09700739569962 ], [ 787241.401334006572142, 6233840.945473598316312 ], [ 787241.930845228256658, 6233841.793939813971519 ], [ 787242.460356444818899, 6233842.642406040802598 ], [ 787242.989867654978298, 6233843.490872278809547 ], [ 787243.519378857687116, 6233844.339338530786335 ], [ 787244.048890055157244, 6233845.187804793938994 ], [ 787244.578401246573776, 6233846.036271069198847 ], [ 787245.10791243147105, 6233846.88473735563457 ], [ 787245.59388413396664, 6233847.663437843322754 ], [ 787245.867643348872662, 6233848.625380175188184 ], [ 787246.141402552602813, 6233849.587322514504194 ], [ 787246.415161742945202, 6233850.54926485940814 ], [ 787246.688920923159458, 6233851.511207212693989 ], [ 787246.962680089869536, 6233852.473149573430419 ], [ 787247.23643924552016, 6233853.435091938823462 ], [ 787247.510198389994912, 6233854.397034311667085 ], [ 787247.78395752212964, 6233855.358976691961288 ], [ 787248.057716641807929, 6233856.320919079706073 ], [ 787248.331475750543177, 6233857.282861473970115 ], [ 787248.605234847986139, 6233858.244803873822093 ], [ 787248.878993933089077, 6233859.206746282055974 ], [ 787249.152753005968407, 6233860.16868869587779 ], [ 787249.42651206755545, 6233861.130631117150187 ], [ 787249.700271116918884, 6233862.092573545873165 ], [ 787249.974030153825879, 6233863.054515982046723 ], [ 787250.247789180953987, 6233864.016458421945572 ], [ 787250.521548194345087, 6233864.978400871157646 ], [ 787250.795307196793146, 6233865.940343327820301 ], [ 787251.069066186668351, 6233866.902285788208246 ], [ 787251.342825165600516, 6233867.86422825884074 ], [ 787251.616584131959826, 6233868.826170734129846 ], [ 787251.890343087376095, 6233869.788113217800856 ], [ 787252.164102030335926, 6233870.750055707991123 ], [ 787252.4378609622363, 6233871.711998204700649 ], [ 787252.711619881796651, 6233872.673940708860755 ], [ 787252.98537879018113, 6233873.635883217677474 ], [ 787253.25913768610917, 6233874.597825735807419 ], [ 787253.532896569930017, 6233875.559768259525299 ], [ 787253.806655442342162, 6233876.521710792556405 ], [ 787254.080414302530698, 6233877.483653330244124 ], [ 787254.354173151543364, 6233878.445595875382423 ], [ 787254.627931988448836, 6233879.407538427039981 ], [ 787254.901690813945606, 6233880.369480984285474 ], [ 787255.175449627218768, 6233881.331423550844193 ], [ 787255.44920842803549, 6233882.293366122059524 ], [ 787255.722967217676342, 6233883.255308702588081 ], [ 787255.996725996374153, 6233884.217251289635897 ], [ 787256.270484762499109, 6233885.179193881340325 ], [ 787256.544243516400456, 6233886.141136480495334 ], [ 787256.818002259125933, 6233887.1030790861696 ], [ 787257.091760989511386, 6233888.065021701157093 ], [ 787257.365519708720967, 6233889.026964319869876 ], [ 787257.639278415590525, 6233889.988906947895885 ], [ 787257.913037111517042, 6233890.950849581509829 ], [ 787258.186795794870704, 6233891.912792222574353 ], [ 787258.460554465884343, 6233892.874734871089458 ], [ 787258.734313125838526, 6233893.836677525192499 ], [ 787259.008071773452684, 6233894.79862018674612 ], [ 787259.281830409774557, 6233895.760562853887677 ], [ 787259.555589033989236, 6233896.72250553034246 ], [ 787259.829347646795213, 6233897.684448211453855 ], [ 787260.103106247493997, 6233898.646390900015831 ], [ 787260.37686483701691, 6233899.608333597891033 ], [ 787260.650623413966969, 6233900.570276299491525 ], [ 787260.924381978809834, 6233901.53221900947392 ], [ 787261.198140532360412, 6233902.49416172504425 ], [ 787261.471899074967951, 6233903.456104448065162 ], [ 787261.745657603722066, 6233904.418047176674008 ], [ 787262.019416122697294, 6233905.379989916458726 ], [ 787262.293174629332498, 6233906.341932659968734 ], [ 787262.566933123627678, 6233907.303875409066677 ], [ 787262.840691605582833, 6233908.265818167477846 ], [ 787263.114450076362118, 6233909.227760931476951 ], [ 787263.388208535965532, 6233910.189703702926636 ], [ 787263.661966983345337, 6233911.151646480895579 ], [ 787263.935725418385118, 6233912.11358926538378 ], [ 787264.209483842132613, 6233913.075532059185207 ], [ 787264.483242253540084, 6233914.037474857643247 ], [ 787264.757000653888099, 6233914.999417662620544 ], [ 787265.030759041663259, 6233915.961360475048423 ], [ 787265.304517418611795, 6233916.923303293064237 ], [ 787265.578275782987475, 6233917.885246118530631 ], [ 787265.852034136420116, 6233918.847188953310251 ], [ 787266.125792477512732, 6233919.809131793677807 ], [ 787266.399550806032494, 6233920.771074639633298 ], [ 787266.673309123609215, 6233921.733017493970692 ], [ 787266.947067428613082, 6233922.694960353896022 ], [ 787267.220825722673908, 6233923.656903222203255 ], [ 787267.494584005558863, 6233924.618846094235778 ], [ 787267.768342274706811, 6233925.580788975581527 ], [ 787268.042100533028133, 6233926.542731862515211 ], [ 787268.315858779940754, 6233927.504674756899476 ], [ 787268.589617014629766, 6233928.466617660596967 ], [ 787268.863375238142908, 6233929.428560568019748 ], [ 787269.137133448151872, 6233930.390503484755754 ], [ 787269.410891648149118, 6233931.352446405217052 ], [ 787269.68464983580634, 6233932.314389334991574 ], [ 787269.958408011123538, 6233933.276332270354033 ], [ 787270.232166175264865, 6233934.238275214098394 ], [ 787270.505924327182584, 6233935.200218164362013 ], [ 787270.7796824676916, 6233936.162161119282246 ], [ 787271.053440596093424, 6233937.124104082584381 ], [ 787271.327198712155223, 6233938.086047053337097 ], [ 787271.600956816924736, 6233939.047990029677749 ], [ 787271.874714909354225, 6233940.009933013468981 ], [ 787272.148472990840673, 6233940.971876005642116 ], [ 787272.422231061151251, 6233941.933819003403187 ], [ 787272.695989117724821, 6233942.895762006752193 ], [ 787272.969747164286673, 6233943.857705019414425 ], [ 787273.243505197577178, 6233944.81964803673327 ], [ 787273.517263219575398, 6233945.781591061502695 ], [ 787273.791021230397746, 6233946.743534093722701 ], [ 787274.06477922888007, 6233947.705477133393288 ], [ 787274.33853721502237, 6233948.66742017865181 ], [ 787274.612295190105215, 6233949.629363231360912 ], [ 787274.886053154012188, 6233950.591306290589273 ], [ 787275.159811105462722, 6233951.553249355405569 ], [ 787275.433569044806063, 6233952.515192430466413 ], [ 787275.707326972624287, 6233953.477135510183871 ], [ 787275.981084888335317, 6233954.439078597351909 ], [ 787276.254842791706324, 6233955.401021691039205 ], [ 787276.528600683901459, 6233956.362964791245759 ], [ 787276.802358564920723, 6233957.32490789797157 ], [ 787277.076116433599964, 6233958.286851013079286 ], [ 787277.34987428993918, 6233959.248794134706259 ], [ 787277.623632135102525, 6233960.210737261921167 ], [ 787277.897389967925847, 6233961.172680396586657 ], [ 787278.171147789806128, 6233962.134623538702726 ], [ 787278.444905599113554, 6233963.096566686406732 ], [ 787278.718663397245109, 6233964.05850984249264 ], [ 787278.99242118303664, 6233965.020453004166484 ], [ 787279.266178957885131, 6233965.982396173290908 ], [ 787279.539936720160767, 6233966.944339349865913 ], [ 787279.813694470212795, 6233967.906282532028854 ], [ 787280.087452208856121, 6233968.868225721642375 ], [ 787280.361209935508668, 6233969.830168918706477 ], [ 787280.634967650985345, 6233970.792112122289836 ], [ 787280.908725353889167, 6233971.754055333323777 ], [ 787281.182483045733534, 6233972.71599854901433 ], [ 787281.456240725237876, 6233973.677941773086786 ], [ 787281.729998393682763, 6233974.639885004609823 ], [ 787282.003756049787626, 6233975.601828243583441 ], [ 787282.277513693319634, 6233976.563771487213671 ], [ 787282.551271325908601, 6233977.525714738294482 ], [ 787282.825028947205283, 6233978.487657997757196 ], [ 787283.098786556278355, 6233979.449601262807846 ], [ 787283.372544153127819, 6233980.411544533446431 ], [ 787283.646301737288013, 6233981.373487814329565 ], [ 787283.92005931166932, 6233982.335431098006666 ], [ 787284.193816872546449, 6233983.297374391928315 ], [ 787284.467574422247708, 6233984.259317690506577 ], [ 787284.741331960773095, 6233985.221260998398066 ], [ 787285.015089486958459, 6233986.183204311877489 ], [ 787285.288847000803798, 6233987.145147631876171 ], [ 787285.562604503473267, 6233988.107090957462788 ], [ 787285.836361994966865, 6233989.069034291431308 ], [ 787286.110119474236853, 6233990.030977632850409 ], [ 787286.383876940933987, 6233990.992920979857445 ], [ 787286.657634395407513, 6233991.954864335246384 ], [ 787286.931391840102151, 6233992.916807696223259 ], [ 787287.205149271059781, 6233993.878751064650714 ], [ 787287.478906690841541, 6233994.840694439597428 ], [ 787287.752664099563845, 6233995.802637821063399 ], [ 787288.026421495946124, 6233996.764581209048629 ], [ 787288.300178879871964, 6233997.726524604484439 ], [ 787288.573936252621934, 6233998.68846800737083 ], [ 787288.84769361326471, 6233999.650411417707801 ], [ 787289.121450962615199, 6234000.612354832701385 ], [ 787289.39520829950925, 6234001.57429825514555 ], [ 787289.66896562546026, 6234002.536241685971618 ], [ 787289.94272293895483, 6234003.498185122385621 ], [ 787290.216480240225792, 6234004.460128566250205 ], [ 787290.490237530088052, 6234005.42207201756537 ], [ 787290.763994809007272, 6234006.384015473537147 ], [ 787291.037752075470053, 6234007.345958937890828 ], [ 787291.311509329592809, 6234008.307902410626411 ], [ 787291.585266572539695, 6234009.269845886155963 ], [ 787291.859023803379387, 6234010.23178937099874 ], [ 787292.132781022693962, 6234011.193732862360775 ], [ 787292.406538229901344, 6234012.155676361173391 ], [ 787292.680295425816439, 6234013.117619866505265 ], [ 787292.954052609507926, 6234014.07956337928772 ], [ 787293.227809780975804, 6234015.04150689765811 ], [ 787293.50156694103498, 6234016.003450424410403 ], [ 787293.775324090034701, 6234016.965393956750631 ], [ 787293.904246417456307, 6234017.418408625759184 ], [ 787294.103419490158558, 6234018.398514961823821 ], [ 787294.3025925506372, 6234019.378621304407716 ], [ 787294.501765598542988, 6234020.358727651648223 ], [ 787294.700938634341583, 6234021.338834004476666 ], [ 787294.900111656403169, 6234022.318940360099077 ], [ 787295.099284666008316, 6234023.299046723172069 ], [ 787295.298457663273439, 6234024.27915308997035 ], [ 787295.497630647034384, 6234025.259259460493922 ], [ 787295.696803618455306, 6234026.239365839399397 ], [ 787295.895976577419788, 6234027.219472222030163 ], [ 787296.095149522880092, 6234028.199578609317541 ], [ 787296.294322456931695, 6234029.17968500033021 ], [ 787296.493495377595536, 6234030.159791396930814 ], [ 787296.6926682847552, 6234031.139897798188031 ], [ 787296.891841180389747, 6234032.120004205033183 ], [ 787297.091014062752947, 6234033.100110617466271 ], [ 787297.290186932776123, 6234034.080217033624649 ], [ 787297.489359789062291, 6234035.060323456302285 ], [ 787297.688532634172589, 6234036.040429882705212 ], [ 787297.887705465778708, 6234037.020536313764751 ], [ 787298.086878283880651, 6234038.000642751343548 ], [ 787298.286051090573892, 6234038.980749194510281 ], [ 787298.485223883879371, 6234039.960855639539659 ], [ 787298.684396664844826, 6234040.940962091088295 ], [ 787298.883569433121011, 6234041.921068547293544 ], [ 787299.082742188125849, 6234042.901175009086728 ], [ 787299.281914930441417, 6234043.881281474605203 ], [ 787299.481087660766207, 6234044.861387947574258 ], [ 787299.680260377237573, 6234045.841494424268603 ], [ 787299.879433081485331, 6234046.821600905619562 ], [ 787300.078605773160234, 6234047.801707391627133 ], [ 787300.277778452495113, 6234048.781813882291317 ], [ 787300.47695111844223, 6234049.761920379474759 ], [ 787300.676123771932907, 6234050.742026880383492 ], [ 787300.875296412967145, 6234051.722133387811482 ], [ 787301.074469041661359, 6234052.702239899896085 ], [ 787301.273641656734981, 6234053.682346414774656 ], [ 787301.472814259584993, 6234054.662452938035131 ], [ 787301.671986848581582, 6234055.642559461295605 ], [ 787301.871159426635131, 6234056.622665993869305 ], [ 787302.070331990951672, 6234057.602772530168295 ], [ 787302.269504543044604, 6234058.582879070192575 ], [ 787302.468677081400529, 6234059.562985615804791 ], [ 787302.667849607532844, 6234060.543092168867588 ], [ 787302.867022121325135, 6234061.523198724724352 ], [ 787303.066194622428156, 6234062.503305284306407 ], [ 787303.265367110259831, 6234063.48341185040772 ], [ 787303.464539585518651, 6234064.463518422096968 ], [ 787303.663712048437446, 6234065.443624998442829 ], [ 787303.862884499016218, 6234066.423731580376625 ], [ 787304.062056936090812, 6234067.403838165104389 ], [ 787304.261229360708967, 6234068.383944756351411 ], [ 787304.460401772754267, 6234069.364051352255046 ], [ 787304.65957417152822, 6234070.344157952815294 ], [ 787304.858746557729319, 6234071.3242645598948 ], [ 787305.057918931590393, 6234072.304371168836951 ], [ 787305.257091293111444, 6234073.284477785229683 ], [ 787305.456263641011901, 6234074.264584405347705 ], [ 787305.655435976572335, 6234075.244691032916307 ], [ 787305.854608299676329, 6234076.22479766048491 ], [ 787306.053780609276146, 6234077.204904297366738 ], [ 787306.252952906535938, 6234078.185010939836502 ], [ 787306.452125191222876, 6234079.165117583237588 ], [ 787306.651297463802621, 6234080.145224234089255 ], [ 787306.850469722645357, 6234081.12533089146018 ], [ 787307.04964196914807, 6234082.105437549762428 ], [ 787307.248814203077927, 6234083.085544215515256 ], [ 787307.447986423620023, 6234084.065650885924697 ], [ 787307.647158631822094, 6234085.045757561922073 ], [ 787307.846330827567726, 6234086.02586424164474 ], [ 787308.045503010856919, 6234087.005970926955342 ], [ 787308.244675180641934, 6234087.98607761785388 ], [ 787308.443847338086925, 6234088.966184312477708 ], [ 787308.643019483191893, 6234089.946291013620794 ], [ 787308.842191615724005, 6234090.92639771848917 ], [ 787309.04136373475194, 6234091.906504428014159 ], [ 787309.240535841556266, 6234092.886611143127084 ], [ 787309.439707934623584, 6234093.866717864759266 ], [ 787309.638880016515031, 6234094.846824590116739 ], [ 787309.838052084785886, 6234095.826931320130825 ], [ 787310.037224140833132, 6234096.807038055732846 ], [ 787310.236396183259785, 6234097.78714479599148 ], [ 787310.435568213229999, 6234098.767251539975405 ], [ 787310.634740230860189, 6234099.747358292341232 ], [ 787310.833912235917524, 6234100.727465045638382 ], [ 787311.033084227703512, 6234101.707571804523468 ], [ 787311.232256206916645, 6234102.687678569927812 ], [ 787311.431428173789755, 6234103.667785341851413 ], [ 787311.63060012832284, 6234104.64789211563766 ], [ 787311.829772069118917, 6234105.627998895943165 ], [ 787312.028943997807801, 6234106.608105680905282 ], [ 787312.22811591392383, 6234107.588212470524013 ], [ 787312.427287816535681, 6234108.568319264799356 ], [ 787312.626459706807509, 6234109.548426065593958 ], [ 787312.825631584506482, 6234110.52853287011385 ], [ 787313.024803449865431, 6234111.508639679290354 ], [ 787313.223975301720202, 6234112.488746494054794 ], [ 787313.423147141234949, 6234113.468853315338492 ], [ 787313.622318968409672, 6234114.448960139416158 ], [ 787313.821490781847388, 6234115.429066967219114 ], [ 787314.020662582945079, 6234116.409173803403974 ], [ 787314.219834371702746, 6234117.389280642382801 ], [ 787314.419006148120388, 6234118.369387486949563 ], [ 787314.618177910801023, 6234119.349494336172938 ], [ 787314.817349661258049, 6234120.329601190052927 ], [ 787315.016521399142221, 6234121.309708051383495 ], [ 787315.215693124802783, 6234122.289814914576709 ], [ 787315.414864836959168, 6234123.269921785220504 ], [ 787315.614036536542699, 6234124.250028659589589 ], [ 787315.813208222622052, 6234125.230135537683964 ], [ 787316.012379897525534, 6234126.210242421366274 ], [ 787316.211551558808424, 6234127.190349312499166 ], [ 787316.410723207751289, 6234128.17045620828867 ], [ 787316.609894843073562, 6234129.150563105940819 ], [ 787316.80906646605581, 6234130.130670011043549 ], [ 787317.00823807681445, 6234131.110776919871569 ], [ 787317.207409675000235, 6234132.090883833356202 ], [ 787317.406581259565428, 6234133.07099075242877 ], [ 787317.605752831790596, 6234134.051097678020597 ], [ 787317.80492439167574, 6234135.031204605475068 ], [ 787318.004095939220861, 6234136.01131154038012 ], [ 787318.203267473028973, 6234136.991418479010463 ], [ 787318.402438994497061, 6234137.971525422297418 ], [ 787318.601610503625125, 6234138.951632371172309 ], [ 787318.800781999249011, 6234139.931739325635135 ], [ 787318.999953483464196, 6234140.911846286617219 ], [ 787319.199124953127466, 6234141.891953248530626 ], [ 787319.398296411614865, 6234142.872060217894614 ], [ 787319.597467856365256, 6234143.852167191915214 ], [ 787319.796639288775623, 6234144.832274169661105 ], [ 787319.995810708845966, 6234145.812381153926253 ], [ 787320.194982115412131, 6234146.79248814471066 ], [ 787320.39415351068601, 6234147.772595137357712 ], [ 787320.593324892222881, 6234148.752702135592699 ], [ 787320.792496260488406, 6234149.732809139415622 ], [ 787320.861614721943624, 6234150.072935791686177 ], [ 787320.78770716348663, 6234151.070340748876333 ], [ 787320.713799592573196, 6234152.067745704203844 ], [ 787320.6398920067586, 6234153.065150655806065 ], [ 787320.565984408603981, 6234154.062555607408285 ], [ 787320.492076796712354, 6234155.05996055342257 ], [ 787320.418169171200134, 6234156.057365499436855 ], [ 787320.34426153334789, 6234157.054770442657173 ], [ 787320.270353880478069, 6234158.0521753821522 ], [ 787320.196446215501055, 6234159.049580320715904 ], [ 787320.122538536554202, 6234160.046985255554318 ], [ 787320.048630844103172, 6234161.044390188530087 ], [ 787319.974723138147965, 6234162.041795119643211 ], [ 787319.90081541845575, 6234163.039200047962368 ], [ 787319.826907685026526, 6234164.036604972556233 ], [ 787319.752999939257279, 6234165.034009896218777 ], [ 787319.679092179751024, 6234166.031414818018675 ], [ 787319.605184406740591, 6234167.028819736093283 ], [ 787319.531276619876735, 6234168.026224652305245 ], [ 787319.457368819508702, 6234169.023629566654563 ], [ 787319.383461005636491, 6234170.021034480072558 ], [ 787319.309553179191425, 6234171.018439387902617 ], [ 787319.235645339125767, 6234172.015844296664 ], [ 787319.161737484158948, 6234173.013249199837446 ], [ 787319.087829616852105, 6234174.010654100216925 ], [ 787319.013921736972407, 6234175.008059001527727 ], [ 787318.940013842540793, 6234176.005463899113238 ], [ 787318.866105934255756, 6234177.002868793904781 ], [ 787318.79219801351428, 6234178.000273685902357 ], [ 787318.718290079385042, 6234178.99767857696861 ], [ 787318.644382131285965, 6234179.995083463378251 ], [ 787318.570474169566296, 6234180.992488348856568 ], [ 787318.496566194458865, 6234181.989893231540918 ], [ 787318.422658206778578, 6234182.987298112362623 ], [ 787318.348750204197131, 6234183.98470299039036 ], [ 787318.27484218927566, 6234184.982107866555452 ], [ 787318.200934160733595, 6234185.979512739926577 ], [ 787318.127026118454523, 6234186.976917609572411 ], [ 787318.053118063835427, 6234187.974322478286922 ], [ 787317.97920999431517, 6234188.971727345138788 ], [ 787317.905301911057904, 6234189.969132207334042 ], [ 787317.831393815693446, 6234190.966537068597972 ], [ 787317.757485706359148, 6234191.963941928930581 ], [ 787317.683577583520673, 6234192.961346784606576 ], [ 787317.609669447178021, 6234193.958751637488604 ], [ 787317.535761298146099, 6234194.956156492233276 ], [ 787317.461853134445846, 6234195.953561339527369 ], [ 787317.387944958289154, 6234196.950966187752783 ], [ 787317.314036768395454, 6234197.948371032252908 ], [ 787317.240128564881161, 6234198.945775873959064 ], [ 787317.166220347862691, 6234199.943180713802576 ], [ 787317.092312117107213, 6234200.940585552714765 ], [ 787317.01840387401171, 6234201.937990386039019 ], [ 787316.944495615898632, 6234202.935395219363272 ], [ 787316.870587345445529, 6234203.932800048962235 ], [ 787316.796679061371833, 6234204.930204877629876 ], [ 787316.722770763677545, 6234205.927609702572227 ], [ 787316.648862452362664, 6234206.925014525651932 ], [ 787316.574954128591344, 6234207.922419348731637 ], [ 787316.501045789918862, 6234208.919824166223407 ], [ 787316.427137438906357, 6234209.917228981852531 ], [ 787316.353229074040428, 6234210.914633795619011 ], [ 787316.279320695903152, 6234211.912038606591523 ], [ 787316.205412303796038, 6234212.909443413838744 ], [ 787316.1315038993489, 6234213.906848222017288 ], [ 787316.0575954800006, 6234214.904253024607897 ], [ 787315.983687048428692, 6234215.901657826267183 ], [ 787315.909778603119776, 6234216.899062625132501 ], [ 787315.835870144190267, 6234217.896467420272529 ], [ 787315.76196167152375, 6234218.893872215412557 ], [ 787315.688053185353056, 6234219.891277007758617 ], [ 787315.614144686725922, 6234220.888681799173355 ], [ 787315.54023617436178, 6234221.886086586862803 ], [ 787315.466327647212893, 6234222.883491369895637 ], [ 787315.392419107607566, 6234223.880896152928472 ], [ 787315.318510554381646, 6234224.878300931304693 ], [ 787315.244601988699287, 6234225.875705710612237 ], [ 787315.170693408232182, 6234226.873110485263169 ], [ 787315.096784815192223, 6234227.87051525618881 ], [ 787315.022876208880916, 6234228.867920028045774 ], [ 787314.948967587435618, 6234229.865324797108769 ], [ 787314.875058954698034, 6234230.862729561515152 ], [ 787314.801150307175703, 6234231.86013432405889 ], [ 787314.727241646265611, 6234232.857539085671306 ], [ 787314.653332972549833, 6234233.854943844489753 ], [ 787314.579424284165725, 6234234.852348601445556 ], [ 787314.505515583441593, 6234235.849753354676068 ], [ 787314.431606868980452, 6234236.847158106043935 ], [ 787314.357698142062873, 6234237.844562854617834 ], [ 787314.283789400360547, 6234238.841967601329088 ], [ 787314.209880644921213, 6234239.839372345246375 ], [ 787314.135971877141856, 6234240.836777085438371 ], [ 787314.06206309562549, 6234241.834181825630367 ], [ 787313.988154300604947, 6234242.831586563959718 ], [ 787313.914245491847396, 6234243.828991297632456 ], [ 787313.840336669585668, 6234244.826396027579904 ], [ 787313.766427834751084, 6234245.823800761252642 ], [ 787313.692518985131755, 6234246.821205486543477 ], [ 787313.618610123055987, 6234247.818610211834311 ], [ 787313.544701247476041, 6234248.816014934331179 ], [ 787313.470792358042672, 6234249.813419653102756 ], [ 787313.396883455221541, 6234250.810824371874332 ], [ 787313.32297453971114, 6234251.808229086920619 ], [ 787313.249065609532408, 6234252.80563380010426 ], [ 787313.175156666897237, 6234253.803038510493934 ], [ 787313.101247710408643, 6234254.800443219020963 ], [ 787313.027338740532286, 6234255.797847924754024 ], [ 787312.953429756918922, 6234256.795252626761794 ], [ 787312.879520759684965, 6234257.792657328769565 ], [ 787312.805611750110984, 6234258.79006202891469 ], [ 787312.731702726799995, 6234259.787466724403203 ], [ 787312.657793689984828, 6234260.78487141802907 ], [ 787312.583884639316238, 6234261.782276109792292 ], [ 787312.509975575143471, 6234262.779680798761547 ], [ 787312.436066497350112, 6234263.777085484936833 ], [ 787312.362157405819744, 6234264.774490169249475 ], [ 787312.288248301949352, 6234265.771894851699471 ], [ 787312.214339184341952, 6234266.7692995313555 ], [ 787312.140430053230375, 6234267.766704207286239 ], [ 787312.06652090838179, 6234268.764108882285655 ], [ 787311.992611750029027, 6234269.761513555422425 ], [ 787311.918702577939257, 6234270.758918225765228 ], [ 787311.844793393276632, 6234271.756322892382741 ], [ 787311.770884195109829, 6234272.753727557137609 ], [ 787311.696974983438849, 6234273.751132220961154 ], [ 787311.623065757914446, 6234274.748536880128086 ], [ 787311.549156518885866, 6234275.745941539295018 ], [ 787311.475247266236693, 6234276.743346193805337 ], [ 787311.401338001014665, 6234277.740750847384334 ], [ 787311.327428721124306, 6234278.73815549723804 ], [ 787311.253519428661093, 6234279.735560145229101 ], [ 787311.179610122693703, 6234280.732964793220162 ], [ 787311.105700802989304, 6234281.730369435623288 ], [ 787311.031791470828466, 6234282.727774076163769 ], [ 787310.957882123882882, 6234283.725178718566895 ], [ 787310.883972764480859, 6234284.722583351656795 ], [ 787310.810063391458243, 6234285.71998798660934 ], [ 787310.736154004698619, 6234286.717392617836595 ], [ 787310.662244604434818, 6234287.714797247201204 ], [ 787310.588335190550424, 6234288.712201872840524 ], [ 787310.514425763161853, 6234289.709606500342488 ], [ 787310.440516322967596, 6234290.707011120393872 ], [ 787310.366606869385578, 6234291.704415740445256 ], [ 787310.292697402182966, 6234292.701820357702672 ], [ 787310.218787921126932, 6234293.699224973097444 ], [ 787310.157616971293464, 6234294.524723625741899 ], [ 787310.399171506753191, 6234295.495254401117563 ], [ 787310.640726030571386, 6234296.465785180218518 ], [ 787310.88228054123465, 6234297.436315963976085 ], [ 787311.12383504002355, 6234298.406846757978201 ], [ 787311.365389527054504, 6234299.37737755663693 ], [ 787311.606944001163356, 6234300.347908359952271 ], [ 787311.848498463165015, 6234301.318439168855548 ], [ 787312.090052912360989, 6234302.288969985209405 ], [ 787312.331607350846753, 6234303.259500808082521 ], [ 787312.573161776410416, 6234304.230031636543572 ], [ 787312.814716188702732, 6234305.200562471523881 ], [ 787313.056270589353517, 6234306.171093311160803 ], [ 787313.297824978129938, 6234307.141624158248305 ], [ 787313.539379355031997, 6234308.112155009061098 ], [ 787313.78093371889554, 6234309.082685867324471 ], [ 787314.02248807111755, 6234310.053216733038425 ], [ 787314.264042411348782, 6234311.023747605271637 ], [ 787314.505596738541499, 6234311.99427848123014 ], [ 787314.747151053976268, 6234312.964809362776577 ], [ 787314.98870535637252, 6234313.935340251773596 ], [ 787315.230259646777995, 6234314.90587114635855 ], [ 787315.471813925425522, 6234315.876402048394084 ], [ 787315.713368192315102, 6234316.846932953223586 ], [ 787315.95492244604975, 6234317.817463867366314 ], [ 787316.196476688259281, 6234318.787994787096977 ], [ 787316.438030917197466, 6234319.758525712415576 ], [ 787316.679585134377703, 6234320.72905664332211 ], [ 787316.921139339567162, 6234321.69958757981658 ], [ 787317.162693531950936, 6234322.67011852376163 ], [ 787317.404247713508084, 6234323.640649473294616 ], [ 787317.645801880862564, 6234324.611180429346859 ], [ 787317.887356037739664, 6234325.581711389124393 ], [ 787318.128910181578249, 6234326.552242359146476 ], [ 787318.37046431330964, 6234327.522773331031203 ], [ 787318.612018432468176, 6234328.493304312229156 ], [ 787318.853572539286688, 6234329.463835296221077 ], [ 787319.095126634463668, 6234330.434366288594902 ], [ 787319.336680716718547, 6234331.404897287487984 ], [ 787319.578234787099063, 6234332.375428291969001 ], [ 787319.819788845721632, 6234333.345959302037954 ], [ 787320.06134289118927, 6234334.31649031676352 ], [ 787320.302896924782544, 6234335.287021338939667 ], [ 787320.544450946617872, 6234336.257552368566394 ], [ 787320.786004955414683, 6234337.228083401918411 ], [ 787321.027558952337131, 6234338.198614442721009 ], [ 787321.269112937618047, 6234339.169145489111543 ], [ 787321.510666909627616, 6234340.139676541090012 ], [ 787321.752220869879238, 6234341.110207598656416 ], [ 787321.993774818256497, 6234342.080738663673401 ], [ 787322.235328753711656, 6234343.051269736140966 ], [ 787322.476882677292451, 6234344.0218008114025 ], [ 787322.718436588998884, 6234344.992331894114614 ], [ 787322.959990487783216, 6234345.96286298148334 ], [ 787323.201544374693185, 6234346.933394078165293 ], [ 787323.443098249612376, 6234347.903925178572536 ], [ 787323.684652111725882, 6234348.874456286430359 ], [ 787323.926205961965024, 6234349.844987398013473 ], [ 787324.167759799165651, 6234350.815518517047167 ], [ 787324.409313625656068, 6234351.786049643531442 ], [ 787324.650867438991554, 6234352.756580773741007 ], [ 787324.892421239521354, 6234353.727111911401153 ], [ 787325.133975028060377, 6234354.697643055580556 ], [ 787325.375528804957867, 6234355.66817420348525 ], [ 787325.617082569748163, 6234356.638705359771848 ], [ 787325.858636321965605, 6234357.60923652164638 ], [ 787326.100190061843023, 6234358.579767688177526 ], [ 787326.341743790078908, 6234359.550298862159252 ], [ 787326.583297505276278, 6234360.520830042660236 ], [ 787326.824851208832115, 6234361.491361226886511 ], [ 787327.066404899233021, 6234362.461892420426011 ], [ 787327.307958577643149, 6234363.432423615828156 ], [ 787327.549512244295329, 6234364.402954820543528 ], [ 787327.791065899189562, 6234365.373486030846834 ], [ 787328.032619541045278, 6234366.344017246738076 ], [ 787328.274173171143048, 6234367.314548470079899 ], [ 787328.515726788085885, 6234368.285079697147012 ], [ 787328.75728039315436, 6234369.25561092980206 ], [ 787328.998833986464888, 6234370.226142171770334 ], [ 787329.240387566853315, 6234371.196673417463899 ], [ 787329.481941136298701, 6234372.167204670608044 ], [ 787329.723494691774249, 6234373.137735927477479 ], [ 787329.965048236539587, 6234374.108267191797495 ], [ 787330.206601768382825, 6234375.078798463568091 ], [ 787330.448155288118869, 6234376.049329740926623 ], [ 787330.689708794932812, 6234377.019861022010446 ], [ 787330.931262290105224, 6234377.990392312407494 ], [ 787331.172815773403272, 6234378.960923607461154 ], [ 787331.414369243429974, 6234379.931454908102751 ], [ 787331.655922701815143, 6234380.901986214332283 ], [ 787331.89747614832595, 6234381.872517528012395 ], [ 787332.139029582962394, 6234382.843048845417798 ], [ 787332.380583003396168, 6234383.813580171205103 ], [ 787332.622136413119733, 6234384.784111501649022 ], [ 787332.863689811201766, 6234385.754642840474844 ], [ 787333.105243196245283, 6234386.725174183025956 ], [ 787333.346796568017453, 6234387.695705533027649 ], [ 787333.588349929195829, 6234388.666236888617277 ], [ 787333.829903277568519, 6234389.636768247932196 ], [ 787334.071456612669863, 6234390.60729961656034 ], [ 787334.313009937293828, 6234391.57783099077642 ], [ 787334.554563248762861, 6234392.548362369649112 ], [ 787334.796116547426209, 6234393.518893755972385 ], [ 787335.037669835262932, 6234394.489425147883594 ], [ 787335.279223110061139, 6234395.459956545382738 ], [ 787335.520776371937245, 6234396.43048794940114 ], [ 787335.762329622870311, 6234397.401019359007478 ], [ 787336.003882861114107, 6234398.371550776995718 ], [ 787336.245436086319387, 6234399.342082196846604 ], [ 787336.486989300698042, 6234400.312613626010716 ], [ 787336.728542502154596, 6234401.283145058900118 ], [ 787336.970095690572634, 6234402.253676501102746 ], [ 787337.211648866999894, 6234403.224207946099341 ], [ 787337.453202031902038, 6234404.194739398546517 ], [ 787337.694755184696987, 6234405.165270856581628 ], [ 787337.936308324569836, 6234406.135802321135998 ], [ 787338.177861452568322, 6234407.106333792209625 ], [ 787338.419414568808861, 6234408.076865268871188 ], [ 787338.660967671894468, 6234409.047396751120687 ], [ 787338.902520763222128, 6234410.017928239889443 ], [ 787339.144073841511272, 6234410.988459734246135 ], [ 787339.385626909206621, 6234411.95899123698473 ], [ 787339.627179963863455, 6234412.92952274158597 ], [ 787339.868733005365357, 6234413.900054255500436 ], [ 787340.110286035109311, 6234414.870585773140192 ], [ 787340.351839053211734, 6234415.841117299161851 ], [ 787340.593392059206963, 6234416.811648830771446 ], [ 787340.834945052280091, 6234417.782180367037654 ], [ 787341.076498033362441, 6234418.752711910754442 ], [ 787341.318051001755521, 6234419.723243460990489 ], [ 787341.55960395920556, 6234420.69377501681447 ], [ 787341.801156902452931, 6234421.664306577295065 ], [ 787342.042709835222922, 6234422.63483814522624 ], [ 787342.284262754837982, 6234423.605369718745351 ], [ 787342.52581566257868, 6234424.575901296921074 ], [ 787342.767368557397276, 6234425.546432883478701 ], [ 787343.008921441622078, 6234426.516964474692941 ], [ 787343.250474311527796, 6234427.487496072426438 ], [ 787343.492027170723304, 6234428.458027676679194 ], [ 787343.733580016996711, 6234429.428559286519885 ], [ 787343.975132851395756, 6234430.399090902879834 ], [ 787344.216685672756284, 6234431.369622523896396 ], [ 787344.458238483523019, 6234432.340154154226184 ], [ 787344.699791279970668, 6234433.310685787349939 ], [ 787344.941344065824524, 6234434.28121742606163 ], [ 787345.182896838639863, 6234435.251749072223902 ], [ 787345.424449599697255, 6234436.222280725836754 ], [ 787345.666002347599715, 6234437.192812383174896 ], [ 787345.907555083744228, 6234438.163344047963619 ], [ 787346.149107808014378, 6234439.133875718340278 ], [ 787346.390660519246012, 6234440.104407395236194 ], [ 787346.632213220000267, 6234441.074939077720046 ], [ 787346.873765906319022, 6234442.045470766723156 ], [ 787347.115318581927568, 6234443.016002461314201 ], [ 787347.356871244730428, 6234443.986534161493182 ], [ 787347.59842389554251, 6234444.957065869122744 ], [ 787347.790731564164162, 6234445.729736752808094 ], [ 787348.344389223027974, 6234446.562648924998939 ], [ 787348.898046876071021, 6234447.3955611102283 ], [ 787349.451704523758963, 6234448.228473310358822 ], [ 787350.005362164694816, 6234449.06138551980257 ], [ 787350.559019801439717, 6234449.894297745078802 ], [ 787351.11267743143253, 6234450.727209981530905 ], [ 787351.666335055837408, 6234451.560122227296233 ], [ 787352.219992676051334, 6234452.393034487962723 ], [ 787352.773650289513171, 6234453.225946760736406 ], [ 787353.327307897387072, 6234454.058859046548605 ], [ 787353.880965498625301, 6234454.891771344467998 ], [ 787354.434623095672578, 6234455.724683653563261 ], [ 787354.988280687015504, 6234456.557595978491008 ], [ 787355.541938271839172, 6234457.390508312731981 ], [ 787356.095595852239057, 6234458.22342066001147 ], [ 787356.64925342600327, 6234459.056333020329475 ], [ 787357.202910994295962, 6234459.889245392754674 ], [ 787357.756568557117134, 6234460.722157778218389 ], [ 787358.310226114233956, 6234461.555070176720619 ], [ 787358.863883665995672, 6234462.387982586398721 ], [ 787359.417541212169454, 6234463.220895007252693 ], [ 787359.971198751707561, 6234464.053807443007827 ], [ 787360.524856287054718, 6234464.886719889938831 ], [ 787361.07851381553337, 6234465.719632350839674 ], [ 787361.632171338540502, 6234466.552544822916389 ], [ 787362.185828857240267, 6234467.385457305237651 ], [ 787362.739486369071528, 6234468.218369803391397 ], [ 787363.2931438756641, 6234469.051282310858369 ], [ 787363.846801375504583, 6234469.884194833226502 ], [ 787364.400458870921284, 6234470.717107369564474 ], [ 787364.95411636098288, 6234471.550019914284348 ], [ 787365.507773844292387, 6234472.382932474836707 ], [ 787366.061431322130375, 6234473.215845044702291 ], [ 787366.61508879554458, 6234474.048757629469037 ], [ 787367.168746262323111, 6234474.881670224480331 ], [ 787367.722403723630123, 6234475.714582834392786 ], [ 787368.276061179465614, 6234476.547495456412435 ], [ 787368.829718628665432, 6234477.380408091470599 ], [ 787369.383376073325053, 6234478.213320736773312 ], [ 787369.937033512629569, 6234479.046233395114541 ], [ 787370.490690945181996, 6234479.879146065562963 ], [ 787371.044348372146487, 6234480.712058750912547 ], [ 787371.598005794920027, 6234481.544971445575356 ], [ 787372.151663210941479, 6234482.377884153276682 ], [ 787372.705320621607825, 6234483.210796875879169 ], [ 787373.258978025405668, 6234484.043709607794881 ], [ 787373.812635424896143, 6234484.876622352749109 ], [ 787374.366292818915099, 6234485.709535110741854 ], [ 787374.919950206298381, 6234486.542447883635759 ], [ 787375.473607589257881, 6234487.375360664911568 ], [ 787376.027264965698123, 6234488.208273461088538 ], [ 787376.580922336550429, 6234489.041186268441379 ], [ 787377.134579701814801, 6234489.874099089764059 ], [ 787377.688237061607651, 6234490.707011923193932 ], [ 787378.241894415812567, 6234491.539924766868353 ], [ 787378.795551764545962, 6234492.372837624512613 ], [ 787379.349209107924253, 6234493.205750494264066 ], [ 787379.902866444550455, 6234494.038663377985358 ], [ 787380.456523776752874, 6234494.871576272882521 ], [ 787381.010181102436036, 6234495.704489179886878 ], [ 787381.563838422531262, 6234496.537402100861073 ], [ 787382.117495737038553, 6234497.370315032079816 ], [ 787382.671153046190739, 6234498.203227976337075 ], [ 787383.224810349638574, 6234499.036140933632851 ], [ 787383.778467647614889, 6234499.869053903967142 ], [ 787384.332124939071946, 6234500.70196688733995 ], [ 787384.885782226221636, 6234501.53487987909466 ], [ 787385.439439506502822, 6234502.367792889475822 ], [ 787385.993096781196073, 6234503.200705906376243 ], [ 787386.546754051931202, 6234504.033618938177824 ], [ 787387.100411315681413, 6234504.866531982086599 ], [ 787387.654068574076518, 6234505.699445038102567 ], [ 787388.207725825486705, 6234506.532358109019697 ], [ 787388.761383072705939, 6234507.365271190181375 ], [ 787389.315040314570069, 6234508.198184282518923 ], [ 787389.868697549682111, 6234509.031097390688956 ], [ 787390.422354780486785, 6234509.864010508172214 ], [ 787390.976012004539371, 6234510.696923640556633 ], [ 787391.529669223120436, 6234511.529836785048246 ], [ 787392.083326436346397, 6234512.362749941647053 ], [ 787392.636983643751591, 6234513.19566310942173 ], [ 787393.190640845801681, 6234514.028576290234923 ], [ 787393.744298042496666, 6234514.861489482223988 ], [ 787394.297955232206732, 6234515.694402689114213 ], [ 787394.851612417842261, 6234516.527315908111632 ], [ 787395.405269596725702, 6234517.360229138284922 ], [ 787395.958926770137623, 6234518.193142383359373 ], [ 787396.512583939125761, 6234519.026055636815727 ], [ 787397.066241101361811, 6234519.858968906104565 ], [ 787397.619898258242756, 6234520.691882187500596 ], [ 787398.173555408371612, 6234521.524795480072498 ], [ 787398.727212554076687, 6234522.357708785682917 ], [ 787399.28086969431024, 6234523.190622103400528 ], [ 787399.834526827908121, 6234524.023535434156656 ], [ 787400.388183957198635, 6234524.856448777019978 ], [ 787400.941841079853475, 6234525.68936213105917 ], [ 787401.49549819692038, 6234526.522275499999523 ], [ 787402.049155308515765, 6234527.355188879184425 ], [ 787402.602812414523214, 6234528.188102272339165 ], [ 787403.156469515059143, 6234529.021015677601099 ], [ 787403.710126608842984, 6234529.853929094970226 ], [ 787404.263783698435873, 6234530.686842523515224 ], [ 787404.817440782440826, 6234531.519755966030061 ], [ 787405.371097859693691, 6234532.352669421583414 ], [ 787405.924754931591451, 6234533.185582887381315 ], [ 787406.478411997901276, 6234534.018496367149055 ], [ 787407.032069059903733, 6234534.851409861817956 ], [ 787407.585726113989949, 6234535.684323363006115 ], [ 787408.139383163768798, 6234536.517236882820725 ], [ 787408.693040208076127, 6234537.350150410085917 ], [ 787409.24669724679552, 6234538.183063952252269 ], [ 787409.80035427887924, 6234539.015977506525815 ], [ 787410.354011305375025, 6234539.848891072906554 ], [ 787410.907668327679858, 6234540.681804653257132 ], [ 787411.461325343232602, 6234541.51471824478358 ], [ 787412.014982353197411, 6234542.3476318474859 ], [ 787412.568639357807115, 6234543.180545466020703 ], [ 787413.122296356828883, 6234544.013459093868732 ], [ 787413.675953350379132, 6234544.846372736617923 ], [ 787414.229610337177292, 6234545.679286388680339 ], [ 787414.783267319668084, 6234546.512200055643916 ], [ 787415.336924295406789, 6234547.345113732852042 ], [ 787415.890581265673973, 6234548.178027424961329 ], [ 787416.444238230353221, 6234549.010941128246486 ], [ 787416.99789518979378, 6234549.843854843638837 ], [ 787417.551552143413574, 6234550.676768573001027 ], [ 787418.105209091678262, 6234551.509682313539088 ], [ 787418.65886603447143, 6234552.342596068046987 ], [ 787419.212522971676663, 6234553.175509832799435 ], [ 787419.766179902246222, 6234554.008423611521721 ], [ 787420.319836828391999, 6234554.841337401419878 ], [ 787420.873493747902103, 6234555.674251203425229 ], [ 787421.403543428285047, 6234556.471650622785091 ], [ 787422.150941916275769, 6234557.136238401755691 ], [ 787422.898340406129137, 6234557.800826196558774 ], [ 787423.645738897612318, 6234558.465414006263018 ], [ 787424.393137389910407, 6234559.130001829005778 ], [ 787425.140535882557742, 6234559.794589661993086 ], [ 787425.887934378348291, 6234560.459177511744201 ], [ 787426.635332873323932, 6234561.123765373602509 ], [ 787427.382731371326372, 6234561.788353250361979 ], [ 787428.13012986863032, 6234562.452941140159965 ], [ 787428.877528368961066, 6234563.117529042996466 ], [ 787429.624926869641058, 6234563.782116960734129 ], [ 787430.372325371252373, 6234564.446704890578985 ], [ 787431.119723874260671, 6234565.11129283439368 ], [ 787431.867122379364446, 6234565.775880793109536 ], [ 787432.614520884817466, 6234566.440468763001263 ], [ 787433.361919390968978, 6234567.105056749656796 ], [ 787434.109317899914458, 6234567.769644748419523 ], [ 787434.856716408394277, 6234568.434232760220766 ], [ 787435.604114919668064, 6234569.098820785060525 ], [ 787436.351513430476189, 6234569.763408823870122 ], [ 787437.098911944078282, 6234570.427996879443526 ], [ 787437.846310458146036, 6234571.092584943398833 ], [ 787438.593708973028697, 6234571.757173025980592 ], [ 787439.341107489541173, 6234572.421761117875576 ], [ 787440.088506007799879, 6234573.086349225603044 ], [ 787440.835904526757076, 6234573.750937346369028 ], [ 787441.583303045947105, 6234574.415525481104851 ], [ 787442.330701567232609, 6234575.080113629810512 ], [ 787443.078100090147927, 6234575.744701790623367 ], [ 787443.825498613528907, 6234576.409289967268705 ], [ 787444.572897138772532, 6234577.073878156021237 ], [ 787445.320295665878803, 6234577.738466359674931 ], [ 787446.067694193450734, 6234578.403054575435817 ], [ 787446.815092721488327, 6234579.067642805166543 ], [ 787447.562491251272149, 6234579.732231047004461 ], [ 787448.309889783035032, 6234580.396819304674864 ], [ 787449.057288315147161, 6234581.061407575383782 ], [ 787449.804686848074198, 6234581.725995859131217 ], [ 787450.552085383562371, 6234582.390584157779813 ], [ 787451.299483918701299, 6234583.055172469466925 ], [ 787452.046882456750609, 6234583.719760794192553 ], [ 787452.794280994101427, 6234584.384349131025374 ], [ 787453.54167953459546, 6234585.048937485553324 ], [ 787454.289078075438738, 6234585.7135258493945 ], [ 787455.036476616747677, 6234586.378114229999483 ], [ 787455.783875159919262, 6234587.042702623642981 ], [ 787456.531273704953492, 6234587.707291031256318 ], [ 787457.278672250569798, 6234588.371879450976849 ], [ 787458.026070796651766, 6234589.036467884667218 ], [ 787458.773469345644116, 6234589.701056331396103 ], [ 787459.520867894170806, 6234590.365644792094827 ], [ 787460.268266445375048, 6234591.030233264900744 ], [ 787461.015664996113628, 6234591.694821754470468 ], [ 787461.763063549879007, 6234592.359410257078707 ], [ 787462.510462104110047, 6234593.023998772725463 ], [ 787463.257860658923164, 6234593.688587301410735 ], [ 787464.005259215366095, 6234594.353175844997168 ], [ 787464.752657773671672, 6234595.017764400690794 ], [ 787465.50005633267574, 6234595.682352970354259 ], [ 787466.247454893309623, 6234596.346941554918885 ], [ 787466.994853454409167, 6234597.011530151590705 ], [ 787467.742252017371356, 6234597.676118762232363 ], [ 787468.489650580799207, 6234598.340707387775183 ], [ 787469.237049146089703, 6234599.005296023562551 ], [ 787469.98444771184586, 6234599.669884676113725 ], [ 787470.731846279464662, 6234600.334473340772092 ], [ 787471.479244848713279, 6234600.999062020331621 ], [ 787472.226643418660387, 6234601.663650711067021 ], [ 787472.974041989073157, 6234602.328239416703582 ], [ 787473.721440561348572, 6234602.992828138172626 ], [ 787474.468839135253802, 6234603.657416870817542 ], [ 787475.216237709741108, 6234604.322005618363619 ], [ 787475.963636286091059, 6234604.986594378948212 ], [ 787476.711034863023087, 6234605.651183152571321 ], [ 787477.458433441352099, 6234606.315771940164268 ], [ 787478.205832021776587, 6234606.980360739864409 ], [ 787478.953230602666736, 6234607.644949555397034 ], [ 787479.700629184138961, 6234608.309538384899497 ], [ 787480.448027767357416, 6234608.974127226509154 ], [ 787481.195426352322102, 6234609.638716081157327 ], [ 787481.942824937868863, 6234610.303304950706661 ], [ 787482.69022352504544, 6234610.967893833294511 ], [ 787483.437622112920508, 6234611.6324827298522 ], [ 787484.185020702658221, 6234612.297071637585759 ], [ 787484.932419292861596, 6234612.961660562083125 ], [ 787485.67981788457837, 6234613.626249499619007 ], [ 787486.427216476993635, 6234614.290838450193405 ], [ 787487.174615071387962, 6234614.955427415668964 ], [ 787487.922013667295687, 6234615.62001639418304 ], [ 787488.669412263901904, 6234616.284605385735631 ], [ 787489.416810860973783, 6234616.949194388464093 ], [ 787490.16420946107246, 6234617.613783408887684 ], [ 787490.91160806035623, 6234618.278372440487146 ], [ 787491.659006662783213, 6234618.942961487919092 ], [ 787492.406405264511704, 6234619.607550546526909 ], [ 787493.153803869150579, 6234620.272139620967209 ], [ 787493.90120247437153, 6234620.936728706583381 ], [ 787494.648601080058143, 6234621.601317806169391 ], [ 787495.395999687723815, 6234622.265906921587884 ], [ 787496.143398297019303, 6234622.930496050044894 ], [ 787496.890796906896867, 6234623.595085192471743 ], [ 787497.638195517472923, 6234624.259674346074462 ], [ 787498.385594130726531, 6234624.924263514578342 ], [ 787499.132992743398063, 6234625.588852695189416 ], [ 787499.880391359096393, 6234626.253441890701652 ], [ 787500.6277899753768, 6234626.918031102046371 ], [ 787501.375188592239283, 6234627.58262032456696 ], [ 787502.122587210731581, 6234628.247209560126066 ], [ 787502.330083076958545, 6234628.431715548038483 ], [ 787503.052372051868588, 6234629.123511914163828 ], [ 787503.774661028059199, 6234629.815308290533721 ], [ 787504.496950004715472, 6234630.507104681804776 ], [ 787505.219238980207592, 6234631.19890108704567 ], [ 787505.941527957096696, 6234631.890697505325079 ], [ 787506.663816934102215, 6234632.582493936643004 ], [ 787507.386105910176411, 6234633.274290382862091 ], [ 787508.108394887764007, 6234633.966086842119694 ], [ 787508.830683864187449, 6234634.657883315347135 ], [ 787509.552972842007875, 6234635.34967980068177 ], [ 787510.275261820061132, 6234636.041476299986243 ], [ 787510.99755079834722, 6234636.733272816054523 ], [ 787511.719839775585569, 6234637.425069343298674 ], [ 787512.442128754220903, 6234638.116865884512663 ], [ 787513.164417733089067, 6234638.808662440627813 ], [ 787513.886706711025909, 6234639.500459008850157 ], [ 787514.608995690243319, 6234640.192255589179695 ], [ 787515.331284669693559, 6234640.884052187204361 ], [ 787516.053573648212478, 6234641.575848797336221 ], [ 787516.775862628011964, 6234642.267645419575274 ], [ 787517.498151608160697, 6234642.959442057646811 ], [ 787518.220440588193014, 6234643.651238707825541 ], [ 787518.94272956752684, 6234644.343035370111465 ], [ 787519.665018548024818, 6234645.034832049161196 ], [ 787520.387307529104874, 6234645.726628741249442 ], [ 787521.109596509952098, 6234646.418425446376204 ], [ 787521.831885490100831, 6234647.110222162678838 ], [ 787522.554174471413717, 6234647.802018897607923 ], [ 787523.276463453075849, 6234648.493815642781556 ], [ 787523.998752434970811, 6234649.18561240285635 ], [ 787524.721041416982189, 6234649.877409176900983 ], [ 787525.443330397945829, 6234650.569205963984132 ], [ 787526.165619380422868, 6234651.261002764105797 ], [ 787526.887908363016322, 6234651.952799579128623 ], [ 787527.610197345726192, 6234652.644596406258643 ], [ 787528.332486328668892, 6234653.336393247358501 ], [ 787529.054775310796686, 6234654.028190104290843 ], [ 787529.777064294088632, 6234654.719986973330379 ], [ 787530.499353277729824, 6234655.411783856339753 ], [ 787531.221642261487432, 6234656.103580752387643 ], [ 787531.94393124547787, 6234656.795377662405372 ], [ 787532.666220229584724, 6234657.487174587324262 ], [ 787533.388509213924408, 6234658.178971523419023 ], [ 787534.11079819733277, 6234658.870768474414945 ], [ 787534.833087182138115, 6234659.562565439380705 ], [ 787535.555376167176291, 6234660.254362417384982 ], [ 787536.277665152330883, 6234660.94615941029042 ], [ 787536.99995413760189, 6234661.637956414371729 ], [ 787537.722243123105727, 6234662.329753433354199 ], [ 787538.444532108958811, 6234663.021550469100475 ], [ 787539.166821094695479, 6234663.713347513228655 ], [ 787539.889110080897808, 6234664.405144573189318 ], [ 787540.611399067216553, 6234665.09694164711982 ], [ 787541.333688053768128, 6234665.788738735020161 ], [ 787542.055977040436119, 6234666.48053583689034 ], [ 787542.778266026289202, 6234667.172332951799035 ], [ 787543.500555013306439, 6234667.864130080677569 ], [ 787544.222844000672922, 6234668.555927222594619 ], [ 787544.945132988272235, 6234669.247724378481507 ], [ 787545.667421975871548, 6234669.939521547406912 ], [ 787546.389710963820107, 6234670.6313187321648 ], [ 787547.111999951768667, 6234671.323115928098559 ], [ 787547.834288940182887, 6234672.014913139864802 ], [ 787548.556577928597108, 6234672.706710361875594 ], [ 787549.278866917127743, 6234673.398507600650191 ], [ 787550.001155906240456, 6234674.090304851531982 ], [ 787550.723444896400906, 6234674.782102116383612 ], [ 787551.445733885746449, 6234675.473899395205081 ], [ 787552.168022875208408, 6234676.165696687996387 ], [ 787552.890311864670366, 6234676.857493992894888 ], [ 787553.612600854597986, 6234677.54929131269455 ], [ 787554.334889844642021, 6234678.241088648326695 ], [ 787555.057178834918886, 6234678.932885993272066 ], [ 787555.779467825312167, 6234679.624683354981244 ], [ 787556.501756815938279, 6234680.316480729728937 ], [ 787557.224045806797221, 6234681.008278118446469 ], [ 787557.946334797888994, 6234681.700075518339872 ], [ 787558.668623788980767, 6234682.391872934065759 ], [ 787559.390912781585939, 6234683.083670362830162 ], [ 787560.113201773259789, 6234683.775467805564404 ], [ 787560.835490765050054, 6234684.467265263199806 ], [ 787561.557779756956734, 6234685.15906273201108 ], [ 787562.280068749329075, 6234685.850860215723515 ], [ 787563.002357741585001, 6234686.542657712474465 ], [ 787563.724646735470742, 6234687.234455224126577 ], [ 787564.446935728192329, 6234687.926252748817205 ], [ 787565.169224721146747, 6234688.618050287477672 ], [ 787565.891513714217581, 6234689.309847839176655 ], [ 787566.613802707521245, 6234690.001645402982831 ], [ 787567.336091701174155, 6234690.693442983552814 ], [ 787568.058380695991218, 6234691.385240577161312 ], [ 787568.780669690109789, 6234692.077038183808327 ], [ 787569.502958684228361, 6234692.768835801631212 ], [ 787570.225247678579763, 6234693.460633438080549 ], [ 787570.947536674211733, 6234694.152431083843112 ], [ 787571.669825668912381, 6234694.844228746369481 ], [ 787572.392114663845859, 6234695.536026421003044 ], [ 787573.114403660176322, 6234696.227824109606445 ], [ 787573.836692655459046, 6234696.919621810317039 ], [ 787574.558981650974602, 6234697.611419525928795 ], [ 787575.281270646722987, 6234698.303217256441712 ], [ 787576.003559643751942, 6234698.995014999061823 ], [ 787576.725848639733158, 6234699.686812755651772 ], [ 787577.44813763606362, 6234700.378610527142882 ], [ 787578.170426633674651, 6234701.070408310741186 ], [ 787578.89271563035436, 6234701.762206108309329 ], [ 787579.615004627266899, 6234702.454003918915987 ], [ 787580.337293625576422, 6234703.145801745355129 ], [ 787581.059582622721791, 6234703.837599583901465 ], [ 787581.781871620216407, 6234704.529397436417639 ], [ 787582.504160619108006, 6234705.221195301041007 ], [ 787583.226449616835453, 6234705.912993181496859 ], [ 787583.948738615959883, 6234706.604791074991226 ], [ 787584.671027614269406, 6234707.296588982455432 ], [ 787585.393316613859497, 6234707.98838690109551 ], [ 787586.115605612518266, 6234708.680184837430716 ], [ 787586.837894612457603, 6234709.371982784941792 ], [ 787587.560183611465618, 6234710.063780747354031 ], [ 787588.282472610473633, 6234710.75557872094214 ], [ 787589.004761611227877, 6234711.447376710362732 ], [ 787589.727050610817969, 6234712.139174712821841 ], [ 787590.449339611688629, 6234712.830972729250789 ], [ 787591.171628611860797, 6234713.522770758718252 ], [ 787591.893917613080703, 6234714.214568802155554 ], [ 787592.616206613369286, 6234714.906366859562695 ], [ 787593.338495615171269, 6234715.59816493280232 ], [ 787594.060784615809098, 6234716.289963014423847 ], [ 787594.783073618076742, 6234716.981761113740504 ], [ 787595.505362620344386, 6234717.673559224233031 ], [ 787596.227651621564291, 6234718.365357351489365 ], [ 787596.949940624297597, 6234719.05715548992157 ], [ 787597.672229625983164, 6234719.748953642323613 ], [ 787598.394518629065715, 6234720.440751809626818 ], [ 787599.116807631216943, 6234721.132549989968538 ], [ 787599.83909663464874, 6234721.824348183348775 ], [ 787600.561385638313368, 6234722.516146389767528 ], [ 787601.283674640930258, 6234723.207944611087441 ], [ 787602.005963645060547, 6234723.899742845445871 ], [ 787602.728252649307251, 6234724.591541094705462 ], [ 787603.450541652506217, 6234725.283339356072247 ], [ 787604.172830657102168, 6234725.97513763140887 ], [ 787604.895119661930948, 6234726.666935922577977 ], [ 787605.617408665828407, 6234727.358734225854278 ], [ 787606.339697670890018, 6234728.050532541237772 ], [ 787607.061986676417291, 6234728.742330873385072 ], [ 787607.784275680896826, 6234729.43412921577692 ], [ 787608.506564686540514, 6234730.125927574001253 ], [ 787609.228853692533448, 6234730.817725945264101 ], [ 787609.95114269759506, 6234731.509524328634143 ], [ 787610.673431703820825, 6234732.201322728767991 ], [ 787611.395720710628666, 6234732.893121141940355 ], [ 787612.118009717203677, 6234733.584919568151236 ], [ 787612.840298724127933, 6234734.276718005537987 ], [ 787613.562587730120867, 6234734.968516458757222 ], [ 787614.284876737510785, 6234735.660314926877618 ], [ 787615.007165745017119, 6234736.352113407105207 ], [ 787615.729454752756283, 6234737.043911901302636 ], [ 787616.451743760611862, 6234737.735710407607257 ], [ 787617.174032767536119, 6234738.427508931607008 ], [ 787617.896321775857359, 6234739.119307465851307 ], [ 787618.618610784295015, 6234739.811106014065444 ], [ 787619.340899792965502, 6234740.502904577180743 ], [ 787620.063188801752403, 6234741.194703152403235 ], [ 787620.785477811004966, 6234741.886501742526889 ], [ 787621.507766820141114, 6234742.578300345689058 ], [ 787622.230055829510093, 6234743.270098963752389 ], [ 787622.952344839228317, 6234743.961897594854236 ], [ 787623.674633847898804, 6234744.653696240857244 ], [ 787624.396922857733443, 6234745.3454948971048 ], [ 787625.119211868033744, 6234746.037293568253517 ], [ 787625.841500878566876, 6234746.729092255234718 ], [ 787626.563789889100008, 6234747.420890952460468 ], [ 787627.28607889986597, 6234748.112689664587379 ], [ 787628.008367910864763, 6234748.804488392546773 ], [ 787628.730656921863556, 6234749.496287131682038 ], [ 787629.452945933444425, 6234750.188085884787142 ], [ 787630.175234945025295, 6234750.879884654656053 ], [ 787630.897523956606165, 6234751.571683434769511 ], [ 787631.619812968652695, 6234752.263482229784131 ], [ 787632.342101980815642, 6234752.955281039699912 ], [ 787633.064390993211418, 6234753.647079859860241 ], [ 787633.78668000549078, 6234754.338878693059087 ], [ 787634.396125112194568, 6234754.922597143799067 ], [ 787635.033776932628825, 6234755.693108167499304 ], [ 787635.671428749337792, 6234756.463619204238057 ], [ 787636.309080563718453, 6234757.234130254015326 ], [ 787636.946732375770807, 6234758.004641317762434 ], [ 787637.584384184330702, 6234758.775152394548059 ], [ 787638.222035989398137, 6234759.545663484372199 ], [ 787638.859687792137265, 6234760.316174588166177 ], [ 787639.497339592431672, 6234761.086685704067349 ], [ 787640.134991389233619, 6234761.857196835801005 ], [ 787640.772643182659522, 6234762.627707976847887 ], [ 787641.410294973757118, 6234763.398219134658575 ], [ 787642.047946761362255, 6234764.168730305507779 ], [ 787642.685598546406254, 6234764.939241489395499 ], [ 787643.323250329471193, 6234765.709752685390413 ], [ 787643.960902108810842, 6234766.480263895355165 ], [ 787644.598553884541616, 6234767.250775117427111 ], [ 787645.236205658060499, 6234768.02128635533154 ], [ 787645.873857428086922, 6234768.791797606274486 ], [ 787646.511509195668623, 6234769.562308868393302 ], [ 787647.14916095987428, 6234770.33282014541328 ], [ 787647.78681272175163, 6234771.103331435471773 ], [ 787648.424464480136521, 6234771.873842740431428 ], [ 787649.06211623607669, 6234772.644354054704309 ], [ 787649.6997679885244, 6234773.414865385740995 ], [ 787650.337419738643803, 6234774.185376728884876 ], [ 787650.975071486434899, 6234774.955888085998595 ], [ 787651.612723229685798, 6234775.726399457082152 ], [ 787652.250374971656129, 6234776.496910841204226 ], [ 787652.888026708969846, 6234777.267422235570848 ], [ 787653.525678445002995, 6234778.037933647632599 ], [ 787654.163330176379532, 6234778.808445069938898 ], [ 787654.80098190670833, 6234779.578956506215036 ], [ 787655.438633632380515, 6234780.349467956461012 ], [ 787656.076285355491564, 6234781.119979419745505 ], [ 787656.713937076623552, 6234781.890490898862481 ], [ 787657.351588793913834, 6234782.661002388224006 ], [ 787657.98924050910864, 6234783.431513891555369 ], [ 787658.626892220694572, 6234784.202025407925248 ], [ 787659.264543929835781, 6234784.972536940127611 ], [ 787659.902195635484532, 6234785.743048482574522 ], [ 787660.539847339037806, 6234786.51356003805995 ], [ 787661.17749903886579, 6234787.284071611240506 ], [ 787661.815150735434145, 6234788.054583193734288 ], [ 787662.452802430489101, 6234788.825094791129231 ], [ 787663.090454121120274, 6234789.595606399700046 ], [ 787663.728105809306726, 6234790.366118023172021 ], [ 787664.365757495048456, 6234791.136629661545157 ], [ 787665.003409177414142, 6234791.907141310162842 ], [ 787665.641060857567936, 6234792.677652974613011 ], [ 787666.278712534112856, 6234793.448164653033018 ], [ 787666.916364206932485, 6234794.218676341697574 ], [ 787667.554015877656639, 6234794.989188046194613 ], [ 787668.191667546052486, 6234795.759699761867523 ], [ 787668.829319210839458, 6234796.530211493372917 ], [ 787669.46697087213397, 6234797.300723237916827 ], [ 787670.104622532264329, 6234798.071234993636608 ], [ 787670.742274187738076, 6234798.841746766120195 ], [ 787671.379925841116346, 6234799.612258549779654 ], [ 787672.017577491700649, 6234800.382770344614983 ], [ 787672.655229139025323, 6234801.153282156214118 ], [ 787673.292880782857537, 6234801.923793979920447 ], [ 787673.930532424128614, 6234802.694305815733969 ], [ 787674.568184063304216, 6234803.464817666448653 ], [ 787675.205835697706789, 6234804.23532952927053 ], [ 787675.843487330945209, 6234805.005841406993568 ], [ 787676.481138960691169, 6234805.776353298686445 ], [ 787677.118790586944669, 6234806.546865202486515 ], [ 787677.756442210869864, 6234807.317377119325101 ], [ 787678.394093832466751, 6234808.087889049202204 ], [ 787679.031745450571179, 6234808.858400993049145 ], [ 787679.669397064950317, 6234809.628912949934602 ], [ 787680.307048677350394, 6234810.39942492172122 ], [ 787680.944700287189335, 6234811.169936904683709 ], [ 787681.582351892371662, 6234811.940448902547359 ], [ 787682.220003496389836, 6234812.710960912518203 ], [ 787682.857655096915551, 6234813.481472935527563 ], [ 787683.495306693948805, 6234814.251984972506762 ], [ 787684.132958288537338, 6234815.022497021593153 ], [ 787684.770609879749827, 6234815.793009087443352 ], [ 787685.408261468634009, 6234816.563521165400743 ], [ 787686.04591305507347, 6234817.334033254534006 ], [ 787686.683564638020471, 6234818.104545359499753 ], [ 787687.321216217475012, 6234818.87505747564137 ], [ 787687.958867794601247, 6234819.645569606684148 ], [ 787688.596519368235022, 6234820.416081751696765 ], [ 787689.234170939656906, 6234821.186593906953931 ], [ 787689.8718225073535, 6234821.957106078974903 ], [ 787690.509474072838202, 6234822.72761826403439 ], [ 787691.14712563471403, 6234823.498130460269749 ], [ 787691.784777194261551, 6234824.268642671406269 ], [ 787692.422428750316612, 6234825.039154894649982 ], [ 787693.060080304043368, 6234825.809667131863534 ], [ 787693.697731855558231, 6234826.580179382115602 ], [ 787694.335383402183652, 6234827.350691646337509 ], [ 787694.973034946597181, 6234828.121203923597932 ], [ 787695.610686488682404, 6234828.891716213896871 ], [ 787696.248338028322905, 6234829.662228519096971 ], [ 787696.885989563423209, 6234830.432740835472941 ], [ 787697.523641097242944, 6234831.203253164887428 ], [ 787698.161292626522481, 6234831.973765511065722 ], [ 787698.798944154405035, 6234832.744277867488563 ], [ 787699.436595677747391, 6234833.514790238812566 ], [ 787700.074247198761441, 6234834.285302622243762 ], [ 787700.711898717330769, 6234835.055815020576119 ], [ 787701.349550232524052, 6234835.826327430084348 ], [ 787701.987201745389029, 6234836.596839854493737 ], [ 787702.624853254528716, 6234837.367352291941643 ], [ 787703.262504761572927, 6234838.137864741496742 ], [ 787703.900156265124679, 6234838.908377205953002 ], [ 787704.537807766115293, 6234839.678889682516456 ], [ 787705.175459263613448, 6234840.449402174912393 ], [ 787705.813110759016126, 6234841.219914680346847 ], [ 787706.450762250693515, 6234841.990427196025848 ], [ 787707.088413740042597, 6234842.760939727537334 ], [ 787707.726065226015635, 6234843.531452272087336 ], [ 787708.363716708263382, 6234844.301964828744531 ], [ 787709.001368189696223, 6234845.072477400302887 ], [ 787709.639019666123204, 6234845.842989983968437 ], [ 787710.276671140338294, 6234846.613502580672503 ], [ 787710.914322612108663, 6234847.384015191346407 ], [ 787711.551974080386572, 6234848.154527815058827 ], [ 787712.189625546452589, 6234848.925040453672409 ], [ 787712.827277008909732, 6234849.695553103461862 ], [ 787713.464928467874415, 6234850.466065768152475 ], [ 787714.102579925674945, 6234851.236578444950283 ], [ 787714.740231378935277, 6234852.007091136649251 ], [ 787715.377882829634473, 6234852.777603840455413 ], [ 787716.015534278238192, 6234853.548116559162736 ], [ 787716.653185723116621, 6234854.31862928904593 ], [ 787717.290837165666744, 6234855.08914203196764 ], [ 787717.928488604724407, 6234855.859654789790511 ], [ 787718.566140040289611, 6234856.630167560651898 ], [ 787719.203791473642923, 6234857.400680346414447 ], [ 787719.841442904435098, 6234858.171193143352866 ], [ 787720.479094331851229, 6234858.941705955192447 ], [ 787721.11674575554207, 6234859.712218778207898 ], [ 787721.754397178301588, 6234860.482731617987156 ], [ 787722.392048596404493, 6234861.253244468010962 ], [ 787723.029700011946261, 6234862.023757331073284 ], [ 787723.667351425276138, 6234862.794270208105445 ], [ 787724.305002835229971, 6234863.564783100038767 ], [ 787724.942654241458513, 6234864.335296005010605 ], [ 787725.580305645475164, 6234865.105808921158314 ], [ 787726.217957047279924, 6234865.876321854069829 ], [ 787726.855608445126563, 6234866.64683479629457 ], [ 787727.493259839713573, 6234867.417347755283117 ], [ 787728.130911232088692, 6234868.187860727310181 ], [ 787728.768562622135505, 6234868.958373709581792 ], [ 787729.406214008457027, 6234869.72888670861721 ], [ 787730.04386539128609, 6234870.499399718828499 ], [ 787730.681516772136092, 6234871.269912742078304 ], [ 787731.319168150192127, 6234872.040425781160593 ], [ 787731.956819524755701, 6234872.810938831418753 ], [ 787732.594470896059647, 6234873.581451894715428 ], [ 787733.232122264802456, 6234874.351964972913265 ], [ 787733.869773631449789, 6234875.122478066012263 ], [ 787734.507424994371831, 6234875.892991170287132 ], [ 787735.14507635391783, 6234876.663504287600517 ], [ 787735.782727711135522, 6234877.434017419815063 ], [ 787736.420379065908492, 6234878.204530563205481 ], [ 787737.058030417072587, 6234878.975043719634414 ], [ 787737.695681764977053, 6234879.745556890964508 ], [ 787738.333333110436797, 6234880.516070077195764 ], [ 787738.970984452287666, 6234881.28658327460289 ], [ 787739.608635791810229, 6234882.057096485048532 ], [ 787740.246287129120901, 6234882.827609709464014 ], [ 787740.883938462706283, 6234883.598122946918011 ], [ 787741.521589793032035, 6234884.368636198341846 ], [ 787742.159241120913066, 6234885.139149462804198 ], [ 787742.796892445301637, 6234885.909662740305066 ], [ 787743.434543767478317, 6234886.680176032707095 ], [ 787744.07219508709386, 6234887.450689336284995 ], [ 787744.709846403216943, 6234888.221202652901411 ], [ 787745.347497715847567, 6234888.991715986281633 ], [ 787745.985149026149884, 6234889.762229328975081 ], [ 787746.622800332843326, 6234890.532742686569691 ], [ 787747.260451637441292, 6234891.303256059065461 ], [ 787747.898102939361706, 6234892.073769440874457 ], [ 787747.911636304343119, 6234892.090122641995549 ], [ 787748.127194900414906, 6234893.066762065514922 ], [ 787748.342753485077992, 6234894.04340149089694 ], [ 787748.558312056120485, 6234895.020040925592184 ], [ 787748.773870614590123, 6234895.996680364944041 ], [ 787748.989429161767475, 6234896.973319808021188 ], [ 787749.204987695207819, 6234897.949959255754948 ], [ 787749.420546217239462, 6234898.926598710939288 ], [ 787749.636104725534096, 6234899.903238171711564 ], [ 787749.851663221372291, 6234900.87987763620913 ], [ 787750.067221705801785, 6234901.856517107225955 ], [ 787750.282780176494271, 6234902.833156581968069 ], [ 787750.498338634730317, 6234903.809796064160764 ], [ 787750.713897081674077, 6234904.78643555007875 ], [ 787750.929455514880829, 6234905.763075042515993 ], [ 787751.14501393539831, 6234906.739714542403817 ], [ 787751.360572343575768, 6234907.716354044154286 ], [ 787751.576130740344524, 6234908.692993553355336 ], [ 787751.791689123259857, 6234909.669633064419031 ], [ 787752.007247493835166, 6234910.646272584795952 ], [ 787752.222805851721205, 6234911.622912108898163 ], [ 787752.438364198431373, 6234912.599551640450954 ], [ 787752.653922531404532, 6234913.576191176660359 ], [ 787752.869480851572007, 6234914.552830716595054 ], [ 787753.085039159515873, 6234915.529470262117684 ], [ 787753.300597454770468, 6234916.506109814159572 ], [ 787753.516155737452209, 6234917.482749369926751 ], [ 787753.731714007793926, 6234918.459388934075832 ], [ 787753.947272266610526, 6234919.436028501018882 ], [ 787754.162830511806533, 6234920.412668073549867 ], [ 787754.37838874431327, 6234921.389307651668787 ], [ 787754.593946964479983, 6234922.365947238169611 ], [ 787754.809505172073841, 6234923.342586825601757 ], [ 787755.025063367094845, 6234924.319226420484483 ], [ 787755.240621549542993, 6234925.295866021886468 ], [ 787755.456179719651118, 6234926.272505627945065 ], [ 787755.671737877069972, 6234927.249145237728953 ], [ 787755.887296021915972, 6234928.225784854963422 ], [ 787756.102854154305533, 6234929.202424475923181 ], [ 787756.318412274122238, 6234930.179064102470875 ], [ 787756.533970381366089, 6234931.155703735537827 ], [ 787756.749528476269916, 6234932.132343374192715 ], [ 787756.965086558368057, 6234933.108983017504215 ], [ 787757.180644628126174, 6234934.085622666403651 ], [ 787757.396202685311437, 6234935.062262320891023 ], [ 787757.611760729923844, 6234936.038901979103684 ], [ 787757.827318761963397, 6234937.015541643835604 ], [ 787758.042876781546511, 6234937.992181316018105 ], [ 787758.258434788556769, 6234938.968820990994573 ], [ 787758.473992781946436, 6234939.945460672490299 ], [ 787758.6895507639274, 6234940.922100358642638 ], [ 787758.90510873333551, 6234941.898740051314235 ], [ 787759.120666690170765, 6234942.875379746779799 ], [ 787759.336224634665996, 6234943.852019449695945 ], [ 787759.551782566355541, 6234944.828659158200026 ], [ 787759.767340485705063, 6234945.805298873223364 ], [ 787759.982898391433991, 6234946.781938592903316 ], [ 787760.198456285521388, 6234947.758578314445913 ], [ 787760.414014167385176, 6234948.735218045301735 ], [ 787760.629572036443278, 6234949.711857780814171 ], [ 787760.845129891997203, 6234950.688497520983219 ], [ 787761.060687736026011, 6234951.665137266740203 ], [ 787761.276245567481965, 6234952.641777019016445 ], [ 787761.491803386714309, 6234953.618416775017977 ], [ 787761.707361191976815, 6234954.595056537538767 ], [ 787761.92291898583062, 6234955.571696305647492 ], [ 787762.1384767673444, 6234956.548336078412831 ], [ 787762.354034535121173, 6234957.524975855834782 ], [ 787762.569592291489244, 6234958.501615641638637 ], [ 787762.78515003528446, 6234959.478255428373814 ], [ 787763.000707765342668, 6234960.454895222559571 ], [ 787763.216265484225005, 6234961.43153502419591 ], [ 787763.431823190418072, 6234962.408174827694893 ], [ 787763.647380882874131, 6234963.384814640507102 ], [ 787763.862938564037904, 6234964.361454456113279 ], [ 787764.078496231464669, 6234965.338094277307391 ], [ 787764.294053887482733, 6234966.314734105020761 ], [ 787764.509611531160772, 6234967.291373937390745 ], [ 787764.725169160985388, 6234968.268013775348663 ], [ 787764.940726779401302, 6234969.244653617963195 ], [ 787765.156284384196624, 6234970.221293466165662 ], [ 787765.371841977583244, 6234971.197933319956064 ], [ 787765.587399557349272, 6234972.174573180265725 ], [ 787765.802957125706598, 6234973.151213046163321 ], [ 787766.018514680210501, 6234974.127852912992239 ], [ 787766.234072223538533, 6234975.104492790997028 ], [ 787766.449629753245972, 6234976.081132670864463 ], [ 787766.665187271428294, 6234977.057772556319833 ], [ 787766.880744775990024, 6234978.034412448294461 ], [ 787767.096302269026637, 6234979.011052346788347 ], [ 787767.311859748559073, 6234979.987692249007523 ], [ 787767.527417216566391, 6234980.964332155883312 ], [ 787767.742974670953117, 6234981.940972069278359 ], [ 787767.958532112650573, 6234982.917611987330019 ], [ 787768.174089543172158, 6234983.89425191283226 ], [ 787768.389646959956735, 6234984.870891842059791 ], [ 787768.605204365449026, 6234985.84753177780658 ], [ 787768.820761757087894, 6234986.824171716347337 ], [ 787769.036319136153907, 6234987.800811661407351 ], [ 787769.251876503927633, 6234988.777451612986624 ], [ 787769.467433858197182, 6234989.754091570153832 ], [ 787769.682991199661046, 6234990.730731532908976 ], [ 787769.898548529832624, 6234991.707371500320733 ], [ 787770.114105846500024, 6234992.684011472389102 ], [ 787770.329663150245324, 6234993.660651449114084 ], [ 787770.545220441650599, 6234994.637291435152292 ], [ 787770.760777721647173, 6234995.6139314211905 ], [ 787770.976334988023154, 6234996.590571416541934 ], [ 787771.191892241826281, 6234997.567211415618658 ], [ 787771.407449483172968, 6234998.543851422145963 ], [ 787771.623006713110954, 6234999.520491432398558 ], [ 787771.838563929311931, 6235000.497131448239088 ], [ 787772.054121132940054, 6235001.473771469667554 ], [ 787772.269678323995322, 6235002.45041149482131 ], [ 787772.485235503874719, 6235003.427051527425647 ], [ 787772.700792669784278, 6235004.403691565617919 ], [ 787772.916349823353812, 6235005.380331607535481 ], [ 787773.131906964350492, 6235006.356971656903625 ], [ 787773.347464092774317, 6235007.333611709997058 ], [ 787773.563021208858117, 6235008.310251769609749 ], [ 787773.778578313300386, 6235009.286891832947731 ], [ 787773.994135404238477, 6235010.263531903736293 ], [ 787774.209692482487299, 6235011.240171978250146 ], [ 787774.425249548163265, 6235012.216812058351934 ], [ 787774.640806601615623, 6235013.19345214497298 ], [ 787774.856363642262295, 6235014.170092238113284 ], [ 787775.071920670336112, 6235015.146732334047556 ], [ 787775.287477686069906, 6235016.123372435569763 ], [ 787775.503034689230844, 6235017.100012544542551 ], [ 787775.718591679818928, 6235018.076652657240629 ], [ 787775.934148657717742, 6235019.053292775526643 ], [ 787776.149705623276532, 6235020.029932899400592 ], [ 787776.365262576146051, 6235021.006573026999831 ], [ 787776.580819516559131, 6235021.983213162049651 ], [ 787776.796376445679925, 6235022.959853302687407 ], [ 787777.011933361063711, 6235023.936493448913097 ], [ 787777.227490262594074, 6235024.913133598864079 ], [ 787777.44304715283215, 6235025.889773755334318 ], [ 787777.658604030497372, 6235026.866413915529847 ], [ 787777.8741608960554, 6235027.84305408410728 ], [ 787778.089717748574913, 6235028.819694256410003 ], [ 787778.305274588754401, 6235029.796334436163306 ], [ 787778.520831416128203, 6235030.77297461591661 ], [ 787778.736388231394812, 6235031.749614805914462 ], [ 787778.951945033855736, 6235032.726255001500249 ], [ 787779.167501823743805, 6235033.702895199880004 ], [ 787779.38305860129185, 6235034.67953540571034 ], [ 787779.59861536626704, 6235035.656175614334643 ], [ 787779.814172118669376, 6235036.632815829478204 ], [ 787780.029728857334703, 6235037.609456050209701 ], [ 787780.245285584591329, 6235038.586096278391778 ], [ 787780.460842299391516, 6235039.562736508436501 ], [ 787780.676399001618847, 6235040.539376747794449 ], [ 787780.89195569138974, 6235041.516016989946365 ], [ 787781.107512368471362, 6235042.492657236754894 ], [ 787781.323069031932391, 6235043.469297491014004 ], [ 787781.538625684101135, 6235044.445937750861049 ], [ 787781.754182323464192, 6235045.422578012570739 ], [ 787781.969738950603642, 6235046.399218283593655 ], [ 787782.185295565053821, 6235047.375858558341861 ], [ 787782.400852165883407, 6235048.352498838678002 ], [ 787782.616408755304292, 6235049.329139124602079 ], [ 787782.831965332152322, 6235050.305779416114092 ], [ 787783.047521896427497, 6235051.28241971321404 ], [ 787783.263078447198495, 6235052.259060015901923 ], [ 787783.478634986211546, 6235053.235700320452452 ], [ 787783.694191513117403, 6235054.212340635247529 ], [ 787783.90974802733399, 6235055.188980951905251 ], [ 787784.125304527697153, 6235056.165621276944876 ], [ 787784.340861016884446, 6235057.142261605709791 ], [ 787784.556417493382469, 6235058.118901938199997 ], [ 787784.771973956376314, 6235059.095542280003428 ], [ 787784.987530407728627, 6235060.072182624600828 ], [ 787785.203086846740916, 6235061.048822976648808 ], [ 787785.418643272016197, 6235062.025463331490755 ], [ 787785.634199685999192, 6235063.002103691920638 ], [ 787785.849756087176502, 6235063.978744058869779 ], [ 787786.065312474966049, 6235064.955384431406856 ], [ 787786.28086885123048, 6235065.932024808600545 ], [ 787786.496425213757902, 6235066.90866519138217 ], [ 787786.711981564993039, 6235067.88530557975173 ], [ 787786.92753790365532, 6235068.861945974640548 ], [ 787787.143094228580594, 6235069.838586372323334 ], [ 787787.358650542213582, 6235070.815226778388023 ], [ 787787.574206842225976, 6235071.791867189109325 ], [ 787787.789763130713254, 6235072.768507603555918 ], [ 787788.005319405579939, 6235073.745148022659123 ], [ 787788.220875669037923, 6235074.721788451075554 ], [ 787788.436431919923052, 6235075.698428882285953 ], [ 787788.651988157071173, 6235076.675069319084287 ], [ 787788.867544383043423, 6235077.651709761470556 ], [ 787789.083100595045835, 6235078.628350207582116 ], [ 787789.298656794475392, 6235079.604990661144257 ], [ 787789.514212982729077, 6235080.581631121225655 ], [ 787789.729769158409908, 6235081.558271585032344 ], [ 787789.945325320353732, 6235082.534912052564323 ], [ 787790.160881471121684, 6235083.511552527546883 ], [ 787790.376437608152628, 6235084.4881930090487 ], [ 787790.591993732377887, 6235085.464833496138453 ], [ 787790.807549845427275, 6235086.441473984159529 ], [ 787791.023105944739655, 6235087.418114481493831 ], [ 787791.238662032526918, 6235088.3947549816221 ], [ 787791.454218106810004, 6235089.371395491063595 ], [ 787791.669774169684388, 6235090.348036001436412 ], [ 787791.885330218821764, 6235091.324676521122456 ], [ 787792.100886255386285, 6235092.301317043602467 ], [ 787792.316442280658521, 6235093.277957572601736 ], [ 787792.531998292193748, 6235094.25459810718894 ], [ 787792.747554292436689, 6235095.231238646432757 ], [ 787792.963110278826207, 6235096.207879192195833 ], [ 787793.17866625264287, 6235097.184519741684198 ], [ 787793.394222215283662, 6235098.161160295829177 ], [ 787793.609778163954616, 6235099.137800859287381 ], [ 787793.825334100518376, 6235100.114441424608231 ], [ 787794.040890025324188, 6235101.091081996448338 ], [ 787794.256445936509408, 6235102.067722573876381 ], [ 787794.472001835238189, 6235103.044363157823682 ], [ 787794.687557722558267, 6235104.02100374456495 ], [ 787794.903113596141338, 6235104.9976443387568 ], [ 787795.118669457035139, 6235105.974284935742617 ], [ 787795.334225305588916, 6235106.950925542041659 ], [ 787795.549781142966822, 6235107.927566152065992 ], [ 787795.765336966374889, 6235108.904206767678261 ], [ 787795.980892777210101, 6235109.880847385153174 ], [ 787796.196448576869443, 6235110.857488012872636 ], [ 787796.412004362791777, 6235111.834128644317389 ], [ 787796.62756013602484, 6235112.810769280418754 ], [ 787796.843115896685049, 6235113.787409923970699 ], [ 787797.058671644888818, 6235114.764050570316613 ], [ 787797.274227381916717, 6235115.740691224113107 ], [ 787797.489783104974777, 6235116.717331880703568 ], [ 787797.705338815692812, 6235117.693972546607256 ], [ 787797.920894513721578, 6235118.670613213442266 ], [ 787798.136450200341642, 6235119.647253889590502 ], [ 787798.352005873341113, 6235120.62389457039535 ], [ 787798.56756153376773, 6235121.600535253062844 ], [ 787798.783117181854323, 6235122.577175945043564 ], [ 787798.99867281713523, 6235123.553816639818251 ], [ 787799.214228439959697, 6235124.530457341112196 ], [ 787799.429784051375464, 6235125.5070980489254 ], [ 787799.645339649170637, 6235126.483738760463893 ], [ 787799.860895234392956, 6235127.460379477590322 ], [ 787800.076450807158835, 6235128.437020203098655 ], [ 787800.142239942448214, 6235128.735098097473383 ], [ 787800.589355404255912, 6235129.629737174138427 ], [ 787801.036470858962275, 6235130.524376262910664 ], [ 787801.483586304006167, 6235131.419015360996127 ], [ 787801.930701741948724, 6235132.313654472120106 ], [ 787802.377817170345224, 6235133.208293594419956 ], [ 787802.824932590243407, 6235134.102932725101709 ], [ 787803.272048001759686, 6235134.997571866028011 ], [ 787803.719163404894061, 6235135.892211018130183 ], [ 787804.166278799762949, 6235136.786850184202194 ], [ 787804.613394184969366, 6235137.681489358656108 ], [ 787805.060509562841617, 6235138.576128542423248 ], [ 787805.507624931400642, 6235139.470767738297582 ], [ 787805.954740292625502, 6235140.365406944416463 ], [ 787806.40185564418789, 6235141.260046163573861 ], [ 787806.848970987368375, 6235142.154685389250517 ], [ 787807.296086322283372, 6235143.049324628897011 ], [ 787807.74320164998062, 6235143.943963878788054 ], [ 787808.190316966734827, 6235144.838603137061 ], [ 787808.637432276504114, 6235145.733242407441139 ], [ 787809.084547577658668, 6235146.627881688997149 ], [ 787809.53166287066415, 6235147.522520979866385 ], [ 787809.978778153890744, 6235148.417160281911492 ], [ 787810.425893430132419, 6235149.311799596995115 ], [ 787810.873008696595207, 6235150.206438921391964 ], [ 787811.320123954676092, 6235151.101078254170716 ], [ 787811.767239205655642, 6235151.995717599987984 ], [ 787812.21435444697272, 6235152.8903569560498 ], [ 787812.661469679907896, 6235153.784996321424842 ], [ 787813.108584904461168, 6235154.6796356998384 ], [ 787813.555700119468383, 6235155.574275088496506 ], [ 787814.002815327257849, 6235156.468914486467838 ], [ 787814.449930526548997, 6235157.363553896546364 ], [ 787814.897045716410503, 6235158.258193316869438 ], [ 787815.344160899054259, 6235159.152832746505737 ], [ 787815.791276072035544, 6235160.047472189180553 ], [ 787816.23839123675134, 6235160.942111640237272 ], [ 787816.685506393085234, 6235161.836751105263829 ], [ 787817.132621540920809, 6235162.731390575878322 ], [ 787817.579736680258065, 6235163.626030061393976 ], [ 787818.026851811446249, 6235164.520669556222856 ], [ 787818.4739669340197, 6235165.415309062227607 ], [ 787818.921082048327662, 6235166.309948578476906 ], [ 787819.368197152973153, 6235167.204588104039431 ], [ 787819.815312250517309, 6235168.099227641709149 ], [ 787820.262427338398993, 6235168.993867189623415 ], [ 787820.709542417898774, 6235169.888506750576198 ], [ 787821.156657490297221, 6235170.783146319910884 ], [ 787821.60377255291678, 6235171.677785899490118 ], [ 787822.050887607270852, 6235172.572425490245223 ], [ 787822.498002653359435, 6235173.467065094038844 ], [ 787822.945117690949701, 6235174.361704705283046 ], [ 787823.392232718877494, 6235175.256344328634441 ], [ 787823.839347739703953, 6235176.150983962230384 ], [ 787824.286462752148509, 6235177.045623607933521 ], [ 787824.733577754814178, 6235177.940263262018561 ], [ 787825.180692749330774, 6235178.834902929142118 ], [ 787825.62780773639679, 6235179.729542606510222 ], [ 787826.074922714149579, 6235180.624182293191552 ], [ 787826.522037683287635, 6235181.518821990117431 ], [ 787826.969152644276619, 6235182.413461699150503 ], [ 787827.416267596650869, 6235183.3081014174968 ], [ 787827.863382540643215, 6235184.202741148881614 ], [ 787828.310497475089505, 6235185.097380889579654 ], [ 787828.757612402434461, 6235185.992020640522242 ], [ 787829.204727321164683, 6235186.886660403572023 ], [ 787829.651842230465263, 6235187.78130017593503 ], [ 787830.098957131500356, 6235188.675939960405231 ], [ 787830.546072025084868, 6235189.570579754188657 ], [ 787830.993186909239739, 6235190.465219560079277 ], [ 787831.440301785012707, 6235191.359859373420477 ], [ 787831.887416652403772, 6235192.254499200731516 ], [ 787832.334531511296518, 6235193.149139039218426 ], [ 787832.781646361807361, 6235194.043778885155916 ], [ 787833.228761202772148, 6235194.938418744131923 ], [ 787833.675876036519185, 6235195.833058613352478 ], [ 787834.122990861884318, 6235196.727698491886258 ], [ 787834.570105677470565, 6235197.622338384389877 ], [ 787835.017220485024154, 6235198.516978284344077 ], [ 787835.464335285127163, 6235199.411618195474148 ], [ 787835.911450075684115, 6235200.306258117780089 ], [ 787836.35856485797558, 6235201.200898051261902 ], [ 787836.80567963165231, 6235202.095537995919585 ], [ 787837.252794397296384, 6235202.990177949890494 ], [ 787837.69990915292874, 6235203.884817915968597 ], [ 787838.147023901576176, 6235204.779457891359925 ], [ 787838.594138641725294, 6235205.674097876995802 ], [ 787839.041253372561187, 6235206.568737875670195 ], [ 787839.488368095830083, 6235207.463377883657813 ], [ 787839.935482809785753, 6235208.35801790188998 ], [ 787840.38259751512669, 6235209.252657930366695 ], [ 787840.829712212318555, 6235210.147297971881926 ], [ 787841.2768269010121, 6235211.041938023641706 ], [ 787841.723941581323743, 6235211.936578083783388 ], [ 787842.171056253137067, 6235212.831218156032264 ], [ 787842.618170916568488, 6235213.725858238525689 ], [ 787843.065285571618006, 6235214.620498332194984 ], [ 787843.512400217121467, 6235215.515138436108828 ], [ 787843.959514855523594, 6235216.409778551198542 ], [ 787844.406629484146833, 6235217.304418676532805 ], [ 787844.853744105668738, 6235218.199058813042939 ], [ 787845.300858717644587, 6235219.093698958866298 ], [ 787845.747973321122117, 6235219.988339117728174 ], [ 787846.195087916217744, 6235220.882979285903275 ], [ 787846.642202503047884, 6235221.77761946618557 ], [ 787847.089317081263289, 6235222.672259653918445 ], [ 787847.536431651329622, 6235223.566899855621159 ], [ 787847.983546211733483, 6235224.461540067568421 ], [ 787848.430660764919594, 6235225.356180288828909 ], [ 787848.877775308443233, 6235226.250820520333946 ], [ 787849.324889844749123, 6235227.145460764877498 ], [ 787849.772004371508956, 6235228.040101017802954 ], [ 787850.219118890003301, 6235228.934741282835603 ], [ 787850.666233400115743, 6235229.829381557181478 ], [ 787851.113347901497036, 6235230.724021843634546 ], [ 787851.560462394845672, 6235231.618662140332162 ], [ 787852.007576879579574, 6235232.51330244820565 ], [ 787852.454691356047988, 6235233.407942766323686 ], [ 787852.901805824018084, 6235234.302583093754947 ], [ 787853.348920282442123, 6235235.197223433293402 ], [ 787853.796034733764827, 6235236.091863784007728 ], [ 787854.243149175308645, 6235236.986504144966602 ], [ 787854.690263609867543, 6235237.881144516170025 ], [ 787855.137378034647554, 6235238.775784898549318 ], [ 787855.584492451045662, 6235239.670425290241838 ], [ 787856.031606859061867, 6235240.565065693110228 ], [ 787856.478721258812584, 6235241.459706108085811 ], [ 787856.925835649948567, 6235242.354346534237266 ], [ 787857.372950032935478, 6235243.248986968770623 ], [ 787857.820064406259917, 6235244.143627417273819 ], [ 787858.26717877225019, 6235245.038267872296274 ], [ 787858.714293128810823, 6235245.932908341288567 ], [ 787859.16140747803729, 6235246.827548818662763 ], [ 787859.608521817717701, 6235247.72218930721283 ], [ 787860.055636149016209, 6235248.616829808801413 ], [ 787860.502750473096967, 6235249.511470317840576 ], [ 787860.949864787631668, 6235250.406110838055611 ], [ 787861.396979093784466, 6235251.300751369446516 ], [ 787861.844093390274793, 6235252.195391913875937 ], [ 787862.291207679547369, 6235253.090032465755939 ], [ 787862.738321960438043, 6235253.984673029743135 ], [ 787863.185436233179644, 6235254.879313604906201 ], [ 787863.632550495909527, 6235255.773954188451171 ], [ 787864.079664750490338, 6235256.668594785034657 ], [ 787864.526778997853398, 6235257.563235390931368 ], [ 787864.973893235553987, 6235258.457876009866595 ], [ 787865.421007464989088, 6235259.352516638115048 ], [ 787865.868121685925871, 6235260.247157275676727 ], [ 787866.315235898364335, 6235261.1417979253456 ], [ 787866.762350102537312, 6235262.03643858525902 ], [ 787867.209464298328385, 6235262.931079255416989 ], [ 787867.656578485737555, 6235263.825719937682152 ], [ 787868.103692663484253, 6235264.720360630191863 ], [ 787868.550806834129617, 6235265.615001332014799 ], [ 787868.997920994996093, 6235266.509642045944929 ], [ 787869.44503514887765, 6235267.404282769188285 ], [ 787869.892149293096736, 6235268.298923505470157 ], [ 787870.339263428817503, 6235269.193564252927899 ], [ 787870.786377556272782, 6235270.088205007836223 ], [ 787871.233491675229743, 6235270.982845773920417 ], [ 787871.680605785804801, 6235271.877486551180482 ], [ 787872.127719887997955, 6235272.772127338685095 ], [ 787872.574833981692791, 6235273.666768138296902 ], [ 787873.021948065957986, 6235274.561408948153257 ], [ 787873.469062143005431, 6235275.456049771048129 ], [ 787873.916176210506819, 6235276.35069060139358 ], [ 787874.363290270557627, 6235277.245331441983581 ], [ 787874.810404321178794, 6235278.139972293749452 ], [ 787875.257518363418058, 6235279.034613158553839 ], [ 787875.704632397275418, 6235279.929254030808806 ], [ 787876.151746422750875, 6235280.82389491610229 ], [ 787876.598860439844429, 6235281.718535812571645 ], [ 787877.045974448439665, 6235282.613176718354225 ], [ 787877.493088448536582, 6235283.507817634381354 ], [ 787877.940202440600842, 6235284.402458561584353 ], [ 787878.3873164227698, 6235285.297099500894547 ], [ 787878.834430397721007, 6235286.19174044765532 ], [ 787879.281544363242574, 6235287.08638140745461 ], [ 787879.728658320265822, 6235287.98102237842977 ], [ 787880.17577227007132, 6235288.875663357786834 ], [ 787880.622886210330762, 6235289.770304349251091 ], [ 787881.070000142208301, 6235290.664945350959897 ], [ 787881.517114065587521, 6235291.559586362913251 ], [ 787881.964227980701253, 6235292.454227388836443 ], [ 787882.411341886268929, 6235293.348868422210217 ], [ 787882.858455784386024, 6235294.243509466759861 ], [ 787883.305569674354047, 6235295.138150523416698 ], [ 787883.752683554659598, 6235296.032791588455439 ], [ 787884.199797427630983, 6235296.927432667464018 ], [ 787884.646911291172728, 6235297.822073752060533 ], [ 787885.094025146216154, 6235298.716714852489531 ], [ 787885.541138992877677, 6235299.611355961300433 ], [ 787885.988252831157297, 6235300.505997080355883 ], [ 787886.435366661055014, 6235301.400638210587204 ], [ 787886.882480482570827, 6235302.295279351994395 ], [ 787887.329594295588322, 6235303.189920503646135 ], [ 787887.776708100340329, 6235304.084561666473746 ], [ 787888.223821896594018, 6235304.979202840477228 ], [ 787888.670935683185235, 6235305.873844023793936 ], [ 787889.118049462791532, 6235306.768485218286514 ], [ 787889.565163232618943, 6235307.663126422092319 ], [ 787890.012276994180866, 6235308.557767637073994 ], [ 787890.459390748525038, 6235309.45240886695683 ], [ 787890.906504493206739, 6235310.347050104290247 ], [ 787891.353618229506537, 6235311.24169135093689 ], [ 787891.800731957308017, 6235312.136332610622048 ], [ 787892.24784567556344, 6235313.03097387868911 ], [ 787892.694959386717528, 6235313.925615158863366 ], [ 787893.142073089489713, 6235314.820256451144814 ], [ 787893.589186783647165, 6235315.714897749945521 ], [ 787894.036300468374975, 6235316.609539062716067 ], [ 787894.483414144720882, 6235317.504180384799838 ], [ 787894.930527813732624, 6235318.398821718990803 ], [ 787895.37764147343114, 6235319.293463064357638 ], [ 787895.824755124398507, 6235320.1881044190377 ], [ 787896.271868767100386, 6235321.082745784893632 ], [ 787896.718982401536778, 6235321.97738716006279 ], [ 787897.16609602724202, 6235322.872028548270464 ], [ 787897.613209644798189, 6235323.766669943928719 ], [ 787897.908223702572286, 6235324.356971348635852 ], [ 787897.867131192120723, 6235325.35627372469753 ], [ 787897.826038667699322, 6235326.355576095171273 ], [ 787897.784946130588651, 6235327.35487846750766 ], [ 787897.743853579624556, 6235328.354180836118758 ], [ 787897.702761014690623, 6235329.353483203798532 ], [ 787897.661668436834589, 6235330.352785570546985 ], [ 787897.620575844193809, 6235331.352087936364114 ], [ 787897.579483238747343, 6235332.351390301249921 ], [ 787897.538390620495193, 6235333.350692663341761 ], [ 787897.49729798710905, 6235334.349995024502277 ], [ 787897.456205341033638, 6235335.349297381937504 ], [ 787897.415112682152539, 6235336.34859973937273 ], [ 787897.37402000813745, 6235337.347902094945312 ], [ 787897.332927321549505, 6235338.347204450517893 ], [ 787897.291834620875306, 6235339.346506802365184 ], [ 787897.2507419064641, 6235340.345809155143797 ], [ 787897.209649179363623, 6235341.345111506059766 ], [ 787897.168556438060477, 6235342.344413854181767 ], [ 787897.127463683020324, 6235343.343716202303767 ], [ 787897.086370915174484, 6235344.343018546700478 ], [ 787897.045278132427484, 6235345.342320892028511 ], [ 787897.004185337922536, 6235346.341623233631253 ], [ 787896.963092528400011, 6235347.340925574302673 ], [ 787896.921999705955386, 6235348.340227913111448 ], [ 787896.880906869890168, 6235349.339530252851546 ], [ 787896.839814019738697, 6235350.338832590728998 ], [ 787896.798721155500971, 6235351.33813492488116 ], [ 787896.757628278923221, 6235352.337437258102 ], [ 787896.716535388142802, 6235353.336739590391517 ], [ 787896.675442484905943, 6235354.336041920818388 ], [ 787896.634349567582831, 6235355.335344249382615 ], [ 787896.593256636057049, 6235356.334646577946842 ], [ 787896.55216369102709, 6235357.333948903717101 ], [ 787896.511070731794462, 6235358.333251228556037 ], [ 787896.469977759988979, 6235359.332553551532328 ], [ 787896.428884774213657, 6235360.331855872645974 ], [ 787896.38779177586548, 6235361.331158192828298 ], [ 787896.346698763314635, 6235362.330460512079298 ], [ 787896.305605736910366, 6235363.329762828536332 ], [ 787896.264512696769089, 6235364.329065144062042 ], [ 787896.223419642541558, 6235365.328367456793785 ], [ 787896.182326575741172, 6235366.327669770456851 ], [ 787896.141233496018685, 6235367.326972081325948 ], [ 787896.100140401278622, 6235368.326274393126369 ], [ 787896.059047293732874, 6235369.325576699338853 ], [ 787896.017954172566533, 6235370.324879006482661 ], [ 787895.976861037197523, 6235371.324181311763823 ], [ 787895.935767889022827, 6235372.32348361518234 ], [ 787895.894674727227539, 6235373.322785916738212 ], [ 787895.853581551229581, 6235374.322088217362761 ], [ 787895.812488361494616, 6235375.321390516124666 ], [ 787895.771395158953965, 6235376.320692813023925 ], [ 787895.730301942443475, 6235377.319995109923184 ], [ 787895.689208713360131, 6235378.319297403097153 ], [ 787895.648115469142795, 6235379.318599697202444 ], [ 787895.607022212003358, 6235380.31790198944509 ], [ 787895.565928941126913, 6235381.317204278893769 ], [ 787895.524835657328367, 6235382.316506566479802 ], [ 787895.483742359792814, 6235383.315808854997158 ], [ 787895.442649048287421, 6235384.315111139789224 ], [ 787895.401555722812191, 6235385.314413423649967 ], [ 787895.360462384764105, 6235386.313715704716742 ], [ 787895.31936903251335, 6235387.313017988577485 ], [ 787895.278275666525587, 6235388.31232026591897 ], [ 787895.237182286800817, 6235389.3116225451231 ], [ 787895.19608889403753, 6235390.31092482060194 ], [ 787895.154995487537235, 6235391.31022709608078 ], [ 787895.113902068231255, 6235392.309529369696975 ], [ 787895.072808633791283, 6235393.308831641450524 ], [ 787895.031715186545625, 6235394.308133911341429 ], [ 787894.990621726727113, 6235395.307436179369688 ], [ 787894.949528251774609, 6235396.306738449260592 ], [ 787894.90843476401642, 6235397.306040714494884 ], [ 787894.867341262521222, 6235398.30534297786653 ], [ 787894.826247748103924, 6235399.304645241238177 ], [ 787894.785154218552634, 6235400.303947502747178 ], [ 787894.744060676544905, 6235401.303249762393534 ], [ 787894.702967120334506, 6235402.30255202203989 ], [ 787894.661873551551253, 6235403.301854278892279 ], [ 787894.620779968798161, 6235404.301156533882022 ], [ 787894.57968637207523, 6235405.300458787940443 ], [ 787894.538592761382461, 6235406.299761039204895 ], [ 787894.497499138233252, 6235407.299063291400671 ], [ 787894.456405500881374, 6235408.298365540802479 ], [ 787894.415311850956641, 6235409.297667789272964 ], [ 787894.374218185665086, 6235410.296970034018159 ], [ 787894.333124507917091, 6235411.296272279694676 ], [ 787894.292030816315673, 6235412.295574523508549 ], [ 787894.250937111675739, 6235413.294876765459776 ], [ 787894.209843392134644, 6235414.294179003685713 ], [ 787894.168749659787863, 6235415.293481243774295 ], [ 787894.127655914751813, 6235416.292783480137587 ], [ 787894.08656215458177, 6235417.292085716500878 ], [ 787894.045468381838873, 6235418.291387951001525 ], [ 787894.004374595126137, 6235419.290690186433494 ], [ 787893.963280795607716, 6235420.289992414414883 ], [ 787893.922186981886625, 6235421.289294647052884 ], [ 787893.881093154661357, 6235422.28859687410295 ], [ 787893.839999313466251, 6235423.287899101153016 ], [ 787893.798905459349044, 6235424.287201325409114 ], [ 787893.75781159021426, 6235425.286503550596535 ], [ 787893.716717709554359, 6235426.285805772989988 ], [ 787893.675623813760467, 6235427.285107992589474 ], [ 787893.634529905160889, 6235428.284410213120282 ], [ 787893.593435982824303, 6235429.283712429925799 ], [ 787893.552342046517879, 6235430.28301464766264 ], [ 787893.511248097522184, 6235431.28231686167419 ], [ 787893.470154134440236, 6235432.28161907568574 ], [ 787893.429060157621279, 6235433.280921285971999 ], [ 787893.387966167880222, 6235434.280223496258259 ], [ 787893.346872163005173, 6235435.279525705613196 ], [ 787893.305778146954253, 6235436.278827913105488 ], [ 787893.26468411530368, 6235437.278130117803812 ], [ 787893.223590071313083, 6235438.277432322502136 ], [ 787893.182496013236232, 6235439.276734526269138 ], [ 787893.141401941305958, 6235440.276036726310849 ], [ 787893.100307855405845, 6235441.275338926352561 ], [ 787893.059213756816462, 6235442.274641126394272 ], [ 787893.018119644140825, 6235443.273943319916725 ], [ 787892.977025519008748, 6235444.273245518095791 ], [ 787892.935931378509849, 6235445.272547710686922 ], [ 787892.894837225554511, 6235446.271849904209375 ], [ 787892.853743059560657, 6235447.271152094006538 ], [ 787892.812648878665641, 6235448.270454283803701 ], [ 787892.77155468496494, 6235449.269756469875574 ], [ 787892.730460477527231, 6235450.269058657810092 ], [ 787892.689366255886853, 6235451.26836084201932 ], [ 787892.64827202167362, 6235452.267663024365902 ], [ 787892.607177773490548, 6235453.266965206712484 ], [ 787892.566083511337638, 6235454.266267385333776 ], [ 787892.524989236611873, 6235455.265569565817714 ], [ 787892.483894947916269, 6235456.264871742576361 ], [ 787892.442800645250827, 6235457.264173919335008 ], [ 787892.401706328848377, 6235458.263476092368364 ], [ 787892.360611999407411, 6235459.262778267264366 ], [ 787892.319517656229436, 6235460.262080436572433 ], [ 787892.278423299081624, 6235461.261382606811821 ], [ 787892.237328929128125, 6235462.260684775188565 ], [ 787892.196234545437619, 6235463.259986940771341 ], [ 787892.155140147777274, 6235464.25928910728544 ], [ 787892.114045736147091, 6235465.258591270074248 ], [ 787892.072951311711222, 6235466.257893431931734 ], [ 787892.031856873538345, 6235467.25719559378922 ], [ 787891.990762421162799, 6235468.256497751921415 ], [ 787891.949667956214398, 6235469.255799910053611 ], [ 787891.908573477412574, 6235470.255102066323161 ], [ 787891.867478984757327, 6235471.254404220730066 ], [ 787891.826384478015825, 6235472.253706373274326 ], [ 787891.785289958585054, 6235473.253008523955941 ], [ 787891.744195425417274, 6235474.252310676500201 ], [ 787891.703100879210979, 6235475.251612823456526 ], [ 787891.662006318103522, 6235476.250914972275496 ], [ 787891.620911744073965, 6235477.250217117369175 ], [ 787891.579817156307399, 6235478.249519262462854 ], [ 787891.538722555851564, 6235479.248821403831244 ], [ 787891.497627940145321, 6235480.248123545199633 ], [ 787891.456533312913962, 6235481.247425684705377 ], [ 787891.415438670665026, 6235482.246727822348475 ], [ 787891.374344015610404, 6235483.246029959991574 ], [ 787891.333249345421791, 6235484.245332093909383 ], [ 787891.292154663824476, 6235485.244634227827191 ], [ 787891.251059966976754, 6235486.243936360813677 ], [ 787891.209965257556178, 6235487.243238491006196 ], [ 787891.168870534049347, 6235488.242540620267391 ], [ 787891.127775796689093, 6235489.241842746734619 ], [ 787891.086681046755984, 6235490.241144873201847 ], [ 787891.045586282736622, 6235491.24044699780643 ], [ 787891.004491504747421, 6235492.239749120548368 ], [ 787890.963396714068949, 6235493.23905124142766 ], [ 787890.922301908256486, 6235494.238353362306952 ], [ 787890.881207089871168, 6235495.2376554813236 ], [ 787890.840112258447334, 6235496.236957598477602 ], [ 787890.799017413519323, 6235497.236259713768959 ], [ 787890.757922553224489, 6235498.235561827197671 ], [ 787890.716827681520954, 6235499.234863940626383 ], [ 787890.675732794567011, 6235500.234166050329804 ], [ 787890.634637894923799, 6235501.233468160033226 ], [ 787890.593542981427163, 6235502.232770267874002 ], [ 787890.552448055241257, 6235503.232072375714779 ], [ 787890.511353113688529, 6235504.231374479830265 ], [ 787890.470258159562945, 6235505.230676583945751 ], [ 787890.429163191583939, 6235506.229978686198592 ], [ 787890.388068210799247, 6235507.229280786588788 ], [ 787890.346973216161132, 6235508.228582885116339 ], [ 787890.305878207553178, 6235509.227884983643889 ], [ 787890.264783184975386, 6235510.22718707844615 ], [ 787890.223688149591908, 6235511.226489171385765 ], [ 787890.182593100471422, 6235512.225791266188025 ], [ 787890.141498037613928, 6235513.225093358196318 ], [ 787890.100402961717919, 6235514.224395448341966 ], [ 787890.059307872084901, 6235515.223697536624968 ], [ 787890.018212768365629, 6235516.222999623045325 ], [ 787890.003242931328714, 6235516.587018311955035 ], [ 787889.585048323497176, 6235517.495537286624312 ], [ 787889.166853706818074, 6235518.404056252911687 ], [ 787888.748659082339145, 6235519.312575208954513 ], [ 787888.330464447615668, 6235520.221094153821468 ], [ 787887.912269806489348, 6235521.129613087512553 ], [ 787887.49407515511848, 6235522.038132010959089 ], [ 787887.075880495714955, 6235522.946650924161077 ], [ 787886.657685827696696, 6235523.855169827118516 ], [ 787886.23949115164578, 6235524.763688717037439 ], [ 787885.82129646546673, 6235525.67220759857446 ], [ 787885.403101772652008, 6235526.580726468935609 ], [ 787884.984907069709152, 6235527.48924532905221 ], [ 787884.566712358733639, 6235528.39776417799294 ], [ 787884.148517639143392, 6235529.306283016689122 ], [ 787883.730322911520489, 6235530.214801844209433 ], [ 787883.31212817505002, 6235531.12332066334784 ], [ 787882.893933429615572, 6235532.031839468516409 ], [ 787882.475738675100729, 6235532.940358264371753 ], [ 787882.057543912669644, 6235533.848877049982548 ], [ 787881.639349141390994, 6235534.757395822554827 ], [ 787881.221154362312518, 6235535.665914587676525 ], [ 787880.802959574270062, 6235536.574433341622353 ], [ 787880.384764777263626, 6235537.482952085323632 ], [ 787879.966569972224534, 6235538.391470816917717 ], [ 787879.548375157406554, 6235539.299989538267255 ], [ 787879.13018033572007, 6235540.208508251234889 ], [ 787878.711985503905453, 6235541.117026951164007 ], [ 787878.293790664291009, 6235542.025545638985932 ], [ 787877.875595815712586, 6235542.934064319357276 ], [ 787877.457400959217921, 6235543.842582987621427 ], [ 787877.039206093875691, 6235544.751101646572351 ], [ 787876.621011219569482, 6235545.659620293416083 ], [ 787876.202816337463446, 6235546.568138930946589 ], [ 787875.784621444996446, 6235547.476657554507256 ], [ 787875.366426546010189, 6235548.385176170617342 ], [ 787874.948231637012213, 6235549.293694777414203 ], [ 787874.530036720097996, 6235550.202213370241225 ], [ 787874.111841794219799, 6235551.110731952823699 ], [ 787873.693646860541776, 6235552.019250527024269 ], [ 787873.275451917783357, 6235552.927769089117646 ], [ 787872.857256966177374, 6235553.836287640035152 ], [ 787872.439062005607411, 6235554.744806181639433 ], [ 787872.020867037121207, 6235555.653324712067842 ], [ 787871.602672060951591, 6235556.561843233183026 ], [ 787871.184477074537426, 6235557.470361741259694 ], [ 787870.76628208020702, 6235558.378880240023136 ], [ 787870.348087077029049, 6235559.287398727610707 ], [ 787869.929892066167668, 6235560.195917204022408 ], [ 787869.511697046225891, 6235561.104435672052205 ], [ 787869.093502017203718, 6235562.012954127974808 ], [ 787868.675306979101151, 6235562.921472573652864 ], [ 787868.257111933548003, 6235563.82999100908637 ], [ 787867.838916880078614, 6235564.738509431481361 ], [ 787867.42072181624826, 6235565.647027844563127 ], [ 787867.002526744850911, 6235566.555546249262989 ], [ 787866.584331664256752, 6235567.464064640924335 ], [ 787866.166136576095596, 6235568.372583024203777 ], [ 787865.747941478854045, 6235569.281101394444704 ], [ 787865.329746372532099, 6235570.18961975350976 ], [ 787864.911551257362589, 6235571.098138104192913 ], [ 787864.493356134276837, 6235572.006656443700194 ], [ 787864.075161002343521, 6235572.915174771100283 ], [ 787863.656965862493962, 6235573.82369309104979 ], [ 787863.238770713680424, 6235574.732211397960782 ], [ 787862.820575556019321, 6235575.640729695558548 ], [ 787862.402380390441976, 6235576.549247980117798 ], [ 787861.984185215784237, 6235577.457766255363822 ], [ 787861.565990032278933, 6235578.366284519433975 ], [ 787861.147794839926064, 6235579.274802776053548 ], [ 787860.729599639540538, 6235580.183321019634604 ], [ 787860.311404430307448, 6235581.091839251108468 ], [ 787859.893209213274531, 6235582.000357474200428 ], [ 787859.475013987044804, 6235582.908875686116517 ], [ 787859.056818752083927, 6235583.817393887788057 ], [ 787858.638623509090394, 6235584.725912077352405 ], [ 787858.220428256201558, 6235585.634430257603526 ], [ 787857.802232996560633, 6235586.542948424816132 ], [ 787857.384037726791576, 6235587.451466584578156 ], [ 787856.965842449106276, 6235588.35998473316431 ], [ 787856.547647162573412, 6235589.268502870574594 ], [ 787856.129451868124306, 6235590.177020998671651 ], [ 787855.711256565060467, 6235591.085539113730192 ], [ 787855.293061252566986, 6235591.994057219475508 ], [ 787854.874865932506509, 6235592.902575314976275 ], [ 787854.456670602085069, 6235593.811093397438526 ], [ 787854.038475264096633, 6235594.719611474312842 ], [ 787853.620279918191954, 6235595.628129536285996 ], [ 787853.202084563323297, 6235596.536647588014603 ], [ 787852.783889199607074, 6235597.445165630429983 ], [ 787852.36569382797461, 6235598.353683659806848 ], [ 787851.947498446097597, 6235599.262201681733131 ], [ 787851.529303057817742, 6235600.170719690620899 ], [ 787851.111107659060508, 6235601.079237690195441 ], [ 787850.692912252619863, 6235601.987755680456758 ], [ 787850.274716837331653, 6235602.896273657679558 ], [ 787849.856521414243616, 6235603.804791625589132 ], [ 787849.438325980911031, 6235604.713309582322836 ], [ 787849.020130540942773, 6235605.621827527880669 ], [ 787848.601935090962797, 6235606.530345464125276 ], [ 787848.18373963306658, 6235607.438863389194012 ], [ 787847.765544166089967, 6235608.347381303086877 ], [ 787847.347348691429943, 6235609.255899207666516 ], [ 787846.929153207805939, 6235610.16441709920764 ], [ 787846.51095771510154, 6235611.072934980504215 ], [ 787846.092762213549577, 6235611.981452854350209 ], [ 787845.674566704197787, 6235612.889970715157688 ], [ 787845.256371185765602, 6235613.798488564789295 ], [ 787844.83817565953359, 6235614.707006406039 ], [ 787844.419980123173445, 6235615.61552423518151 ], [ 787844.001784580294043, 6235616.52404205314815 ], [ 787843.583589027170092, 6235617.43255985993892 ], [ 787843.165393466246314, 6235618.341077659279108 ], [ 787842.747197896358557, 6235619.249595446512103 ], [ 787842.329002318670973, 6235620.15811322350055 ], [ 787841.910806730855256, 6235621.06663098745048 ], [ 787841.492611136287451, 6235621.975148743949831 ], [ 787841.074415531707928, 6235622.883666487410665 ], [ 787840.656219919212162, 6235623.792184222489595 ], [ 787840.238024297868833, 6235624.700701943598688 ], [ 787839.819828667445108, 6235625.609219658188522 ], [ 787839.401633029337972, 6235626.517737358808517 ], [ 787838.983437382150441, 6235627.42625505104661 ], [ 787838.565241727279499, 6235628.334772731177509 ], [ 787838.147046062164009, 6235629.243290401063859 ], [ 787837.728850390296429, 6235630.151808060705662 ], [ 787837.310654708417132, 6235631.060325709171593 ], [ 787836.892459018738009, 6235631.968843347392976 ], [ 787836.474263320094906, 6235632.877360973507166 ], [ 787836.056067612487823, 6235633.785878592170775 ], [ 787835.637871896964498, 6235634.694396197795868 ], [ 787835.219676172593608, 6235635.602913794107735 ], [ 787834.801480440422893, 6235636.511431379243731 ], [ 787834.383284698007628, 6235637.41994895413518 ], [ 787833.965088949073106, 6235638.328466517850757 ], [ 787833.54689318977762, 6235639.236984071321785 ], [ 787833.128697422798723, 6235640.145501613616943 ], [ 787832.710501647088677, 6235641.054019145667553 ], [ 787832.292305862065405, 6235641.962536665610969 ], [ 787831.874110069358721, 6235642.871054178103805 ], [ 787831.455914267804474, 6235643.779571676626801 ], [ 787831.037718457169831, 6235644.688089165836573 ], [ 787830.619522638618946, 6235645.596606645733118 ], [ 787830.201326811220497, 6235646.505124112591147 ], [ 787829.783130976022221, 6235647.413641570135951 ], [ 787829.364935130579397, 6235648.322159018367529 ], [ 787828.946739277336746, 6235649.230676453560591 ], [ 787828.528543416410685, 6235650.139193879440427 ], [ 787828.11034754535649, 6235651.047711294144392 ], [ 787827.692151666386053, 6235651.956228699535131 ], [ 787827.273955779732205, 6235652.86474609375 ], [ 787826.855759882717393, 6235653.773263475857675 ], [ 787826.437563978135586, 6235654.681780848652124 ], [ 787826.019368065521121, 6235655.590298211202025 ], [ 787825.601172144291922, 6235656.498815564438701 ], [ 787825.182976212585345, 6235657.407332902774215 ], [ 787824.764780274359509, 6235658.315850233659148 ], [ 787824.346584326005541, 6235659.224367553368211 ], [ 787823.92838836973533, 6235660.13288486097008 ], [ 787823.510192405898124, 6235661.041402159258723 ], [ 787823.091996432980523, 6235661.949919447302818 ], [ 787822.673800449818373, 6235662.858436724171042 ], [ 787822.25560446002055, 6235663.766953991726041 ], [ 787821.963634743355215, 6235664.401248743757606 ], [ 787822.069600054994226, 6235665.395765131339431 ], [ 787822.175565353129059, 6235666.390281522646546 ], [ 787822.281530637992546, 6235667.38479791674763 ], [ 787822.387495909584686, 6235668.379314316436648 ], [ 787822.49346116790548, 6235669.373830716125667 ], [ 787822.599426412722096, 6235670.368347116746008 ], [ 787822.705391644267365, 6235671.362863522022963 ], [ 787822.811356861377135, 6235672.357379928231239 ], [ 787822.91732206614688, 6235673.351896336302161 ], [ 787823.023287257761694, 6235674.346412749029696 ], [ 787823.129252434708178, 6235675.340929163619876 ], [ 787823.23521759849973, 6235676.335445581004024 ], [ 787823.341182749951258, 6235677.329962002113461 ], [ 787823.447147887083702, 6235678.324478423222899 ], [ 787823.553113010711968, 6235679.318994848057628 ], [ 787823.659078121185303, 6235680.313511274755001 ], [ 787823.76504321792163, 6235681.308027704246342 ], [ 787823.871008301852271, 6235682.302544135600328 ], [ 787823.976973372278735, 6235683.297060570679605 ], [ 787824.082938428036869, 6235684.291577007621527 ], [ 787824.188903471687809, 6235685.286093447357416 ], [ 787824.294868502067402, 6235686.280609889887273 ], [ 787824.40083351789508, 6235687.275126334279776 ], [ 787824.50679852149915, 6235688.269642780534923 ], [ 787824.612763510784134, 6235689.264159230515361 ], [ 787824.718728486564942, 6235690.258675683289766 ], [ 787824.824693449074402, 6235691.253192136064172 ], [ 787824.930658399360254, 6235692.247708594426513 ], [ 787825.036623335210606, 6235693.242225054651499 ], [ 787825.142588256509043, 6235694.236741513945162 ], [ 787825.248553165700287, 6235695.231257980689406 ], [ 787825.354518061503768, 6235696.225774448364973 ], [ 787825.460482944035903, 6235697.220290916971862 ], [ 787825.566447811899707, 6235698.214807389304042 ], [ 787825.672412667772733, 6235699.209323863498867 ], [ 787825.778377508977428, 6235700.203840341418982 ], [ 787825.884342338191345, 6235701.198356820270419 ], [ 787825.990307152736932, 6235702.192873301915824 ], [ 787826.096271954127587, 6235703.187389786355197 ], [ 787826.202236742014065, 6235704.181906271725893 ], [ 787826.308201517909765, 6235705.176422763615847 ], [ 787826.414166279137135, 6235706.170939253643155 ], [ 787826.520131025929004, 6235707.165455751121044 ], [ 787826.626095760497265, 6235708.159972246736288 ], [ 787826.732060481794178, 6235709.154488746076822 ], [ 787826.83802518970333, 6235710.149005248211324 ], [ 787826.943989883176982, 6235711.143521752208471 ], [ 787827.049954564543441, 6235712.138038260862231 ], [ 787827.155919231241569, 6235713.132554771378636 ], [ 787827.261883885832503, 6235714.127071282826364 ], [ 787827.367848525987938, 6235715.121587797999382 ], [ 787827.473813152639195, 6235716.116104312241077 ], [ 787827.579777766019106, 6235717.110620832070708 ], [ 787827.685742366011254, 6235718.105137353762984 ], [ 787827.791706952848472, 6235719.099653879180551 ], [ 787827.897671526297927, 6235720.094170408323407 ], [ 787828.00363608635962, 6235721.088686937466264 ], [ 787828.109600633149967, 6235722.083203471265733 ], [ 787828.215565165271983, 6235723.077720003202558 ], [ 787828.321529685286805, 6235724.072236539795995 ], [ 787828.427494190982543, 6235725.066753081046045 ], [ 787828.533458684221841, 6235726.061269622296095 ], [ 787828.639423163258471, 6235727.055786168202758 ], [ 787828.745387628674507, 6235728.050302715040743 ], [ 787828.851352080935612, 6235729.044819263741374 ], [ 787828.957316520973109, 6235730.039335815235972 ], [ 787829.063280945410952, 6235731.033852370455861 ], [ 787829.169245357625186, 6235732.028368927538395 ], [ 787829.275209756335244, 6235733.022885488346219 ], [ 787829.381174141890369, 6235734.017402049154043 ], [ 787829.487138514174148, 6235735.011918615549803 ], [ 787829.593102871906012, 6235736.006435181945562 ], [ 787829.699067217297852, 6235737.00095175113529 ], [ 787829.805031548254192, 6235737.995468322187662 ], [ 787829.910995867336169, 6235738.989984896034002 ], [ 787830.016960171516985, 6235739.984501475468278 ], [ 787830.122924462426454, 6235740.979018053039908 ], [ 787830.228888740180992, 6235741.973534636199474 ], [ 787830.334853005711921, 6235742.968051221221685 ], [ 787830.440817255526781, 6235743.962567809037864 ], [ 787830.546781493001617, 6235744.957084396854043 ], [ 787830.652745717437938, 6235745.951600989326835 ], [ 787830.758709928370081, 6235746.946117583662271 ], [ 787830.864674126030877, 6235747.940634181722999 ], [ 787830.970638309139758, 6235748.935150781646371 ], [ 787831.076602480141446, 6235749.929667383432388 ], [ 787831.182566636707634, 6235750.924183988943696 ], [ 787831.288530780933797, 6235751.918700596317649 ], [ 787831.394494910724461, 6235752.913217205554247 ], [ 787831.500459027010947, 6235753.90773381665349 ], [ 787831.606423130258918, 6235754.902250430546701 ], [ 787831.712387220002711, 6235755.896767048165202 ], [ 787831.818351296475157, 6235756.891283669508994 ], [ 787831.924315359676257, 6235757.885800291784108 ], [ 787832.030279409373179, 6235758.880316916853189 ], [ 787832.136243445798755, 6235759.874833541922271 ], [ 787832.24220746778883, 6235760.869350171647966 ], [ 787832.348171477555297, 6235761.863866804167628 ], [ 787832.454135472653434, 6235762.858383437618613 ], [ 787832.560099455760792, 6235763.852900076657534 ], [ 787832.666063424316235, 6235764.847416716627777 ], [ 787832.772027379600331, 6235765.841933358460665 ], [ 787832.877991321496665, 6235766.836450003087521 ], [ 787832.983955251285806, 6235767.830966649577022 ], [ 787833.089919166406617, 6235768.825483299791813 ], [ 787833.195883068372495, 6235769.819999951869249 ], [ 787833.301846955786459, 6235770.814516607671976 ], [ 787833.407810830976814, 6235771.809033264406025 ], [ 787833.513774693012238, 6235772.803549923934042 ], [ 787833.619738541543484, 6235773.798066585324705 ], [ 787833.725702375289984, 6235774.792583249509335 ], [ 787833.831666197394952, 6235775.787099916487932 ], [ 787833.937630004598759, 6235776.78161658719182 ], [ 787834.04359379876405, 6235777.776133257895708 ], [ 787834.149557579425164, 6235778.770649934187531 ], [ 787834.255521347979084, 6235779.765166611410677 ], [ 787834.361485101981089, 6235780.759683290496469 ], [ 787834.467448842595331, 6235781.75419997330755 ], [ 787834.573412569938228, 6235782.748716657981277 ], [ 787834.679376282729208, 6235783.743233344517648 ], [ 787834.785339983412996, 6235784.73775003477931 ], [ 787834.891303670825437, 6235785.73226672783494 ], [ 787834.9972673447337, 6235786.726783421821892 ], [ 787835.103231004206464, 6235787.721300119534135 ], [ 787835.209194650407881, 6235788.7158168181777 ], [ 787835.315158284269273, 6235789.710333519615233 ], [ 787835.421121903695166, 6235790.704850223846734 ], [ 787835.527085509849712, 6235791.699366931803524 ], [ 787835.633049103897065, 6235792.693883642554283 ], [ 787835.739012683392502, 6235793.688400354236364 ], [ 787835.844976249383762, 6235794.682917067781091 ], [ 787835.950939801055938, 6235795.677433786913753 ], [ 787836.05690334062092, 6235796.671950506046414 ], [ 787836.162866866681725, 6235797.666467227041721 ], [ 787836.268830379354768, 6235798.660983953624964 ], [ 787836.37479387759231, 6235799.655500680208206 ], [ 787836.480757363839075, 6235800.650017410516739 ], [ 787836.586720835301094, 6235801.644534141756594 ], [ 787836.692684294772334, 6235802.63905087672174 ], [ 787836.79864773969166, 6235803.633567613549531 ], [ 787836.904611171223223, 6235804.628084353171289 ], [ 787837.01057458948344, 6235805.622601095587015 ], [ 787837.116537994355895, 6235806.617117839865386 ], [ 787837.222501385957003, 6235807.611634587869048 ], [ 787837.328464764170349, 6235808.606151336804032 ], [ 787837.434428129112348, 6235809.600668089464307 ], [ 787837.540391480666585, 6235810.595184845849872 ], [ 787837.646354817552492, 6235811.589701602235436 ], [ 787837.752318142447621, 6235812.584218360483646 ], [ 787837.858281452907249, 6235813.578735124319792 ], [ 787837.964244751026854, 6235814.573251888155937 ], [ 787838.070208034943789, 6235815.567768655717373 ], [ 787838.176171305123717, 6235816.562285425141454 ], [ 787838.282134563312866, 6235817.556802197359502 ], [ 787838.388097807066515, 6235818.551318973302841 ], [ 787838.494061037199572, 6235819.545835747383535 ], [ 787838.600024254294112, 6235820.540352528914809 ], [ 787838.705987458000891, 6235821.534869312308729 ], [ 787838.811950647155754, 6235822.529386097565293 ], [ 787838.917913824087009, 6235823.523902882821858 ], [ 787839.023876987746917, 6235824.518419672735035 ], [ 787839.129840136971325, 6235825.512936465442181 ], [ 787839.235803273972124, 6235826.507453260011971 ], [ 787839.341766396421008, 6235827.501970058307052 ], [ 787839.447729505598545, 6235828.496486857533455 ], [ 787839.553692602552474, 6235829.491003661416471 ], [ 787839.659655684954487, 6235830.485520465299487 ], [ 787839.765618754085153, 6235831.480037270113826 ], [ 787839.871581809828058, 6235832.474554082378745 ], [ 787839.977544852299616, 6235833.469070892781019 ], [ 787840.083507881499827, 6235834.463587707839906 ], [ 787840.189470895915292, 6235835.458104526624084 ], [ 787840.295433898456395, 6235836.452621346339583 ], [ 787840.40139688749332, 6235837.447138169780374 ], [ 787840.507359862094745, 6235838.441654993221164 ], [ 787840.613322824472561, 6235839.436171819455922 ], [ 787840.719285772414878, 6235840.43068864941597 ], [ 787840.825248708133586, 6235841.425205482169986 ], [ 787840.931211629416794, 6235842.419722316786647 ], [ 787841.037174537195824, 6235843.414239154197276 ], [ 787841.143137431819923, 6235844.40875599347055 ], [ 787841.24910031305626, 6235845.403272837400436 ], [ 787841.355063180904835, 6235846.397789680399001 ], [ 787841.461026035249233, 6235847.392306527122855 ], [ 787841.56698887667153, 6235848.386823376640677 ], [ 787841.672951703192666, 6235849.38134022988379 ], [ 787841.778914517955855, 6235850.375857084989548 ], [ 787841.884877317817882, 6235851.370373942889273 ], [ 787841.990840105805546, 6235852.364890802651644 ], [ 787842.096802879008465, 6235853.359407665207982 ], [ 787842.20276564033702, 6235854.353924530558288 ], [ 787842.30872838688083, 6235855.348441397771239 ], [ 787842.414691120269708, 6235856.342958265915513 ], [ 787842.520653840154409, 6235857.337475137785077 ], [ 787842.626616546884179, 6235858.331992013379931 ], [ 787842.732579240109771, 6235859.326508890837431 ], [ 787842.838541920180432, 6235860.321025771088898 ], [ 787842.944504585582763, 6235861.315542653203011 ], [ 787843.0504672388779, 6235862.310059539042413 ], [ 787843.15642987890169, 6235863.304576425813138 ], [ 787843.262392504373565, 6235864.299093315377831 ], [ 787843.284414233872667, 6235864.505779236555099 ], [ 787843.392738811322488, 6235865.50004163198173 ], [ 787843.50106337456964, 6235866.494304029271007 ], [ 787843.609387925127521, 6235867.488566430285573 ], [ 787843.717712461715564, 6235868.482828834094107 ], [ 787843.826036985497922, 6235869.477091237902641 ], [ 787843.934361495194025, 6235870.471353646367788 ], [ 787844.042685992084444, 6235871.46561605669558 ], [ 787844.151010475121439, 6235872.459878472611308 ], [ 787844.259334945119917, 6235873.454140888527036 ], [ 787844.367659401148558, 6235874.448403304442763 ], [ 787844.475983844255097, 6235875.442665725946426 ], [ 787844.584308273624629, 6235876.436928152106702 ], [ 787844.69263269007206, 6235877.431190578266978 ], [ 787844.800957093480974, 6235878.425453005358577 ], [ 787844.909281482920051, 6235879.419715436175466 ], [ 787845.017605858389288, 6235880.413977868855 ], [ 787845.12593022105284, 6235881.408240307122469 ], [ 787845.234254569746554, 6235882.402502745389938 ], [ 787845.342578905518167, 6235883.396765185520053 ], [ 787845.450903227319941, 6235884.391027631238103 ], [ 787845.559227536432445, 6235885.385290078818798 ], [ 787845.667551832506433, 6235886.379552528262138 ], [ 787845.775876113446429, 6235887.373814979568124 ], [ 787845.884200382744893, 6235888.368077433668077 ], [ 787845.992524638073519, 6235889.362339889630675 ], [ 787846.10084887931589, 6235890.356602350249887 ], [ 787846.209173107752576, 6235891.35086481180042 ], [ 787846.317497322103009, 6235892.345127277076244 ], [ 787846.425821523647755, 6235893.339389743283391 ], [ 787846.534145712503232, 6235894.333652213215828 ], [ 787846.642469887272455, 6235895.32791468501091 ], [ 787846.750794047955424, 6235896.322177160531282 ], [ 787846.859118195949122, 6235897.316439636051655 ], [ 787846.967442329740152, 6235898.310702117159963 ], [ 787847.075766450841911, 6235899.304964600130916 ], [ 787847.184090559137985, 6235900.299227086827159 ], [ 787847.292414653347805, 6235901.293489575386047 ], [ 787847.400738733354956, 6235902.287752063944936 ], [ 787847.509062800789252, 6235903.282014556229115 ], [ 787847.617386855301447, 6235904.276277051307261 ], [ 787847.725710895843804, 6235905.270539550110698 ], [ 787847.834034922299907, 6235906.26480205077678 ], [ 787847.942358936183155, 6235907.259064553305507 ], [ 787848.050682936911471, 6235908.253327058628201 ], [ 787848.159006923669949, 6235909.247589565813541 ], [ 787848.267330896575004, 6235910.241852076724172 ], [ 787848.375654856441543, 6235911.236114591360092 ], [ 787848.483978803735226, 6235912.230377106927335 ], [ 787848.592302736826241, 6235913.224639624357224 ], [ 787848.700626655947417, 6235914.218902146443725 ], [ 787848.808950562262908, 6235915.213164671324193 ], [ 787848.917274455656298, 6235916.207427197135985 ], [ 787849.025598334963433, 6235917.201689725741744 ], [ 787849.133922200533561, 6235918.195952258072793 ], [ 787849.242246053065173, 6235919.190214790403843 ], [ 787849.350569892907515, 6235920.184477327391505 ], [ 787849.458893718663603, 6235921.178739866241813 ], [ 787849.56721753149759, 6235922.17300240881741 ], [ 787849.675541330361739, 6235923.167264952324331 ], [ 787849.783865115256049, 6235924.161527498625219 ], [ 787849.892188887344673, 6235925.155790047720075 ], [ 787850.000512646511197, 6235926.150052599608898 ], [ 787850.108836391707882, 6235927.144315153360367 ], [ 787850.217160122934729, 6235928.138577710837126 ], [ 787850.325483842520043, 6235929.13284027017653 ], [ 787850.433807546971366, 6235930.127102833241224 ], [ 787850.542131238384172, 6235931.121365396305919 ], [ 787850.650454916991293, 6235932.115627964958549 ], [ 787850.758778581628576, 6235933.109890535473824 ], [ 787850.867102233576588, 6235934.104153105989099 ], [ 787850.975425871321931, 6235935.098415682092309 ], [ 787851.083749495213851, 6235936.092678260058165 ], [ 787851.192073107464239, 6235937.086940839886665 ], [ 787851.300396704347804, 6235938.081203421577811 ], [ 787851.408720288309269, 6235939.075466006994247 ], [ 787851.517043859697878, 6235940.069728595204651 ], [ 787851.625367417000234, 6235941.0639911852777 ], [ 787851.733690961380489, 6235942.058253778144717 ], [ 787851.842014491790906, 6235943.052516373805702 ], [ 787851.950338009512052, 6235944.046778971329331 ], [ 787852.058661513030529, 6235945.041041571646929 ], [ 787852.166985003743321, 6235946.035304175689816 ], [ 787852.275308480486274, 6235947.029566781595349 ], [ 787852.383631944423541, 6235948.023829389363527 ], [ 787852.49195539415814, 6235949.01809199899435 ], [ 787852.60027883015573, 6235950.012354613281786 ], [ 787852.708602254278958, 6235951.006617228500545 ], [ 787852.816925663384609, 6235952.000879848375916 ], [ 787852.925249060732313, 6235952.995142468251288 ], [ 787853.033572442829609, 6235953.98940509185195 ], [ 787853.141895813401788, 6235954.983667718246579 ], [ 787853.250219168839976, 6235955.977930348366499 ], [ 787853.358542512403801, 6235956.972192980349064 ], [ 787853.466865841066465, 6235957.966455614194274 ], [ 787853.575189157854766, 6235958.960718249902129 ], [ 787853.683512459392659, 6235959.954980889335275 ], [ 787853.791835749289021, 6235960.949243530631065 ], [ 787853.900159024167806, 6235961.943506173789501 ], [ 787854.008482287405059, 6235962.93776882160455 ], [ 787854.116805535275489, 6235963.932031471282244 ], [ 787854.225128771387972, 6235964.926294120028615 ], [ 787854.333451993763447, 6235965.920556776225567 ], [ 787854.441775202052668, 6235966.914819433353841 ], [ 787854.550098397419788, 6235967.909082094207406 ], [ 787854.65842157881707, 6235968.903344755992293 ], [ 787854.766744747525081, 6235969.897607421502471 ], [ 787854.875067902030423, 6235970.891870087943971 ], [ 787854.98339104373008, 6235971.886132758110762 ], [ 787855.091714171459898, 6235972.880395430140197 ], [ 787855.200037286384031, 6235973.874658105894923 ], [ 787855.308360388386063, 6235974.868920781649649 ], [ 787855.416683475254104, 6235975.863183462992311 ], [ 787855.525006550364196, 6235976.857446143403649 ], [ 787855.63332961150445, 6235977.851708830334246 ], [ 787855.741652658791281, 6235978.845971518196166 ], [ 787855.849975693156011, 6235979.84023420792073 ], [ 787855.958298713434488, 6235980.834496902301908 ], [ 787856.066621720907278, 6235981.828759596683085 ], [ 787856.174944715574384, 6235982.823022294789553 ], [ 787856.283267696155235, 6235983.817284995689988 ], [ 787856.391590662882663, 6235984.811547698453069 ], [ 787856.499913616687991, 6235985.80581040494144 ], [ 787856.60823655652348, 6235986.800073113292456 ], [ 787856.716559483436868, 6235987.794335824437439 ], [ 787856.824882397428155, 6235988.788598537445068 ], [ 787856.933205297449604, 6235989.78286125138402 ], [ 787857.041528183734044, 6235990.777123971842229 ], [ 787857.149851056863554, 6235991.771386692300439 ], [ 787857.258173917303793, 6235992.765649417415261 ], [ 787857.366496763657779, 6235993.759912142530084 ], [ 787857.474819596041925, 6235994.754174871370196 ], [ 787857.583142415620387, 6235995.748437602072954 ], [ 787857.691465221112594, 6235996.742700336501002 ], [ 787857.799788013799116, 6235997.736963074654341 ], [ 787857.908110793679953, 6235998.731225814670324 ], [ 787858.016433559590951, 6235999.725488554686308 ], [ 787858.12475631153211, 6236000.719751298427582 ], [ 787858.233079050434753, 6236001.714014045894146 ], [ 787858.341401776531711, 6236002.708276795223355 ], [ 787858.449724488658831, 6236003.702539548277855 ], [ 787858.558047187980264, 6236004.696802301332355 ], [ 787858.66636987333186, 6236005.691065058112144 ], [ 787858.774692544597201, 6236006.685327818617225 ], [ 787858.883015203056857, 6236007.679590578190982 ], [ 787858.991337848710828, 6236008.673853344283998 ], [ 787859.099660480394959, 6236009.668116113170981 ], [ 787859.207983097876422, 6236010.662378881126642 ], [ 787859.316305702668615, 6236011.656641654670238 ], [ 787859.424628294538707, 6236012.65090443007648 ], [ 787859.532950872555375, 6236013.645167207345366 ], [ 787859.641273437766358, 6236014.639429987408221 ], [ 787859.749595988658257, 6236015.633692771196365 ], [ 787859.857918525696732, 6236016.627955554053187 ], [ 787859.966241050045937, 6236017.62221834436059 ], [ 787860.074563561240211, 6236018.616481132805347 ], [ 787860.182886058697477, 6236019.61074392683804 ], [ 787860.291208543116227, 6236020.605006722733378 ], [ 787860.399531013797969, 6236021.599269520491362 ], [ 787860.507853471208364, 6236022.59353232011199 ], [ 787860.616175915114582, 6236023.587795123457909 ], [ 787860.724498344585299, 6236024.582057928666472 ], [ 787860.832820762414485, 6236025.576320737600327 ], [ 787860.941143165458925, 6236026.570583549328148 ], [ 787861.049465555464849, 6236027.564846362918615 ], [ 787861.157787932548672, 6236028.55910917930305 ], [ 787861.266110295662656, 6236029.55337199755013 ], [ 787861.374432645970955, 6236030.5476348195225 ], [ 787861.482754982309416, 6236031.541897643357515 ], [ 787861.59107730560936, 6236032.536160469055176 ], [ 787861.699399615055881, 6236033.530423298478127 ], [ 787861.807721911580302, 6236034.524686129763722 ], [ 787861.916044194134884, 6236035.518948962911963 ], [ 787862.02436646388378, 6236036.513211798854172 ], [ 787862.132688719546422, 6236037.507474638521671 ], [ 787862.241010962403379, 6236038.501737480051816 ], [ 787862.349333191290498, 6236039.496000323444605 ], [ 787862.457655407488346, 6236040.490263173356652 ], [ 787862.56597760936711, 6236041.484526020474732 ], [ 787862.674299798440188, 6236042.478788873180747 ], [ 787862.782621973659843, 6236043.47305172868073 ], [ 787862.890944136073813, 6236044.467314584180713 ], [ 787862.999266284285113, 6236045.461577443405986 ], [ 787863.107588419807144, 6236046.455840306356549 ], [ 787863.215910541359335, 6236047.450103171169758 ], [ 787863.324232649989426, 6236048.444366039708257 ], [ 787863.432554745813832, 6236049.438628908246756 ], [ 787863.540876826271415, 6236050.432891780510545 ], [ 787863.649198895320296, 6236051.427154655568302 ], [ 787863.757520950166509, 6236052.421417533420026 ], [ 787863.865842991042882, 6236053.415680414065719 ], [ 787863.974165019229986, 6236054.409943297505379 ], [ 787864.044435491319746, 6236055.054939804598689 ], [ 787863.727976325317286, 6236056.003700012341142 ], [ 787863.4115171500016, 6236056.952460216358304 ], [ 787863.095057962927967, 6236057.901220408268273 ], [ 787862.778598766308278, 6236058.849980592727661 ], [ 787862.462139557814226, 6236059.798740769736469 ], [ 787862.145680339890532, 6236060.747500936500728 ], [ 787861.829221110092476, 6236061.696261094883084 ], [ 787861.512761870864779, 6236062.645021246746182 ], [ 787861.196302619995549, 6236063.593781390227377 ], [ 787860.87984335841611, 6236064.542541522532701 ], [ 787860.563384086126462, 6236065.491301647387445 ], [ 787860.246924803126603, 6236066.440061762928963 ], [ 787859.930465509649366, 6236067.3888218710199 ], [ 787859.614006205345504, 6236068.337581971660256 ], [ 787859.297546890564263, 6236069.286342062056065 ], [ 787858.981087565189227, 6236070.235102146863937 ], [ 787858.664628228871152, 6236071.183862218633294 ], [ 787858.348168882308528, 6236072.132622284814715 ], [ 787858.031709524802864, 6236073.081382343545556 ], [ 787857.71525015681982, 6236074.030142391100526 ], [ 787857.398790776962414, 6236074.978902431204915 ], [ 787857.082331387791783, 6236075.927662461996078 ], [ 787856.765871987910941, 6236076.876422485336661 ], [ 787856.449412576155737, 6236077.825182499364018 ], [ 787856.132953154854476, 6236078.773942505940795 ], [ 787855.816493721911684, 6236079.722702503204346 ], [ 787855.500034279422835, 6236080.671462492085993 ], [ 787855.183574825059623, 6236081.62022247351706 ], [ 787854.867115360219032, 6236082.568982445634902 ], [ 787854.550655885715969, 6236083.517742406576872 ], [ 787854.234196399571374, 6236084.466502362862229 ], [ 787853.917736902832985, 6236085.415262309834361 ], [ 787853.601277395384386, 6236086.364022247493267 ], [ 787853.284817877225578, 6236087.31278217677027 ], [ 787852.968358349637128, 6236088.26154209766537 ], [ 787852.651898810290731, 6236089.210302010178566 ], [ 787852.33543926035054, 6236090.159061915241182 ], [ 787852.018979698419571, 6236091.107821810990572 ], [ 787851.702520127175376, 6236092.056581698358059 ], [ 787851.386060545220971, 6236093.00534157641232 ], [ 787851.069600952672772, 6236093.954101447016001 ], [ 787850.753141349414364, 6236094.902861308306456 ], [ 787850.436681734514423, 6236095.851621160283685 ], [ 787850.120222110068426, 6236096.800381004810333 ], [ 787849.803762475028634, 6236097.749140841886401 ], [ 787849.487302827998064, 6236098.697900668717921 ], [ 787849.170843171654269, 6236099.64666048809886 ], [ 787848.854383503552526, 6236100.59542029723525 ], [ 787848.537923825904727, 6236101.544180100783706 ], [ 787848.221464136382565, 6236102.49293989315629 ], [ 787847.905004436266609, 6236103.441699678078294 ], [ 787847.588544726837426, 6236104.390459454618394 ], [ 787847.272085005301051, 6236105.339219221845269 ], [ 787846.955625273403712, 6236106.287978981621563 ], [ 787846.639165530679747, 6236107.236738732084632 ], [ 787846.322705777361989, 6236108.185498474165797 ], [ 787846.00624601461459, 6236109.134258208796382 ], [ 787845.689786240225658, 6236110.083017934113741 ], [ 787845.373326455010101, 6236111.031777651980519 ], [ 787845.056866657920182, 6236111.980537359602749 ], [ 787844.740406851517037, 6236112.929297058843076 ], [ 787844.423947034520097, 6236113.8780567497015 ], [ 787844.107487206696533, 6236114.826816433109343 ], [ 787843.791027368279174, 6236115.77557610720396 ], [ 787843.474567518103868, 6236116.72433577477932 ], [ 787843.158107658615336, 6236117.673095431178808 ], [ 787842.841647788416594, 6236118.621855079196393 ], [ 787842.525187906227075, 6236119.570614720694721 ], [ 787842.208728014724329, 6236120.519374353811145 ], [ 787841.892268111463636, 6236121.468133975751698 ], [ 787841.575808198656887, 6236122.416893590241671 ], [ 787841.259348273975775, 6236123.36565319634974 ], [ 787840.942888338817284, 6236124.314412795007229 ], [ 787840.626428394112736, 6236125.263172383420169 ], [ 787840.309968437533826, 6236126.211931964382529 ], [ 787839.993508470477536, 6236127.160691536962986 ], [ 787839.677048492478207, 6236128.109451099298894 ], [ 787839.360588504117914, 6236129.058210656046867 ], [ 787839.044128505047411, 6236130.006970201618969 ], [ 787838.727668495383114, 6236130.955729741603136 ], [ 787838.411208475125022, 6236131.904489271342754 ], [ 787838.094748444156721, 6236132.853248791769147 ], [ 787837.778288402594626, 6236133.802008304744959 ], [ 787837.461828350322321, 6236134.750767808407545 ], [ 787837.145368286175653, 6236135.699527304619551 ], [ 787836.82890821271576, 6236136.648286792449653 ], [ 787836.512448128662072, 6236137.597046271897852 ], [ 787836.195988032734022, 6236138.545805741101503 ], [ 787835.87952792737633, 6236139.494565201923251 ], [ 787835.563067810144275, 6236140.443324657157063 ], [ 787835.246607683366165, 6236141.392084101215005 ], [ 787834.930147544946522, 6236142.340843536891043 ], [ 787834.613687396980822, 6236143.289602964185178 ], [ 787834.297227237257175, 6236144.238362384028733 ], [ 787833.980767066823319, 6236145.187121795490384 ], [ 787833.664306887076236, 6236146.135881198570132 ], [ 787833.347846695338376, 6236147.084640591405332 ], [ 787833.031386493239552, 6236148.033399976789951 ], [ 787832.714926280197687, 6236148.982159353792667 ], [ 787832.398466056678444, 6236149.930918721482158 ], [ 787832.082005822448991, 6236150.879678081721067 ], [ 787831.765545577625744, 6236151.828437432646751 ], [ 787831.449085322208703, 6236152.777196776121855 ], [ 787831.132625056081451, 6236153.725956108421087 ], [ 787830.816164778196253, 6236154.674715435132384 ], [ 787830.499704490764998, 6236155.62347475066781 ], [ 787830.183244192856364, 6236156.572234060615301 ], [ 787829.86678388423752, 6236157.520993361249566 ], [ 787829.550323563860729, 6236158.469752652570605 ], [ 787829.233863233821467, 6236159.418511934578419 ], [ 787828.917402892140672, 6236160.367271210066974 ], [ 787828.600942541146651, 6236161.316030478104949 ], [ 787828.284482178045437, 6236162.264789733104408 ], [ 787827.968021804466844, 6236163.213548982515931 ], [ 787827.651561421458609, 6236164.162308224476874 ], [ 787827.335101026692428, 6236165.111067455261946 ], [ 787827.018640621099621, 6236166.05982667952776 ], [ 787826.70218020491302, 6236167.008585894480348 ], [ 787826.385719779413193, 6236167.957345101982355 ], [ 787826.069259341922589, 6236168.906104298308492 ], [ 787825.752798893954605, 6236169.85486348811537 ], [ 787825.436338435276411, 6236170.803622670471668 ], [ 787825.119877965888008, 6236171.752381842583418 ], [ 787824.803417484974489, 6236172.701141007244587 ], [ 787824.486956994282082, 6236173.649900163523853 ], [ 787824.170496493112296, 6236174.59865930955857 ], [ 787823.8540359812323, 6236175.547418447211385 ], [ 787823.537575457710773, 6236176.496177578344941 ], [ 787823.221114924526773, 6236177.444936699233949 ], [ 787822.904654380865395, 6236178.393695812672377 ], [ 787822.588193825329654, 6236179.342454916797578 ], [ 787822.271733260364272, 6236180.291214013472199 ], [ 787821.955272683524527, 6236181.239973100833595 ], [ 787821.638812097255141, 6236182.188732179813087 ], [ 787821.322351499111392, 6236183.137491250410676 ], [ 787821.005890890490264, 6236184.086250312626362 ], [ 787820.689430271158926, 6236185.035009365528822 ], [ 787820.372969642281532, 6236185.983768410980701 ], [ 787820.056509001762606, 6236186.932527447119355 ], [ 787819.740048350533471, 6236187.881286475807428 ], [ 787819.423587688710541, 6236188.830045495182276 ], [ 787819.107127016410232, 6236189.778804505243897 ], [ 787818.790666333166882, 6236190.727563508786261 ], [ 787818.474205639213324, 6236191.676322501152754 ], [ 787818.157744934898801, 6236192.625081488862634 ], [ 787817.841284218709916, 6236193.57384046446532 ], [ 787817.52482349309139, 6236194.522599433548748 ], [ 787817.208362756762654, 6236195.471358392387629 ], [ 787816.891902008792385, 6236196.420117344707251 ], [ 787816.575441251276061, 6236197.368876287713647 ], [ 787816.258980482816696, 6236198.317635221406817 ], [ 787815.94251970294863, 6236199.26639414858073 ], [ 787815.626058913534507, 6236200.215153066441417 ], [ 787815.309598112362437, 6236201.163911974988878 ], [ 787815.114708637353033, 6236201.74819640815258 ], [ 787815.32438032864593, 6236202.726116998121142 ], [ 787815.534052007365972, 6236203.70403759367764 ], [ 787815.743723673629574, 6236204.681958192959428 ], [ 787815.953395328484476, 6236205.659878797829151 ], [ 787816.163066969485953, 6236206.63779940828681 ], [ 787816.372738597914577, 6236207.615720024332404 ], [ 787816.582410213537514, 6236208.593640644103289 ], [ 787816.792081816820428, 6236209.571561271324754 ], [ 787817.001753407297656, 6236210.549481904134154 ], [ 787817.211424986482598, 6236211.5274025388062 ], [ 787817.421096551814117, 6236212.505323180928826 ], [ 787817.630768104689196, 6236213.483243828639388 ], [ 787817.84043964475859, 6236214.461164481937885 ], [ 787818.050111172371544, 6236215.439085139892995 ], [ 787818.259782687295228, 6236216.417005802504718 ], [ 787818.469454189646058, 6236217.394926469773054 ], [ 787818.679125679424033, 6236218.372847145423293 ], [ 787818.888797156512737, 6236219.350767822936177 ], [ 787819.098468621145003, 6236220.328688506036997 ], [ 787819.308140074135736, 6236221.306609198451042 ], [ 787819.517811513505876, 6236222.284529890865088 ], [ 787819.727482940303162, 6236223.262450590729713 ], [ 787819.937154354411177, 6236224.240371296182275 ], [ 787820.146825755829923, 6236225.218292005360126 ], [ 787820.356497144908644, 6236226.196212721988559 ], [ 787820.566168521065265, 6236227.174133440479636 ], [ 787820.775839884998277, 6236228.152054168283939 ], [ 787820.985511235892773, 6236229.129974897950888 ], [ 787821.195182574447244, 6236230.107895635068417 ], [ 787821.404853900428861, 6236231.085816376842558 ], [ 787821.614525213604793, 6236232.063737124204636 ], [ 787821.8241965144407, 6236233.041657876223326 ], [ 787822.033867802470922, 6236234.019578634761274 ], [ 787822.24353907792829, 6236234.997499397024512 ], [ 787822.453210340812802, 6236235.975420163944364 ], [ 787822.66288159112446, 6236236.953340938314795 ], [ 787822.872552828863263, 6236237.93126171734184 ], [ 787823.082224053796381, 6236238.909182500094175 ], [ 787823.291895266273059, 6236239.887103289365768 ], [ 787823.501566464896314, 6236240.865024082362652 ], [ 787823.711237652110867, 6236241.842944882810116 ], [ 787823.920908826868981, 6236242.82086568698287 ], [ 787824.130579988937825, 6236243.79878649674356 ], [ 787824.340251138433814, 6236244.77670731395483 ], [ 787824.549922275124118, 6236245.754628133028746 ], [ 787824.759593399474397, 6236246.732548959553242 ], [ 787824.969264511018991, 6236247.710469789803028 ], [ 787825.178935609990731, 6236248.68839062564075 ], [ 787825.388606695341878, 6236249.666311468929052 ], [ 787825.598277769051492, 6236250.644232315011322 ], [ 787825.807948830304667, 6236251.622153166681528 ], [ 787826.017619878868572, 6236252.600074023008347 ], [ 787826.227290914859623, 6236253.577994885854423 ], [ 787826.436961938394234, 6236254.555915754288435 ], [ 787826.646632949123159, 6236255.533836625516415 ], [ 787826.856303946115077, 6236256.51175750605762 ], [ 787827.065974931581877, 6236257.489678386598825 ], [ 787827.275645904708654, 6236258.467599276453257 ], [ 787827.485316864913329, 6236259.445520170032978 ], [ 787827.694987812777981, 6236260.423441069200635 ], [ 787827.90465874678921, 6236261.401361973956227 ], [ 787828.114329669158906, 6236262.37928288243711 ], [ 787828.324000579304993, 6236263.357203799299896 ], [ 787828.53367147652898, 6236264.335124718025327 ], [ 787828.743342360248789, 6236265.313045643270016 ], [ 787828.953013232327066, 6236266.290966575965285 ], [ 787829.162684091832489, 6236267.268887508660555 ], [ 787829.372354938765056, 6236268.246808452531695 ], [ 787829.582025771960616, 6236269.224729398265481 ], [ 787829.791696593514644, 6236270.202650349587202 ], [ 787830.001367402728647, 6236271.180571306496859 ], [ 787830.21103819925338, 6236272.158492268994451 ], [ 787830.42070898192469, 6236273.136413238011301 ], [ 787830.630379753187299, 6236274.114334208890796 ], [ 787830.840050511993468, 6236275.092255187220871 ], [ 787831.049721256829798, 6236276.070176169276237 ], [ 787831.259391990490258, 6236277.048097158782184 ], [ 787831.469062711228617, 6236278.026018152013421 ], [ 787831.678733418229967, 6236279.003939151763916 ], [ 787831.888404113939032, 6236279.981860155239701 ], [ 787832.098074797075242, 6236280.959781164303422 ], [ 787832.307745466241613, 6236281.937702178955078 ], [ 787832.517416124115698, 6236282.91562319919467 ], [ 787832.727086769300513, 6236283.893544225022197 ], [ 787832.936757400864735, 6236284.871465254575014 ], [ 787833.146428020787425, 6236285.849386289715767 ], [ 787833.356098628370091, 6236286.8273073323071 ], [ 787833.565769221866503, 6236287.805228376761079 ], [ 787833.775439804187045, 6236288.783149428665638 ], [ 787833.985110372537747, 6236289.761070486158133 ], [ 787834.194780929596163, 6236290.738991547375917 ], [ 787834.40445147396531, 6236291.716912614181638 ], [ 787834.614122004713863, 6236292.694833686575294 ], [ 787834.823792523704469, 6236293.672754764556885 ], [ 787835.033463029190898, 6236294.650675846263766 ], [ 787835.24313352315221, 6236295.628596935421228 ], [ 787835.452804004424252, 6236296.606518027372658 ], [ 787835.662474472075701, 6236297.584439126774669 ], [ 787835.872144928202033, 6236298.562360231764615 ], [ 787836.081815370591357, 6236299.540281338617206 ], [ 787836.29148580157198, 6236300.5182024538517 ], [ 787836.501156218815595, 6236301.496123572811484 ], [ 787836.710826624417678, 6236302.474044697359204 ], [ 787836.920497016399167, 6236303.45196582749486 ], [ 787837.130167396971956, 6236304.429886963218451 ], [ 787837.339837763574906, 6236305.407808103598654 ], [ 787837.549508119001985, 6236306.385729251429439 ], [ 787837.75917846057564, 6236307.363650400191545 ], [ 787837.968848790507764, 6236308.341571556404233 ], [ 787838.17851910693571, 6236309.319492719136178 ], [ 787838.388189411722124, 6236310.297413885593414 ], [ 787838.597859702887945, 6236311.275335058569908 ], [ 787838.807529982645065, 6236312.253256235271692 ], [ 787839.017200248548761, 6236313.231177417561412 ], [ 787839.226870502927341, 6236314.209098605439067 ], [ 787839.436540743568912, 6236315.187019797042012 ], [ 787839.646210972685367, 6236316.164940997026861 ], [ 787839.855881188297644, 6236317.142862200737 ], [ 787840.065551392268389, 6236318.120783409103751 ], [ 787840.275221582502127, 6236319.098704622127116 ], [ 787840.484891761327162, 6236320.076625842601061 ], [ 787840.69456192641519, 6236321.054547067731619 ], [ 787840.904232078813948, 6236322.032468296587467 ], [ 787841.113902219920419, 6236323.010389532893896 ], [ 787841.323572347057052, 6236323.988310772925615 ], [ 787841.508085093693808, 6236324.848895670846105 ], [ 787841.356117421062663, 6236325.837428596802056 ], [ 787841.204149734228849, 6236326.825961518101394 ], [ 787841.05218203458935, 6236327.814494433812797 ], [ 787840.900214321096428, 6236328.803027346730232 ], [ 787840.748246595845558, 6236329.791560254991055 ], [ 787840.596278857905418, 6236330.780093159526587 ], [ 787840.444311106810346, 6236331.768626056611538 ], [ 787840.292343341978267, 6236332.757158949971199 ], [ 787840.140375565504655, 6236333.74569183960557 ], [ 787839.98840777494479, 6236334.734224727377295 ], [ 787839.836439972743392, 6236335.722757607698441 ], [ 787839.68447215645574, 6236336.71129048243165 ], [ 787839.532504327478819, 6236337.699823354370892 ], [ 787839.380536485463381, 6236338.688356223516166 ], [ 787839.228568630875088, 6236339.676889086142182 ], [ 787839.076600764645264, 6236340.665421945974231 ], [ 787838.924632884096354, 6236341.653954798355699 ], [ 787838.772664989926852, 6236342.642487648874521 ], [ 787838.620697083766572, 6236343.631020493805408 ], [ 787838.468729164917022, 6236344.619553335011005 ], [ 787838.316761233378202, 6236345.608086172491312 ], [ 787838.164793287753128, 6236346.596619002521038 ], [ 787838.012825330486521, 6236347.585151830688119 ], [ 787837.860857359133661, 6236348.573684652335942 ], [ 787837.708889376139268, 6236349.562217472121119 ], [ 787837.556921379175037, 6236350.550750287249684 ], [ 787837.404953369405121, 6236351.539283094927669 ], [ 787837.252985347993672, 6236352.527815899811685 ], [ 787837.101017312495969, 6236353.516348700039089 ], [ 787836.949049264308996, 6236354.504881497472525 ], [ 787836.797081203199923, 6236355.493414289318025 ], [ 787836.645113129285164, 6236356.48194707557559 ], [ 787836.493145041400567, 6236357.470479859039187 ], [ 787836.341176941758022, 6236358.459012638777494 ], [ 787836.189208829309791, 6236359.447545410133898 ], [ 787836.037240704288706, 6236360.436078179627657 ], [ 787835.885272564832121, 6236361.424610944464803 ], [ 787835.733304413966835, 6236362.413143704645336 ], [ 787835.58133624936454, 6236363.401676462031901 ], [ 787835.429368071490899, 6236364.390209212899208 ], [ 787835.277399882208556, 6236365.378741959109902 ], [ 787835.125431678723544, 6236366.367274701595306 ], [ 787834.973463462549262, 6236367.35580744035542 ], [ 787834.821495233569294, 6236368.344340173527598 ], [ 787834.669526991900057, 6236369.332872902974486 ], [ 787834.517558737192303, 6236370.321405626833439 ], [ 787834.365590469678864, 6236371.309938346967101 ], [ 787834.213622189359739, 6236372.298471063375473 ], [ 787834.061653895070776, 6236373.28700377419591 ], [ 787833.909685589140281, 6236374.275536482222378 ], [ 787833.757717270287685, 6236375.264069184660912 ], [ 787833.60574893746525, 6236376.252601880580187 ], [ 787833.453780591953546, 6236377.24113457556814 ], [ 787833.301812234567478, 6236378.229667264036834 ], [ 787833.149843863211572, 6236379.218199947848916 ], [ 787832.997875479166396, 6236380.20673262886703 ], [ 787832.845907082199119, 6236381.195265302434564 ], [ 787832.693938672542572, 6236382.183797974139452 ], [ 787832.541970251128078, 6236383.172330641187727 ], [ 787832.390001814579591, 6236384.160863302648067 ], [ 787832.238033366389573, 6236385.14939596131444 ], [ 787832.086064905277453, 6236386.137928614392877 ], [ 787831.934096431359649, 6236387.126461261883378 ], [ 787831.782127943588421, 6236388.114993907511234 ], [ 787831.63015944394283, 6236389.103526544757187 ], [ 787831.478190930327401, 6236390.092059180140495 ], [ 787831.32622240530327, 6236391.080591811798513 ], [ 787831.174253866076469, 6236392.06912443973124 ], [ 787831.022285315208137, 6236393.057657059282064 ], [ 787830.870316750486381, 6236394.046189676970243 ], [ 787830.71834817272611, 6236395.03472229000181 ], [ 787830.566379582160152, 6236396.023254899308085 ], [ 787830.414410979021341, 6236397.011787502095103 ], [ 787830.262442362727597, 6236398.000320102088153 ], [ 787830.110473733860999, 6236398.988852698355913 ], [ 787829.958505091955885, 6236399.977385288104415 ], [ 787829.806536436313763, 6236400.965917874127626 ], [ 787829.654567768797278, 6236401.954450456425548 ], [ 787829.502599088591523, 6236402.942983031272888 ], [ 787829.350630394299515, 6236403.931515606120229 ], [ 787829.198661687318236, 6236404.920048174448311 ], [ 787829.046692968462594, 6236405.908580737188458 ], [ 787828.894724235753529, 6236406.897113297134638 ], [ 787828.742755490122363, 6236407.885645851492882 ], [ 787828.590786731801927, 6236408.874178402125835 ], [ 787828.438817961723544, 6236409.862710947170854 ], [ 787828.286849177675322, 6236410.851243488490582 ], [ 787828.134880380704999, 6236411.839776027016342 ], [ 787827.982911569997668, 6236412.828308559022844 ], [ 787827.830942747415975, 6236413.816841086372733 ], [ 787827.678973912028596, 6236414.805373610928655 ], [ 787827.527005063835531, 6236415.793906128033996 ], [ 787827.375036201672629, 6236416.782438645139337 ], [ 787827.223067327868193, 6236417.770971154794097 ], [ 787827.07109844009392, 6236418.759503658860922 ], [ 787826.91912953951396, 6236419.748036161065102 ], [ 787826.767160627176054, 6236420.736568659543991 ], [ 787826.615191700751893, 6236421.7251011505723 ], [ 787826.463222761754878, 6236422.713633637875319 ], [ 787826.311253809835762, 6236423.702166121453047 ], [ 787826.159284844994545, 6236424.690698601305485 ], [ 787826.007315867347643, 6236425.679231074638665 ], [ 787825.85534687701147, 6236426.667763542383909 ], [ 787825.703377873753197, 6236427.656296011060476 ], [ 787825.551408856408671, 6236428.64482847135514 ], [ 787825.399439827539027, 6236429.633360927924514 ], [ 787825.247470785863698, 6236430.621893379837275 ], [ 787825.09550173021853, 6236431.610425827093422 ], [ 787824.943532662698999, 6236432.59895827062428 ], [ 787824.791563581326045, 6236433.587490709498525 ], [ 787824.639594487147406, 6236434.576023142784834 ], [ 787824.487625380163081, 6236435.564555574208498 ], [ 787824.335656260373071, 6236436.553087998181581 ], [ 787824.183687128825113, 6236437.541620418429375 ], [ 787824.031717983307317, 6236438.530152833089232 ], [ 787823.879748824983835, 6236439.518685246817768 ], [ 787823.72777965280693, 6236440.50721765588969 ], [ 787823.575810468755662, 6236441.495750058442354 ], [ 787823.423841272015125, 6236442.484282456338406 ], [ 787823.271872061188333, 6236443.472814850509167 ], [ 787823.119902838720009, 6236444.461347239091992 ], [ 787822.967933603329584, 6236445.449879623949528 ], [ 787822.815964354202151, 6236446.438412005081773 ], [ 787822.663995092152618, 6236447.426944382488728 ], [ 787822.512025817180984, 6236448.415476751513779 ], [ 787822.360056530567817, 6236449.404009119607508 ], [ 787822.208087230101228, 6236450.392541483975947 ], [ 787822.056117916712537, 6236451.381073839962482 ], [ 787821.904148590518162, 6236452.369606194086373 ], [ 787821.75217925128527, 6236453.358138542622328 ], [ 787821.600209899479523, 6236454.346670888364315 ], [ 787821.448240533703938, 6236455.335203227587044 ], [ 787821.296271156170405, 6236456.323735564015806 ], [ 787821.144301765831187, 6236457.312267895787954 ], [ 787820.992332361522131, 6236458.30080022290349 ], [ 787820.840362945571542, 6236459.289332546293736 ], [ 787820.688393515534699, 6236460.277864864096045 ], [ 787820.684073913143948, 6236460.30596305988729 ], [ 787820.665855512721464, 6236461.305942529812455 ], [ 787820.647637098561972, 6236462.305921996943653 ], [ 787820.629418671596795, 6236463.30590146407485 ], [ 787820.61120023089461, 6236464.305880930274725 ], [ 787820.592981776339002, 6236465.305860394611955 ], [ 787820.57476330792997, 6236466.305839858949184 ], [ 787820.556544825900346, 6236467.305819323286414 ], [ 787820.538326330948621, 6236468.305798784829676 ], [ 787820.520107822259888, 6236469.305778247304261 ], [ 787820.501889298669994, 6236470.305757708847523 ], [ 787820.483670762274414, 6236471.305737167596817 ], [ 787820.465452212141827, 6236472.305716626346111 ], [ 787820.447233649319969, 6236473.305696085095406 ], [ 787820.42901507159695, 6236474.305675541982055 ], [ 787820.410796481184661, 6236475.305654999800026 ], [ 787820.392577876802534, 6236476.305634452961385 ], [ 787820.374359258683398, 6236477.305613909848034 ], [ 787820.35614062671084, 6236478.305593362078071 ], [ 787820.337921981001273, 6236479.305572815239429 ], [ 787820.319703321438283, 6236480.305552268400788 ], [ 787820.301484649069607, 6236481.305531719699502 ], [ 787820.283265963196754, 6236482.305511170066893 ], [ 787820.265047263354063, 6236483.305490618571639 ], [ 787820.246828549541533, 6236484.30547006521374 ], [ 787820.228609821991995, 6236485.305449513718486 ], [ 787820.210391080705449, 6236486.305428961291909 ], [ 787820.192172326613218, 6236487.305408407002687 ], [ 787820.173953558783978, 6236488.305387850850821 ], [ 787820.155734777217731, 6236489.305367296561599 ], [ 787820.137515981681645, 6236490.305346738547087 ], [ 787820.11929717217572, 6236491.305326180532575 ], [ 787820.101078350329772, 6236492.305305622518063 ], [ 787820.082859513349831, 6236493.305285063572228 ], [ 787820.064640663564205, 6236494.305264501832426 ], [ 787820.046421800274402, 6236495.305243941023946 ], [ 787820.02820292301476, 6236496.305223380215466 ], [ 787820.00998403178528, 6236497.305202816613019 ], [ 787819.991765127982944, 6236498.305182252079248 ], [ 787819.973546209279448, 6236499.305161688476801 ], [ 787819.955327278003097, 6236500.305141123943031 ], [ 787819.937108332640491, 6236501.30512055568397 ], [ 787819.918889373657294, 6236502.305099988356233 ], [ 787819.900670400587842, 6236503.305079420097172 ], [ 787819.882451415178366, 6236504.305058851838112 ], [ 787819.864232414634898, 6236505.305038280785084 ], [ 787819.846013401402161, 6236506.305017710663378 ], [ 787819.827794374432415, 6236507.304997138679028 ], [ 787819.80957533349283, 6236508.304976565763354 ], [ 787819.791356279049069, 6236509.304955993779004 ], [ 787819.773137211566791, 6236510.304935418069363 ], [ 787819.754918129299767, 6236511.304914841428399 ], [ 787819.736699034343474, 6236512.304894266650081 ], [ 787819.718479925533757, 6236513.304873689077795 ], [ 787819.700260802870616, 6236514.304853111505508 ], [ 787819.682041666470468, 6236515.304832531139255 ], [ 787819.663822516100481, 6236516.304811954498291 ], [ 787819.64560335339047, 6236517.304791373200715 ], [ 787819.62738417647779, 6236518.304770790971816 ], [ 787819.609164985828102, 6236519.304750209674239 ], [ 787819.590945781441405, 6236520.304729625582695 ], [ 787819.572726563201286, 6236521.304709040559828 ], [ 787819.554507331224158, 6236522.304688455536962 ], [ 787819.536288086557761, 6236523.304667869582772 ], [ 787819.518068826757371, 6236524.304647284559906 ], [ 787819.499849554384127, 6236525.304626695811749 ], [ 787819.481630268273875, 6236526.304606106132269 ], [ 787819.463410968193784, 6236527.304585518315434 ], [ 787819.445191655540839, 6236528.304564927704632 ], [ 787819.426972327986732, 6236529.304544335231185 ], [ 787819.40875298762694, 6236530.304523745551705 ], [ 787819.390533633413725, 6236531.304503152146935 ], [ 787819.372314265463501, 6236532.304482558742166 ], [ 787819.354094883659855, 6236533.304461963474751 ], [ 787819.3358754881192, 6236534.30444136634469 ], [ 787819.31765607977286, 6236535.304420772008598 ], [ 787819.299436657689512, 6236536.304400173015893 ], [ 787819.281217220705003, 6236537.304379575885832 ], [ 787819.262997770681977, 6236538.304358976893127 ], [ 787819.244778308318928, 6236539.304338375106454 ], [ 787819.226558830938302, 6236540.304317776113749 ], [ 787819.208339339820668, 6236541.304297173395753 ], [ 787819.190119835897349, 6236542.304276570677757 ], [ 787819.171900318237022, 6236543.304255967959762 ], [ 787819.153680786723271, 6236544.304235362447798 ], [ 787819.135461241239682, 6236545.304214757867157 ], [ 787819.117241683299653, 6236546.304194151423872 ], [ 787819.099022110225633, 6236547.30417354311794 ], [ 787819.080802524695173, 6236548.304152937605977 ], [ 787819.062582923797891, 6236549.304132326506078 ], [ 787819.044363310676999, 6236550.304111718200147 ], [ 787819.026143684750423, 6236551.304091107100248 ], [ 787819.007924043689854, 6236552.30407049600035 ], [ 787818.989704388892278, 6236553.304049883037806 ], [ 787818.971484721405432, 6236554.304029270075262 ], [ 787818.953265040181577, 6236555.304008657112718 ], [ 787818.935045345104299, 6236556.303988041356206 ], [ 787818.916825636057183, 6236557.303967424668372 ], [ 787818.898605913389474, 6236558.303946807980537 ], [ 787818.880386178032495, 6236559.303926191292703 ], [ 787818.862166427541524, 6236560.303905574604869 ], [ 787818.843946664594114, 6236561.303884954191744 ], [ 787818.825726887676865, 6236562.30386433377862 ], [ 787818.807507097022608, 6236563.303843712434173 ], [ 787818.789287292631343, 6236564.303823091089725 ], [ 787818.771067475201562, 6236565.303802466019988 ], [ 787818.752847644267604, 6236566.303781842812896 ], [ 787818.734627798199654, 6236567.303761219605803 ], [ 787818.716407939558849, 6236568.303740592673421 ], [ 787818.698188067064621, 6236569.303719967603683 ], [ 787818.679968181997538, 6236570.303699338808656 ], [ 787818.661748281912878, 6236571.303678710944951 ], [ 787818.643528369022533, 6236572.303658082149923 ], [ 787818.625308441231027, 6236573.303637452423573 ], [ 787818.607088500866666, 6236574.303616819903255 ], [ 787818.588868547813036, 6236575.303596189245582 ], [ 787818.570648579625413, 6236576.303575556725264 ], [ 787818.552428597817197, 6236577.3035549223423 ], [ 787818.534208603203297, 6236578.303534287959337 ], [ 787818.515988593688235, 6236579.303513654507697 ], [ 787818.497768571483903, 6236580.303493019193411 ], [ 787818.479548536473885, 6236581.303472381085157 ], [ 787818.461328486679122, 6236582.303451742976904 ], [ 787818.44310842291452, 6236583.303431103006005 ], [ 787818.424888346577063, 6236584.303410463966429 ], [ 787818.410607510479167, 6236585.087190423160791 ], [ 787818.540122541133314, 6236586.078914451412857 ], [ 787818.669637558748946, 6236587.070638481527567 ], [ 787818.799152561929077, 6236588.062362517230213 ], [ 787818.928667552303523, 6236589.054086554795504 ], [ 787819.058182529872283, 6236590.045810597017407 ], [ 787819.187697492772713, 6236591.037534641101956 ], [ 787819.317212444031611, 6236592.02925868704915 ], [ 787819.44672738108784, 6236593.020982739515603 ], [ 787819.576242305105552, 6236594.012706791982055 ], [ 787819.705757214687765, 6236595.00443084910512 ], [ 787819.835272112861276, 6236595.99615490809083 ], [ 787819.964786996599287, 6236596.987878972664475 ], [ 787820.094301867298782, 6236597.979603039100766 ], [ 787820.223816724959761, 6236598.971327108331025 ], [ 787820.353331569465809, 6236599.963051180355251 ], [ 787820.482846400002018, 6236600.954775257967412 ], [ 787820.612361217383295, 6236601.946499334648252 ], [ 787820.741876021726057, 6236602.938223417848349 ], [ 787820.871390813030303, 6236603.929947502911091 ], [ 787821.000905590131879, 6236604.921671589836478 ], [ 787821.130420354194939, 6236605.913395681418478 ], [ 787821.259935105452314, 6236606.905119777657092 ], [ 787821.389449843438342, 6236607.896843874827027 ], [ 787821.518964568153024, 6236608.888567973859608 ], [ 787821.648479279130697, 6236609.88029208034277 ], [ 787821.777993976837024, 6236610.872016185894608 ], [ 787821.907508661504835, 6236611.86374029610306 ], [ 787822.037023333250545, 6236612.855464410036802 ], [ 787822.16653799067717, 6236613.847188526764512 ], [ 787822.296052635181695, 6236614.838912645354867 ], [ 787822.425567266531289, 6236615.830636767670512 ], [ 787822.555081884842366, 6236616.822360893711448 ], [ 787822.684596490347758, 6236617.814085023477674 ], [ 787822.814111081534065, 6236618.805809155106544 ], [ 787822.943625659449026, 6236619.797533290460706 ], [ 787823.073140224558301, 6236620.789257429540157 ], [ 787823.202654776629061, 6236621.780981570482254 ], [ 787823.332169314380735, 6236622.772705715149641 ], [ 787823.461683839210309, 6236623.764429862610996 ], [ 787823.591198351001367, 6236624.756154011934996 ], [ 787823.720712849870324, 6236625.747878167778254 ], [ 787823.850227334303781, 6236626.739602325484157 ], [ 787823.979741806979291, 6236627.731326485052705 ], [ 787824.109256265452132, 6236628.723050648346543 ], [ 787824.238770710886456, 6236629.714774816296995 ], [ 787824.368285142001696, 6236630.706498985178769 ], [ 787824.497799561358988, 6236631.698223158717155 ], [ 787824.627313966397196, 6236632.68994733504951 ], [ 787824.756828358629718, 6236633.68167151324451 ], [ 787824.886342736659572, 6236634.673395696096122 ], [ 787825.015857102698646, 6236635.665119881741703 ], [ 787825.145371454418637, 6236636.656844069249928 ], [ 787825.274885793216527, 6236637.648568261414766 ], [ 787825.404400119092315, 6236638.640292456373572 ], [ 787825.533914431813173, 6236639.632016654126346 ], [ 787825.663428730214946, 6236640.623740853741765 ], [ 787825.792943015927449, 6236641.615465058013797 ], [ 787825.922457288368605, 6236642.607189266011119 ], [ 787826.051971547771245, 6236643.598913477733731 ], [ 787826.181485792971216, 6236644.590637691318989 ], [ 787826.311000026296824, 6236645.582361906766891 ], [ 787826.440514245419763, 6236646.57408612780273 ], [ 787826.570028450456448, 6236647.56581034976989 ], [ 787826.699542643502355, 6236648.557534577324986 ], [ 787826.829056822462007, 6236649.549258805811405 ], [ 787826.958570989430882, 6236650.540983038954437 ], [ 787827.088085142313503, 6236651.532707273028791 ], [ 787827.217599280877039, 6236652.524431513622403 ], [ 787827.347113407682627, 6236653.516155755147338 ], [ 787827.476627520285547, 6236654.50787999946624 ], [ 787827.606141619617119, 6236655.499604247510433 ], [ 787827.735655706143007, 6236656.491328500211239 ], [ 787827.865169778466225, 6236657.48305275477469 ], [ 787827.994683838798665, 6236658.474777010269463 ], [ 787828.12419788504485, 6236659.466501271352172 ], [ 787828.25371191825252, 6236660.458225537091494 ], [ 787828.383225937141106, 6236661.449949802830815 ], [ 787828.512739944271743, 6236662.441674072295427 ], [ 787828.642253937199712, 6236663.43339834548533 ], [ 787828.771767917089164, 6236664.425122622400522 ], [ 787828.901281883823685, 6236665.41684690117836 ], [ 787829.030795836471952, 6236666.408571183681488 ], [ 787829.160309777245857, 6236667.400295470841229 ], [ 787829.289823703817092, 6236668.392019759863615 ], [ 787829.419337617466226, 6236669.383744051679969 ], [ 787829.548851516679861, 6236670.37546834629029 ], [ 787829.678365404019132, 6236671.367192644625902 ], [ 787829.80787927727215, 6236672.358916945755482 ], [ 787829.937393137486652, 6236673.350641251541674 ], [ 787830.066906984779052, 6236674.342365559190512 ], [ 787830.196420817635953, 6236675.334089869633317 ], [ 787830.325934638734907, 6236676.325814183801413 ], [ 787830.455448445631191, 6236677.317538499832153 ], [ 787830.58496223972179, 6236678.30926282145083 ], [ 787830.714476019144058, 6236679.300987144932151 ], [ 787830.843989787157625, 6236680.292711470276117 ], [ 787830.973503540619276, 6236681.284435801208019 ], [ 787831.103017281042412, 6236682.276160134002566 ], [ 787831.232531008659862, 6236683.267884468659759 ], [ 787831.362044721958227, 6236684.259608807042241 ], [ 787831.491558422101662, 6236685.251333150081336 ], [ 787831.621072110719979, 6236686.243057496845722 ], [ 787831.750585783738643, 6236687.23478184454143 ], [ 787831.880099444766529, 6236688.226506195962429 ], [ 787832.009613091824576, 6236689.21823055204004 ], [ 787832.139126726891845, 6236690.209954908117652 ], [ 787832.268640347872861, 6236691.201679268851876 ], [ 787832.398153954534791, 6236692.193403633311391 ], [ 787832.527667549438775, 6236693.185128000564873 ], [ 787832.657181130023673, 6236694.176852370612323 ], [ 787832.786694697570056, 6236695.168576745316386 ], [ 787832.916208252077922, 6236696.160301120951772 ], [ 787833.045721793780103, 6236697.152025500312448 ], [ 787833.175235321046785, 6236698.143749885261059 ], [ 787833.30474883527495, 6236699.135474272072315 ], [ 787833.434262336464599, 6236700.127198659814894 ], [ 787833.563775824615732, 6236701.118923051282763 ], [ 787833.693289298797026, 6236702.110647448338568 ], [ 787833.822802760754712, 6236703.102371845394373 ], [ 787833.952316208742559, 6236704.094096248969436 ], [ 787834.08182964369189, 6236705.085820652544498 ], [ 787834.211343064322136, 6236706.077545060776174 ], [ 787834.340856473194435, 6236707.06926947273314 ], [ 787834.47036986774765, 6236708.060993885621428 ], [ 787834.599883249262348, 6236709.052718304097652 ], [ 787834.729396616690792, 6236710.044442724436522 ], [ 787834.858909972244874, 6236711.036167149432003 ], [ 787834.988423313479871, 6236712.027891575358808 ], [ 787835.117936641792767, 6236713.019616005010903 ], [ 787835.247449957067147, 6236714.011340439319611 ], [ 787835.376963259186596, 6236715.003064874559641 ], [ 787835.506476547336206, 6236715.994789315387607 ], [ 787835.635989822098054, 6236716.986513756215572 ], [ 787835.765503084054217, 6236717.978238202631474 ], [ 787835.807995338691399, 6236718.303614999167621 ], [ 787835.866522009600885, 6236719.302046615630388 ], [ 787835.925048666773364, 6236720.300478234887123 ], [ 787835.983575309626758, 6236721.298909852281213 ], [ 787836.042101939674467, 6236722.297341473400593 ], [ 787836.100628555752337, 6236723.29577309358865 ], [ 787836.159155158908106, 6236724.294204715639353 ], [ 787836.217681747861207, 6236725.292636339552701 ], [ 787836.276208322960883, 6236726.291067965328693 ], [ 787836.334734885254875, 6236727.289499591104686 ], [ 787836.393261433346197, 6236728.287931218743324 ], [ 787836.451787967467681, 6236729.286362847313285 ], [ 787836.510314488783479, 6236730.284794475883245 ], [ 787836.568840995896608, 6236731.283226108178496 ], [ 787836.627367489039898, 6236732.281657738611102 ], [ 787836.685893969377503, 6236733.280089372768998 ], [ 787836.744420435512438, 6236734.278521006926894 ], [ 787836.802946888958104, 6236735.276952643878758 ], [ 787836.8614733282011, 6236736.275384280830622 ], [ 787836.919999754754826, 6236737.273815920576453 ], [ 787836.978526166058145, 6236738.272247559390962 ], [ 787837.037052564439364, 6236739.270679200068116 ], [ 787837.095578949898481, 6236740.269110841676593 ], [ 787837.154105321271345, 6236741.267542485147715 ], [ 787837.212631678790785, 6236742.265974129550159 ], [ 787837.271158022223972, 6236743.264405774883926 ], [ 787837.329684352735057, 6236744.262837421149015 ], [ 787837.388210670324042, 6236745.261269070208073 ], [ 787837.446736972779036, 6236746.259700717404485 ], [ 787837.505263263592497, 6236747.258132368326187 ], [ 787837.563789539039135, 6236748.256564020179212 ], [ 787837.622315801680088, 6236749.254995673894882 ], [ 787837.680842050234787, 6236750.253427328541875 ], [ 787837.739368285983801, 6236751.251858983188868 ], [ 787837.797894507646561, 6236752.250290638767183 ], [ 787837.856420715339482, 6236753.248722296208143 ], [ 787837.914946909993887, 6236754.247153954580426 ], [ 787837.973473090678453, 6236755.245585616677999 ], [ 787838.031999257509597, 6236756.244017276912928 ], [ 787838.090525411302224, 6236757.242448940873146 ], [ 787838.149051551008597, 6236758.240880602970719 ], [ 787838.207577677909285, 6236759.239312268793583 ], [ 787838.266103789675981, 6236760.237743934616446 ], [ 787838.324629889568314, 6236761.236175602301955 ], [ 787838.383155974443071, 6236762.234607271850109 ], [ 787838.441682046279311, 6236763.233038941398263 ], [ 787838.500208105309866, 6236764.231470610946417 ], [ 787838.558734150370583, 6236765.229902284219861 ], [ 787838.61726018122863, 6236766.228333957493305 ], [ 787838.675786198116839, 6236767.226765631698072 ], [ 787838.734312202315778, 6236768.225197307765484 ], [ 787838.792838192195632, 6236769.223628984764218 ], [ 787838.8513641692698, 6236770.222060663625598 ], [ 787838.90989013237413, 6236771.220492344349623 ], [ 787838.968416081508622, 6236772.218924025073647 ], [ 787839.026942017488182, 6236773.217355705797672 ], [ 787839.085467939730734, 6236774.215787390246987 ], [ 787839.14399384893477, 6236775.214219072833657 ], [ 787839.202519744168967, 6236776.21265076007694 ], [ 787839.26104562531691, 6236777.2110824463889 ], [ 787839.319571492495015, 6236778.209514134563506 ], [ 787839.378097346634604, 6236779.207945823669434 ], [ 787839.436623188201338, 6236780.206377514638007 ], [ 787839.495149014284834, 6236781.20480920560658 ], [ 787839.553674827562645, 6236782.203240897506475 ], [ 787839.61220062803477, 6236783.201672592200339 ], [ 787839.670726414304227, 6236784.200104287825525 ], [ 787839.729252186720259, 6236785.198535984382033 ], [ 787839.787777944933623, 6236786.196967682801187 ], [ 787839.846303690457717, 6236787.195399381220341 ], [ 787839.904829422943294, 6236788.193831079639494 ], [ 787839.96335514029488, 6236789.192262782715261 ], [ 787840.021880844724365, 6236790.190694485791028 ], [ 787840.080406536348164, 6236791.189126189798117 ], [ 787840.13893221388571, 6236792.187557894736528 ], [ 787840.197457877453417, 6236793.18598959967494 ], [ 787840.255983526818454, 6236794.184421308338642 ], [ 787840.314509163494222, 6236795.182853017002344 ], [ 787840.373034787131473, 6236796.181284723803401 ], [ 787840.431560395751148, 6236797.179716438055038 ], [ 787840.490085991332307, 6236798.178148148581386 ], [ 787840.548611574107781, 6236799.176579862833023 ], [ 787840.607137141749263, 6236800.175011578947306 ], [ 787840.665662697516382, 6236801.173443293198943 ], [ 787840.724188238149509, 6236802.171875012107193 ], [ 787840.782713765976951, 6236803.170306731015444 ], [ 787840.841239279601723, 6236804.168738448992372 ], [ 787840.89976478042081, 6236805.16717017069459 ], [ 787840.958290267270058, 6236806.165601892396808 ], [ 787841.016815740033053, 6236807.164033615961671 ], [ 787841.075341199990362, 6236808.162465341389179 ], [ 787841.133866645861417, 6236809.160897066816688 ], [ 787841.192392078926787, 6236810.159328794106841 ], [ 787841.250917496625334, 6236811.157760521396995 ], [ 787841.309442902682349, 6236812.156192252412438 ], [ 787841.367968293488957, 6236813.154623981565237 ], [ 787841.426493671489879, 6236814.153055712580681 ], [ 787841.485019036568701, 6236815.15148744545877 ], [ 787841.543544386513531, 6236816.149919180199504 ], [ 787841.60206972353626, 6236817.148350915871561 ], [ 787841.660595047636889, 6236818.146782651543617 ], [ 787841.719120357884094, 6236819.145214390009642 ], [ 787841.77764565392863, 6236820.143646128475666 ], [ 787841.836170935770497, 6236821.142077868804336 ], [ 787841.894696204923093, 6236822.140509611926973 ], [ 787841.953221461270005, 6236823.138941353186965 ], [ 787842.011746702366509, 6236824.137373096309602 ], [ 787842.070271930540912, 6236825.135804841294885 ], [ 787842.128797145793214, 6236826.134236589074135 ], [ 787842.187322347192094, 6236827.132668336853385 ], [ 787842.245847534388304, 6236828.131100084632635 ], [ 787842.304372707614675, 6236829.12953183427453 ], [ 787842.362897867918946, 6236830.127963585779071 ], [ 787842.421423015417531, 6236831.126395337283611 ], [ 787842.479948147665709, 6236832.124827092513442 ], [ 787842.529446550877765, 6236832.969264100305736 ], [ 787842.843254128703848, 6236833.918904013931751 ], [ 787843.157061694655567, 6236834.868543937802315 ], [ 787843.47086925059557, 6236835.818183867260814 ], [ 787843.78467679489404, 6236836.767823805101216 ], [ 787844.098484327550977, 6236837.717463752254844 ], [ 787844.412291848682798, 6236838.66710370592773 ], [ 787844.726099358405918, 6236839.616743665188551 ], [ 787845.039906857651658, 6236840.566383635625243 ], [ 787845.353714346652851, 6236841.516023612581193 ], [ 787845.667521822848357, 6236842.465663597919047 ], [ 787845.9813292886829, 6236843.415303590707481 ], [ 787846.295136742992327, 6236844.364943590015173 ], [ 787846.608944185893051, 6236845.314583598636091 ], [ 787846.922751618316397, 6236846.264223615638912 ], [ 787847.236559039214626, 6236847.213863641023636 ], [ 787847.550366448587738, 6236848.163503672927618 ], [ 787847.864173846552148, 6236849.113143712282181 ], [ 787848.177981233922765, 6236850.062783757224679 ], [ 787848.491788609884679, 6236851.012423812411726 ], [ 787848.805595974437892, 6236851.962063876911998 ], [ 787849.119403328513727, 6236852.911703947000206 ], [ 787849.433210670948029, 6236853.861344026401639 ], [ 787849.747018002090044, 6236854.810984114184976 ], [ 787850.060825321474113, 6236855.760624207556248 ], [ 787850.374632630497217, 6236856.710264310240746 ], [ 787850.688439928228036, 6236857.659904420375824 ], [ 787851.00224721536506, 6236858.609544537961483 ], [ 787851.316054489929229, 6236859.559184664860368 ], [ 787851.629861754016019, 6236860.508824797347188 ], [ 787851.943669006694108, 6236861.458464939147234 ], [ 787852.257476248894818, 6236862.408105088397861 ], [ 787852.571283479686826, 6236863.357745246961713 ], [ 787852.885090698953718, 6236864.307385411113501 ], [ 787853.198897906579077, 6236865.257025584578514 ], [ 787853.512705102562904, 6236866.206665763631463 ], [ 787853.826512288535014, 6236867.156305953860283 ], [ 787854.140319463796914, 6236868.105946149677038 ], [ 787854.454126626602374, 6236869.055586352944374 ], [ 787854.767933778930455, 6236870.005226565524936 ], [ 787855.08174091973342, 6236870.954866783693433 ], [ 787855.395548049011268, 6236871.904507013037801 ], [ 787855.709355168044567, 6236872.854147247970104 ], [ 787856.023162275319919, 6236873.803787490352988 ], [ 787856.336969371186569, 6236874.753427742049098 ], [ 787856.650776455528103, 6236875.703068000264466 ], [ 787856.964583529508673, 6236876.652708267793059 ], [ 787857.278390591964126, 6236877.602348543703556 ], [ 787857.592197644058615, 6236878.551988824270666 ], [ 787857.906004683347419, 6236879.501629115082324 ], [ 787858.219811712391675, 6236880.451269413344562 ], [ 787858.533618729794398, 6236881.400909718126059 ], [ 787858.847425736952573, 6236882.350550032220781 ], [ 787859.161232732469216, 6236883.300190353766084 ], [ 787859.475039716577157, 6236884.24983068369329 ], [ 787859.788846689043567, 6236885.199471020139754 ], [ 787860.102653651265427, 6236886.149111365899444 ], [ 787860.416460601729341, 6236887.098751719109714 ], [ 787860.730267541017383, 6236888.048392079770565 ], [ 787861.044074469711632, 6236888.998032448813319 ], [ 787861.357881385600194, 6236889.947672823444009 ], [ 787861.671688291244209, 6236890.897313207387924 ], [ 787861.985495186410844, 6236891.846953600645065 ], [ 787862.299302070401609, 6236892.796593999490142 ], [ 787862.613108941353858, 6236893.746234407648444 ], [ 787862.926915803225711, 6236894.695874823257327 ], [ 787863.240722652291879, 6236895.645515246316791 ], [ 787863.554529491113499, 6236896.595155677758157 ], [ 787863.868336318526417, 6236897.544796116650105 ], [ 787864.182143135345541, 6236898.494436563923955 ], [ 787864.49594993959181, 6236899.444077017717063 ], [ 787864.8097567333607, 6236900.393717480823398 ], [ 787865.123563516885042, 6236901.34335795044899 ], [ 787865.437370287603699, 6236902.292998428456485 ], [ 787865.751177048077807, 6236903.242638915777206 ], [ 787866.064983796793967, 6236904.192279409617186 ], [ 787866.378790534101427, 6236905.1419199090451 ], [ 787866.692597261164337, 6236906.091560417786241 ], [ 787867.006403976585716, 6236907.041200934909284 ], [ 787867.320210680365562, 6236907.990841460414231 ], [ 787867.634017374017276, 6236908.940481995232403 ], [ 787867.947824056027457, 6236909.890122534707189 ], [ 787868.261630726512522, 6236910.839763084426522 ], [ 787868.575437385472469, 6236911.789403639733791 ], [ 787868.889244033955038, 6236912.739044205285609 ], [ 787869.203050670912489, 6236913.688684776425362 ], [ 787869.516857296461239, 6236914.638325355947018 ], [ 787869.830663911532611, 6236915.587965943850577 ], [ 787870.14447051519528, 6236916.537606539204717 ], [ 787870.458277107449248, 6236917.48724714294076 ], [ 787870.772083687828854, 6236918.436887752264738 ], [ 787871.085890257963911, 6236919.386528372764587 ], [ 787871.399696816690266, 6236920.336168998852372 ], [ 787871.713503364939243, 6236921.285809634253383 ], [ 787872.027309900498949, 6236922.235450275242329 ], [ 787872.341116425814107, 6236923.185090927407146 ], [ 787872.654922939371318, 6236924.134731585159898 ], [ 787872.968729442800395, 6236925.084372252225876 ], [ 787873.282535934587941, 6236926.034012924879789 ], [ 787873.596342413569801, 6236926.983653606846929 ], [ 787873.910148883471265, 6236927.933294296264648 ], [ 787874.22395534068346, 6236928.882934994064271 ], [ 787874.537761787418276, 6236929.83257569745183 ], [ 787874.851568223908544, 6236930.782216411083937 ], [ 787875.165374647593126, 6236931.731857132166624 ], [ 787875.479181060916744, 6236932.681497860699892 ], [ 787875.792987462831661, 6236933.631138596683741 ], [ 787876.106793852988631, 6236934.58077934011817 ], [ 787876.420600232901052, 6236935.53042009472847 ], [ 787876.734406601404771, 6236936.48006085306406 ], [ 787877.048212958266959, 6236937.429701621644199 ], [ 787877.362019304884598, 6236938.379342397674918 ], [ 787877.675825638696551, 6236939.328983180224895 ], [ 787877.989631963195279, 6236940.278623971156776 ], [ 787878.303438275121152, 6236941.228264769539237 ], [ 787878.617244576569647, 6236942.177905577234924 ], [ 787878.931050866609439, 6236943.127546392381191 ], [ 787879.244857145124115, 6236944.077187214046717 ], [ 787879.558663411997259, 6236945.026828043162823 ], [ 787879.872469668742269, 6236945.9764688834548 ], [ 787880.186275913612917, 6236946.926109728403389 ], [ 787880.500082148355432, 6236947.875750583596528 ], [ 787880.813888370175846, 6236948.825391443446279 ], [ 787881.127694581751712, 6236949.7750323144719 ], [ 787881.441500782966614, 6236950.724673191085458 ], [ 787881.755306971492246, 6236951.674314076080918 ], [ 787882.069113149656914, 6236952.623954970389605 ], [ 787882.382919316296466, 6236953.573595870286226 ], [ 787882.696725472458638, 6236954.523236778564751 ], [ 787883.010531617328525, 6236955.472877696156502 ], [ 787883.324337750440463, 6236956.42251862026751 ], [ 787883.638143872143701, 6236957.3721595518291 ], [ 787883.951949983369559, 6236958.321800492703915 ], [ 787884.265756082022563, 6236959.271441439166665 ], [ 787884.57956217136234, 6236960.221082396805286 ], [ 787884.893368248129264, 6236961.170723358169198 ], [ 787885.207174314418808, 6236962.120364330708981 ], [ 787885.52098036929965, 6236963.070005308836699 ], [ 787885.834786412422545, 6236964.019646296277642 ], [ 787886.148592445300892, 6236964.969287291169167 ], [ 787886.462398466537707, 6236965.918928293511271 ], [ 787886.77620447636582, 6236966.86856930423528 ], [ 787887.090010475716554, 6236967.818210321478546 ], [ 787887.403816462494433, 6236968.767851347103715 ], [ 787887.717622438911349, 6236969.717492381110787 ], [ 787888.031428404850885, 6236970.667133424431086 ], [ 787888.345234358217567, 6236971.616774473339319 ], [ 787888.65904030110687, 6236972.566415531560779 ], [ 787888.97284623363521, 6236973.516056597232819 ], [ 787889.152910522650927, 6236974.060968060977757 ], [ 787889.565949259209447, 6236974.971842000260949 ], [ 787889.978987986105494, 6236975.882715947926044 ], [ 787890.392026703571901, 6236976.793589906767011 ], [ 787890.80506541125942, 6236977.704463875852525 ], [ 787891.218104110797867, 6236978.615337854251266 ], [ 787891.631142799393274, 6236979.526211842894554 ], [ 787892.044181479723193, 6236980.437085840851068 ], [ 787892.45722015039064, 6236981.347959849983454 ], [ 787892.870258812792599, 6236982.25883387029171 ], [ 787893.283297464367934, 6236983.169707897119224 ], [ 787893.696336107561365, 6236984.080581935122609 ], [ 787894.109374741325155, 6236984.991455985233188 ], [ 787894.522413366474211, 6236985.902330042794347 ], [ 787894.935451981145889, 6236986.813204111531377 ], [ 787895.348490587202832, 6236987.724078190512955 ], [ 787895.76152918394655, 6236988.634952278807759 ], [ 787896.174567770911381, 6236989.545826378278434 ], [ 787896.587606349494308, 6236990.456700487062335 ], [ 787897.000644918647595, 6236991.367574607953429 ], [ 787897.413683478021994, 6236992.278448734432459 ], [ 787897.826722027966753, 6236993.189322872087359 ], [ 787898.239760568598285, 6236994.100197022780776 ], [ 787898.652799100615084, 6236995.011071179062128 ], [ 787899.065837623085827, 6236995.921945349313319 ], [ 787899.478876135777682, 6236996.832819529809058 ], [ 787899.891914639272727, 6236997.743693716824055 ], [ 787900.304953134269454, 6236998.65456791780889 ], [ 787900.717991619487293, 6236999.565442126244307 ], [ 787901.131030095391907, 6237000.476316345855594 ], [ 787901.544068561634049, 6237001.387190574780107 ], [ 787901.957107019494288, 6237002.298064812086523 ], [ 787902.370145466644317, 6237003.208939061500132 ], [ 787902.783183905296028, 6237004.11981332115829 ], [ 787903.196222335798666, 6237005.030687590129673 ], [ 787903.609260755474679, 6237005.941561870276928 ], [ 787904.022299166768789, 6237006.852436158806086 ], [ 787904.435337568400428, 6237007.763310457579792 ], [ 787904.84837596048601, 6237008.674184767529368 ], [ 787905.261414343025535, 6237009.585059086792171 ], [ 787905.674452717183158, 6237010.495933415368199 ], [ 787906.087491081794724, 6237011.406807756982744 ], [ 787906.500529436860234, 6237012.317682104185224 ], [ 787906.913567782379687, 6237013.228556463494897 ], [ 787907.326606119517237, 6237014.139430833980441 ], [ 787907.739644446992315, 6237015.050305212847888 ], [ 787908.152682765037753, 6237015.961179601959884 ], [ 787908.565721073304303, 6237016.872053999453783 ], [ 787908.978759373305365, 6237017.782928409986198 ], [ 787909.391797662712634, 6237018.693802829831839 ], [ 787909.804835943505168, 6237019.604677259922028 ], [ 787910.217874214868061, 6237020.51555169839412 ], [ 787910.630912477849051, 6237021.426426148042083 ], [ 787911.04395073116757, 6237022.337300607934594 ], [ 787911.456988974940032, 6237023.248175079002976 ], [ 787911.870027209282853, 6237024.159049555659294 ], [ 787912.283065433846787, 6237025.06992404628545 ], [ 787912.696103650261648, 6237025.980798546224833 ], [ 787913.109141857014038, 6237026.891673054546118 ], [ 787913.522180054103956, 6237027.802547575905919 ], [ 787913.935218241997063, 6237028.713422104716301 ], [ 787914.348256419878453, 6237029.624296643771231 ], [ 787914.76129458961077, 6237030.535171194002032 ], [ 787915.174332749564201, 6237031.446045752614737 ], [ 787915.587370901368558, 6237032.356920324265957 ], [ 787916.000409042346291, 6237033.267794903367758 ], [ 787916.413447174942121, 6237034.178669491782784 ], [ 787916.82648529810831, 6237035.089544093236327 ], [ 787917.239523411495611, 6237036.000418703071773 ], [ 787917.652561516501009, 6237036.911293322220445 ], [ 787918.065599610796198, 6237037.822167952544987 ], [ 787918.478637696709484, 6237038.733042592182755 ], [ 787918.891675773193128, 6237039.643917242065072 ], [ 787919.304713841178454, 6237040.55479190312326 ], [ 787919.717751898453571, 6237041.465666571632028 ], [ 787920.130789947346784, 6237042.376541252247989 ], [ 787920.543827986577526, 6237043.287415943108499 ], [ 787920.956866017542779, 6237044.19829064141959 ], [ 787921.369904037797824, 6237045.109165352769196 ], [ 787921.782942049438134, 6237046.020040072500706 ], [ 787922.195980051765218, 6237046.930914802476764 ], [ 787922.609018044313416, 6237047.84178954269737 ], [ 787923.022056028712541, 6237048.75266429129988 ], [ 787923.435094002168626, 6237049.663539052009583 ], [ 787923.848131967359222, 6237050.574413822963834 ], [ 787924.261169924167916, 6237051.485288601368666 ], [ 787924.674207870149985, 6237052.396163392812014 ], [ 787925.087245807866566, 6237053.30703819449991 ], [ 787925.50028373580426, 6237054.217913003638387 ], [ 787925.913321654312313, 6237055.128787823021412 ], [ 787926.326359563274309, 6237056.039662653580308 ], [ 787926.739397463737987, 6237056.95053749345243 ], [ 787927.152435354772024, 6237057.8614123435691 ], [ 787927.56547323637642, 6237058.772287204861641 ], [ 787927.978511108085513, 6237059.683162074536085 ], [ 787928.391548971529119, 6237060.5940369553864 ], [ 787928.804586825426668, 6237061.504911845549941 ], [ 787929.217624669778161, 6237062.415786746889353 ], [ 787929.630662504350767, 6237063.326661654748023 ], [ 787930.043700329610147, 6237064.237536575645208 ], [ 787930.456738146487623, 6237065.148411506786942 ], [ 787930.869775953702629, 6237066.059286447241902 ], [ 787931.282813751371577, 6237066.970161397010088 ], [ 787931.695851540658623, 6237067.881036357954144 ], [ 787932.108889320516028, 6237068.791911329142749 ], [ 787932.521927089430392, 6237069.70278630964458 ], [ 787932.934964851243421, 6237070.613661300390959 ], [ 787933.348002602346241, 6237071.524536300450563 ], [ 787933.761040344950743, 6237072.435411311686039 ], [ 787934.174078077892773, 6237073.34628633223474 ], [ 787934.587115801521577, 6237074.257161362096667 ], [ 787935.000153515371494, 6237075.168036404065788 ], [ 787935.413191220955923, 6237076.078911453485489 ], [ 787935.826228915830143, 6237076.989786515012383 ], [ 787936.239266602322459, 6237077.900661584921181 ], [ 787936.652304280316457, 6237078.81153666600585 ], [ 787937.065341947600245, 6237079.722411757335067 ], [ 787937.478379606385715, 6237080.633286856114864 ], [ 787937.891417255857959, 6237081.544161967933178 ], [ 787938.304454895551316, 6237082.455037089064717 ], [ 787938.717492526979186, 6237083.365912219509482 ], [ 787939.130530148744583, 6237084.276787360198796 ], [ 787939.54356776108034, 6237085.187662510201335 ], [ 787939.956605363637209, 6237086.098537672311068 ], [ 787940.369642956880853, 6237087.009412843734026 ], [ 787940.782680541509762, 6237087.920288023538888 ], [ 787941.195718116709031, 6237088.83116321451962 ], [ 787941.608755682362244, 6237089.742038416676223 ], [ 787942.021793238352984, 6237090.652913626283407 ], [ 787942.434830785961822, 6237091.563788847997785 ], [ 787942.847868324141018, 6237092.474664079025388 ], [ 787943.260905852541327, 6237093.385539319366217 ], [ 787943.673943371511996, 6237094.296414570882916 ], [ 787944.086980882100761, 6237095.207289830781519 ], [ 787944.21145607624203, 6237095.481796080246568 ], [ 787944.10503997746855, 6237096.476265460252762 ], [ 787943.998623865889385, 6237097.470734836533666 ], [ 787943.892207740922458, 6237098.465204209089279 ], [ 787943.785791601752862, 6237099.459673578850925 ], [ 787943.679375450592488, 6237100.45414294488728 ], [ 787943.572959285927936, 6237101.448612308129668 ], [ 787943.466543108457699, 6237102.443081667646766 ], [ 787943.360126916551962, 6237103.437551024369895 ], [ 787943.253710712306201, 6237104.432020377367735 ], [ 787943.147294494090602, 6237105.426489727571607 ], [ 787943.04087826248724, 6237106.420959074981511 ], [ 787942.934462019009516, 6237107.415428416803479 ], [ 787942.828045761096291, 6237108.409897757694125 ], [ 787942.72162948991172, 6237109.404367094859481 ], [ 787942.615213205688633, 6237110.398836428299546 ], [ 787942.508796908194199, 6237111.393305759876966 ], [ 787942.402380597544834, 6237112.387775085866451 ], [ 787942.295964273740537, 6237113.382244410924613 ], [ 787942.189547936664894, 6237114.37671373039484 ], [ 787942.08313158666715, 6237115.371183048933744 ], [ 787941.976715222001076, 6237116.365652361884713 ], [ 787941.870298845460638, 6237117.360121672973037 ], [ 787941.763882454484701, 6237118.35459098033607 ], [ 787941.65746605140157, 6237119.349060284905136 ], [ 787941.551049634348601, 6237120.343529586680233 ], [ 787941.444633204955608, 6237121.337998883798718 ], [ 787941.338216761127114, 6237122.332468178123236 ], [ 787941.23180030437652, 6237123.326937470585108 ], [ 787941.125383834354579, 6237124.321406757459044 ], [ 787941.018967351061292, 6237125.315876044332981 ], [ 787940.912550854729488, 6237126.310345325618982 ], [ 787940.806134345242754, 6237127.304814603179693 ], [ 787940.699717822484672, 6237128.299283877015114 ], [ 787940.593301286455244, 6237129.293753148987889 ], [ 787940.486884736223146, 6237130.28822241909802 ], [ 787940.380468173651025, 6237131.282691681757569 ], [ 787940.274051597109064, 6237132.277160944417119 ], [ 787940.167635008459911, 6237133.271630203351378 ], [ 787940.061218405375257, 6237134.266099458560348 ], [ 787939.954801790299825, 6237135.260568710044026 ], [ 787939.848385160788894, 6237136.255037958733737 ], [ 787939.741968518355861, 6237137.249507204629481 ], [ 787939.635551862535067, 6237138.243976445868611 ], [ 787939.529135193442926, 6237139.238445686176419 ], [ 787939.422718511312269, 6237140.232914920896292 ], [ 787939.31630181602668, 6237141.227384153753519 ], [ 787939.20988510758616, 6237142.221853383816779 ], [ 787939.103468385757878, 6237143.216322609223425 ], [ 787938.99705165089108, 6237144.210791830904782 ], [ 787938.890634901588783, 6237145.205261051654816 ], [ 787938.784218140412122, 6237146.199730267748237 ], [ 787938.677801364799961, 6237147.194199480116367 ], [ 787938.571384577197023, 6237148.188668690621853 ], [ 787938.464967775274999, 6237149.183137897402048 ], [ 787938.358550960081629, 6237150.17760709952563 ], [ 787938.252134132897481, 6237151.172076299786568 ], [ 787938.145717291394249, 6237152.166545496322215 ], [ 787938.039300436619669, 6237153.161014690995216 ], [ 787937.932883568806574, 6237154.15548387914896 ], [ 787937.826466687722132, 6237155.149953065440059 ], [ 787937.720049793366343, 6237156.14442224893719 ], [ 787937.613632885972038, 6237157.13889142870903 ], [ 787937.507215964142233, 6237158.133360607549548 ], [ 787937.400799030205235, 6237159.127829780802131 ], [ 787937.294382083346136, 6237160.122298950329423 ], [ 787937.187965121935122, 6237161.11676811799407 ], [ 787937.081548147369176, 6237162.111237281933427 ], [ 787936.975131160812452, 6237163.105706442147493 ], [ 787936.868714160053059, 6237164.100175600498915 ], [ 787936.762297145789489, 6237165.094644753262401 ], [ 787936.655880119884387, 6237166.089113904163241 ], [ 787936.549463079310954, 6237167.083583053201437 ], [ 787936.443046025582589, 6237168.078052196651697 ], [ 787936.336628958815709, 6237169.072521338239312 ], [ 787936.230211878893897, 6237170.066990476101637 ], [ 787936.123794784536585, 6237171.061459610238671 ], [ 787936.01737767807208, 6237172.055928742513061 ], [ 787935.910960558569059, 6237173.05039787106216 ], [ 787935.804543424630538, 6237174.044866995885968 ], [ 787935.698126278817654, 6237175.039336116053164 ], [ 787935.591709118452854, 6237176.033805235289037 ], [ 787935.485291946097277, 6237177.028274349868298 ], [ 787935.37887475953903, 6237178.02274346165359 ], [ 787935.272457559593022, 6237179.017212567850947 ], [ 787935.166040346724913, 6237180.011681674048305 ], [ 787935.059623121633194, 6237181.006150776520371 ], [ 787934.953205882105976, 6237182.000619873404503 ], [ 787934.846788629656658, 6237182.995088970288634 ], [ 787934.740371362771839, 6237183.989558062516153 ], [ 787934.633954083896242, 6237184.984027151018381 ], [ 787934.527536791749299, 6237185.978496236726642 ], [ 787934.421119486447424, 6237186.972965319640934 ], [ 787934.314702166710049, 6237187.967434397898614 ], [ 787934.208284835098311, 6237188.961903473362327 ], [ 787934.101867489051074, 6237189.956372547894716 ], [ 787933.995450131129473, 6237190.950841615907848 ], [ 787933.889032758655958, 6237191.945310681127012 ], [ 787933.782615373027511, 6237192.939779743552208 ], [ 787933.676197975641116, 6237193.934248804114759 ], [ 787933.569780563586392, 6237194.92871786095202 ], [ 787933.463363138376735, 6237195.923186911270022 ], [ 787933.356945700244978, 6237196.917655961588025 ], [ 787933.250528248725459, 6237197.91212500911206 ], [ 787933.14411078277044, 6237198.90659405104816 ], [ 787933.037693304941058, 6237199.901063092052937 ], [ 787932.93127581407316, 6237200.895532129332423 ], [ 787932.8248583098175, 6237201.89000116288662 ], [ 787932.718440791126341, 6237202.88447019085288 ], [ 787932.612023260677233, 6237203.878939218819141 ], [ 787932.505605715676211, 6237204.873408241197467 ], [ 787932.399188157636672, 6237205.867877261713147 ], [ 787932.292770587373525, 6237206.862346278503537 ], [ 787932.186353002907708, 6237207.856815292499959 ], [ 787932.079935405403376, 6237208.851284302771091 ], [ 787931.973517794394866, 6237209.845753310248256 ], [ 787931.86710017034784, 6237210.84022231400013 ], [ 787931.760682533029467, 6237211.834691315889359 ], [ 787931.654264882788993, 6237212.829160313121974 ], [ 787931.54784721811302, 6237213.8236293066293 ], [ 787931.441429541213438, 6237214.818098297342658 ], [ 787931.33501185127534, 6237215.812567285262048 ], [ 787931.228594147018157, 6237216.807036269456148 ], [ 787931.122176430653781, 6237217.801505249924958 ], [ 787931.01575869997032, 6237218.7959742275998 ], [ 787930.909340957412496, 6237219.790443204343319 ], [ 787930.802923200302757, 6237220.78491217456758 ], [ 787930.696505430154502, 6237221.779381142929196 ], [ 787930.590087646734901, 6237222.773850107565522 ], [ 787930.483669850160368, 6237223.768319070339203 ], [ 787930.377252040430903, 6237224.762788027524948 ], [ 787930.270834217430092, 6237225.757256980985403 ], [ 787930.16441638127435, 6237226.751725932583213 ], [ 787930.057998531963676, 6237227.746194881387055 ], [ 787929.951580668333918, 6237228.740663826465607 ], [ 787929.845162792596966, 6237229.735132768750191 ], [ 787929.738744903821498, 6237230.729601708240807 ], [ 787929.63232700061053, 6237231.724070644006133 ], [ 787929.525909085292369, 6237232.718539576977491 ], [ 787929.419491155771539, 6237233.713008505292237 ], [ 787929.313073212862946, 6237234.707477428950369 ], [ 787929.206655257032253, 6237235.701946351677179 ], [ 787929.100237288046628, 6237236.696415271610022 ], [ 787928.993819305556826, 6237237.690884185954928 ], [ 787928.887401310144924, 6237238.685353100299835 ], [ 787928.780983301461674, 6237239.679822007194161 ], [ 787928.674565279739909, 6237240.67429091501981 ], [ 787928.568147244630381, 6237241.668759816326201 ], [ 787928.461729196365923, 6237242.663228716701269 ], [ 787928.355311133898795, 6237243.65769761428237 ], [ 787928.248893059208058, 6237244.652166506275535 ], [ 787928.142474970198236, 6237245.646635396406054 ], [ 787928.036056869430467, 6237246.641104281879961 ], [ 787927.929638754110783, 6237247.635573165491223 ], [ 787927.823220625519753, 6237248.630042045377195 ], [ 787927.716802485054359, 6237249.624510921537876 ], [ 787927.610384330386296, 6237250.61897979490459 ], [ 787927.503966162214056, 6237251.613448665477335 ], [ 787927.397547981003299, 6237252.607917532324791 ], [ 787927.291129786637612, 6237253.602386395446956 ], [ 787927.184711577720009, 6237254.596855254843831 ], [ 787927.078293357044458, 6237255.591324111446738 ], [ 787926.971875122981146, 6237256.585792964324355 ], [ 787926.865456876112148, 6237257.580261815339327 ], [ 787926.75903861457482, 6237258.574730664491653 ], [ 787926.652620341163129, 6237259.569199507124722 ], [ 787926.546202053199522, 6237260.563668347895145 ], [ 787926.4397837521974, 6237261.558137185871601 ], [ 787926.333365438971668, 6237262.552606020122766 ], [ 787926.226947111776099, 6237263.547074850648642 ], [ 787926.120528771076351, 6237264.541543678380549 ], [ 787926.014110417570919, 6237265.536012503318489 ], [ 787925.907692050561309, 6237266.530481323599815 ], [ 787925.801273670280352, 6237267.524950141087174 ], [ 787925.69485527719371, 6237268.519418956711888 ] ] } }
]
}
