{
"type": "FeatureCollection",
"crs": { "type": "name", "properties": { "name": "urn:ogc:def:crs:EPSG::32718" } },
"features": [
{ "type": "Feature", "properties": { "name": "reference shoreline 1" }, "geometry": { "type": "LineString", "coordinates": [ [ 770393.633143278770149, 6171658.884248305112123 ], [ 770394.047672658925876, 6171657.974284818395972 ], [ 770394.462202030932531, 6171657.06432132422924 ], [ 770394.87673139362596, 6171656.154357817023993 ], [ 770395.291260748286732, 6171655.244394300505519 ], [ 770395.705790094798431, 6171654.334430772811174 ], [ 770396.12031943211332, 6171653.424467232078314 ], [ 770396.534848761279136, 6171652.514503685757518 ], [ 770396.949378081015311, 6171651.604540125466883 ], [ 770397.363907393068075, 6171650.694576557725668 ], [ 770397.778436696622521, 6171649.784612976014614 ], [ 770398.19296599086374, 6171648.874649385921657 ], [ 770398.607495276024565, 6171647.964685784652829 ], [ 770399.02202455420047, 6171647.054722173139453 ], [ 770399.43655382306315, 6171646.144758550450206 ], [ 770399.851083082845435, 6171645.234794918447733 ], [ 770400.265612334245816, 6171644.324831276200712 ], [ 770400.680141577729955, 6171643.414867621846497 ], [ 770401.094670811900869, 6171642.504903958179057 ], [ 770401.509200037806295, 6171641.594940284267068 ], [ 770401.923729254631326, 6171640.684976598247886 ], [ 770402.338258463190868, 6171639.775012902915478 ], [ 770402.752787663717754, 6171638.865049196407199 ], [ 770403.167316854931414, 6171637.955085480585694 ], [ 770403.581846038112417, 6171637.045121753588319 ], [ 770403.996375212096609, 6171636.135158016346395 ], [ 770404.410904377698898, 6171635.225194266997278 ], [ 770404.825433535384946, 6171634.315230509266257 ], [ 770405.239962683757767, 6171633.405266739428043 ], [ 770405.654491824097931, 6171632.495302960276604 ], [ 770406.069020955008455, 6171631.585339169949293 ], [ 770406.483550077886321, 6171630.675375370308757 ], [ 770406.898079192731529, 6171629.76541155949235 ], [ 770407.312608298147097, 6171628.855447736568749 ], [ 770407.727137395530008, 6171627.945483905263245 ], [ 770408.141666483599693, 6171627.035520063713193 ], [ 770408.55619556363672, 6171626.125556209124625 ], [ 770408.970724634360522, 6171625.215592346154153 ], [ 770409.385253696935251, 6171624.305628472939134 ], [ 770409.799782751477323, 6171623.39566458761692 ], [ 770410.214311796822585, 6171622.485700693912804 ], [ 770410.628840833902359, 6171621.575736787170172 ], [ 770411.04336986283306, 6171620.665772872045636 ], [ 770411.457898882683367, 6171619.75580894574523 ], [ 770411.872427893104032, 6171618.845845010131598 ], [ 770412.286956896539778, 6171617.935881059616804 ], [ 770412.701485889730975, 6171617.025917104445398 ], [ 770413.116014875820838, 6171616.11595313437283 ], [ 770413.530543852597475, 6171615.20598915591836 ], [ 770413.94507282145787, 6171614.296025166288018 ], [ 770414.359601780772209, 6171613.386061167344451 ], [ 770414.774130732053891, 6171612.476097154431045 ], [ 770415.188659674255177, 6171611.566133134067059 ], [ 770415.603188608190976, 6171610.656169102527201 ], [ 770416.017717532813549, 6171609.746205061674118 ], [ 770416.432246450567618, 6171608.836241007782519 ], [ 770416.846775358077139, 6171607.926276946440339 ], [ 770417.261304258252494, 6171607.016312872990966 ], [ 770417.67583314946387, 6171606.106348788365722 ], [ 770418.090362031245604, 6171605.196384695358574 ], [ 770418.504890904878266, 6171604.286420589312911 ], [ 770418.919419770594686, 6171603.376456474885345 ], [ 770419.333948626648635, 6171602.466492349281907 ], [ 770419.748477475019172, 6171601.556528211571276 ], [ 770420.163006315007806, 6171600.64656406454742 ], [ 770420.577535145916045, 6171599.736599907279015 ], [ 770420.992063967511058, 6171598.826635740697384 ], [ 770421.406592782004736, 6171597.916671561077237 ], [ 770421.821121587301604, 6171597.006707372143865 ], [ 770422.235650383285247, 6171596.096743172965944 ], [ 770422.650179171236232, 6171595.186778963543475 ], [ 770423.064707951038145, 6171594.276814742945135 ], [ 770423.479236721526831, 6171593.366850512102246 ], [ 770423.893765483982861, 6171592.456886269152164 ], [ 770424.308294237125665, 6171591.546922018751502 ], [ 770424.722822982119396, 6171590.636957757174969 ], [ 770425.137351719080471, 6171589.726993484422565 ], [ 770425.551880446728319, 6171588.817029200494289 ], [ 770425.96640916611068, 6171587.907064907252789 ], [ 770426.38093787652906, 6171586.997100602835417 ], [ 770426.795466578565538, 6171586.087136287242174 ], [ 770427.209995272685774, 6171585.177171962335706 ], [ 770427.624523957492784, 6171584.267207626253366 ], [ 770428.039052634034306, 6171583.357243280857801 ], [ 770428.453581301379018, 6171582.447278924286366 ], [ 770428.868109960574657, 6171581.537314556539059 ], [ 770429.282638611737639, 6171580.627350178547204 ], [ 770429.697167253587395, 6171579.717385789379478 ], [ 770430.111695887288079, 6171578.807421391829848 ], [ 770430.526224511908367, 6171577.897456983104348 ], [ 770430.940753128146753, 6171576.987492561340332 ], [ 770431.355281735304743, 6171576.077528132125735 ], [ 770431.769810334313661, 6171575.167563691735268 ], [ 770432.184338925057091, 6171574.257599241100252 ], [ 770432.59886750660371, 6171573.347634779289365 ], [ 770433.013396080117673, 6171572.43767030723393 ], [ 770433.427924645598978, 6171571.527705824933946 ], [ 770433.842453201534227, 6171570.617741331458092 ], [ 770434.256981749553233, 6171569.707776825875044 ], [ 770434.671510288259014, 6171568.797812313772738 ], [ 770435.086038818815723, 6171567.887847786769271 ], [ 770435.500567339942791, 6171566.977883253246546 ], [ 770435.915095853153616, 6171566.067918707616627 ], [ 770436.318960161530413, 6171565.181363980285823 ], [ 770436.394964674953371, 6171564.184322007000446 ], [ 770436.47096917568706, 6171563.187280030921102 ], [ 770436.546973662218079, 6171562.190238052979112 ], [ 770436.622978136176243, 6171561.193196073174477 ], [ 770436.698982596048154, 6171560.196154089644551 ], [ 770436.774987043114379, 6171559.199112106114626 ], [ 770436.850991476327181, 6171558.20207011885941 ], [ 770436.92699589766562, 6171557.205028129741549 ], [ 770437.003000303870067, 6171556.207986135035753 ], [ 770437.079004697268829, 6171555.210944140329957 ], [ 770437.155009078094736, 6171554.213902143761516 ], [ 770437.231013444717973, 6171553.216860143467784 ], [ 770437.30701779841911, 6171552.219818139448762 ], [ 770437.383022139547393, 6171551.22277613542974 ], [ 770437.459026466589421, 6171550.225734127685428 ], [ 770437.535030779661611, 6171549.22869211807847 ], [ 770437.611035079928115, 6171548.231650106608868 ], [ 770437.687039367388934, 6171547.23460809327662 ], [ 770437.763043640647084, 6171546.237566074356437 ], [ 770437.839047901448794, 6171545.240524057298899 ], [ 770437.915052148047835, 6171544.24348203279078 ], [ 770437.99105638184119, 6171543.246440008282661 ], [ 770438.067060601664707, 6171542.249397981911898 ], [ 770438.143064808682539, 6171541.252355951815844 ], [ 770438.219069002894685, 6171540.255313918925822 ], [ 770438.295073183020577, 6171539.258271884173155 ], [ 770438.371077349409461, 6171538.261229848489165 ], [ 770438.447081502876244, 6171537.264187809079885 ], [ 770438.523085643537343, 6171536.267145768739283 ], [ 770438.599089770112187, 6171535.270103722810745 ], [ 770438.675093883881345, 6171534.273061676882207 ], [ 770438.751097984844819, 6171533.276019627228379 ], [ 770438.827102071954869, 6171532.278977576643229 ], [ 770438.903106144862249, 6171531.281935522332788 ], [ 770438.97911020508036, 6171530.284893466159701 ], [ 770439.055114252492785, 6171529.287851406261325 ], [ 770439.131118285935372, 6171528.290809342637658 ], [ 770439.207122306572273, 6171527.293767279945314 ], [ 770439.283126313239336, 6171526.296725215390325 ], [ 770439.359130306984298, 6171525.299683146178722 ], [ 770439.435134286759421, 6171524.302641075104475 ], [ 770439.511138253845274, 6171523.30559900123626 ], [ 770439.587142208009027, 6171522.308556923642755 ], [ 770439.663146148202941, 6171521.311514845117927 ], [ 770439.739150074310601, 6171520.314472764730453 ], [ 770439.815153988893144, 6171519.31743068061769 ], [ 770439.891157888341695, 6171518.320388594642282 ], [ 770439.967161776032299, 6171517.323346506804228 ], [ 770440.043165648821741, 6171516.326304417103529 ], [ 770440.119169509736821, 6171515.329262321814895 ], [ 770440.195173356682062, 6171514.33222022652626 ], [ 770440.271177189657465, 6171513.335178127512336 ], [ 770440.347181009827182, 6171512.338136027567089 ], [ 770440.423184817191213, 6171511.341093924827874 ], [ 770440.499188610585406, 6171510.344051817432046 ], [ 770440.575192391173914, 6171509.347009709104896 ], [ 770440.651196157676168, 6171508.349967597983778 ], [ 770440.727199911489151, 6171507.352925485000014 ], [ 770440.803203651332296, 6171506.355883370153606 ], [ 770440.879207379417494, 6171505.35884125251323 ], [ 770440.955211092485115, 6171504.361799133010209 ], [ 770441.03121479251422, 6171503.364757009781897 ], [ 770441.10721847997047, 6171502.36771488469094 ], [ 770441.183222153224051, 6171501.370672754943371 ], [ 770441.259225813671947, 6171500.373630626127124 ], [ 770441.335229460382834, 6171499.376588491722941 ], [ 770441.411233094055206, 6171498.379546357318759 ], [ 770441.487236713757738, 6171497.382504220120609 ], [ 770441.563240320654586, 6171496.385462079197168 ], [ 770441.639243914978579, 6171495.388419937342405 ], [ 770441.715247494983487, 6171494.391377791762352 ], [ 770441.791251062299125, 6171493.394335644319654 ], [ 770441.86725461576134, 6171492.39729349501431 ], [ 770441.943258155020885, 6171491.400251341983676 ], [ 770442.019261682638898, 6171490.403209186159074 ], [ 770442.095265196403489, 6171489.406167028471828 ], [ 770442.17126869619824, 6171488.409124869853258 ], [ 770442.247272183187306, 6171487.412082707509398 ], [ 770442.323275657137856, 6171486.415040542371571 ], [ 770442.399279117351398, 6171485.417998375371099 ], [ 770442.475282563478686, 6171484.420956205576658 ], [ 770442.551285996800289, 6171483.423914032056928 ], [ 770442.62728941719979, 6171482.426871858537197 ], [ 770442.703292825026438, 6171481.429829681292176 ], [ 770442.779296217486262, 6171480.43278750218451 ], [ 770442.855299598304555, 6171479.435745321214199 ], [ 770442.931302965269424, 6171478.438703136518598 ], [ 770443.007306318148039, 6171477.441660949029028 ], [ 770443.083309658337384, 6171476.444618759676814 ], [ 770443.159312985488214, 6171475.447576567530632 ], [ 770443.235316298902035, 6171474.450534373521805 ], [ 770443.31131959927734, 6171473.453492175787687 ], [ 770443.387322885799222, 6171472.456449977122247 ], [ 770443.463326159399003, 6171471.459407775662839 ], [ 770443.539329420309514, 6171470.462365572340786 ], [ 770443.615332667250186, 6171469.465323365293443 ], [ 770443.691335900104605, 6171468.468281157314777 ], [ 770443.767339121317491, 6171467.471238944679499 ], [ 770443.843342327512801, 6171466.47419673204422 ], [ 770443.919345520669594, 6171465.477154515683651 ], [ 770443.995348701020703, 6171464.480112295597792 ], [ 770444.071351868915372, 6171463.48307007458061 ], [ 770444.147355021326803, 6171462.486027851700783 ], [ 770444.223358161980286, 6171461.488985624164343 ], [ 770444.299361289013177, 6171460.49194339569658 ], [ 770444.375364401959814, 6171459.494901165366173 ], [ 770444.451367501867935, 6171458.497858932241797 ], [ 770444.527370589086786, 6171457.500816694460809 ], [ 770444.603373662335798, 6171456.503774456679821 ], [ 770444.679376722779125, 6171455.50673221424222 ], [ 770444.755379769252613, 6171454.509689970873296 ], [ 770444.831382802920416, 6171453.512647725641727 ], [ 770444.907385823782533, 6171452.515605477616191 ], [ 770444.983388830441982, 6171451.518563225865364 ], [ 770445.059391824528575, 6171450.521520972251892 ], [ 770445.13539480464533, 6171449.524478716775775 ], [ 770445.211397770559415, 6171448.527436459437013 ], [ 770445.287400725064799, 6171447.530394199304283 ], [ 770445.353087962372229, 6171446.668678173795342 ], [ 770445.721364788943902, 6171445.7390320552513 ], [ 770446.089641605736688, 6171444.809385925531387 ], [ 770446.457918412867002, 6171443.879739788360894 ], [ 770446.82619521045126, 6171442.950093640014529 ], [ 770447.194471998140216, 6171442.020447483286262 ], [ 770447.562748777098022, 6171441.0908013144508 ], [ 770447.931025545462035, 6171440.161155138164759 ], [ 770448.299302305094898, 6171439.231508952565491 ], [ 770448.667579055181704, 6171438.301862755790353 ], [ 770449.035855794209056, 6171437.372216549701989 ], [ 770449.404132524970919, 6171436.442570336163044 ], [ 770449.77240924583748, 6171435.512924110516906 ], [ 770450.140685958089307, 6171434.58327787835151 ], [ 770450.508962659398094, 6171433.653631633147597 ], [ 770450.877239351160824, 6171432.723985379561782 ], [ 770451.245516034308821, 6171431.794339115731418 ], [ 770451.613792706630193, 6171430.864692846313119 ], [ 770451.982069370336831, 6171429.935046562924981 ], [ 770452.350346023216844, 6171429.005400270223618 ], [ 770452.718622667482123, 6171428.075753970071673 ], [ 770453.086899301968515, 6171427.146107658743858 ], [ 770453.45517592667602, 6171426.216461338102818 ], [ 770453.823452543118037, 6171425.286815008148551 ], [ 770454.191729148500599, 6171424.357168667949736 ], [ 770454.560005744220689, 6171423.427522320300341 ], [ 770454.92828233120963, 6171422.497875960543752 ], [ 770455.296558907488361, 6171421.568229593336582 ], [ 770455.664835475152358, 6171420.638583214953542 ], [ 770456.033112033153884, 6171419.708936827257276 ], [ 770456.401388581376523, 6171418.779290430247784 ], [ 770456.76966511993669, 6171417.849644022993743 ], [ 770457.13794164871797, 6171416.919997606426477 ], [ 770457.506218167953193, 6171415.990351181477308 ], [ 770457.874494678457268, 6171415.060704745352268 ], [ 770458.242771178018302, 6171414.131058299914002 ], [ 770458.611047669081017, 6171413.201411846093833 ], [ 770458.979324149433523, 6171412.271765382029116 ], [ 770459.34760062105488, 6171411.342118908651173 ], [ 770459.715877083130181, 6171410.412472425960004 ], [ 770460.084153535193764, 6171409.482825933024287 ], [ 770460.45242997771129, 6171408.553179430775344 ], [ 770460.820706410566345, 6171407.623532919213176 ], [ 770461.188982834806666, 6171406.693886397406459 ], [ 770461.557259248103946, 6171405.764239866286516 ], [ 770461.925535651738755, 6171404.834593325853348 ], [ 770462.293812046991661, 6171403.904946775175631 ], [ 770462.662088432116434, 6171402.975300214253366 ], [ 770463.030364807811566, 6171402.045653644949198 ], [ 770463.39864117372781, 6171401.116007065400481 ], [ 770463.766917529865168, 6171400.186360476538539 ], [ 770464.135193876456469, 6171399.256713880226016 ], [ 770464.503470213152468, 6171398.327067270874977 ], [ 770464.87174654006958, 6171397.397420652210712 ], [ 770465.240022858604789, 6171396.467774026095867 ], [ 770465.608299166429788, 6171395.538127390667796 ], [ 770465.976575465407223, 6171394.608480744063854 ], [ 770466.344851754722185, 6171393.678834088146687 ], [ 770466.713128034258261, 6171392.749187421984971 ], [ 770467.081404304131866, 6171391.819540750235319 ], [ 770467.449680564342998, 6171390.889894063584507 ], [ 770467.817956814775243, 6171389.960247369483113 ], [ 770468.186233055545017, 6171389.030600666999817 ], [ 770468.554509287700057, 6171388.10095395334065 ], [ 770468.922785509028472, 6171387.171307230368257 ], [ 770469.291061721742153, 6171386.241660498082638 ], [ 770469.659337924560532, 6171385.312013756483793 ], [ 770470.027614118065685, 6171384.382367003709078 ], [ 770470.39589030155912, 6171383.452720242552459 ], [ 770470.764166475390084, 6171382.523073473013937 ], [ 770471.132442639558576, 6171381.593426692299545 ], [ 770471.500718793948181, 6171380.663779903203249 ], [ 770471.868994939839467, 6171379.734133102931082 ], [ 770472.237271074671298, 6171378.804486292414367 ], [ 770472.605547201121226, 6171377.874839475378394 ], [ 770472.973823316744529, 6171376.945192648097873 ], [ 770473.342099423753098, 6171376.015545808710158 ], [ 770473.710375520866364, 6171375.085898962803185 ], [ 770474.078651608433574, 6171374.156252104789019 ], [ 770474.446927686221898, 6171373.226605238392949 ], [ 770474.815203755511902, 6171372.296958364546299 ], [ 770475.183479813858867, 6171371.367311477661133 ], [ 770475.551755862543359, 6171370.437664581462741 ], [ 770475.920031902613118, 6171369.508017676882446 ], [ 770476.288307933020405, 6171368.578370762988925 ], [ 770476.656583952484652, 6171367.648723838850856 ], [ 770477.024859963450581, 6171366.719076905399561 ], [ 770477.393135964521207, 6171365.789429961703718 ], [ 770477.761411956045777, 6171364.859783009625971 ], [ 770477.987594792037271, 6171364.288824828341603 ], [ 770478.320188076933846, 6171363.345823033712804 ], [ 770478.652781353099272, 6171362.402821228839457 ], [ 770478.985374617855996, 6171361.459819417446852 ], [ 770479.31796787166968, 6171360.516817595809698 ], [ 770479.650561116635799, 6171359.573815764859319 ], [ 770479.983154350193217, 6171358.630813924595714 ], [ 770480.315747573855333, 6171357.68781207781285 ], [ 770480.648340787505731, 6171356.744810219854116 ], [ 770480.980933990096673, 6171355.801808353513479 ], [ 770481.313527182559483, 6171354.858806478790939 ], [ 770481.646120365010574, 6171353.915804594755173 ], [ 770481.978713537449948, 6171352.972802703268826 ], [ 770482.311306699877605, 6171352.029800801537931 ], [ 770482.643899851012975, 6171351.086798892356455 ], [ 770482.976492992369458, 6171350.143796971999109 ], [ 770483.309086123481393, 6171349.200795046053827 ], [ 770483.641679243650287, 6171348.257793108001351 ], [ 770483.974272353574634, 6171347.314791162498295 ], [ 770484.306865453487262, 6171346.371789209544659 ], [ 770484.639458543621004, 6171345.428787246346474 ], [ 770484.972051623510197, 6171344.485785273835063 ], [ 770485.304644692339934, 6171343.542783292010427 ], [ 770485.637237751157954, 6171342.599781304597855 ], [ 770485.969830799964257, 6171341.656779306009412 ], [ 770486.302423838642426, 6171340.713777299039066 ], [ 770486.63501686626114, 6171339.770775282755494 ], [ 770486.967609883868136, 6171338.827773258090019 ], [ 770487.300202891230583, 6171337.884771225973964 ], [ 770487.632795888930559, 6171336.941769182682037 ], [ 770487.965388875221834, 6171335.998767130076885 ], [ 770488.29798185150139, 6171335.055765071883798 ], [ 770488.630574817769229, 6171334.112763002514839 ], [ 770488.963167774141766, 6171333.169760923832655 ], [ 770489.295760719338432, 6171332.226758838631213 ], [ 770489.628353654290549, 6171331.2837567422539 ], [ 770489.96094657946378, 6171330.340754639357328 ], [ 770490.293539494625293, 6171329.397752527147532 ], [ 770490.626132398378104, 6171328.454750403761864 ], [ 770490.958725293399766, 6171327.511748271994293 ], [ 770491.291318177245557, 6171326.568746132776141 ], [ 770491.623911050031893, 6171325.625743986107409 ], [ 770491.956503913854249, 6171324.682741828262806 ], [ 770492.289096766384318, 6171323.739739662967622 ], [ 770492.621689609135501, 6171322.79673748742789 ], [ 770492.954282441758551, 6171321.853735304437578 ], [ 770493.286875264253467, 6171320.910733112134039 ], [ 770493.619468075688928, 6171319.967730911448598 ], [ 770493.952060877112672, 6171319.024728700518608 ], [ 770494.284653668524697, 6171318.081726482138038 ], [ 770494.617246448760852, 6171317.138724255375564 ], [ 770494.949839218752459, 6171316.19572201743722 ], [ 770495.282431980129331, 6171315.252719772048295 ], [ 770495.61502472916618, 6171314.309717519208789 ], [ 770495.947617469239049, 6171313.366715255193412 ], [ 770496.280210198368877, 6171312.423712983727455 ], [ 770496.612802918418311, 6171311.480710704810917 ], [ 770496.945395626011305, 6171310.537708412855864 ], [ 770497.27798832510598, 6171309.594706116244197 ], [ 770497.610581012791954, 6171308.651703810319304 ], [ 770497.943173691630363, 6171307.708701493218541 ], [ 770498.275766358128749, 6171306.765699166804552 ], [ 770498.608359015895985, 6171305.82269683573395 ], [ 770498.940951663535088, 6171304.879694491624832 ], [ 770499.273544299881905, 6171303.936692140065134 ], [ 770499.606136926449835, 6171302.993689781054854 ], [ 770499.938729541841894, 6171302.050687411800027 ], [ 770500.271322148153558, 6171301.107685035094619 ], [ 770500.603914743289351, 6171300.16468264721334 ], [ 770500.936507328646258, 6171299.22168025188148 ], [ 770501.269099903991446, 6171298.278677848167717 ], [ 770501.601692467927933, 6171297.335675437003374 ], [ 770501.934285023016855, 6171296.39267301466316 ], [ 770502.266877567046322, 6171295.449670584872365 ], [ 770502.599470099899918, 6171294.506668144837022 ], [ 770502.932062623789534, 6171293.563665697351098 ], [ 770503.264655136503279, 6171292.620663238689303 ], [ 770503.597247639321722, 6171291.677660774439573 ], [ 770503.929840132128447, 6171290.73465829808265 ], [ 770504.262432614807039, 6171289.791655816137791 ], [ 770504.595025086309761, 6171288.848653323948383 ], [ 770504.927617547800764, 6171287.90565082244575 ], [ 770505.26020999928005, 6171286.962648310698569 ], [ 770505.592802440980449, 6171286.019645793363452 ], [ 770505.925394871155731, 6171285.076643265783787 ], [ 770506.257987291435711, 6171284.133640729822218 ], [ 770506.590579701703973, 6171283.190638182684779 ], [ 770506.923172102076933, 6171282.247635630890727 ], [ 770507.255764491041191, 6171281.304633067920804 ], [ 770507.588356870110147, 6171280.361630495637655 ], [ 770507.920949239050969, 6171279.418627915903926 ], [ 770508.25354159809649, 6171278.475625326856971 ], [ 770508.586133947130293, 6171277.532622727565467 ], [ 770508.918726284988225, 6171276.589620120823383 ], [ 770509.251318612834439, 6171275.646617503836751 ], [ 770509.583910930436105, 6171274.703614879399538 ], [ 770509.916503237211145, 6171273.760612247511744 ], [ 770510.249095533741638, 6171272.81760960444808 ], [ 770510.581687820376828, 6171271.874606953933835 ], [ 770510.91428009676747, 6171270.931604292243719 ], [ 770511.246872363379225, 6171269.988601623103023 ], [ 770511.579464618582278, 6171269.045598946511745 ], [ 770511.912056864006445, 6171268.102596261538565 ], [ 770512.244649099302478, 6171267.159593565389514 ], [ 770512.577241323422641, 6171266.21659086085856 ], [ 770512.909833538695239, 6171265.273588148877025 ], [ 770513.242425742791966, 6171264.330585426650941 ], [ 770513.57501793676056, 6171263.387582696974277 ], [ 770513.907610119786114, 6171262.444579957053065 ], [ 770514.240202293847688, 6171261.501577209681273 ], [ 770514.572794456616975, 6171260.558574451133609 ], [ 770514.693427701131441, 6171260.216541482135653 ], [ 770514.988280940568075, 6171259.261066038161516 ], [ 770515.283134169178084, 6171258.305590583011508 ], [ 770515.57798738591373, 6171257.350115122273564 ], [ 770515.872840592986904, 6171256.394639653153718 ], [ 770516.167693788302131, 6171255.43916417658329 ], [ 770516.462546972557902, 6171254.483688689768314 ], [ 770516.75740014645271, 6171253.528213197365403 ], [ 770517.052253309404477, 6171252.572737697511911 ], [ 770517.347106460249051, 6171251.617262186482549 ], [ 770517.641959600616246, 6171250.661786670796573 ], [ 770517.936812731204554, 6171249.706311145797372 ], [ 770518.2316658499185, 6171248.750835610553622 ], [ 770518.526518956758082, 6171247.795360071584582 ], [ 770518.821372054051608, 6171246.839884522370994 ], [ 770519.11622513923794, 6171245.88440896384418 ], [ 770519.411078214878216, 6171244.928933398798108 ], [ 770519.70593127864413, 6171243.973457827232778 ], [ 770520.000784331932664, 6171243.017982246354222 ], [ 770520.295637372764759, 6171242.062506656162441 ], [ 770520.590490404283628, 6171241.107031060382724 ], [ 770520.885343423811719, 6171240.151555455289781 ], [ 770521.1801964326296, 6171239.196079842746258 ], [ 770521.475049430737272, 6171238.240604221820831 ], [ 770521.769902418018319, 6171237.285128593444824 ], [ 770522.064755394589156, 6171236.329652955755591 ], [ 770522.359608359169215, 6171235.374177310615778 ], [ 770522.654461314319633, 6171234.418701658025384 ], [ 770522.949314257362857, 6171233.463225997053087 ], [ 770523.244167189812288, 6171232.507750328630209 ], [ 770523.539020111318678, 6171231.552274651825428 ], [ 770523.833873020950705, 6171230.596798967570066 ], [ 770524.128725921036676, 6171229.641323275864124 ], [ 770524.423578809131868, 6171228.685847574844956 ], [ 770524.718431686516851, 6171227.730371866375208 ], [ 770525.01328455330804, 6171226.774896150454879 ], [ 770525.308137409156188, 6171225.819420425221324 ], [ 770525.602990253013559, 6171224.863944692537189 ], [ 770525.897843086160719, 6171223.908468952402472 ], [ 770526.192695909878239, 6171222.952993204817176 ], [ 770526.487548721488565, 6171221.997517446056008 ], [ 770526.782401521224529, 6171221.042041683569551 ], [ 770527.07725431129802, 6171220.086565909907222 ], [ 770527.372107090661302, 6171219.131090129725635 ], [ 770527.666959858266637, 6171218.175614343956113 ], [ 770527.961812614928931, 6171217.220138546079397 ], [ 770528.256665360881016, 6171216.264662740752101 ], [ 770528.55151809589006, 6171215.309186929836869 ], [ 770528.846370819257572, 6171214.353711109608412 ], [ 770529.141223532846197, 6171213.398235280998051 ], [ 770529.436076234676875, 6171212.442759445868433 ], [ 770529.730928925680928, 6171211.487283600494266 ], [ 770530.025781605858356, 6171210.531807748600841 ], [ 770530.320634275441989, 6171209.576331889256835 ], [ 770530.615486932918429, 6171208.620856020599604 ], [ 770530.910339580732398, 6171207.665380146354437 ], [ 770531.205192216904834, 6171206.709904260933399 ], [ 770531.500044842017815, 6171205.754428369924426 ], [ 770531.794897456537001, 6171204.798952469602227 ], [ 770532.089750059065409, 6171203.843476559966803 ], [ 770532.384602652164176, 6171202.888000644743443 ], [ 770532.67945523315575, 6171201.932524720206857 ], [ 770532.974307803437114, 6171200.97704878821969 ], [ 770533.269160362891853, 6171200.021572848781943 ], [ 770533.564012911752798, 6171199.066096900962293 ], [ 770533.858865449670702, 6171198.110620947554708 ], [ 770534.153717975830659, 6171197.155144982039928 ], [ 770534.448570491163991, 6171196.199669010937214 ], [ 770534.743422995787114, 6171195.244193030521274 ], [ 770535.038275489583611, 6171194.288717042654753 ], [ 770535.333127972553484, 6171193.333241046406329 ], [ 770535.627980444813147, 6171192.377765044569969 ], [ 770535.922832905082032, 6171191.422289030626416 ], [ 770536.217685354640707, 6171190.46681301202625 ], [ 770536.512537793722004, 6171189.511336985975504 ], [ 770536.80739022186026, 6171188.555860949680209 ], [ 770537.102242639055476, 6171187.600384904071689 ], [ 770537.397095044376329, 6171186.644908852875233 ], [ 770537.691947439103387, 6171185.689432794228196 ], [ 770537.986799824051559, 6171184.733956726267934 ], [ 770538.281652197241783, 6171183.778480650857091 ], [ 770538.576504558324814, 6171182.823004567995667 ], [ 770538.871356909978203, 6171181.867528474889696 ], [ 770539.1662092495244, 6171180.912052376195788 ], [ 770539.461061579640955, 6171179.956576270051301 ], [ 770539.755913897883147, 6171179.001100154593587 ], [ 770540.050766205182299, 6171178.045624029822648 ], [ 770540.345618500607088, 6171177.090147900395095 ], [ 770540.640470786485821, 6171176.134671760722995 ], [ 770540.935323060373776, 6171175.179195612668991 ], [ 770541.230175324715674, 6171174.223719457164407 ], [ 770541.525027577066794, 6171173.268243294209242 ], [ 770541.666130977682769, 6171172.810994149185717 ], [ 770541.843560887500644, 6171171.82692545838654 ], [ 770542.020990786142647, 6171170.842856763862073 ], [ 770542.198420672211796, 6171169.858788063749671 ], [ 770542.375850544776767, 6171168.874719356186688 ], [ 770542.553280404768884, 6171167.890650644898415 ], [ 770542.73071025358513, 6171166.906581929884851 ], [ 770542.908140088664368, 6171165.922513210214674 ], [ 770543.085569911403582, 6171164.938444482162595 ], [ 770543.26299972156994, 6171163.954375751316547 ], [ 770543.440429519396275, 6171162.97030701674521 ], [ 770543.617859304649755, 6171161.986238273791969 ], [ 770543.795289076399058, 6171161.002169527113438 ], [ 770543.972718836739659, 6171160.018100774846971 ], [ 770544.150148584740236, 6171159.034032018855214 ], [ 770544.327578319236636, 6171158.049963257275522 ], [ 770544.505008041043766, 6171157.065894490107894 ], [ 770544.682437751675025, 6171156.081825716421008 ], [ 770544.859867448685691, 6171155.097756939008832 ], [ 770545.037297133239917, 6171154.113688157871366 ], [ 770545.214726805221289, 6171153.129619369283319 ], [ 770545.392156464979053, 6171152.145550576969981 ], [ 770545.569586112163961, 6171151.161481779068708 ], [ 770545.747015746776015, 6171150.1774129755795 ], [ 770545.924445367883891, 6171149.193344168365002 ], [ 770546.101874977815896, 6171148.209275354631245 ], [ 770546.279304574010894, 6171147.225206533446908 ], [ 770546.45673415879719, 6171146.241137713193893 ], [ 770546.634163730312139, 6171145.257068883627653 ], [ 770546.811593289021403, 6171144.273000050336123 ], [ 770546.989022835390642, 6171143.288931211456656 ], [ 770547.166452369419858, 6171142.3048623688519 ], [ 770547.343881890992634, 6171141.320793518796563 ], [ 770547.521311399992555, 6171140.336724664084613 ], [ 770547.698740896536037, 6171139.352655805647373 ], [ 770547.876170380739495, 6171138.368586940690875 ], [ 770548.05359985108953, 6171137.384518071077764 ], [ 770548.231029310380109, 6171136.400449197739363 ], [ 770548.408458756050095, 6171135.416380317881703 ], [ 770548.58588819031138, 6171134.432311432436109 ], [ 770548.763317611068487, 6171133.448242543265224 ], [ 770548.940747019136325, 6171132.464173645712435 ], [ 770549.118176415096968, 6171131.480104746297002 ], [ 770549.295605798368342, 6171130.496035842224956 ], [ 770549.473035169299692, 6171129.511966932564974 ], [ 770549.650464527541772, 6171128.527898015454412 ], [ 770549.827893872512504, 6171127.543829094618559 ], [ 770550.005323206074536, 6171126.559760169126093 ], [ 770550.182752527063712, 6171125.575691238045692 ], [ 770550.360181834548712, 6171124.591622301377356 ], [ 770550.537611129460856, 6171123.607553360052407 ], [ 770550.715040413429961, 6171122.62348441593349 ], [ 770550.892469683312811, 6171121.63941546343267 ], [ 770551.069898941088468, 6171120.655346509069204 ], [ 770551.247328186174855, 6171119.671277546323836 ], [ 770551.424757418921217, 6171118.687208579853177 ], [ 770551.602186639211141, 6171117.70313960686326 ], [ 770551.779615845764056, 6171116.719070629216731 ], [ 770551.957045041257516, 6171115.735001645982265 ], [ 770552.134474224061705, 6171114.750932660885155 ], [ 770552.311903393361717, 6171113.766863669268787 ], [ 770552.489332550321706, 6171112.782794671133161 ], [ 770552.666761695756577, 6171111.798725668340921 ], [ 770552.844190827803686, 6171110.814656659960747 ], [ 770553.021619947161525, 6171109.830587647855282 ], [ 770553.199049054179341, 6171108.846518629230559 ], [ 770553.376478148857132, 6171107.8624496050179 ], [ 770553.553907230962068, 6171106.878380578942597 ], [ 770553.73133630072698, 6171105.894311545416713 ], [ 770553.908765356522053, 6171104.910242507234216 ], [ 770554.086194401374087, 6171103.926173461601138 ], [ 770554.263623433653265, 6171102.942104415036738 ], [ 770554.441052452428266, 6171101.95803536195308 ], [ 770554.618481458513997, 6171100.973966302350163 ], [ 770554.795910453423858, 6171099.989897238090634 ], [ 770554.973339434945956, 6171099.005828169174492 ], [ 770555.150768403778784, 6171098.021759094670415 ], [ 770555.328197360038757, 6171097.037690015509725 ], [ 770555.505626304075122, 6171096.053620931692421 ], [ 770555.683055235655047, 6171095.069551842287183 ], [ 770555.860484153497964, 6171094.085482747294009 ], [ 770556.037913060048595, 6171093.101413647644222 ], [ 770556.215341952978633, 6171092.117344541475177 ], [ 770556.392770834732801, 6171091.133275433443487 ], [ 770556.57019970274996, 6171090.149206317029893 ], [ 770556.747628559591249, 6171089.165137195959687 ], [ 770556.925057402695529, 6171088.181068070232868 ], [ 770557.102486233459786, 6171087.196998941712081 ], [ 770557.279915051767603, 6171086.212929805740714 ], [ 770557.457343857502565, 6171085.228860665112734 ], [ 770557.634772650781088, 6171084.244791518896818 ], [ 770557.812201431719586, 6171083.260722367092967 ], [ 770557.989630198804662, 6171082.276653211563826 ], [ 770558.167058954946697, 6171081.292584050446749 ], [ 770558.344487697118893, 6171080.308514883741736 ], [ 770558.52191642834805, 6171079.324445715174079 ], [ 770558.699345145840198, 6171078.340376536361873 ], [ 770558.876773850759491, 6171077.356307355687022 ], [ 770559.054202543338761, 6171076.372238168492913 ], [ 770559.231631224509329, 6171075.388168975710869 ], [ 770559.409059892059304, 6171074.404099779203534 ], [ 770559.586488546105102, 6171073.420030577108264 ], [ 770559.763917188858613, 6171072.435961369425058 ], [ 770559.94134581903927, 6171071.45189215708524 ], [ 770560.118774436996318, 6171070.467822939157486 ], [ 770560.296203041216359, 6171069.483753718435764 ], [ 770560.473631633911282, 6171068.499684490263462 ], [ 770560.651060213334858, 6171067.515615256503224 ], [ 770560.82848877995275, 6171066.531546019017696 ], [ 770561.005917334463447, 6171065.547476775944233 ], [ 770561.183345877565444, 6171064.563407528214157 ], [ 770561.360774406930432, 6171063.579338274896145 ], [ 770561.538202923955396, 6171062.595269015058875 ], [ 770561.715631427476183, 6171061.611199752427638 ], [ 770561.893059919355437, 6171060.627130483277142 ], [ 770562.070488399011083, 6171059.643061210401356 ], [ 770562.247916865046136, 6171058.658991931006312 ], [ 770562.425345319788903, 6171057.674922646954656 ], [ 770562.602773760911077, 6171056.690853359177709 ], [ 770562.780202190857381, 6171055.706784064881504 ], [ 770562.957630606833845, 6171054.722714764066041 ], [ 770563.135059010586701, 6171053.738645458593965 ], [ 770563.312487401883118, 6171052.754576150327921 ], [ 770563.489915780723095, 6171051.770506834611297 ], [ 770563.667344147106633, 6171050.786437516100705 ], [ 770563.844772501150146, 6171049.802368192002177 ], [ 770564.02220084250439, 6171048.818298862315714 ], [ 770564.199629170354456, 6171047.834229526109993 ], [ 770564.377057486912236, 6171046.85016018524766 ], [ 770564.554485789733008, 6171045.866090837866068 ], [ 770564.731914081377909, 6171044.882021488621831 ], [ 770564.909342359402217, 6171043.897952132858336 ], [ 770565.086770624970086, 6171042.913882773369551 ], [ 770565.264198878081515, 6171041.929813407361507 ], [ 770565.441627118736506, 6171040.945744036696851 ], [ 770565.619055346935056, 6171039.961674659512937 ], [ 770565.796483562560752, 6171038.97760527767241 ], [ 770565.973911765962839, 6171037.99353589117527 ], [ 770566.151339956792071, 6171037.009466501884162 ], [ 770566.328768133884296, 6171036.025397104211152 ], [ 770566.506196299800649, 6171035.041327701881528 ], [ 770566.68362445209641, 6171034.057258296757936 ], [ 770566.8610525932163, 6171033.073188885115087 ], [ 770567.038480720482767, 6171032.08911946695298 ], [ 770567.215908835409209, 6171031.105050045065582 ], [ 770567.393336937995628, 6171030.120980616658926 ], [ 770567.570765027892776, 6171029.136911185458302 ], [ 770567.7481931054499, 6171028.152841747738421 ], [ 770567.925621170550585, 6171027.168772304430604 ], [ 770568.103049223078415, 6171026.184702857397497 ], [ 770568.280477262102067, 6171025.200633403845131 ], [ 770568.457905289949849, 6171024.216563945636153 ], [ 770568.635333304060623, 6171023.232494482770562 ], [ 770568.812761306762695, 6171022.248425012454391 ], [ 770568.990189296193421, 6171021.264355542138219 ], [ 770569.167617272818461, 6171020.280286063440144 ], [ 770569.345045237103477, 6171019.296216579154134 ], [ 770569.522473188932054, 6171018.312147089280188 ], [ 770569.699901128420606, 6171017.328077595680952 ], [ 770569.877329055219889, 6171016.344008097425103 ], [ 770570.054756969679147, 6171015.359938593581319 ], [ 770570.232184871681966, 6171014.375869084149599 ], [ 770570.409612759947777, 6171013.391799570992589 ], [ 770570.587040637154132, 6171012.407730050384998 ], [ 770570.764468501787633, 6171011.423660527914762 ], [ 770570.941896352684125, 6171010.439590995199978 ], [ 770571.119324191240594, 6171009.455521462485194 ], [ 770571.296752017457038, 6171008.471451921388507 ], [ 770571.474179832148366, 6171007.487382376566529 ], [ 770571.651607633335516, 6171006.503312826156616 ], [ 770571.829035422066227, 6171005.519243272021413 ], [ 770572.00646319729276, 6171004.535173712298274 ], [ 770572.183890960877761, 6171003.551104143261909 ], [ 770572.361318712355569, 6171002.56703457608819 ], [ 770572.538746450212784, 6171001.582964999601245 ], [ 770572.716174176544882, 6171000.598895417526364 ], [ 770572.893601889372803, 6170999.614825831726193 ], [ 770573.071029590908438, 6170998.63075624126941 ], [ 770573.248457278939895, 6170997.646686647087336 ], [ 770573.425884954165667, 6170996.662617044523358 ], [ 770573.60331261716783, 6170995.678547436371446 ], [ 770573.78074026782997, 6170994.694477824494243 ], [ 770573.918868768727407, 6170993.92837362550199 ], [ 770573.859454998979345, 6170992.930203508585691 ], [ 770573.80004121735692, 6170991.932033392600715 ], [ 770573.740627421764657, 6170990.933863277547061 ], [ 770573.681213611969724, 6170989.935693165287375 ], [ 770573.621799790416844, 6170988.937523052096367 ], [ 770573.562385953613557, 6170987.939352942630649 ], [ 770573.502972103888169, 6170986.941182832233608 ], [ 770573.44355824124068, 6170985.943012722767889 ], [ 770573.384144364390522, 6170984.944842616096139 ], [ 770573.324730473337695, 6170983.946672510355711 ], [ 770573.265316570643336, 6170982.948502404615283 ], [ 770573.205902652582154, 6170981.9503323007375 ], [ 770573.146488721715286, 6170980.95216219779104 ], [ 770573.087074777809903, 6170979.953992096707225 ], [ 770573.027660819934681, 6170978.955821997486055 ], [ 770572.968246848788112, 6170977.957651898264885 ], [ 770572.90883286378812, 6170976.959481799975038 ], [ 770572.849418865749612, 6170975.961311704479158 ], [ 770572.790004854905419, 6170974.963141608051956 ], [ 770572.730590828694403, 6170973.964971514418721 ], [ 770572.67117679072544, 6170972.966801421716809 ], [ 770572.646608466980979, 6170972.554047759622335 ], [ 770572.905892440816388, 6170971.588312089443207 ], [ 770573.165176404290833, 6170970.622576411813498 ], [ 770573.424460356123745, 6170969.656840724870563 ], [ 770573.683744295383804, 6170968.691105034202337 ], [ 770573.943028224166483, 6170967.725369334220886 ], [ 770574.202312141424045, 6170966.759633626788855 ], [ 770574.461596046108752, 6170965.793897911906242 ], [ 770574.720879940316081, 6170964.828162192367017 ], [ 770574.980163823114708, 6170963.862426463514566 ], [ 770575.23944769310765, 6170962.89669072907418 ], [ 770575.498731552856043, 6170961.930954989045858 ], [ 770575.758015400962904, 6170960.965219236910343 ], [ 770576.01729923626408, 6170959.999483481049538 ], [ 770576.276583061437123, 6170959.033747715875506 ], [ 770576.535866874852218, 6170958.06801194511354 ], [ 770576.795150675810874, 6170957.102276166900992 ], [ 770577.05443446629215, 6170956.13654038310051 ], [ 770577.313718245131895, 6170955.170804589055479 ], [ 770577.5730020115152, 6170954.205068791285157 ], [ 770577.832285767304711, 6170953.239332983270288 ], [ 770578.09156951168552, 6170952.273597169667482 ], [ 770578.350853244541213, 6170951.307861347682774 ], [ 770578.61013696459122, 6170950.34212552011013 ], [ 770578.869420674396679, 6170949.376389685086906 ], [ 770579.128704372793436, 6170948.410653843544424 ], [ 770579.387988059432246, 6170947.444917993620038 ], [ 770579.647271733381785, 6170946.479182137176394 ], [ 770579.906555396970361, 6170945.51344627328217 ], [ 770580.165839049150236, 6170944.547710402868688 ], [ 770580.425122689688578, 6170943.58197452314198 ], [ 770580.684406317770481, 6170942.616238640621305 ], [ 770580.943689935142174, 6170941.650502746924758 ], [ 770581.202973541105166, 6170940.684766846708953 ], [ 770581.462257135543041, 6170939.719030939973891 ], [ 770581.721540718572214, 6170938.75329502671957 ], [ 770581.980824288679287, 6170937.787559105083346 ], [ 770582.240107848541811, 6170936.821823177859187 ], [ 770582.499391396762803, 6170935.856087241321802 ], [ 770582.758674933691509, 6170934.890351299196482 ], [ 770583.017958459095098, 6170933.924615350551903 ], [ 770583.277241971576586, 6170932.958879393525422 ], [ 770583.536525473697111, 6170931.993143429048359 ], [ 770583.795808964408934, 6170931.027407458052039 ], [ 770584.05509244359564, 6170930.061671480536461 ], [ 770584.314375911373645, 6170929.095935496501625 ], [ 770584.573659367393702, 6170928.130199503153563 ], [ 770584.832942812005058, 6170927.164463503286242 ], [ 770585.092226243810728, 6170926.198727495968342 ], [ 770585.351509665255435, 6170925.232991483062506 ], [ 770585.610793075175025, 6170924.267255462706089 ], [ 770585.814745150855742, 6170923.50760842114687 ], [ 770585.934846910298802, 6170922.514910314232111 ], [ 770586.054948657285422, 6170921.522212205454707 ], [ 770586.175050391582772, 6170920.529514094814658 ], [ 770586.295152112143114, 6170919.536815978586674 ], [ 770586.415253819897771, 6170918.544117858633399 ], [ 770586.53535551391542, 6170917.551419735886157 ], [ 770586.655457195360214, 6170916.558721607550979 ], [ 770586.775558863999322, 6170915.566023477353156 ], [ 770586.895660520298406, 6170914.573325343430042 ], [ 770587.015762162627652, 6170913.580627205781639 ], [ 770587.135863791103475, 6170912.587929063476622 ], [ 770587.255965408170596, 6170911.595230918377638 ], [ 770587.37606701022014, 6170910.602532770484686 ], [ 770587.496168600860983, 6170909.609834617003798 ], [ 770587.616270177764818, 6170908.617136461660266 ], [ 770587.736371741862968, 6170907.624438300728798 ], [ 770587.856473292340524, 6170906.63174013979733 ], [ 770587.976574830012396, 6170905.639041972346604 ], [ 770588.096676355227828, 6170904.646343801170588 ], [ 770588.216777866473421, 6170903.653645625337958 ], [ 770588.336879365262575, 6170902.660947447642684 ], [ 770588.456980851246044, 6170901.668249266222119 ], [ 770588.577082323492505, 6170900.675551081076264 ], [ 770588.697183783166111, 6170899.682852893136442 ], [ 770588.817285228869878, 6170898.690154701471329 ], [ 770588.93738666200079, 6170897.697456505149603 ], [ 770589.057488082558848, 6170896.704758305102587 ], [ 770589.177589490544051, 6170895.71206010133028 ], [ 770589.297690884675831, 6170894.719361895695329 ], [ 770589.417792264954187, 6170893.726663684472442 ], [ 770589.537893633823842, 6170892.733965471386909 ], [ 770589.657994988723658, 6170891.741267252713442 ], [ 770589.778096330002882, 6170890.748569030314684 ], [ 770589.898197658592835, 6170889.755870804190636 ], [ 770590.018298974493518, 6170888.763172578066587 ], [ 770590.138400276657194, 6170887.770474344491959 ], [ 770590.258501567295752, 6170886.777776109986007 ], [ 770590.378602843149565, 6170885.78507786989212 ], [ 770590.49870410724543, 6170884.792379627004266 ], [ 770590.618805357720703, 6170883.799681378528476 ], [ 770590.738906594342552, 6170882.806983128190041 ], [ 770590.859007818391547, 6170881.814284874126315 ], [ 770590.979109029634856, 6170880.821586617268622 ], [ 770591.099210228538141, 6170879.828888356685638 ], [ 770591.219311413355172, 6170878.836190091446042 ], [ 770591.339412585715763, 6170877.843491822481155 ], [ 770591.459513744106516, 6170876.850793549790978 ], [ 770591.57961489004083, 6170875.858095273375511 ], [ 770591.699716023169458, 6170874.865396995097399 ], [ 770591.819817142677493, 6170873.872698711231351 ], [ 770591.939918249496259, 6170872.880000425502658 ], [ 770592.060019343625754, 6170871.887302135117352 ], [ 770592.180120423901826, 6170870.894603839144111 ], [ 770592.300221491605043, 6170869.901905543170869 ], [ 770592.420322545571253, 6170868.909207241609693 ], [ 770592.540423586731777, 6170867.916508935391903 ], [ 770592.660524615435861, 6170866.923810628242791 ], [ 770592.780625630402938, 6170865.931112315505743 ], [ 770592.900726632447913, 6170864.938413999043405 ], [ 770593.020827622152865, 6170863.945715680718422 ], [ 770593.140928597771563, 6170862.953017357736826 ], [ 770593.261029560817406, 6170861.96031903102994 ], [ 770593.381130511406809, 6170860.967620700597763 ], [ 770593.501231448026374, 6170859.974922367371619 ], [ 770593.621332372189499, 6170858.982224028557539 ], [ 770593.741433282382786, 6170857.989525687880814 ], [ 770593.861534180003218, 6170856.996827343478799 ], [ 770593.981635065050796, 6170856.004128995351493 ], [ 770594.101735936012119, 6170855.01143064070493 ], [ 770594.221836794517003, 6170854.018732286989689 ], [ 770594.341937640565448, 6170853.026033928617835 ], [ 770594.462038472527638, 6170852.033335562795401 ], [ 770594.582139292033389, 6170851.040637198835611 ], [ 770594.702240097802132, 6170850.047938828356564 ], [ 770594.822340891929343, 6170849.055240454152226 ], [ 770594.942441671038978, 6170848.062542077153921 ], [ 770595.062542438739911, 6170847.069843696430326 ], [ 770595.182643192820251, 6170846.077145310118794 ], [ 770595.302743934094906, 6170845.084446921944618 ], [ 770595.422844661632553, 6170844.091748530045152 ], [ 770595.542945376364514, 6170843.099050134420395 ], [ 770595.663046077592298, 6170842.106351734139025 ], [ 770595.783146767062135, 6170841.11365333199501 ], [ 770595.90324744163081, 6170840.120954925194383 ], [ 770596.0233481049072, 6170839.128256514668465 ], [ 770596.14344875421375, 6170838.135558102279902 ], [ 770596.263549390947446, 6170837.142859684303403 ], [ 770596.383650013827719, 6170836.150161262601614 ], [ 770596.503750624135137, 6170835.15746283903718 ], [ 770596.623851221753284, 6170834.16476440988481 ], [ 770596.743951805518009, 6170833.172065977007151 ], [ 770596.864052376709878, 6170832.179367541335523 ], [ 770596.984152935328893, 6170831.18666910380125 ], [ 770597.10425347997807, 6170830.19397065974772 ], [ 770597.224354012170807, 6170829.201272213831544 ], [ 770597.34445453051012, 6170828.208573762327433 ], [ 770597.464555036276579, 6170827.215875310823321 ], [ 770597.584655529120937, 6170826.223176851868629 ], [ 770597.704756008461118, 6170825.230478391051292 ], [ 770597.824856474995613, 6170824.237779926508665 ], [ 770597.944956928957254, 6170823.245081458240747 ], [ 770598.065057369181886, 6170822.252382987178862 ], [ 770598.185157796717249, 6170821.259684511460364 ], [ 770598.305258210399188, 6170820.266986031085253 ], [ 770598.425358612672426, 6170819.274287548847497 ], [ 770598.545458999928087, 6170818.28158906288445 ], [ 770598.665559375891462, 6170817.288890572264791 ], [ 770598.785659737768583, 6170816.296192078851163 ], [ 770598.905760087189265, 6170815.303493581712246 ], [ 770599.025860422756523, 6170814.310795081779361 ], [ 770599.145960745634511, 6170813.318096578121185 ], [ 770599.266061054659076, 6170812.325398068875074 ], [ 770599.38616135250777, 6170811.332699556834996 ], [ 770599.50626163627021, 6170810.340001041069627 ], [ 770599.626361906295642, 6170809.34730252251029 ], [ 770599.74646216374822, 6170808.354603998363018 ], [ 770599.866562408627942, 6170807.361905472353101 ], [ 770599.986662639537826, 6170806.369206942617893 ], [ 770600.10676285775844, 6170805.376508409157395 ], [ 770600.191452952800319, 6170804.676495189778507 ], [ 770600.824832742568105, 6170803.902735214680433 ], [ 770601.458212530356832, 6170803.128975228406489 ], [ 770602.091592316050082, 6170802.355215227231383 ], [ 770602.724972099764273, 6170801.581455214880407 ], [ 770603.358351880335249, 6170800.807695187628269 ], [ 770603.99173165881075, 6170800.033935148268938 ], [ 770604.62511143530719, 6170799.260175094008446 ], [ 770605.258491209940985, 6170798.486415026709437 ], [ 770605.891870981198736, 6170797.712654948234558 ], [ 770606.52525075036101, 6170796.93889485206455 ], [ 770607.158630517777056, 6170796.165134746581316 ], [ 770607.792010283097625, 6170795.391374625265598 ], [ 770608.425390046322718, 6170794.617614490911365 ], [ 770609.058769806288183, 6170793.843854343518615 ], [ 770609.692149564158171, 6170793.070094184949994 ], [ 770610.325529320398346, 6170792.296334009617567 ], [ 770610.958909074310213, 6170791.522573823109269 ], [ 770611.592288825195283, 6170790.748813623562455 ], [ 770612.225668573984876, 6170789.97505340911448 ], [ 770612.859048320795409, 6170789.201293181627989 ], [ 770613.492428065510467, 6170788.427532939240336 ], [ 770614.125807808246464, 6170787.653772685676813 ], [ 770614.759187547955662, 6170786.880012418143451 ], [ 770615.392567285452969, 6170786.106252139434218 ], [ 770616.025947020854801, 6170785.332491842098534 ], [ 770616.659326754393987, 6170784.558731535449624 ], [ 770617.292706484673545, 6170783.784971213899553 ], [ 770617.926086214371026, 6170783.011210881173611 ], [ 770618.559465940459631, 6170782.237450532615185 ], [ 770619.192845664918423, 6170781.463690172880888 ], [ 770619.826225385884754, 6170780.689929796382785 ], [ 770620.459605104988441, 6170779.916169410571456 ], [ 770621.092984823160805, 6170779.142409008927643 ], [ 770621.72636453830637, 6170778.368648594245315 ], [ 770622.359744250075892, 6170777.594888165593147 ], [ 770622.993123961146921, 6170776.821127725765109 ], [ 770623.626503668958321, 6170776.047367270104587 ], [ 770624.259883374674246, 6170775.273606801405549 ], [ 770624.893263078527525, 6170774.499846322461963 ], [ 770625.526642779121175, 6170773.72608582675457 ], [ 770626.160022478783503, 6170772.952325318939984 ], [ 770626.793402175419033, 6170772.178564798086882 ], [ 770627.426781869959086, 6170771.404804263263941 ], [ 770628.060161562403664, 6170770.631043715402484 ], [ 770628.693541251821443, 6170769.857283152639866 ], [ 770629.326920939143747, 6170769.083522578701377 ], [ 770629.960300624370575, 6170768.309761989861727 ], [ 770630.593680307734758, 6170767.536001386120915 ], [ 770631.227059988887049, 6170766.762240773066878 ], [ 770631.860439667012542, 6170765.988480144180357 ], [ 770632.493819343158975, 6170765.214719502255321 ], [ 770633.127199016977102, 6170764.440958846360445 ], [ 770633.760578689165413, 6170763.667198178358376 ], [ 770634.393958359258249, 6170762.893437497317791 ], [ 770635.027338025858626, 6170762.119676802307367 ], [ 770635.660717690712772, 6170761.345916093327105 ], [ 770636.294097353471443, 6170760.572155371308327 ], [ 770636.9274770130869, 6170759.79839463531971 ], [ 770637.56085667188745, 6170759.024633888155222 ], [ 770638.194236327428371, 6170758.250873126089573 ], [ 770638.827615980990231, 6170757.477112349122763 ], [ 770639.460995632689446, 6170756.703351561911404 ], [ 770640.094375280779786, 6170755.929590759798884 ], [ 770640.727754928404465, 6170755.155829944647849 ], [ 770641.3611345726531, 6170754.382069115526974 ], [ 770641.994514214806259, 6170753.608308274298906 ], [ 770642.627893853932619, 6170752.834547419101 ], [ 770643.261273492360488, 6170752.060786549001932 ], [ 770643.894653127295896, 6170751.287025665864348 ], [ 770644.52803276036866, 6170750.513264769688249 ], [ 770645.161412391345948, 6170749.739503862336278 ], [ 770645.794792019180022, 6170748.965742940083146 ], [ 770646.428171646082774, 6170748.191982002928853 ], [ 770647.061551269958727, 6170747.418221053667367 ], [ 770647.694930891739205, 6170746.644460091367364 ], [ 770648.328310510260053, 6170745.870699115097523 ], [ 770648.961690127965994, 6170745.096938127651811 ], [ 770649.595069742528722, 6170744.323177123442292 ], [ 770650.228449355112389, 6170743.549416108056903 ], [ 770650.86182896560058, 6170742.775655077770352 ], [ 770651.495208572829142, 6170742.001894035376608 ], [ 770652.128588179359213, 6170741.228132979944348 ], [ 770652.761967782629654, 6170740.45437191054225 ], [ 770653.395347383804619, 6170739.68061082623899 ], [ 770654.028726981952786, 6170738.906849730759859 ], [ 770654.662106579169631, 6170738.133088620379567 ], [ 770655.295486173126847, 6170737.359327498823404 ], [ 770655.928865765221417, 6170736.58556636236608 ], [ 770656.562245355220512, 6170735.811805214732885 ], [ 770657.19562494312413, 6170735.038044050335884 ], [ 770657.829004528000951, 6170734.264282874763012 ], [ 770658.46238411066588, 6170733.490521684288979 ], [ 770659.095763691468164, 6170732.716760480776429 ], [ 770659.729143270058557, 6170731.942999265156686 ], [ 770660.179424073081464, 6170731.39291864912957 ], [ 770660.4556055276189, 6170730.431877577677369 ], [ 770660.731786970049143, 6170729.470836497843266 ], [ 770661.00796840141993, 6170728.509795412421227 ], [ 770661.284149821847677, 6170727.548754321411252 ], [ 770661.560331230983138, 6170726.587713217362761 ], [ 770661.836512628244236, 6170725.626672108657658 ], [ 770662.112694015260786, 6170724.665630992501974 ], [ 770662.388875390402973, 6170723.704589867964387 ], [ 770662.665056754369289, 6170722.743548735976219 ], [ 770662.941238106111996, 6170721.782507598400116 ], [ 770663.217419447959401, 6170720.821466450579464 ], [ 770663.493600777583197, 6170719.860425295308232 ], [ 770663.769782097428106, 6170718.899384135380387 ], [ 770664.045963405049406, 6170717.938342966139317 ], [ 770664.322144700330682, 6170716.977301788516343 ], [ 770664.598325985716656, 6170716.016260604374111 ], [ 770664.874507259111851, 6170715.055219411849976 ], [ 770665.150688522495329, 6170714.094178213737905 ], [ 770665.426869773771614, 6170713.133137006312609 ], [ 770665.703051012707874, 6170712.172095792368054 ], [ 770665.979232241865247, 6170711.211054569110274 ], [ 770666.255413459963165, 6170710.250013339333236 ], [ 770666.531594665837474, 6170709.288972102105618 ], [ 770666.807775860652328, 6170708.327930857427418 ], [ 770667.083957044407725, 6170707.366889605298638 ], [ 770667.360138215939514, 6170706.4058483466506 ], [ 770667.636319377692416, 6170705.444807078689337 ], [ 770667.912500527105294, 6170704.483765805140138 ], [ 770668.188681665575132, 6170703.522724520415068 ], [ 770668.464862792752683, 6170702.561683230102062 ], [ 770668.741043909220025, 6170701.600641934201121 ], [ 770669.017225014511496, 6170700.639600628986955 ], [ 770669.293406107695773, 6170699.678559316322207 ], [ 770669.569587189820595, 6170698.71751799620688 ], [ 770669.845768260769546, 6170697.756476668640971 ], [ 770670.121949320659041, 6170696.795435331761837 ], [ 770670.398130368441343, 6170695.83439399022609 ], [ 770670.674311406328343, 6170694.873352639377117 ], [ 770670.950492431875318, 6170693.912311282008886 ], [ 770671.226673446595669, 6170692.951269916258752 ], [ 770671.502854450140148, 6170691.990228543058038 ], [ 770671.779035441577435, 6170691.029187162406743 ], [ 770672.055216423119418, 6170690.068145776167512 ], [ 770672.331397392437793, 6170689.107104377821088 ], [ 770672.607578350463882, 6170688.146062975749373 ], [ 770672.883759297896177, 6170687.185021565295756 ], [ 770673.159940234036185, 6170686.223980147391558 ], [ 770673.436121157952584, 6170685.262938722968102 ], [ 770673.712302070809528, 6170684.30189728923142 ], [ 770673.988482972607017, 6170683.340855848044157 ], [ 770674.264663863461465, 6170682.379814399406314 ], [ 770674.540844743256457, 6170681.418772944249213 ], [ 770674.817025611875579, 6170680.457731479778886 ], [ 770675.093206468503922, 6170679.496690008789301 ], [ 770675.369387313839979, 6170678.535648530349135 ], [ 770675.645568148232996, 6170677.574607044458389 ], [ 770675.921748971682973, 6170676.613565551117063 ], [ 770676.197929782792926, 6170675.652524050325155 ], [ 770676.474110584240407, 6170674.691482541151345 ], [ 770676.750291373115033, 6170673.730441025458276 ], [ 770677.026472151279449, 6170672.769399500451982 ], [ 770677.302652918267995, 6170671.808357969857752 ], [ 770677.578833673032932, 6170670.847316430881619 ], [ 770677.855014417786151, 6170669.886274885386229 ], [ 770678.131195150548592, 6170668.925233330577612 ], [ 770678.407375872251578, 6170667.96419177018106 ], [ 770678.683556582778692, 6170667.003150199539959 ], [ 770678.959737281198613, 6170666.042108623310924 ], [ 770679.235917969606817, 6170665.081067038699985 ], [ 770679.512098646024242, 6170664.12002544850111 ], [ 770679.788279311265796, 6170663.158983847126365 ], [ 770680.064459965447895, 6170662.197942243888974 ], [ 770680.340640608454123, 6170661.236900627613068 ], [ 770680.616821239469573, 6170660.275859006680548 ], [ 770680.893001860706136, 6170659.31481737550348 ], [ 770681.169182469369844, 6170658.3537757396698 ], [ 770681.445363067323342, 6170657.392734096385539 ], [ 770681.721543652936816, 6170656.431692443788052 ], [ 770681.997724228538573, 6170655.470650783739984 ], [ 770682.273904792149551, 6170654.509609116241336 ], [ 770682.550085345748812, 6170653.548567444086075 ], [ 770682.826265887124464, 6170652.587525758892298 ], [ 770683.102446416392922, 6170651.62648406997323 ], [ 770683.378626935766079, 6170650.665442371740937 ], [ 770683.654807442799211, 6170649.704400667920709 ], [ 770683.930987940053456, 6170648.743358954787254 ], [ 770684.207168424967676, 6170647.782317236065865 ], [ 770684.483348897891119, 6170646.821275508962572 ], [ 770684.759529360802844, 6170645.860233772546053 ], [ 770685.035709812771529, 6170644.899192031472921 ], [ 770685.31189025240019, 6170643.938150281086564 ], [ 770685.58807068108581, 6170642.977108523249626 ], [ 770685.86425109859556, 6170642.016066757962108 ], [ 770686.140431505045854, 6170641.055024983361363 ], [ 770686.416611899388954, 6170640.093983205035329 ], [ 770686.692792282672599, 6170639.132941417396069 ], [ 770686.83347495784983, 6170638.6433992870152 ], [ 770687.136339530581608, 6170637.690430250018835 ], [ 770687.439204093534499, 6170636.73746120557189 ], [ 770687.74206864554435, 6170635.784492150880396 ], [ 770688.04493318637833, 6170634.831523088738322 ], [ 770688.3477977165021, 6170633.87855402007699 ], [ 770688.65066223545, 6170632.925584943033755 ], [ 770688.953526743571274, 6170631.972615858539939 ], [ 770689.256391241680831, 6170631.01964676193893 ], [ 770689.559255727799609, 6170630.066677660681307 ], [ 770689.862120204255916, 6170629.113708551041782 ], [ 770690.164984669536352, 6170628.160739432089031 ], [ 770690.467849123757333, 6170627.207770305685699 ], [ 770690.770713567268103, 6170626.254801172763109 ], [ 770691.073577999486588, 6170625.301832027733326 ], [ 770691.376442420994863, 6170624.348862877115607 ], [ 770691.67930683249142, 6170623.395893717184663 ], [ 770691.982171231880784, 6170622.44292455073446 ], [ 770692.285035621607676, 6170621.489955376833677 ], [ 770692.587900000158697, 6170620.536986190825701 ], [ 770692.890764367766678, 6170619.584017000161111 ], [ 770693.193628724431619, 6170618.631047799251974 ], [ 770693.49649307015352, 6170617.678078589960933 ], [ 770693.799357406096533, 6170616.725109376013279 ], [ 770694.102221729932353, 6170615.772140149958432 ], [ 770694.405086043756455, 6170614.819170916453004 ], [ 770694.707950345589779, 6170613.866201676428318 ], [ 770695.010814637644216, 6170612.913232428021729 ], [ 770695.313678918522783, 6170611.960263170301914 ], [ 770695.616543188691139, 6170611.007293906994164 ], [ 770695.919407448964193, 6170610.054324632510543 ], [ 770696.222271696897224, 6170609.101355351507664 ], [ 770696.525135935167782, 6170608.148386060260236 ], [ 770696.828000161214732, 6170607.195416762493551 ], [ 770697.13086437759921, 6170606.242447458207607 ], [ 770697.433728582807817, 6170605.289478143677115 ], [ 770697.736592777189799, 6170604.336508819833398 ], [ 770698.03945696062874, 6170603.383539490401745 ], [ 770698.342321132891811, 6170602.430570150725543 ], [ 770698.645185295492411, 6170601.477600805461407 ], [ 770698.948049445869401, 6170600.524631448090076 ], [ 770699.250913586467505, 6170599.571662086062133 ], [ 770699.553777716238983, 6170598.618692714720964 ], [ 770699.856641834834591, 6170597.66572333406657 ], [ 770700.159505942487158, 6170596.71275394782424 ], [ 770700.462370039196685, 6170595.759784550406039 ], [ 770700.765234124846756, 6170594.806815149262547 ], [ 770701.068098200717941, 6170593.853845736011863 ], [ 770701.370962264481932, 6170592.900876314379275 ], [ 770701.673826318350621, 6170591.947906887158751 ], [ 770701.976690361392684, 6170590.99493744969368 ], [ 770702.279554393375292, 6170590.041968006640673 ], [ 770702.582418414298445, 6170589.088998552411795 ], [ 770702.885282424278557, 6170588.136029092594981 ], [ 770703.188146424596198, 6170587.183059623464942 ], [ 770703.491010412573814, 6170586.230090146884322 ], [ 770703.793874390888959, 6170585.277120659127831 ], [ 770704.096738356980495, 6170584.324151166714728 ], [ 770704.399602313293144, 6170583.371181664988399 ], [ 770704.702466258546337, 6170582.418212154880166 ], [ 770705.005330192856491, 6170581.465242635458708 ], [ 770705.308194117387757, 6170580.512273109517992 ], [ 770705.611058029811829, 6170579.55930357426405 ], [ 770705.913921932457015, 6170578.606334032490849 ], [ 770706.216785822762176, 6170577.653364482335746 ], [ 770706.519649703288451, 6170576.700394922867417 ], [ 770706.822513572871685, 6170575.747425355948508 ], [ 770707.125377431511879, 6170574.794455780647695 ], [ 770707.428241279209033, 6170573.841486196964979 ], [ 770707.731105115963146, 6170572.88851660490036 ], [ 770708.033968942705542, 6170571.93554700538516 ], [ 770708.336832757340744, 6170570.982577396556735 ], [ 770708.639696562197059, 6170570.029607780277729 ], [ 770708.94256035622675, 6170569.076638156548142 ], [ 770709.245424139080569, 6170568.123668525367975 ], [ 770709.416215570643544, 6170567.586268337443471 ], [ 770709.589608889305964, 6170566.601477822288871 ], [ 770709.763002195162699, 6170565.616687300615013 ], [ 770709.936395488097332, 6170564.631896775215864 ], [ 770710.109788769390434, 6170563.647106243297458 ], [ 770710.283182036597282, 6170562.662315707653761 ], [ 770710.456575292162597, 6170561.677525166422129 ], [ 770710.62996853608638, 6170560.692734620533884 ], [ 770710.803361765807495, 6170559.707944069057703 ], [ 770710.976754984119907, 6170558.72315351292491 ], [ 770711.15014818822965, 6170557.738362951204181 ], [ 770711.323541380697861, 6170556.753572384826839 ], [ 770711.496934561408125, 6170555.768781812861562 ], [ 770711.67032772838138, 6170554.783991238102317 ], [ 770711.843720883480273, 6170553.799200655892491 ], [ 770712.017114025657065, 6170552.814410069026053 ], [ 770712.190507155144587, 6170551.829619477503002 ], [ 770712.363900271710008, 6170550.844828881323338 ], [ 770712.537293376633897, 6170549.860038282349706 ], [ 770712.710686467587948, 6170548.875247673131526 ], [ 770712.884079546667635, 6170547.890457062982023 ], [ 770713.057472614338621, 6170546.905666447244585 ], [ 770713.230865667806938, 6170545.920875824987888 ], [ 770713.40425870846957, 6170544.936085199005902 ], [ 770713.577651737490669, 6170543.95129456743598 ], [ 770713.751044753706083, 6170542.966503931209445 ], [ 770713.924437758047134, 6170541.981713290326297 ], [ 770714.097830748534761, 6170540.996922641992569 ], [ 770714.271223727264442, 6170540.012131990864873 ], [ 770714.444616693304852, 6170539.027341336011887 ], [ 770714.618009646423161, 6170538.04255067370832 ], [ 770714.791402586502954, 6170537.057760007679462 ], [ 770714.964795513893478, 6170536.07296933606267 ], [ 770715.138188429526053, 6170535.088178658857942 ], [ 770715.311581332469359, 6170534.103387976065278 ], [ 770715.484974222490564, 6170533.118597290478647 ], [ 770715.658367100753821, 6170532.13380659930408 ], [ 770715.831759965163656, 6170531.149015902541578 ], [ 770716.005152817815542, 6170530.16422520019114 ], [ 770716.178545657545328, 6170529.17943449318409 ], [ 770716.351938484469429, 6170528.194643780589104 ], [ 770716.525331299635582, 6170527.209853063337505 ], [ 770716.698724101064727, 6170526.225062343291938 ], [ 770716.872116890735924, 6170525.240271616727114 ], [ 770717.04550966725219, 6170524.255480885505676 ], [ 770717.218902432359755, 6170523.270690148696303 ], [ 770717.392295183148235, 6170522.285899405367672 ], [ 770717.565687922528014, 6170521.301108660176396 ], [ 770717.739080649102107, 6170520.316317908465862 ], [ 770717.912473362870514, 6170519.331527152098715 ], [ 770718.085866063600406, 6170518.34673638921231 ], [ 770718.259258752688766, 6170517.361945623531938 ], [ 770718.43265142897144, 6170516.377154849469662 ], [ 770718.606044092332013, 6170515.392364074476063 ], [ 770718.779436742886901, 6170514.407573292031884 ], [ 770718.952829381916672, 6170513.422782505862415 ], [ 770719.126222006743774, 6170512.437991712242365 ], [ 770719.299614619929343, 6170511.45320091675967 ], [ 770719.473007220309228, 6170510.468410113826394 ], [ 770719.646399807883427, 6170509.483619308099151 ], [ 770719.819792383583263, 6170508.498828495852649 ], [ 770719.993184946710244, 6170507.514037678949535 ], [ 770720.166577496565878, 6170506.529246855527163 ], [ 770720.339970033965074, 6170505.544456029310822 ], [ 770720.513362558325753, 6170504.559665197506547 ], [ 770720.686755071161315, 6170503.574874360114336 ], [ 770720.860147570958361, 6170502.590083518996835 ], [ 770721.033540058066137, 6170501.605292671360075 ], [ 770721.206932532251813, 6170500.620501819998026 ], [ 770721.380324993631802, 6170499.635710962116718 ], [ 770721.553717443253845, 6170498.65092010051012 ], [ 770721.727109880186617, 6170497.666129233315587 ], [ 770721.900502304080874, 6170496.681338360533118 ], [ 770722.073894715169445, 6170495.696547484025359 ], [ 770722.247287114849314, 6170494.711756601929665 ], [ 770722.420679501257837, 6170493.726965712383389 ], [ 770722.594071875093505, 6170492.742174821905792 ], [ 770722.767464236123487, 6170491.757383927702904 ], [ 770722.940856583882123, 6170490.772593022324145 ], [ 770723.114248920464888, 6170489.787802116014063 ], [ 770723.287641244009137, 6170488.803011203184724 ], [ 770723.46103355451487, 6170487.818220286630094 ], [ 770723.634425852447748, 6170486.833429364487529 ], [ 770723.807818137458526, 6170485.848638437688351 ], [ 770723.981210410711356, 6170484.863847504369915 ], [ 770724.154602671042085, 6170483.879056567326188 ], [ 770724.327994918683544, 6170482.894265625625849 ], [ 770724.501387153402902, 6170481.909474677406251 ], [ 770724.674779376480728, 6170480.924683725461364 ], [ 770724.848171586636454, 6170479.939892766997218 ], [ 770725.021563784219325, 6170478.955101804807782 ], [ 770725.194955968763679, 6170477.970310838893056 ], [ 770725.368348140502349, 6170476.985519865527749 ], [ 770725.541740300366655, 6170476.000728888437152 ], [ 770725.715132447425276, 6170475.015937905758619 ], [ 770725.888524581794627, 6170474.031146917492151 ], [ 770726.061916703125462, 6170473.046355926431715 ], [ 770726.235308813164011, 6170472.061564929783344 ], [ 770726.408700908767059, 6170471.076773927547038 ], [ 770726.582092992961407, 6170470.091982919722795 ], [ 770726.755485064117238, 6170469.107191905379295 ], [ 770726.928877123631537, 6170468.12240088917315 ], [ 770727.102269169175997, 6170467.137609865516424 ], [ 770727.275661203078926, 6170466.152818837203085 ], [ 770727.449053223943338, 6170465.168027806095779 ], [ 770727.62244523211848, 6170464.183236768469214 ], [ 770727.79583722865209, 6170463.198445726186037 ], [ 770727.96922921098303, 6170462.213654678314924 ], [ 770728.142621181672439, 6170461.228863624855876 ], [ 770728.316013139672577, 6170460.24407256860286 ], [ 770728.489405085914768, 6170459.259281505830586 ], [ 770728.662797018187121, 6170458.274490438401699 ], [ 770728.836188938701525, 6170457.289699365384877 ], [ 770729.009580846410245, 6170456.304908287711442 ], [ 770729.182972741313279, 6170455.320117205381393 ], [ 770729.356364623177797, 6170454.335326116532087 ], [ 770729.454077776055783, 6170453.780357530340552 ], [ 770729.847325978334993, 6170452.860991393215954 ], [ 770730.240574171766639, 6170451.941625244915485 ], [ 770730.633822356583551, 6170451.022259090095758 ], [ 770731.027070531388745, 6170450.10289292037487 ], [ 770731.42031869746279, 6170449.183526745066047 ], [ 770731.81356685468927, 6170448.264160554856062 ], [ 770732.206815002253279, 6170447.344794359058142 ], [ 770732.600063140969723, 6170446.425428150221705 ], [ 770732.993311270955019, 6170445.506061933003366 ], [ 770733.38655939232558, 6170444.586695705540478 ], [ 770733.779807503451593, 6170443.66732946690172 ], [ 770734.173055606195703, 6170442.747963218018413 ], [ 770734.566303700092249, 6170441.828596960753202 ], [ 770734.959551784209907, 6170440.909230694174767 ], [ 770735.352799860527739, 6170439.989864412695169 ], [ 770735.746047925902531, 6170439.070498124696314 ], [ 770736.139295983593911, 6170438.151131826452911 ], [ 770736.532544031506404, 6170437.231765517964959 ], [ 770736.925792070687748, 6170436.312399199232459 ], [ 770737.319040101021528, 6170435.393032871186733 ], [ 770737.71228812285699, 6170434.473666532896459 ], [ 770738.105536134680733, 6170433.554300183430314 ], [ 770738.498784137540497, 6170432.634933823719621 ], [ 770738.892032131785527, 6170431.715567454695702 ], [ 770739.285280116368085, 6170430.796201076358557 ], [ 770739.678528091870248, 6170429.876834686845541 ], [ 770740.071776058874093, 6170428.9574682880193 ], [ 770740.465024015982635, 6170428.038101878017187 ], [ 770740.858271964243613, 6170427.118735456839204 ], [ 770741.251519903773442, 6170426.199369029141963 ], [ 770741.644767834572122, 6170425.280002588406205 ], [ 770742.038015755591914, 6170424.360636139288545 ], [ 770742.431263668928295, 6170423.441269678063691 ], [ 770742.824511571088806, 6170422.521903207525611 ], [ 770743.217759465915151, 6170421.602536728605628 ], [ 770743.611007350729778, 6170420.683170238509774 ], [ 770744.004255226813257, 6170419.763803740032017 ], [ 770744.397503094049171, 6170418.844437228515744 ], [ 770744.790750951622613, 6170417.925070708617568 ], [ 770745.183998801512644, 6170417.005704176612198 ], [ 770745.577246640343219, 6170416.086337637156248 ], [ 770745.970494471490383, 6170415.166971086524427 ], [ 770746.36374229285866, 6170414.24760452657938 ], [ 770746.756990105612203, 6170413.32823795452714 ], [ 770747.150237909285352, 6170412.408871375024319 ], [ 770747.543485703296028, 6170411.489504782482982 ], [ 770747.936733489739709, 6170410.570138182491064 ], [ 770748.329981265123934, 6170409.65077156946063 ], [ 770748.723229032824747, 6170408.731404949910939 ], [ 770749.116476790746674, 6170407.812038318254054 ], [ 770749.509724539937451, 6170406.892671678215265 ], [ 770749.902972280164249, 6170405.973305026069283 ], [ 770750.296220011776313, 6170405.053938364610076 ], [ 770750.689467733493075, 6170404.134571691974998 ], [ 770751.082715446595103, 6170403.215205011889338 ], [ 770751.475963149685413, 6170402.295838319696486 ], [ 770751.869210845208727, 6170401.376471620053053 ], [ 770752.262458530720323, 6170400.457104905508459 ], [ 770752.655706207617186, 6170399.537738181650639 ], [ 770752.990981685114093, 6170398.753903606906533 ], [ 770753.250258914427832, 6170397.788163349032402 ], [ 770753.509536133380607, 6170396.822423085570335 ], [ 770753.768813339527696, 6170395.856682814657688 ], [ 770754.028090535430238, 6170394.890942540019751 ], [ 770754.287367718527094, 6170393.925202254205942 ], [ 770754.546644891379401, 6170392.959461960941553 ], [ 770754.805922051426023, 6170391.993721662089229 ], [ 770755.065199200995266, 6170391.027981355786324 ], [ 770755.324476339039393, 6170390.06224104296416 ], [ 770755.583753464510664, 6170389.096500724554062 ], [ 770755.843030579388142, 6170388.130760395899415 ], [ 770756.102307682856917, 6170387.165020061656833 ], [ 770756.361584773520008, 6170386.19927971996367 ], [ 770756.62086185393855, 6170385.233539369888604 ], [ 770756.880138922599144, 6170384.267799014225602 ], [ 770757.139415979851037, 6170383.302058652043343 ], [ 770757.398693025810644, 6170382.33631828147918 ], [ 770757.657970058731735, 6170381.370577902533114 ], [ 770757.917247081059031, 6170380.404837518930435 ], [ 770758.176524092210457, 6170379.439097126945853 ], [ 770758.435801091603935, 6170378.473356727510691 ], [ 770758.695078079588711, 6170377.507616320624948 ], [ 770758.95435505581554, 6170376.541875910013914 ], [ 770759.213632020750083, 6170375.576135490089655 ], [ 770759.472908973926678, 6170374.61039506085217 ], [ 770759.732185915578157, 6170373.64465462602675 ], [ 770759.991462845820934, 6170372.678914183750749 ], [ 770760.250739764422178, 6170371.713173734024167 ], [ 770760.510016671381891, 6170370.747433279640973 ], [ 770760.769293566932902, 6170369.781692817807198 ], [ 770761.028570452006534, 6170368.815952346660197 ], [ 770761.287847324507311, 6170367.850211869925261 ], [ 770761.547124185133725, 6170366.884471384808421 ], [ 770761.806401034584269, 6170365.918730892241001 ], [ 770762.065677872276865, 6170364.952990393154323 ], [ 770762.324954699492082, 6170363.987249887548387 ], [ 770762.58423151425086, 6170363.02150937449187 ], [ 770762.84350831725169, 6170362.055768853053451 ], [ 770763.102785110007972, 6170361.090028326958418 ], [ 770763.362061889958568, 6170360.124287792481482 ], [ 770763.621338658500463, 6170359.15854724869132 ], [ 770763.880615416448563, 6170358.192806700244546 ], [ 770764.139892161590979, 6170357.227066144347191 ], [ 770764.399168896721676, 6170356.2613255828619 ], [ 770764.658445618813857, 6170355.295585012063384 ], [ 770764.917722330661491, 6170354.32984443474561 ], [ 770765.176999029703438, 6170353.36410384811461 ], [ 770765.436275718500838, 6170352.398363258689642 ], [ 770765.695552395423874, 6170351.432622659951448 ], [ 770765.954829060006887, 6170350.466882051900029 ], [ 770766.21410571387969, 6170349.50114144012332 ], [ 770766.473382355296053, 6170348.535400819033384 ], [ 770766.732658986235037, 6170347.569660192355514 ], [ 770766.991935605648905, 6170346.603919556364417 ], [ 770767.251212213654071, 6170345.638178914785385 ], [ 770767.510488808620721, 6170344.672438267618418 ], [ 770767.769765393342823, 6170343.706697611138225 ], [ 770768.029041966423392, 6170342.740956947207451 ], [ 770768.28831852809526, 6170341.775216277688742 ], [ 770768.547595078125596, 6170340.809475599788129 ], [ 770768.8068716165144, 6170339.843734914436936 ], [ 770769.066148143610917, 6170338.877994223497808 ], [ 770769.325424659065902, 6170337.912253525108099 ], [ 770769.584701162879355, 6170336.946512818336487 ], [ 770769.843977655051276, 6170335.980772105976939 ], [ 770770.103254135930911, 6170335.015031384304166 ], [ 770770.362530605052598, 6170334.049290657043457 ], [ 770770.621807062765583, 6170333.083549924194813 ], [ 770770.881083508837037, 6170332.117809182032943 ], [ 770771.140359943266958, 6170331.152068432420492 ], [ 770771.399636366288178, 6170330.186327677220106 ], [ 770771.658912777667865, 6170329.220586912706494 ], [ 770771.918189177522436, 6170328.254846142604947 ], [ 770772.177465567016043, 6170327.289105365052819 ], [ 770772.436741943936795, 6170326.323364581912756 ], [ 770772.696018308866769, 6170325.357623789459467 ], [ 770772.955294662737288, 6170324.39188299048692 ], [ 770773.214571005897596, 6170323.426142184063792 ], [ 770773.473847336368635, 6170322.460401371121407 ], [ 770773.733123656595126, 6170321.494660549797118 ], [ 770773.992399964015931, 6170320.528919722884893 ], [ 770774.251676259795204, 6170319.563178887590766 ], [ 770774.510952545329928, 6170318.597438048571348 ], [ 770774.770228818058968, 6170317.63169719837606 ], [ 770775.029505080427043, 6170316.665956342592835 ], [ 770775.288781330222264, 6170315.700215479359031 ], [ 770775.548057569307275, 6170314.734474608674645 ], [ 770775.807333795819432, 6170313.768733731471002 ], [ 770776.06661001208704, 6170312.802992846816778 ], [ 770776.325886216713116, 6170311.837251955643296 ], [ 770776.585162408533506, 6170310.871511055156589 ], [ 770776.844438590109348, 6170309.905770150013268 ], [ 770777.103714759927243, 6170308.940029236488044 ], [ 770777.362990918336436, 6170307.97428831551224 ], [ 770777.622267064056359, 6170307.008547389879823 ], [ 770777.881543199298903, 6170306.04280645493418 ], [ 770778.140819323132746, 6170305.077065513469279 ], [ 770778.400095435092226, 6170304.111324563622475 ], [ 770778.659371535759419, 6170303.145583608187735 ], [ 770778.918647624785081, 6170302.179842645302415 ], [ 770779.177923702285625, 6170301.214101675897837 ], [ 770779.437199768261053, 6170300.248360697180033 ], [ 770779.69647582154721, 6170299.282619713805616 ], [ 770779.955751864355989, 6170298.316878722980618 ], [ 770780.215027895523235, 6170297.351137721911073 ], [ 770780.474303916445933, 6170296.385396716184914 ], [ 770780.733579924562946, 6170295.41965570114553 ], [ 770780.992855921271257, 6170294.453914683312178 ], [ 770781.252131906338036, 6170293.4881736561656 ], [ 770781.511407879646868, 6170292.522432621568441 ], [ 770781.770683841663413, 6170291.556691580452025 ], [ 770782.029959792038426, 6170290.590950530022383 ], [ 770782.289235732052475, 6170289.625209474004805 ], [ 770782.548511659377255, 6170288.659468410536647 ], [ 770782.807787575060502, 6170287.693727342411876 ], [ 770783.067063480382785, 6170286.727986264042556 ], [ 770783.326339373015799, 6170285.762245178222656 ], [ 770783.585615254123695, 6170284.796504086814821 ], [ 770783.844891124870628, 6170283.83076298981905 ], [ 770784.10416698269546, 6170282.865021882578731 ], [ 770784.363442830159329, 6170281.899280769750476 ], [ 770784.622718665050343, 6170280.933539649471641 ], [ 770784.881994489580393, 6170279.967798521742225 ], [ 770785.141270301304758, 6170279.002057388424873 ], [ 770785.400546102551743, 6170278.036316245794296 ], [ 770785.659821891225874, 6170277.070575095713139 ], [ 770785.919097669422626, 6170276.104833940975368 ], [ 770786.178373436094262, 6170275.139092778787017 ], [ 770786.437649189960212, 6170274.173351606354117 ], [ 770786.696924933465198, 6170273.207610430195928 ], [ 770786.956200665445067, 6170272.241869246587157 ], [ 770787.215476386016235, 6170271.276128053665161 ], [ 770787.474752093665302, 6170270.31038685515523 ], [ 770787.734027791069821, 6170269.344645647332072 ], [ 770787.993303476832807, 6170268.37890443764627 ], [ 770788.252579150954261, 6170267.413163214921951 ], [ 770788.511854813667014, 6170266.44742198754102 ], [ 770788.771130464738235, 6170265.481680754572153 ], [ 770789.030406104284339, 6170264.515939511358738 ], [ 770789.289681732305326, 6170263.550198262557387 ], [ 770789.54895734868478, 6170262.584457008168101 ], [ 770789.808232953539118, 6170261.61871574446559 ], [ 770790.067508546868339, 6170260.65297447424382 ], [ 770790.326784128556028, 6170259.687233195640147 ], [ 770790.586059698835015, 6170258.721491912379861 ], [ 770790.84533525747247, 6170257.755750619806349 ], [ 770791.104610804584809, 6170256.790009322576225 ], [ 770791.363886340055615, 6170255.824268015101552 ], [ 770791.623161865165457, 6170254.858526702970266 ], [ 770791.882437377586029, 6170253.8927853833884 ], [ 770792.14171287836507, 6170252.927044054493308 ], [ 770792.400988369015977, 6170251.961302721872926 ], [ 770792.494274945929646, 6170251.613831743597984 ], [ 770792.800675573758781, 6170250.661992066539824 ], [ 770793.107076191110536, 6170249.710152382031083 ], [ 770793.41347679682076, 6170248.758312688209116 ], [ 770793.719877392053604, 6170247.806472986005247 ], [ 770794.026277977158315, 6170246.854633274488151 ], [ 770794.332678550388664, 6170245.902793556451797 ], [ 770794.639079113374464, 6170244.950953830033541 ], [ 770794.945479665882885, 6170243.999114094302058 ], [ 770795.251880206749775, 6170243.047274351119995 ], [ 770795.558280738419853, 6170242.095434599556029 ], [ 770795.8646812584484, 6170241.143594839610159 ], [ 770796.171081766951829, 6170240.191755073145032 ], [ 770796.477482264861465, 6170239.239915296435356 ], [ 770796.783882752526551, 6170238.2880755122751 ], [ 770797.09028322971426, 6170237.336235716938972 ], [ 770797.396683696541004, 6170236.384395918808877 ], [ 770797.703084151726216, 6170235.432556109502912 ], [ 770798.009484596434049, 6170234.480716291815042 ], [ 770798.315885029616766, 6170233.528876464813948 ], [ 770798.622285452322103, 6170232.577036632224917 ], [ 770798.928685864666477, 6170231.625196789391339 ], [ 770799.235086266649887, 6170230.67335693910718 ], [ 770799.54148665687535, 6170229.72151708137244 ], [ 770799.847887036739849, 6170228.769677214324474 ], [ 770800.154287406243384, 6170227.817837338894606 ], [ 770800.460687765153125, 6170226.865997455082834 ], [ 770800.767088112654164, 6170225.914157564751804 ], [ 770801.073488449677825, 6170224.962317664176226 ], [ 770801.379888775176369, 6170224.010477755218744 ], [ 770801.686289091245271, 6170223.058637838810682 ], [ 770801.992689395789057, 6170222.106797915883362 ], [ 770802.299089688807726, 6170221.154957983642817 ], [ 770802.605489972513169, 6170220.203118043020368 ], [ 770802.911890244809911, 6170219.251278093084693 ], [ 770803.218290506396443, 6170218.299438135698438 ], [ 770803.524690756574273, 6170217.347598168998957 ], [ 770803.831090996158309, 6170216.395758194848895 ], [ 770804.137491225614212, 6170215.443918214179575 ], [ 770804.443891444359906, 6170214.492078222334385 ], [ 770804.750291651580483, 6170213.540238223969936 ], [ 770805.056691848440096, 6170212.588398217223585 ], [ 770805.36309203482233, 6170211.63655820209533 ], [ 770805.6694922108436, 6170210.684718178585172 ], [ 770805.975892375223339, 6170209.732878147624433 ], [ 770806.282292529242113, 6170208.781038107350469 ], [ 770806.58869267150294, 6170207.829198058694601 ], [ 770806.895092803635634, 6170206.877358004450798 ], [ 770807.201492925058119, 6170205.925517939031124 ], [ 770807.507893036236055, 6170204.97367786616087 ], [ 770807.814293136820197, 6170204.021837784908712 ], [ 770808.120693225879222, 6170203.069997694343328 ], [ 770808.427093303529546, 6170202.118157599121332 ], [ 770808.733493371633813, 6170201.166317492723465 ], [ 770809.039893428329378, 6170200.214477378875017 ], [ 770809.346293474547565, 6170199.262637255713344 ], [ 770809.652693510404788, 6170198.310797125101089 ], [ 770809.959093534620479, 6170197.358956987038255 ], [ 770810.265493548475206, 6170196.407116839662194 ], [ 770810.571893551619723, 6170195.455276682972908 ], [ 770810.878293543471955, 6170194.503436522558331 ], [ 770811.18469352601096, 6170193.551596349105239 ], [ 770811.491093496908434, 6170192.599756170064211 ], [ 770811.797493456164375, 6170191.647915981709957 ], [ 770812.103893405059353, 6170190.696075784042478 ], [ 770812.410293343593366, 6170189.744235580787063 ], [ 770812.716693271650001, 6170188.792395367287099 ], [ 770813.02309318818152, 6170187.840555146336555 ], [ 770813.329493095399812, 6170186.888714917004108 ], [ 770813.635892989812419, 6170185.936874680221081 ], [ 770813.9422928749118, 6170184.985034434124827 ], [ 770814.24869274860248, 6170184.033194179646671 ], [ 770814.555092611699365, 6170183.081353918649256 ], [ 770814.861492464318871, 6170182.129513646475971 ], [ 770815.167892305529676, 6170181.177673367783427 ], [ 770815.474292136263102, 6170180.225833082571626 ], [ 770815.780691956635565, 6170179.273992785252631 ], [ 770816.087091765250079, 6170178.3221524823457 ], [ 770816.393491564667784, 6170177.370312171056867 ], [ 770816.699891351396218, 6170176.418471850454807 ], [ 770817.006291128927842, 6170175.46663152333349 ], [ 770817.312690894585103, 6170174.514791186898947 ], [ 770817.619090649997815, 6170173.5629508420825 ], [ 770817.925490394933149, 6170172.611110489815474 ], [ 770818.231890129507519, 6170171.659270128235221 ], [ 770818.538289852556773, 6170170.707429759204388 ], [ 770818.844689563848078, 6170169.755589380860329 ], [ 770819.151089265942574, 6170168.803748995065689 ], [ 770819.457488956511952, 6170167.851908601820469 ], [ 770819.763888636603951, 6170166.9000681983307 ], [ 770820.070288306334987, 6170165.948227788321674 ], [ 770820.37668796419166, 6170164.996387369930744 ], [ 770820.683087612036616, 6170164.044546942226589 ], [ 770820.989487249171361, 6170163.09270650614053 ], [ 770821.295886875828728, 6170162.140866062603891 ], [ 770821.602286491193809, 6170161.189025611616671 ], [ 770821.908686095965095, 6170160.237185152247548 ], [ 770822.215085688978434, 6170159.285344684496522 ], [ 770822.521485273027793, 6170158.333504206500947 ], [ 770822.827884845319204, 6170157.38166372012347 ], [ 770823.134284405969083, 6170156.429823229089379 ], [ 770823.440683957422152, 6170155.47798272781074 ], [ 770823.747083497233689, 6170154.526142217218876 ], [ 770824.053483026800677, 6170153.574301701039076 ], [ 770824.173252880224027, 6170153.202232582494617 ], [ 770824.357694463222288, 6170152.219449617899954 ], [ 770824.542136033531278, 6170151.236666647717357 ], [ 770824.726577591034584, 6170150.253883671015501 ], [ 770824.91101913608145, 6170149.271100691519678 ], [ 770825.095460669486783, 6170148.288317706435919 ], [ 770825.279902189271525, 6170147.305534713901579 ], [ 770825.464343697065488, 6170146.322751715779305 ], [ 770825.648785192519426, 6170145.339968715794384 ], [ 770825.83322667516768, 6170144.357185706496239 ], [ 770826.017668146407232, 6170143.374402695335448 ], [ 770826.20210960356053, 6170142.391619678586721 ], [ 770826.386551049305126, 6170141.408836653456092 ], [ 770826.570992482360452, 6170140.426053624600172 ], [ 770826.755433902726509, 6170139.443270592018962 ], [ 770826.93987531051971, 6170138.460487551987171 ], [ 770827.124316705507226, 6170137.47770450823009 ], [ 770827.308758088969626, 6170136.494921458885074 ], [ 770827.493199459742755, 6170135.512138403952122 ], [ 770827.677640817826614, 6170134.529355343431234 ], [ 770827.862082163337618, 6170133.546572279185057 ], [ 770828.046523496042937, 6170132.563789205625653 ], [ 770828.230964817106724, 6170131.581006130203605 ], [ 770828.415406124433503, 6170130.598223049193621 ], [ 770828.59984742035158, 6170129.615439962595701 ], [ 770828.784288703463972, 6170128.632656870409846 ], [ 770828.968729975051247, 6170127.649873772636056 ], [ 770829.153171232901514, 6170126.66709067299962 ], [ 770829.33761247782968, 6170125.684307563118637 ], [ 770829.522053711349145, 6170124.701524450443685 ], [ 770829.706494932295755, 6170123.718741331249475 ], [ 770829.890936140436679, 6170122.735958207398653 ], [ 770830.075377336936072, 6170121.753175077959895 ], [ 770830.259818519931287, 6170120.770391944795847 ], [ 770830.444259691052139, 6170119.787608804181218 ], [ 770830.628700849600136, 6170118.804825657978654 ], [ 770830.813141995575279, 6170117.822042509913445 ], [ 770830.997583128744736, 6170116.839259353466332 ], [ 770831.182024249341339, 6170115.856476192362607 ], [ 770831.366465358296409, 6170114.873693027533591 ], [ 770831.550906453281641, 6170113.890909856185317 ], [ 770831.735347536974587, 6170112.908126678317785 ], [ 770831.919788607861847, 6170111.925343497656286 ], [ 770832.10422966722399, 6170110.942560307681561 ], [ 770832.288670712616295, 6170109.959777116775513 ], [ 770832.473111746716313, 6170108.976993918418884 ], [ 770832.657552768010646, 6170107.99421071447432 ], [ 770832.841993776615709, 6170107.011427506804466 ], [ 770833.026434772531502, 6170106.028644293546677 ], [ 770833.210875755758025, 6170105.045861074700952 ], [ 770833.395316727459431, 6170104.063077849335968 ], [ 770833.579757685307413, 6170103.080294619314373 ], [ 770833.764198631630279, 6170102.097511383704841 ], [ 770833.94863956538029, 6170101.114728144370019 ], [ 770834.1330804862082, 6170100.131944900378585 ], [ 770834.317521395627409, 6170099.149161648005247 ], [ 770834.501962291193195, 6170098.166378391906619 ], [ 770834.686403175350279, 6170097.183595130220056 ], [ 770834.870844046701677, 6170096.200811864808202 ], [ 770835.05528490524739, 6170095.218028591945767 ], [ 770835.239725752500817, 6170094.235245315358043 ], [ 770835.424166585784405, 6170093.252462033182383 ], [ 770835.608607407426462, 6170092.269678743556142 ], [ 770835.793048216495663, 6170091.286895451135933 ], [ 770835.977489012759179, 6170090.304112153127789 ], [ 770836.161929796682671, 6170089.321328848600388 ], [ 770836.346370567567647, 6170088.33854553848505 ], [ 770836.530811327043921, 6170087.355762225575745 ], [ 770836.71525207371451, 6170086.372978905215859 ], [ 770836.899692807812244, 6170085.390195580199361 ], [ 770837.084133529337123, 6170084.407412249594927 ], [ 770837.268574238056317, 6170083.424628913402557 ], [ 770837.453014935133979, 6170082.441845573484898 ], [ 770837.637455618474633, 6170081.459062226116657 ], [ 770837.821896290290169, 6170080.476278875023127 ], [ 770838.006336949300021, 6170079.49349551834166 ], [ 770838.190777595853433, 6170078.510712157934904 ], [ 770838.375218230765313, 6170077.527928790077567 ], [ 770838.559658851707354, 6170076.545145416632295 ], [ 770838.744099461240694, 6170075.562362038530409 ], [ 770838.928540057968348, 6170074.579578655771911 ], [ 770839.112980642123148, 6170073.596795266494155 ], [ 770839.297421213588677, 6170072.614011874422431 ], [ 770839.481861773412675, 6170071.631228474900126 ], [ 770839.666302319499664, 6170070.648445068858564 ], [ 770839.850742854061536, 6170069.665661660023034 ], [ 770840.035183375934139, 6170068.682878244668245 ], [ 770840.219623885117471, 6170067.700094824656844 ], [ 770840.404064382659271, 6170066.717311399057508 ], [ 770840.45758255221881, 6170066.432142065837979 ], [ 770840.698591354186647, 6170065.461680153384805 ], [ 770840.939600144396536, 6170064.491218235343695 ], [ 770841.180608921684325, 6170063.520756307989359 ], [ 770841.421617688378319, 6170062.550294376909733 ], [ 770841.662626442266628, 6170061.579832434654236 ], [ 770841.903635185444728, 6170060.609370488673449 ], [ 770842.144643915817142, 6170059.638908537104726 ], [ 770842.385652634315193, 6170058.668446578085423 ], [ 770842.62666134245228, 6170057.697984610684216 ], [ 770842.867670037318021, 6170056.727522635832429 ], [ 770843.108678720891476, 6170055.757060656324029 ], [ 770843.34968739352189, 6170054.786598670296371 ], [ 770843.590696053346619, 6170053.816136676818132 ], [ 770843.831704701529816, 6170052.845674674957991 ], [ 770844.07271333783865, 6170051.875212669372559 ], [ 770844.313721962505952, 6170050.904750656336546 ], [ 770844.55473057529889, 6170049.934288636781275 ], [ 770844.795739176450297, 6170048.963826608844101 ], [ 770845.036747765843756, 6170047.99336457438767 ], [ 770845.277756343479268, 6170047.022902535274625 ], [ 770845.518764909356833, 6170046.052440489642322 ], [ 770845.759773463592865, 6170045.081978434696794 ], [ 770846.000782005954534, 6170044.111516376957297 ], [ 770846.241790536558256, 6170043.14105430804193 ], [ 770846.482799054356292, 6170042.170592235401273 ], [ 770846.723807561676949, 6170041.200130155310035 ], [ 770846.964816056890413, 6170040.229668065905571 ], [ 770847.205824540695176, 6170039.259205972775817 ], [ 770847.446833011461422, 6170038.288743872195482 ], [ 770847.687841471633874, 6170037.318281764164567 ], [ 770847.92884991876781, 6170036.347819650545716 ], [ 770848.169858355540782, 6170035.377357529476285 ], [ 770848.410866779508069, 6170034.406895402818918 ], [ 770848.651875192532316, 6170033.436433268710971 ], [ 770848.892883592867292, 6170032.465971127152443 ], [ 770849.13389198272489, 6170031.49550898000598 ], [ 770849.374900359427556, 6170030.525046826340258 ], [ 770849.615908724721521, 6170029.554584667086601 ], [ 770849.856917079072446, 6170028.584122499451041 ], [ 770850.097925420617685, 6170027.613660324364901 ], [ 770850.338933750521392, 6170026.643198143690825 ], [ 770850.579942068550736, 6170025.672735955566168 ], [ 770850.820950374938548, 6170024.702273761853576 ], [ 770851.061958669451997, 6170023.73181155975908 ], [ 770851.302966953488067, 6170022.76134935207665 ], [ 770851.543975224602036, 6170021.790887136012316 ], [ 770851.784983483958058, 6170020.820424917154014 ], [ 770852.025991731556132, 6170019.849962688982487 ], [ 770852.266999967396259, 6170018.879500452429056 ], [ 770852.508008190430701, 6170017.909038213081658 ], [ 770852.749016402754933, 6170016.938575964421034 ], [ 770852.990024603321217, 6170015.968113709241152 ], [ 770853.231032792245969, 6170014.997651448473334 ], [ 770853.472040969412774, 6170014.027189180254936 ], [ 770853.713049134705216, 6170013.056726906448603 ], [ 770853.954057287424803, 6170012.086264625191689 ], [ 770854.19506542920135, 6170011.115802335552871 ], [ 770854.436073559336364, 6170010.145340041257441 ], [ 770854.677081676549278, 6170009.174877740442753 ], [ 770854.918089783284813, 6170008.204415432177484 ], [ 770855.159097876981832, 6170007.233953116461635 ], [ 770855.400105960201472, 6170006.263490794226527 ], [ 770855.641114030499011, 6170005.293028466403484 ], [ 770855.882122090202756, 6170004.322566131129861 ], [ 770856.123130136867985, 6170003.352103789336979 ], [ 770856.364138172008097, 6170002.381641440093517 ], [ 770856.605146196438, 6170001.411179086193442 ], [ 770856.846154207945801, 6170000.440716723911464 ], [ 770857.087162207812071, 6169999.470254356972873 ], [ 770857.328170196851715, 6169998.499791979789734 ], [ 770857.56917817320209, 6169997.529329597018659 ], [ 770857.810186137794517, 6169996.558867209590971 ], [ 770858.051194090628996, 6169995.588404813781381 ], [ 770858.292202031705528, 6169994.617942412383854 ], [ 770858.533209960907698, 6169993.647480003535748 ], [ 770858.774217878468335, 6169992.677017586305737 ], [ 770859.015225784387439, 6169991.706555165350437 ], [ 770859.256233678432181, 6169990.736092735081911 ], [ 770859.497241560718976, 6169989.765630301088095 ], [ 770859.738249431364238, 6169988.795167857781053 ], [ 770859.979257290135138, 6169987.824705407954752 ], [ 770860.220265137264505, 6169986.854242952540517 ], [ 770860.461272972635925, 6169985.883780490607023 ], [ 770860.702280794968829, 6169984.913318021222949 ], [ 770860.943288606824353, 6169983.942855544388294 ], [ 770861.184296406805515, 6169982.972393063828349 ], [ 770861.425304194097407, 6169982.001930573955178 ], [ 770861.666311970679089, 6169981.031468076631427 ], [ 770861.90731973561924, 6169980.061005575582385 ], [ 770862.085415031993762, 6169979.343871766701341 ], [ 770862.025987398810685, 6169978.345698146149516 ], [ 770861.966559751541354, 6169977.347524525597692 ], [ 770861.907132090069354, 6169976.349350908771157 ], [ 770861.847704415558837, 6169975.3511772910133 ], [ 770861.788276728242636, 6169974.353003676980734 ], [ 770861.728849026723765, 6169973.3548300601542 ], [ 770861.669421312399209, 6169972.356656448915601 ], [ 770861.609993583755568, 6169971.358482836745679 ], [ 770861.550565842306241, 6169970.360309224575758 ], [ 770861.491138086654246, 6169969.362135617062449 ], [ 770861.449137205258012, 6169968.65667125210166 ], [ 770861.612403562059626, 6169967.67014892026782 ], [ 770861.775669906754047, 6169966.683626584708691 ], [ 770861.938936239574105, 6169965.697104243561625 ], [ 770862.102202559122816, 6169964.710581896826625 ], [ 770862.265468865633011, 6169963.724059546366334 ], [ 770862.428735160036013, 6169962.737537192180753 ], [ 770862.592001441051252, 6169961.751014830544591 ], [ 770862.755267710192129, 6169960.764492465183139 ], [ 770862.918533966061659, 6169959.777970096096396 ], [ 770863.081800208892673, 6169958.791447721421719 ], [ 770863.245066439500079, 6169957.804925340227783 ], [ 770863.408332658233121, 6169956.818402956239879 ], [ 770863.571598862530664, 6169955.831880567595363 ], [ 770863.734865056001581, 6169954.845358174294233 ], [ 770863.898131235036999, 6169953.858835778199136 ], [ 770864.061397402081639, 6169952.872313370928168 ], [ 770864.224663557019085, 6169951.885790964588523 ], [ 770864.387929698918015, 6169950.89926855172962 ], [ 770864.551195827545598, 6169949.912746135145426 ], [ 770864.714461944065988, 6169948.926223712973297 ], [ 770864.877728047547862, 6169947.939701286144555 ], [ 770865.040994138689712, 6169946.953178853727877 ], [ 770865.204260217025876, 6169945.966656418517232 ], [ 770865.367526283022016, 6169944.980133976787329 ], [ 770865.530792334931903, 6169943.993611531332135 ], [ 770865.694058375665918, 6169943.007089080289006 ], [ 770865.857324403361417, 6169942.020566623657942 ], [ 770866.02059041778557, 6169941.034044165164232 ], [ 770866.18385642033536, 6169940.047521699219942 ], [ 770866.347122409613803, 6169939.060999229550362 ], [ 770866.510388385737315, 6169938.074476754292846 ], [ 770866.673654349753633, 6169937.08795427531004 ], [ 770866.836920301662758, 6169936.101431793533266 ], [ 770867.000186239369214, 6169935.114909304305911 ], [ 770867.163452166132629, 6169934.128386810421944 ], [ 770867.326718078460544, 6169933.141864312812686 ], [ 770867.489983978797682, 6169932.15534180868417 ], [ 770867.653249867260456, 6169931.168819302693009 ], [ 770867.816515742335469, 6169930.182296789251268 ], [ 770867.97978160425555, 6169929.195774269290268 ], [ 770868.143047454184853, 6169928.209251748397946 ], [ 770868.306313290959224, 6169927.222729223780334 ], [ 770868.469579115509987, 6169926.236206691712141 ], [ 770868.632844927022234, 6169925.249684154987335 ], [ 770868.796110726427287, 6169924.263161613605917 ], [ 770868.959376512793824, 6169923.276639068499207 ], [ 770869.122642285772599, 6169922.290116518735886 ], [ 770869.285908046760596, 6169921.303593961521983 ], [ 770869.449173794593662, 6169920.317071402445436 ], [ 770869.61243953043595, 6169919.330548837780952 ], [ 770869.77570525300689, 6169918.344026269391179 ], [ 770869.938970963587053, 6169917.35750369541347 ], [ 770870.102236660895869, 6169916.370981114916503 ], [ 770870.265502345049754, 6169915.384458532556891 ], [ 770870.428768017096445, 6169914.397935941815376 ], [ 770870.59203367610462, 6169913.411413349211216 ], [ 770870.755299322889186, 6169912.42489075101912 ], [ 770870.918564956635237, 6169911.438368148170412 ], [ 770871.081830578274094, 6169910.451845541596413 ], [ 770871.245096186758019, 6169909.465322927571833 ], [ 770871.408361781970598, 6169908.478800311684608 ], [ 770871.571627365192398, 6169907.492277689278126 ], [ 770871.734892935259268, 6169906.505755063146353 ], [ 770871.898158493218943, 6169905.519232431426644 ], [ 770872.061424038140103, 6169904.532709796912968 ], [ 770872.224689570721239, 6169903.546187154948711 ], [ 770872.387955090263858, 6169902.559664510190487 ], [ 770872.551220596767962, 6169901.573141858913004 ], [ 770872.714486091164872, 6169900.586619203910232 ], [ 770872.877751573338173, 6169899.600096546113491 ], [ 770873.041017041308805, 6169898.613573879003525 ], [ 770873.204282498452812, 6169897.627051209099591 ], [ 770873.367547940928489, 6169896.640528535470366 ], [ 770873.530813371762633, 6169895.654005857184529 ], [ 770873.694078790256754, 6169894.667483173310757 ], [ 770873.857344195712358, 6169893.680960484780371 ], [ 770874.020609587896615, 6169892.694437791593373 ], [ 770874.18387496820651, 6169891.707915095612407 ], [ 770874.347140335245058, 6169890.721392391249537 ], [ 770874.510405690176412, 6169889.734869685024023 ], [ 770874.673671031952836, 6169888.748346971347928 ], [ 770874.836936360457912, 6169887.761824255809188 ], [ 770875.000201677088626, 6169886.775301536545157 ], [ 770875.163466980331577, 6169885.788778807967901 ], [ 770875.326732271583751, 6169884.802256075665355 ], [ 770875.489997549680993, 6169883.815733341500163 ], [ 770875.653262815671042, 6169882.829210599884391 ], [ 770875.816528068622574, 6169881.842687855474651 ], [ 770875.979793309466913, 6169880.85616510361433 ], [ 770876.143058537039906, 6169879.869642348960042 ], [ 770876.306323751574382, 6169878.883119588717818 ], [ 770876.46958895388525, 6169877.896596826612949 ], [ 770876.632854143157601, 6169876.910074056126177 ], [ 770876.796119320206344, 6169875.923551281914115 ], [ 770876.959384484216571, 6169874.93702850304544 ], [ 770877.122649635071866, 6169873.950505719520152 ], [ 770877.285914773819968, 6169872.963982932269573 ], [ 770877.449179900460877, 6169871.977460138499737 ], [ 770877.612445013946854, 6169870.99093734100461 ], [ 770877.775710114277899, 6169870.00441453885287 ], [ 770877.938975201337598, 6169869.017891732044518 ], [ 770878.102240277687088, 6169868.031368920579553 ], [ 770878.265505339484662, 6169867.044846102595329 ], [ 770878.428770389175043, 6169866.058323280885816 ], [ 770878.59203542699106, 6169865.071800454519689 ], [ 770878.755300451535732, 6169864.085277624428272 ], [ 770878.918565462925471, 6169863.098754787817597 ], [ 770879.081830461276695, 6169862.11223194655031 ], [ 770879.245095448568463, 6169861.125709102489054 ], [ 770879.408360421424732, 6169860.139186251908541 ], [ 770879.571625382406637, 6169859.15266339853406 ], [ 770879.734890331281349, 6169858.166140539571643 ], [ 770879.898155265836976, 6169857.179617674089968 ], [ 770880.061420189449564, 6169856.193094804883003 ], [ 770880.224685099907219, 6169855.206571932882071 ], [ 770880.387949997209944, 6169854.220049053430557 ], [ 770880.551214881241322, 6169853.233526170253754 ], [ 770880.714479753281921, 6169852.247003281489015 ], [ 770880.877744613331743, 6169851.26048038713634 ], [ 770881.041009460110217, 6169850.273957491852343 ], [ 770881.167981090955436, 6169849.506735198199749 ], [ 770881.541577078867704, 6169848.579206821508706 ], [ 770881.915173057466745, 6169847.651678437367082 ], [ 770882.288769027683884, 6169846.724150041118264 ], [ 770882.662364987423643, 6169845.796621638350189 ], [ 770883.035960937617347, 6169844.869093222543597 ], [ 770883.409556878497824, 6169843.941564800217748 ], [ 770883.783152810065076, 6169843.014036365784705 ], [ 770884.156748732086271, 6169842.086507923901081 ], [ 770884.530344644794241, 6169841.158979471772909 ], [ 770884.903940547956154, 6169840.231451006606221 ], [ 770885.277536441688426, 6169839.303922535851598 ], [ 770885.651132326107472, 6169838.376394053921103 ], [ 770886.024728201096877, 6169837.448865562677383 ], [ 770886.398324065492488, 6169836.521337061189115 ], [ 770886.771919921506196, 6169835.593808550387621 ], [ 770887.14551576715894, 6169834.666280029341578 ], [ 770887.519111604429781, 6169833.738751499913633 ], [ 770887.892707430990413, 6169832.811222957447171 ], [ 770888.266303249634802, 6169831.883694410324097 ], [ 770888.639899057568982, 6169830.956165851093829 ], [ 770889.013494856073521, 6169830.02863728068769 ], [ 770889.387090645264834, 6169829.10110870283097 ], [ 770889.760686425957829, 6169828.17358011379838 ], [ 770890.134282196173444, 6169827.246051516383886 ], [ 770890.507877957075834, 6169826.318522907793522 ], [ 770890.881473708432168, 6169825.390994291752577 ], [ 770891.255069449078292, 6169824.463465662673116 ], [ 770891.628665181808174, 6169823.535937026143074 ], [ 770892.002260904875584, 6169822.608408380299807 ], [ 770892.375856618629768, 6169821.680879723280668 ], [ 770892.749452321790159, 6169820.753351056948304 ], [ 770893.123048016568646, 6169819.825822381302714 ], [ 770893.496643702266738, 6169818.898293696343899 ], [ 770893.870239377138205, 6169817.970765002071857 ], [ 770894.243835043860599, 6169817.043236297555268 ], [ 770894.617430699756369, 6169816.115707581862807 ], [ 770894.991026346455328, 6169815.188178859651089 ], [ 770895.364621983608231, 6169814.260650124400854 ], [ 770895.738217612728477, 6169813.333121381700039 ], [ 770896.111813231138512, 6169812.405592629685998 ], [ 770896.485408840002492, 6169811.478063862770796 ], [ 770896.859004439553246, 6169810.550535093992949 ], [ 770897.232600029790774, 6169809.623006308451295 ], [ 770897.606195610482246, 6169808.695477517321706 ], [ 770897.979791181860492, 6169807.767948716878891 ], [ 770898.353386742528528, 6169806.840419905260205 ], [ 770898.726982295047492, 6169805.912891084328294 ], [ 770899.10057783825323, 6169804.985362254083157 ], [ 770899.474173371912912, 6169804.057833414524794 ], [ 770899.847768894862384, 6169803.13030456379056 ], [ 770900.221364409662783, 6169802.202775705605745 ], [ 770900.594959913869388, 6169801.275246834382415 ], [ 770900.968555408762768, 6169800.347717955708504 ], [ 770901.342150895274244, 6169799.420189067721367 ], [ 770901.715746371075511, 6169798.492660168558359 ], [ 770902.089341837912798, 6169797.565131261013448 ], [ 770902.462937296135351, 6169796.637602343223989 ], [ 770902.836532743880525, 6169795.710073415189981 ], [ 770903.210128182079643, 6169794.782544478774071 ], [ 770903.583723611198366, 6169793.855015531182289 ], [ 770903.957319030538201, 6169792.927486574277282 ], [ 770904.330914439400658, 6169791.999957608059049 ], [ 770904.704509840114042, 6169791.07242863252759 ], [ 770905.078105231397785, 6169790.144899646751583 ], [ 770905.451700613135472, 6169789.21737065166235 ], [ 770905.82529598439578, 6169788.289841647259891 ], [ 770906.198891347274184, 6169787.362312632612884 ], [ 770906.572486700839363, 6169786.434783607721329 ], [ 770906.946082043810748, 6169785.507254572585225 ], [ 770907.319677377352491, 6169784.579725529998541 ], [ 770907.693272702745162, 6169783.652196476235986 ], [ 770908.066868017427623, 6169782.72466741129756 ], [ 770908.440463322680444, 6169781.797138340771198 ], [ 770908.814058619784191, 6169780.869609259068966 ], [ 770909.187653906177729, 6169779.942080166190863 ], [ 770909.561249183258042, 6169779.014551063068211 ], [ 770909.934844450908713, 6169778.087021952494979 ], [ 770910.308439709013328, 6169777.159492829814553 ], [ 770910.682034957921132, 6169776.231963699683547 ], [ 770911.055630197282881, 6169775.30443455837667 ], [ 770911.429225425934419, 6169774.376905407756567 ], [ 770911.802820646436885, 6169773.449376249685884 ], [ 770912.176415857626125, 6169772.521847078576684 ], [ 770912.550011059385724, 6169771.594317900948226 ], [ 770912.923606250435114, 6169770.666788711212575 ], [ 770913.297201433219016, 6169769.739259511232376 ], [ 770913.670796605525538, 6169768.811730302870274 ], [ 770914.044391769450158, 6169767.884201085194945 ], [ 770914.417986923013814, 6169766.956671858206391 ], [ 770914.791582067031413, 6169766.029142620041966 ], [ 770915.165177201619372, 6169765.101613372564316 ], [ 770915.538772327941842, 6169764.174084115773439 ], [ 770915.912367443554103, 6169763.246554848738015 ], [ 770916.285962549969554, 6169762.319025573320687 ], [ 770916.659557646955363, 6169761.391496286727488 ], [ 770917.033152734395117, 6169760.463966991752386 ], [ 770917.406747812405229, 6169759.536437686532736 ], [ 770917.78034288121853, 6169758.608908370137215 ], [ 770918.153937939321622, 6169757.681379046291113 ], [ 770918.527532989042811, 6169756.753849709406495 ], [ 770918.901128029450774, 6169755.826320366933942 ], [ 770919.274723060429096, 6169754.898791015148163 ], [ 770919.648318080930039, 6169753.971261650323868 ], [ 770920.021913092816249, 6169753.04373227711767 ], [ 770920.39550809469074, 6169752.116202894598246 ], [ 770920.769103086669929, 6169751.188673500902951 ], [ 770921.142698070616461, 6169750.261144098825753 ], [ 770921.516293043852784, 6169749.333614686504006 ], [ 770921.889888007659465, 6169748.406085266731679 ], [ 770922.263482963433489, 6169747.478555834852159 ], [ 770922.637077908380888, 6169746.551026393659413 ], [ 770923.010672844015062, 6169745.623496943153441 ], [ 770923.215521861566231, 6169745.114915363490582 ], [ 770923.510357455583289, 6169744.159428030252457 ], [ 770923.805193038890138, 6169743.203940685838461 ], [ 770924.100028610089794, 6169742.24845333583653 ], [ 770924.394864171743393, 6169741.292965978384018 ], [ 770924.689699721289799, 6169740.337478610686958 ], [ 770924.984535260125995, 6169739.381991235539317 ], [ 770925.279370788251981, 6169738.426503855735064 ], [ 770925.574206305434927, 6169737.471016464754939 ], [ 770925.869041811674833, 6169736.515529066324234 ], [ 770926.163877306273207, 6169735.560041660442948 ], [ 770926.458712790859863, 6169734.604554247111082 ], [ 770926.753548263572156, 6169733.649066822603345 ], [ 770927.04838372557424, 6169732.693579393438995 ], [ 770927.343219177797437, 6169731.738091955892742 ], [ 770927.638054618146271, 6169730.78260450810194 ], [ 770927.932890046620741, 6169729.827117055654526 ], [ 770928.22772546519991, 6169728.871629593893886 ], [ 770928.522560873068869, 6169727.91614212282002 ], [ 770928.81739626894705, 6169726.960654645226896 ], [ 770929.112231655162759, 6169726.005167158320546 ], [ 770929.407067029504105, 6169725.049679664894938 ], [ 770929.701902392785996, 6169724.09419216401875 ], [ 770929.996737745357677, 6169723.138704653829336 ], [ 770930.291573087219149, 6169722.183217136189342 ], [ 770930.58640841813758, 6169721.227729611098766 ], [ 770930.881243737181649, 6169720.27224207483232 ], [ 770931.17607904644683, 6169719.316754534840584 ], [ 770931.470914343837649, 6169718.361266985535622 ], [ 770931.765749630401842, 6169717.405779426917434 ], [ 770932.060584906022996, 6169716.450291860848665 ], [ 770932.355420171050355, 6169715.494804289191961 ], [ 770932.650255425134674, 6169714.539316706359386 ], [ 770932.945090668275952, 6169713.583829117938876 ], [ 770933.239925899542868, 6169712.62834152020514 ], [ 770933.534761121263728, 6169711.672853913158178 ], [ 770933.829596330877393, 6169710.717366300523281 ], [ 770934.124431529664434, 6169709.761878678575158 ], [ 770934.419266717741266, 6169708.806391049176455 ], [ 770934.714101894991472, 6169707.850903410464525 ], [ 770935.008937061298639, 6169706.895415767095983 ], [ 770935.303772216895595, 6169705.939928114414215 ], [ 770935.598607361549512, 6169704.984440451487899 ], [ 770935.893442494329065, 6169704.028952782042325 ], [ 770936.188277616398409, 6169703.073465106077492 ], [ 770936.483112728572451, 6169702.117977420799434 ], [ 770936.777947828872129, 6169701.162489727139473 ], [ 770937.072782918345183, 6169700.207002025097609 ], [ 770937.367617995943874, 6169699.251514317467809 ], [ 770937.662453063763678, 6169698.296026598662138 ], [ 770937.957288120756857, 6169697.340538874268532 ], [ 770938.252123165875673, 6169696.3850511405617 ], [ 770938.546958201215602, 6169695.429563399404287 ], [ 770938.841793224564753, 6169694.474075650796294 ], [ 770939.136628237203695, 6169693.51858789473772 ], [ 770939.431463239016011, 6169692.563100129365921 ], [ 770939.726298230001703, 6169691.607612356543541 ], [ 770940.021133208880201, 6169690.652124574407935 ], [ 770940.315968178212643, 6169689.696636786684394 ], [ 770940.610803135670722, 6169688.741148988716304 ], [ 770940.905638083349913, 6169687.785661183297634 ], [ 770941.200473018921912, 6169686.830173371359706 ], [ 770941.495307943900116, 6169685.874685551039875 ], [ 770941.79014285793528, 6169684.919197721406817 ], [ 770942.084977761143818, 6169683.963709883391857 ], [ 770942.379812653642148, 6169683.008222040720284 ], [ 770942.674647534033284, 6169682.05273418687284 ], [ 770942.969482404878363, 6169681.097246326506138 ], [ 770943.264317263616249, 6169680.141758458688855 ], [ 770943.55915211152751, 6169679.186270579695702 ], [ 770943.853986948728561, 6169678.230782695114613 ], [ 770944.148821774986573, 6169677.275294803082943 ], [ 770944.443656590534374, 6169676.319806903600693 ], [ 770944.738491395255551, 6169675.364318993873894 ], [ 770945.033326188102365, 6169674.40883107855916 ], [ 770945.328160971053876, 6169673.453343153931201 ], [ 770945.622995742131025, 6169672.497855219990015 ], [ 770945.917830502497964, 6169671.542367279529572 ], [ 770946.212665251921862, 6169670.586879331618547 ], [ 770946.507499990635552, 6169669.631391374394298 ], [ 770946.802334718289785, 6169668.675903411582112 ], [ 770947.097169435350224, 6169667.720415439456701 ], [ 770947.392004141584039, 6169666.764927458949387 ], [ 770947.68683883571066, 6169665.809439470991492 ], [ 770947.981673519127071, 6169664.853951474651694 ], [ 770948.276508192764595, 6169663.898463469929993 ], [ 770948.571342854527757, 6169662.942975457757711 ], [ 770948.866177505347878, 6169661.987487437203526 ], [ 770949.161012144410051, 6169661.031999408267438 ], [ 770949.455846773576923, 6169660.076511373743415 ], [ 770949.750681391917169, 6169659.121023328974843 ], [ 770950.045515998383053, 6169658.165535276755691 ], [ 770950.18661095527932, 6169657.708280442282557 ], [ 770950.554868222214282, 6169656.778618426993489 ], [ 770950.923125479137525, 6169655.848956402391195 ], [ 770951.291382727446035, 6169654.919294368475676 ], [ 770951.659639966092072, 6169653.989632326178253 ], [ 770952.02789719379507, 6169653.059970271773636 ], [ 770952.396154413931072, 6169652.130308207124472 ], [ 770952.764411623124033, 6169651.200646135956049 ], [ 770953.132668822538108, 6169650.270984053611755 ], [ 770953.500926013337448, 6169649.341321960091591 ], [ 770953.869183194241486, 6169648.411659860983491 ], [ 770954.237440364202484, 6169647.48199774697423 ], [ 770954.605697526712902, 6169646.552335628308356 ], [ 770954.973954678280279, 6169645.622673500329256 ], [ 770955.342211820185184, 6169644.693011358380318 ], [ 770955.710468953242525, 6169643.763349208980799 ], [ 770956.078726076637395, 6169642.833687051199377 ], [ 770956.446983190253377, 6169641.904024883173406 ], [ 770956.815240293974057, 6169640.974362704902887 ], [ 770957.18349738791585, 6169640.044700517319143 ], [ 770957.551754473359324, 6169639.11503831949085 ], [ 770957.920011547743343, 6169638.185376113280654 ], [ 770958.288268613396212, 6169637.255713895894587 ], [ 770958.65652566938661, 6169636.326051672920585 ], [ 770959.024782715598121, 6169635.396389435976744 ], [ 770959.393039753078483, 6169634.466727191582322 ], [ 770959.761296779615805, 6169633.53706493601203 ], [ 770960.129553797654808, 6169632.607402671128511 ], [ 770960.497810805682093, 6169631.67774039786309 ], [ 770960.866067804163322, 6169630.748078115284443 ], [ 770961.234324792516418, 6169629.818415820598602 ], [ 770961.602581771323457, 6169628.888753518462181 ], [ 770961.970838741515763, 6169627.959091207943857 ], [ 770962.339095701929182, 6169627.029428886249661 ], [ 770962.707352652330883, 6169626.09976655524224 ], [ 770963.075609593186527, 6169625.170104213058949 ], [ 770963.443866523914039, 6169624.240441863425076 ], [ 770963.812123445095494, 6169623.310779503546655 ], [ 770964.180380357662216, 6169622.381117135286331 ], [ 770964.54863726045005, 6169621.451454754918814 ], [ 770964.916894153226167, 6169620.521792367100716 ], [ 770965.285151036339812, 6169619.592129968106747 ], [ 770965.65340790967457, 6169618.662467559799552 ], [ 770966.021664774278179, 6169617.732805142179132 ], [ 770966.389921627938747, 6169616.803142715245485 ], [ 770966.758178473217413, 6169615.873480278998613 ], [ 770967.126435308484361, 6169614.943817833438516 ], [ 770967.494692133972421, 6169614.01415537763387 ], [ 770967.862948950729333, 6169613.084492912515998 ], [ 770968.231205756776035, 6169612.1548304380849 ], [ 770968.599462554091588, 6169611.225167953409255 ], [ 770968.967719341395423, 6169610.295505457557738 ], [ 770969.335976119036786, 6169609.365842953324318 ], [ 770969.704232886899263, 6169608.436180440708995 ], [ 770970.072489645099267, 6169607.506517918780446 ], [ 770970.440746394451708, 6169606.576855385676026 ], [ 770970.809003134025261, 6169605.647192843258381 ], [ 770971.177259862888604, 6169604.717530293390155 ], [ 770971.545516584068537, 6169603.787867732346058 ], [ 770971.913773294305429, 6169602.858205161988735 ], [ 770972.282029994763434, 6169601.928542580455542 ], [ 770972.650286686606705, 6169600.998879991471767 ], [ 770973.018543368671089, 6169600.069217392243445 ], [ 770973.386800040956587, 6169599.139554783701897 ], [ 770973.755056703230366, 6169598.2098921649158 ], [ 770974.123313355958089, 6169597.280229535885155 ], [ 770974.491569998674095, 6169596.35056689940393 ], [ 770974.859826633008197, 6169595.420904252678156 ], [ 770975.228083257330582, 6169594.491241592913866 ], [ 770975.596339871874079, 6169593.561578927561641 ], [ 770975.96459647663869, 6169592.631916251033545 ], [ 770976.332853071857244, 6169591.702253565192223 ], [ 770976.701109658228233, 6169590.77259087190032 ], [ 770977.069366234587505, 6169589.842928166501224 ], [ 770977.437622801400721, 6169588.913265451788902 ], [ 770977.80587935843505, 6169587.983602728694677 ], [ 770978.174135905690491, 6169587.053939994424582 ], [ 770978.54239244305063, 6169586.12427725084126 ], [ 770978.910648971796036, 6169585.194614499807358 ], [ 770979.278905490646139, 6169584.264951737597585 ], [ 770979.647161998786032, 6169583.335288966074586 ], [ 770980.015418499242514, 6169582.405626184307039 ], [ 770980.383674988755956, 6169581.475963393226266 ], [ 770980.751931468490511, 6169580.546300591900945 ], [ 770981.120187939726748, 6169579.61663778219372 ], [ 770981.488444400951266, 6169578.68697496317327 ], [ 770981.856700852513313, 6169577.757312132976949 ], [ 770982.224957294296473, 6169576.827649293467402 ], [ 770982.593213726184331, 6169575.897986446507275 ], [ 770982.819384549511597, 6169575.32701850309968 ], [ 770982.931858798256144, 6169574.333421315066516 ], [ 770983.044333033496514, 6169573.339824127033353 ], [ 770983.15680725639686, 6169572.346226932480931 ], [ 770983.269281465793028, 6169571.352629736065865 ], [ 770983.381755662034266, 6169570.35903253685683 ], [ 770983.494229845702648, 6169569.36543533205986 ], [ 770983.606704016216099, 6169568.371838124468923 ], [ 770983.719178172992542, 6169567.37824091501534 ], [ 770983.831652316497639, 6169566.384643699973822 ], [ 770983.944126447662711, 6169565.391046484000981 ], [ 770984.056600565440021, 6169564.397449263371527 ], [ 770984.169074669713154, 6169563.403852039948106 ], [ 770984.281548761762679, 6169562.410254812799394 ], [ 770984.394022840424441, 6169561.41665758099407 ], [ 770984.506496905349195, 6169560.423060346394777 ], [ 770984.618970957235433, 6169559.429463108070195 ], [ 770984.731444996548817, 6169558.435865866020322 ], [ 770984.843919022474438, 6169557.442268623039126 ], [ 770984.956393035128713, 6169556.448671374469995 ], [ 770985.06886703427881, 6169555.455074123106897 ], [ 770985.181341021088883, 6169554.461476868018508 ], [ 770985.293814994394779, 6169553.467879610136151 ], [ 770985.406288954429328, 6169552.474282347597182 ], [ 770985.518762901891023, 6169551.480685082264245 ], [ 770985.631236836081371, 6169550.48708781413734 ], [ 770985.743710757000372, 6169549.493490542285144 ], [ 770985.856184665579349, 6169548.499893266707659 ], [ 770985.968658559257165, 6169547.50629598647356 ], [ 770986.081132440944202, 6169546.512698704376817 ], [ 770986.193606309010647, 6169545.519101418554783 ], [ 770986.306080165086314, 6169544.525504129938781 ], [ 770986.418554007308558, 6169543.531906836666167 ], [ 770986.53102783637587, 6169542.538309541530907 ], [ 770986.643501651939005, 6169541.544712240807712 ], [ 770986.755975455278531, 6169540.551114937290549 ], [ 770986.868449245113879, 6169539.557517630979419 ], [ 770986.980923021445051, 6169538.563920320942998 ], [ 770987.093396785436198, 6169537.570323007181287 ], [ 770987.205870536272414, 6169536.576725693419576 ], [ 770987.318344273488037, 6169535.583128370344639 ], [ 770987.430817997315899, 6169534.589531049132347 ], [ 770987.543291708803736, 6169533.595933720469475 ], [ 770987.655765406787395, 6169532.602336389943957 ], [ 770987.768239091499709, 6169531.608739057555795 ], [ 770987.880712762591429, 6169530.615141719579697 ], [ 770987.993186421459541, 6169529.621544378809631 ], [ 770988.105660067056306, 6169528.62794703617692 ], [ 770988.218133699032478, 6169527.634349687024951 ], [ 770988.330607318785042, 6169526.640752336010337 ], [ 770988.443080925033428, 6169525.647154981270432 ], [ 770988.555554518010467, 6169524.653557624667883 ], [ 770988.668028098531067, 6169523.659960262477398 ], [ 770988.780501664499752, 6169522.666362898424268 ], [ 770988.892975218128413, 6169521.672765528783202 ], [ 770989.005448759533465, 6169520.679168158210814 ], [ 770989.117922286503017, 6169519.685570783913136 ], [ 770989.230395800899714, 6169518.691973404958844 ], [ 770989.342869302025065, 6169517.698376024141908 ], [ 770989.455342790810391, 6169516.704778637737036 ], [ 770989.567816264927387, 6169515.711181248538196 ], [ 770989.68028972693719, 6169514.717583857476711 ], [ 770989.792763175442815, 6169513.723986461758614 ], [ 770989.905236611608416, 6169512.730389062315226 ], [ 770990.01771003426984, 6169511.736791661009192 ], [ 770990.130183443659917, 6169510.743194254115224 ], [ 770990.242656839545816, 6169509.749596844427288 ], [ 770990.355130223091692, 6169508.755999432876706 ], [ 770990.467603593249805, 6169507.762402016669512 ], [ 770990.580076949903741, 6169506.768804595805705 ], [ 770990.692550293286331, 6169505.775207174010575 ], [ 770990.805023624096066, 6169504.781609747558832 ], [ 770990.917496941750869, 6169503.788012317381799 ], [ 770991.029970247065648, 6169502.794414885342121 ], [ 770991.142443537712097, 6169501.800817446783185 ], [ 770991.254916816018522, 6169500.807220007292926 ], [ 770991.3673900810536, 6169499.8136225650087 ], [ 770991.479863333515823, 6169498.820025116205215 ], [ 770991.59233657293953, 6169497.826427666470408 ], [ 770991.704809798626229, 6169496.832830213010311 ], [ 770991.817283010925166, 6169495.839232754893601 ], [ 770991.929756209719926, 6169494.845635294914246 ], [ 770992.042229396407492, 6169493.852037830278277 ], [ 770992.154702569358051, 6169492.858440363779664 ], [ 770992.267175730434246, 6169491.864842891693115 ], [ 770992.379648877773434, 6169490.871245417743921 ], [ 770992.492122011841275, 6169489.877647939138114 ], [ 770992.604595132404938, 6169488.884050458669662 ], [ 770992.71706823958084, 6169487.890452973544598 ], [ 770992.829541334300302, 6169486.896855484694242 ], [ 770992.942014415748417, 6169485.903257994912565 ], [ 770993.054487484856509, 6169484.909660499542952 ], [ 770993.166960539296269, 6169483.916063001379371 ], [ 770993.279433581512421, 6169482.922465499490499 ], [ 770993.391906611388549, 6169481.928867993876338 ], [ 770993.504379626829177, 6169480.935270486399531 ], [ 770993.616852629929781, 6169479.941672973334789 ], [ 770993.729325619526207, 6169478.948075458407402 ], [ 770993.841798595618457, 6169477.954477938823402 ], [ 770993.954271559487097, 6169476.960880415514112 ], [ 770994.06674450985156, 6169475.967282889410853 ], [ 770994.179217447061092, 6169474.973685360513628 ], [ 770994.291690371697769, 6169473.980087827891111 ], [ 770994.404163281666115, 6169472.986490292474627 ], [ 770994.516636179643683, 6169471.992892751470208 ], [ 770994.629109065048397, 6169470.999295210465789 ], [ 770994.741581936134025, 6169470.005697661079466 ], [ 770994.8540547946468, 6169469.012100113555789 ], [ 770994.966527639888227, 6169468.018502560444176 ], [ 770995.07900047278963, 6169467.024905005469918 ], [ 770995.191473292419687, 6169466.031307443976402 ], [ 770995.303946097148582, 6169465.037709880620241 ], [ 770995.416418891167268, 6169464.044112314470112 ], [ 770995.528891670284793, 6169463.050514744594693 ], [ 770995.641364437062293, 6169462.056917168200016 ], [ 770995.753837190568447, 6169461.063319591805339 ], [ 770995.866309931618161, 6169460.069722011685371 ], [ 770995.978782658232376, 6169459.076124425977468 ], [ 770996.091255372622982, 6169458.082526840269566 ], [ 770996.203728074440733, 6169457.088929248973727 ], [ 770996.316200761939399, 6169456.095331655815244 ], [ 770996.428673436981626, 6169455.101734057068825 ], [ 770996.541146098636091, 6169454.108136455528438 ], [ 770996.653618748066947, 6169453.114538852125406 ], [ 770996.766091382829472, 6169452.120941242203116 ], [ 770996.875848706811666, 6169451.151330934837461 ], [ 770997.072399690980092, 6169450.170895306393504 ], [ 770997.268950662459247, 6169449.19045967515558 ], [ 770997.465501622413285, 6169448.210024036467075 ], [ 770997.662052569561638, 6169447.229588393121958 ], [ 770997.858603504020721, 6169446.249152741394937 ], [ 770998.055154426954687, 6169445.268717086873949 ], [ 770998.251705337082967, 6169444.288281423971057 ], [ 770998.448256235802546, 6169443.307845758274198 ], [ 770998.644807120552287, 6169442.327410085126758 ], [ 770998.841357993660495, 6169441.346974408254027 ], [ 770999.037908855360001, 6169440.366538724862039 ], [ 770999.234459703089669, 6169439.386103034950793 ], [ 770999.431010539294221, 6169438.405667340382934 ], [ 770999.627561363857239, 6169437.425231639295816 ], [ 770999.824112174566835, 6169436.444795934483409 ], [ 771000.020662973867729, 6169435.464360222220421 ], [ 771000.217213761294261, 6169434.483924504369497 ], [ 771000.413764535100199, 6169433.503488782793283 ], [ 771000.610315297264606, 6169432.523053053766489 ], [ 771000.806866047903895, 6169431.542617321945727 ], [ 771001.003416784573346, 6169430.562181580811739 ], [ 771001.199967509834096, 6169429.581745835021138 ], [ 771001.39651822228916, 6169428.601310085505247 ], [ 771001.593068923102692, 6169427.620874327607453 ], [ 771001.789619611226954, 6169426.640438565984368 ], [ 771001.986170286661945, 6169425.660002797842026 ], [ 771002.182720950338989, 6169424.679567024111748 ], [ 771002.379271600395441, 6169423.699131245724857 ], [ 771002.575822239974514, 6169422.718695461750031 ], [ 771002.772372865700163, 6169421.738259671255946 ], [ 771002.96892347978428, 6169420.757823875173926 ], [ 771003.165474081179127, 6169419.777388075366616 ], [ 771003.362024670932442, 6169418.796952268108726 ], [ 771003.558575248112902, 6169417.816516455262899 ], [ 771003.755125812487677, 6169416.836080636829138 ], [ 771003.951676364289597, 6169415.855644814670086 ], [ 771004.148226904217154, 6169414.875208985060453 ], [ 771004.344777431571856, 6169413.894773151725531 ], [ 771004.541327947517857, 6169412.914337309077382 ], [ 771004.737878450541757, 6169411.933901464566588 ], [ 771004.934428940876387, 6169410.953465612605214 ], [ 771005.130979418521747, 6169409.973029755055904 ], [ 771005.32752988464199, 6169408.992593891918659 ], [ 771005.524080337840132, 6169408.012158023193479 ], [ 771005.720630778581835, 6169407.031722150743008 ], [ 771005.917181207565591, 6169406.051286268979311 ], [ 771006.113731624092907, 6169405.070850384421647 ], [ 771006.31028202874586, 6169404.090414493344724 ], [ 771006.506832419661805, 6169403.109978596679866 ], [ 771006.703382798936218, 6169402.129542694427073 ], [ 771006.899933166685514, 6169401.149106787517667 ], [ 771007.096483520697802, 6169400.168670874089003 ], [ 771007.293033862952143, 6169399.188234956935048 ], [ 771007.489584193681367, 6169398.20779903139919 ], [ 771007.68613451172132, 6169397.22736310120672 ], [ 771007.882684816955589, 6169396.246927164494991 ], [ 771008.079235109617002, 6169395.266491224989295 ], [ 771008.275785390520468, 6169394.286055277101696 ], [ 771008.47233565885108, 6169393.305619325488806 ], [ 771008.668885914376006, 6169392.325183367356658 ], [ 771008.865436158375815, 6169391.344747403636575 ], [ 771009.061986389802769, 6169390.364311434328556 ], [ 771009.258536608191207, 6169389.383875459432602 ], [ 771009.455086814123206, 6169388.403439478948712 ], [ 771009.651637008413672, 6169387.423003492876887 ], [ 771009.848187190946192, 6169386.442567501217127 ], [ 771010.044737359741703, 6169385.462131503969431 ], [ 771010.241287517128512, 6169384.4816955011338 ], [ 771010.43783766287379, 6169383.501259492710233 ], [ 771010.634387794649228, 6169382.520823479630053 ], [ 771010.83093791489955, 6169381.540387459099293 ], [ 771011.027488022344187, 6169380.55995143391192 ], [ 771011.224038118263707, 6169379.579515401273966 ], [ 771011.420588201377541, 6169378.599079366773367 ], [ 771011.61713827191852, 6169377.618643322959542 ], [ 771011.813688329886645, 6169376.638207277283072 ], [ 771012.010238375980407, 6169375.657771222293377 ], [ 771012.206788410665467, 6169374.677335163578391 ], [ 771012.403338431380689, 6169373.69689909927547 ], [ 771012.599888440454379, 6169372.716463029384613 ], [ 771012.796438436955214, 6169371.736026954837143 ], [ 771012.992988421814516, 6169370.755590872839093 ], [ 771013.189538394100964, 6169369.77515478618443 ], [ 771013.386088353581727, 6169368.794718692079186 ], [ 771013.582638300256804, 6169367.814282596111298 ], [ 771013.779188235523179, 6169366.833846490830183 ], [ 771013.975738157867454, 6169365.853410383686423 ], [ 771014.172288068686612, 6169364.872974267229438 ], [ 771014.368837965652347, 6169363.892538147978485 ], [ 771014.565387851092964, 6169362.912102020345628 ], [ 771014.76193772489205, 6169361.931665889918804 ], [ 771014.958487586118281, 6169360.951229752041399 ], [ 771015.155037434538826, 6169359.970793610438704 ], [ 771015.351587270037271, 6169358.990357461385429 ], [ 771015.548137094359845, 6169358.009921306744218 ], [ 771015.744686905760318, 6169357.029485147446394 ], [ 771015.941236705519259, 6169356.049048982560635 ], [ 771016.137786491424777, 6169355.06861281208694 ], [ 771016.334336265688762, 6169354.088176635093987 ], [ 771016.530886028660461, 6169353.107740452513099 ], [ 771016.727435777429491, 6169352.127304264344275 ], [ 771016.923985515953973, 6169351.146868070587516 ], [ 771017.120535240508616, 6169350.166431872174144 ], [ 771017.317084953654557, 6169349.185995668172836 ], [ 771017.513634653994814, 6169348.205559459514916 ], [ 771017.548459626967087, 6169348.03184427972883 ], [ 771017.77835363720078, 6169347.058686686679721 ], [ 771018.008247634279542, 6169346.085529087111354 ], [ 771018.238141620648094, 6169345.112371483817697 ], [ 771018.468035594793037, 6169344.139213871210814 ], [ 771018.697929557063617, 6169343.166056253015995 ], [ 771018.927823507227004, 6169342.192898631095886 ], [ 771019.157717445166782, 6169341.219741000793874 ], [ 771019.387611371232197, 6169340.246583362109959 ], [ 771019.617505285190418, 6169339.273425719700754 ], [ 771019.8473991882056, 6169338.300268069840968 ], [ 771020.077293078182265, 6169337.327110415324569 ], [ 771020.30718695721589, 6169336.353952750563622 ], [ 771020.537080822978169, 6169335.380795082077384 ], [ 771020.766974677797407, 6169334.407637406140566 ], [ 771020.996868520742282, 6169333.434479724615812 ], [ 771021.226762351579964, 6169332.461322035640478 ], [ 771021.456656170310453, 6169331.488164341077209 ], [ 771021.686549976933748, 6169330.515006640926003 ], [ 771021.91644377168268, 6169329.541848933324218 ], [ 771022.146337555488572, 6169328.568691218271852 ], [ 771022.376231326023117, 6169327.59553349763155 ], [ 771022.606125085614622, 6169326.622375769540668 ], [ 771022.836018832167611, 6169325.64921803958714 ], [ 771023.065912567777559, 6169324.676060296595097 ], [ 771023.295806291280314, 6169323.702902551740408 ], [ 771023.525700002792291, 6169322.729744799435139 ], [ 771023.75559370231349, 6169321.756587039679289 ], [ 771023.985487389843911, 6169320.783429274335504 ], [ 771024.215381065150723, 6169319.810271503403783 ], [ 771024.445274728350341, 6169318.837113724090159 ], [ 771024.67516838083975, 6169317.8639559391886 ], [ 771024.905062020057812, 6169316.890798148699105 ], [ 771025.134955648332834, 6169315.917640349827707 ], [ 771025.364849264617078, 6169314.944482545368373 ], [ 771025.594742867862806, 6169313.971324734389782 ], [ 771025.824636460049078, 6169312.998166918754578 ], [ 771026.054530040128157, 6169312.02500909473747 ], [ 771026.284423608100042, 6169311.051851265132427 ], [ 771026.514317164313979, 6169310.078693429939449 ], [ 771026.744210709468462, 6169309.105535585433245 ], [ 771026.974104241468012, 6169308.132377738133073 ], [ 771027.203997762408108, 6169307.159219881519675 ], [ 771027.433891270309687, 6169306.186062021180987 ], [ 771027.663784767268226, 6169305.212904151529074 ], [ 771027.893678250955418, 6169304.239746276289225 ], [ 771028.1235717239324, 6169303.26658839546144 ], [ 771028.353465184569359, 6169302.293430506251752 ], [ 771028.583358633564785, 6169301.320272613316774 ], [ 771028.813252070220187, 6169300.347114711999893 ], [ 771029.04314549616538, 6169299.373956806957722 ], [ 771029.273038908839226, 6169298.400798892602324 ], [ 771029.502932310453616, 6169297.427640972658992 ], [ 771029.73282569902949, 6169296.454483047127724 ], [ 771029.96271907677874, 6169295.481325115077198 ], [ 771030.192612441140227, 6169294.508167174644768 ], [ 771030.422505794791505, 6169293.535009228624403 ], [ 771030.652399136335589, 6169292.561851277947426 ], [ 771030.88229246577248, 6169291.588693318888545 ], [ 771031.112185782985762, 6169290.615535354241729 ], [ 771031.342079089605249, 6169289.642377384006977 ], [ 771031.57197238295339, 6169288.669219404459 ], [ 771031.801865664194338, 6169287.696061421185732 ], [ 771032.031758934492245, 6169286.722903430461884 ], [ 771032.261652191751637, 6169285.7497454341501 ], [ 771032.491545438067988, 6169284.776587430387735 ], [ 771032.721438672277145, 6169283.803429421037436 ], [ 771032.951331894379109, 6169282.830271404236555 ], [ 771033.181225104490295, 6169281.857113380916417 ], [ 771033.411118302727118, 6169280.883955352008343 ], [ 771033.641011488856748, 6169279.910797316581011 ], [ 771033.870904662762769, 6169278.937639275565743 ], [ 771034.100797825842164, 6169277.964481226168573 ], [ 771034.330690975650214, 6169276.991323171183467 ], [ 771034.560584114864469, 6169276.018165109679103 ], [ 771034.790477241622284, 6169275.045007042586803 ], [ 771035.020370355574414, 6169274.071848969906569 ], [ 771035.250263458350673, 6169273.098690887913108 ], [ 771035.48015654925257, 6169272.125532801263034 ], [ 771035.710049627814442, 6169271.152374706231058 ], [ 771035.939942694734782, 6169270.179216609336436 ], [ 771036.169835750479251, 6169269.206058502197266 ], [ 771036.399728793185204, 6169268.232900388538837 ], [ 771036.629621824715286, 6169267.259742268361151 ], [ 771036.859514843439683, 6169266.286584144458175 ], [ 771037.089407850988209, 6169265.313426013104618 ], [ 771037.319300846662372, 6169264.340267873369157 ], [ 771037.549193828948773, 6169263.367109728977084 ], [ 771037.77908680040855, 6169262.39395157713443 ], [ 771038.008979759877548, 6169261.420793419703841 ], [ 771038.238872708403505, 6169260.447635255753994 ], [ 771038.468765643774532, 6169259.474477083422244 ], [ 771038.69865856715478, 6169258.501318909227848 ], [ 771038.928551479475573, 6169257.528160724788904 ], [ 771039.158444378641434, 6169256.555002534762025 ], [ 771039.388337267097086, 6169255.581844338215888 ], [ 771039.618230143212713, 6169254.60868613421917 ], [ 771039.848123006289825, 6169253.635527925565839 ], [ 771040.078015858423896, 6169252.66236971039325 ], [ 771040.307908699614927, 6169251.689211488701403 ], [ 771040.537801527767442, 6169250.716053259558976 ], [ 771040.767694343696348, 6169249.742895025759935 ], [ 771040.997587147634476, 6169248.769736783578992 ], [ 771041.22747994074598, 6169247.796578535810113 ], [ 771041.457372720702551, 6169246.823420283384621 ], [ 771041.687265489599667, 6169245.850262021645904 ], [ 771041.917158246506006, 6169244.877103755250573 ], [ 771042.147050990257412, 6169243.903945481404662 ], [ 771042.376943723065779, 6169242.930787201970816 ], [ 771042.606836443766952, 6169241.957628914155066 ], [ 771042.836729152593762, 6169240.984470621682703 ], [ 771043.066621850477532, 6169240.011312322691083 ], [ 771043.24635326967109, 6169239.25049158371985 ], [ 771043.614605827024207, 6169238.320826161652803 ], [ 771043.982858375762589, 6169237.391160732135177 ], [ 771044.351110914722085, 6169236.461495291441679 ], [ 771044.719363443786278, 6169235.531829841434956 ], [ 771045.087615963071585, 6169234.602164383046329 ], [ 771045.455868472578004, 6169233.672498913481832 ], [ 771045.824120973236859, 6169232.742833435535431 ], [ 771046.192373463069089, 6169231.813167946413159 ], [ 771046.560625944286585, 6169230.883502448908985 ], [ 771046.928878416772932, 6169229.953836941160262 ], [ 771047.297130878316239, 6169229.02417142316699 ], [ 771047.665383330080658, 6169228.094505897723138 ], [ 771048.033635773113929, 6169227.164840361103415 ], [ 771048.401888206368312, 6169226.235174815170467 ], [ 771048.770140629960224, 6169225.305509260855615 ], [ 771049.138393043540418, 6169224.37584369443357 ], [ 771049.506645447341725, 6169223.446178119629622 ], [ 771049.874897842528298, 6169222.51651253644377 ], [ 771050.243150227935985, 6169221.58684694301337 ], [ 771050.611402603448369, 6169220.657181341201067 ], [ 771050.979654969181865, 6169219.72751572728157 ], [ 771051.347907326417044, 6169218.797850105911493 ], [ 771051.716159672476351, 6169217.868184473365545 ], [ 771052.084412009920925, 6169216.938518831506371 ], [ 771052.452664337586612, 6169216.008853180333972 ], [ 771052.820916655473411, 6169215.079187521710992 ], [ 771053.189168963464908, 6169214.149521850049496 ], [ 771053.557421262841672, 6169213.219856169074774 ], [ 771053.925673551275395, 6169212.290190480649471 ], [ 771054.293925830977969, 6169211.36052478197962 ], [ 771054.662178101018071, 6169210.430859073996544 ], [ 771055.030430362094194, 6169209.501193354837596 ], [ 771055.398682612460107, 6169208.571527628228068 ], [ 771055.766934854211286, 6169207.641861889511347 ], [ 771056.135187085019425, 6169206.712196143344045 ], [ 771056.503439306979999, 6169205.782530386932194 ], [ 771056.87169152032584, 6169204.852864621207118 ], [ 771057.23994372272864, 6169203.923198845237494 ], [ 771057.608195915352553, 6169202.993533059954643 ], [ 771057.976448099361733, 6169202.063867265358567 ], [ 771058.344700273359194, 6169201.134201461449265 ], [ 771058.7129524378106, 6169200.204535646364093 ], [ 771059.08120459318161, 6169199.274869821965694 ], [ 771059.449456738075241, 6169198.345203990116715 ], [ 771059.817708874121308, 6169197.415538148023188 ], [ 771060.185961000155658, 6169196.485872296616435 ], [ 771060.554213116760366, 6169195.556206434965134 ], [ 771060.922465223353356, 6169194.626540563069284 ], [ 771061.290717321215197, 6169193.696874681860209 ], [ 771061.658969408250414, 6169192.76720879226923 ], [ 771062.027221486438066, 6169191.83754289150238 ], [ 771062.395473554963246, 6169190.90787698328495 ], [ 771062.763725613709539, 6169189.978211062960327 ], [ 771063.131977663841099, 6169189.048545133322477 ], [ 771063.500229702796787, 6169188.118879195302725 ], [ 771063.868481733137742, 6169187.189213246107101 ], [ 771064.236733753699809, 6169186.259547289460897 ], [ 771064.60498576448299, 6169185.329881321638823 ], [ 771064.973237766651437, 6169184.40021534729749 ], [ 771065.341489757876843, 6169183.470549359917641 ], [ 771065.709741740254685, 6169182.540883363224566 ], [ 771066.077993712970056, 6169181.611217357218266 ], [ 771066.446245675906539, 6169180.681551342830062 ], [ 771066.814497628831305, 6169179.751885317265987 ], [ 771067.182749573257752, 6169178.822219284251332 ], [ 771067.551001506624743, 6169177.892553241923451 ], [ 771067.919253431493416, 6169176.9628871884197 ], [ 771068.287505346583202, 6169176.033221125602722 ], [ 771068.655757251661271, 6169175.103555053472519 ], [ 771069.024009148124605, 6169174.173888971097767 ], [ 771069.392261033528484, 6169173.244222878478467 ], [ 771069.760512910434045, 6169172.314556778408587 ], [ 771070.128764777327888, 6169171.384890666231513 ], [ 771070.497016634559259, 6169170.455224545672536 ], [ 771070.865268483175896, 6169169.525558415800333 ], [ 771071.233520320849493, 6169168.595892277546227 ], [ 771071.601772149675526, 6169167.66622612811625 ], [ 771071.970023968839087, 6169166.736559969373047 ], [ 771072.338275778107345, 6169165.806893801316619 ], [ 771072.706527578877285, 6169164.877227623015642 ], [ 771073.074779368471354, 6169163.94756143540144 ], [ 771073.44303114945069, 6169163.017895238474011 ], [ 771073.811282920651138, 6169162.088229032233357 ], [ 771074.179534682072699, 6169161.158562815748155 ], [ 771074.547786433715373, 6169160.228896589949727 ], [ 771074.916038176743314, 6169159.299230355769396 ], [ 771075.284289908595383, 6169158.369564110413194 ], [ 771075.652541631832719, 6169157.439897856675088 ], [ 771075.878709562588483, 6169156.868927821516991 ], [ 771076.032669522799551, 6169155.880907061509788 ], [ 771076.186629469273612, 6169154.892886296845973 ], [ 771076.340589404338971, 6169153.904865527525544 ], [ 771076.494549325667322, 6169152.916844755411148 ], [ 771076.648509234655648, 6169151.928823975846171 ], [ 771076.802469129906967, 6169150.940803197212517 ], [ 771076.956429013516754, 6169149.952782407402992 ], [ 771077.110388883855194, 6169148.964761617593467 ], [ 771077.264348741387948, 6169147.976740822196007 ], [ 771077.418308586347848, 6169146.988720021210611 ], [ 771077.572268418734893, 6169146.000699216499925 ], [ 771077.726228237617761, 6169145.012678408995271 ], [ 771077.880188043811359, 6169144.024657594040036 ], [ 771078.034147837432101, 6169143.036636775359511 ], [ 771078.18810761871282, 6169142.048615953885019 ], [ 771078.342067387420684, 6169141.060595125891268 ], [ 771078.496027142275125, 6169140.07257429510355 ], [ 771078.649986884556711, 6169139.084553457796574 ], [ 771078.803946614498273, 6169138.096532616764307 ], [ 771078.95790633186698, 6169137.108511773869395 ], [ 771079.111866035498679, 6169136.120490920729935 ], [ 771079.265825727721676, 6169135.132470067590475 ], [ 771079.419785406324081, 6169134.14444920886308 ], [ 771079.573745072237216, 6169133.156428344547749 ], [ 771079.727704724529758, 6169132.16840747743845 ], [ 771079.881664365413599, 6169131.180386604741216 ], [ 771080.035623992676847, 6169130.192365728318691 ], [ 771080.189583607483655, 6169129.204344847239554 ], [ 771080.343543209601194, 6169128.216323960572481 ], [ 771080.497502799145877, 6169127.228303071111441 ], [ 771080.651462375186384, 6169126.24028217419982 ], [ 771080.80542193853762, 6169125.252261275425553 ], [ 771080.959381489316002, 6169124.264240371063352 ], [ 771081.113341027637944, 6169123.276219463907182 ], [ 771081.267300552222878, 6169122.288198549300432 ], [ 771081.421260065631941, 6169121.300177632831037 ], [ 771081.57521956495475, 6169120.312156708911061 ], [ 771081.729179051937535, 6169119.324135784059763 ], [ 771081.883138526463881, 6169118.336114852689207 ], [ 771082.037097987253219, 6169117.34809391759336 ], [ 771082.191057435469702, 6169116.3600729778409 ], [ 771082.34501687111333, 6169115.372052032500505 ], [ 771082.498976294300519, 6169114.38403108343482 ], [ 771082.652935704914853, 6169113.396010130643845 ], [ 771082.806895101675764, 6169112.407989170402288 ], [ 771082.960854487144388, 6169111.419968208298087 ], [ 771083.114813859108835, 6169110.431947242468596 ], [ 771083.268773218384013, 6169109.443926269188523 ], [ 771083.422732563922182, 6169108.455905294045806 ], [ 771083.576691898051649, 6169107.467884313315153 ], [ 771083.73065121867694, 6169106.47986332885921 ], [ 771083.88461052661296, 6169105.491842336952686 ], [ 771084.038569820811972, 6169104.503821343183517 ], [ 771084.192529103718698, 6169103.515800344757736 ], [ 771084.346488372888416, 6169102.527779342606664 ], [ 771084.500447630765848, 6169101.539758333005011 ], [ 771084.654406873742118, 6169100.551737320609391 ], [ 771084.808366105193272, 6169099.56371630448848 ], [ 771084.962325324304402, 6169098.575695283710957 ], [ 771085.116284529678524, 6169097.58767425827682 ], [ 771085.27024372247979, 6169096.599653228186071 ], [ 771085.424202902708203, 6169095.611632192507386 ], [ 771085.578162070480175, 6169094.623611154034734 ], [ 771085.732121224398725, 6169093.635590109042823 ], [ 771085.886080365860835, 6169092.647569060325623 ], [ 771086.040039494866505, 6169091.659548008814454 ], [ 771086.193998611299321, 6169090.671526949852705 ], [ 771086.347957715159282, 6169089.683505888096988 ], [ 771086.501916805282235, 6169088.695484821684659 ], [ 771086.655875882948749, 6169087.707463750615716 ], [ 771086.809834948042408, 6169086.719442676752806 ], [ 771086.963794000563212, 6169085.731421595439315 ], [ 771087.117753040511161, 6169084.743400510400534 ], [ 771087.271712066838518, 6169083.755379422567785 ], [ 771087.42567108059302, 6169082.767358327284455 ], [ 771087.579630081891082, 6169081.779337231069803 ], [ 771087.733589070383459, 6169080.791316129267216 ], [ 771087.887548045488074, 6169079.803295021876693 ], [ 771088.041507009067573, 6169078.815273907966912 ], [ 771088.195465958910063, 6169077.827252792194486 ], [ 771088.349424896296114, 6169076.839231672696769 ], [ 771088.503383820061572, 6169075.851210547611117 ], [ 771088.657342732185498, 6169074.863189416006207 ], [ 771088.811301630921662, 6169073.875168284401298 ], [ 771088.96526051685214, 6169072.887147143483162 ], [ 771089.119219390442595, 6169071.899126001633704 ], [ 771089.273178251460195, 6169070.91110485419631 ], [ 771089.427137098740786, 6169069.923083703033626 ], [ 771089.581095933448523, 6169068.935062545351684 ], [ 771089.735054755583405, 6169067.947041384875774 ], [ 771089.889013565261848, 6169066.959020219743252 ], [ 771090.042972362483852, 6169065.970999048091471 ], [ 771090.196931145852432, 6169064.9829778727144 ], [ 771090.350889916531742, 6169063.994956692680717 ], [ 771090.504848674987443, 6169063.006935509853065 ], [ 771090.658807420753874, 6169062.018914321437478 ], [ 771090.812766152899712, 6169061.030893128365278 ], [ 771090.966724873520434, 6169060.042871931567788 ], [ 771091.120683580636978, 6169059.054850731045008 ], [ 771091.274642275064252, 6169058.066829523071647 ], [ 771091.428600955754519, 6169057.078808311372995 ], [ 771091.582559625152498, 6169056.090787097811699 ], [ 771091.736518280929886, 6169055.102765876799822 ], [ 771091.890476924134418, 6169054.1147446539253 ], [ 771092.044435554649681, 6169053.126723425462842 ], [ 771092.198394172708504, 6169052.138702191412449 ], [ 771092.35235277726315, 6169051.150680953636765 ], [ 771092.506311368895695, 6169050.162659709341824 ], [ 771092.660269948188215, 6169049.174638463184237 ], [ 771092.814228515024297, 6169048.186617212370038 ], [ 771092.968187069054693, 6169047.198595955967903 ], [ 771093.122145609697327, 6169046.210574695840478 ], [ 771093.276104137534276, 6169045.222553430125117 ], [ 771093.4300626530312, 6169044.234532160684466 ], [ 771093.58402115595527, 6169043.246510887518525 ], [ 771093.737979645142332, 6169042.258489608764648 ], [ 771093.891938123037107, 6169041.270468325354159 ], [ 771094.045896586962044, 6169040.282447038218379 ], [ 771094.199855038663372, 6169039.294425744563341 ], [ 771094.353813476511277, 6169038.306404449045658 ], [ 771094.507771902950481, 6169037.318383147008717 ], [ 771094.661730315769091, 6169036.330361841246486 ], [ 771094.815688716014847, 6169035.342340530827641 ], [ 771094.969647103687748, 6169034.354319216683507 ], [ 771095.123605479020625, 6169033.366297898814082 ], [ 771095.277563840383664, 6169032.378276575356722 ], [ 771095.278109394945204, 6169032.374775500968099 ], [ 771095.70390569162555, 6169031.470017612911761 ], [ 771096.129701979691163, 6169030.565259713679552 ], [ 771096.555498259374872, 6169029.66050180606544 ], [ 771096.981294530443847, 6169028.755743885412812 ], [ 771097.407090792898089, 6169027.850985953584313 ], [ 771097.83288704790175, 6169026.946228011511266 ], [ 771098.258683294523507, 6169026.041470061056316 ], [ 771098.684479532530531, 6169025.136712096631527 ], [ 771099.110275761922821, 6169024.231954123824835 ], [ 771099.536071983980946, 6169023.327196137979627 ], [ 771099.961868196260184, 6169022.422438144683838 ], [ 771100.387664401205257, 6169021.517680136486888 ], [ 771100.813460597768426, 6169020.61292212177068 ], [ 771101.239256785600446, 6169019.708164094947278 ], [ 771101.665052965981886, 6169018.803406056016684 ], [ 771102.090849136817269, 6169017.89864800684154 ], [ 771102.516645300202072, 6169016.993889950215816 ], [ 771102.942441455088556, 6169016.089131878688931 ], [ 771103.368237601243891, 6169015.184373798780143 ], [ 771103.794033738900907, 6169014.279615707695484 ], [ 771104.219829869223759, 6169013.374857604503632 ], [ 771104.645625991048291, 6169012.470099491067231 ], [ 771105.07142210425809, 6169011.565341368317604 ], [ 771105.497218208969571, 6169010.660583233460784 ], [ 771105.923014305066317, 6169009.755825087428093 ], [ 771106.348810393828899, 6169008.851066933944821 ], [ 771106.774606473976746, 6169007.946308767423034 ], [ 771107.200402545742691, 6169007.04155059158802 ], [ 771107.626198608893901, 6169006.136792402714491 ], [ 771108.051994663430378, 6169005.232034204527736 ], [ 771108.477790709352121, 6169004.32727599516511 ], [ 771108.903586748056114, 6169003.422517774626613 ], [ 771109.329382778028958, 6169002.51775954477489 ], [ 771109.755178799619898, 6169001.613001303747296 ], [ 771110.180974813643843, 6169000.708243051543832 ], [ 771110.606770818121731, 6168999.803484788164496 ], [ 771111.032566815149039, 6168998.89872651733458 ], [ 771111.458362803678028, 6168997.993968231603503 ], [ 771111.884158783592284, 6168997.0892099365592 ], [ 771112.309954755008221, 6168996.184451630339026 ], [ 771112.735750718973577, 6168995.279693316668272 ], [ 771113.161546673276462, 6168994.374934988096356 ], [ 771113.58734262001235, 6168993.470176651142538 ], [ 771114.013138559530489, 6168992.565418303012848 ], [ 771114.438934489386156, 6168991.660659943707287 ], [ 771114.864730410510674, 6168990.755901573225856 ], [ 771115.290526324417442, 6168989.851143192499876 ], [ 771115.716322229709476, 6168988.94638480246067 ], [ 771116.142118126503192, 6168988.041626401245594 ], [ 771116.567914014682174, 6168987.136867988854647 ], [ 771116.99370989529416, 6168986.232109566219151 ], [ 771117.419505767640658, 6168985.327351132407784 ], [ 771117.845301630208269, 6168984.422592686489224 ], [ 771118.271097486489452, 6168983.517834232188761 ], [ 771118.69689333322458, 6168982.613075765781105 ], [ 771119.122689171228558, 6168981.708317288197577 ], [ 771119.548485001781955, 6168980.803558801300824 ], [ 771119.97428082395345, 6168979.898800302296877 ], [ 771120.40007663751021, 6168978.994041793979704 ], [ 771120.825872442452237, 6168978.089283274486661 ], [ 771121.251668240176514, 6168977.184524746611714 ], [ 771121.677464028005488, 6168976.279766203835607 ], [ 771122.103259808383882, 6168975.375007653608918 ], [ 771122.529055580496788, 6168974.470249090343714 ], [ 771122.954851345159113, 6168973.565490517765284 ], [ 771123.380647099809721, 6168972.660731932148337 ], [ 771123.806442847358994, 6168971.755973337218165 ], [ 771123.839496903354302, 6168971.685737920925021 ], [ 771123.976968391798437, 6168970.695287653245032 ], [ 771124.114439867669716, 6168969.704837383702397 ], [ 771124.251911329571158, 6168968.714387107640505 ], [ 771124.389382780063897, 6168967.723936827853322 ], [ 771124.526854216586798, 6168966.733486546203494 ], [ 771124.664325640420429, 6168965.743036257103086 ], [ 771124.801797051448375, 6168964.752585966140032 ], [ 771124.93926844978705, 6168963.762135671451688 ], [ 771125.076739835320041, 6168962.771685371175408 ], [ 771125.214211207116023, 6168961.781235066242516 ], [ 771125.351682567037642, 6168960.790784759446979 ], [ 771125.489153913455084, 6168959.800334446132183 ], [ 771125.626625246950425, 6168958.809884132817388 ], [ 771125.764096566475928, 6168957.819433812052011 ], [ 771125.901567874592729, 6168956.8289834856987 ], [ 771126.039039168739691, 6168955.838533159345388 ], [ 771126.176510451477952, 6168954.848082826472819 ], [ 771126.313981720129959, 6168953.857632488943636 ], [ 771126.451452976325527, 6168952.867182149551809 ], [ 771126.58892421843484, 6168951.876731805503368 ], [ 771126.726395448902622, 6168950.886281455866992 ], [ 771126.863866665633395, 6168949.895831100642681 ], [ 771127.001337869558483, 6168948.905380746349692 ], [ 771127.138809061842039, 6168947.914930384606123 ], [ 771127.276280239224434, 6168946.924480020999908 ], [ 771127.413751404965296, 6168945.934029648080468 ], [ 771127.551222557900473, 6168944.943579277023673 ], [ 771127.688693697098643, 6168943.95312889944762 ], [ 771127.826164823491126, 6168942.962678518146276 ], [ 771127.963635937310755, 6168941.972228133119643 ], [ 771128.101107038208283, 6168940.981777743436396 ], [ 771128.238578126416542, 6168939.991327349096537 ], [ 771128.376049200771376, 6168939.000876951962709 ], [ 771128.513520263601094, 6168938.010426550172269 ], [ 771128.650991312460974, 6168937.019976144656539 ], [ 771128.788462348515168, 6168936.029525733552873 ], [ 771128.925933370832354, 6168935.039075320586562 ], [ 771129.063404381624423, 6168934.048624902032316 ], [ 771129.200875379610807, 6168933.058174479752779 ], [ 771129.338346363743767, 6168932.067724052816629 ], [ 771129.475817334954627, 6168931.07727362215519 ], [ 771129.613288293825462, 6168930.086823188699782 ], [ 771129.750759239541367, 6168929.096372750587761 ], [ 771129.888230171520263, 6168928.105922307819128 ], [ 771130.025701092090458, 6168927.115471861325204 ], [ 771130.163171998690814, 6168926.125021410174668 ], [ 771130.300642892485484, 6168925.134570954367518 ], [ 771130.4381137737073, 6168924.144120495766401 ], [ 771130.575584642123431, 6168923.153670033439994 ], [ 771130.713055497617461, 6168922.163219563663006 ], [ 771130.850526339374483, 6168921.172769095748663 ], [ 771130.987997168442234, 6168920.182318618521094 ], [ 771131.125467984704301, 6168919.191868137568235 ], [ 771131.262938788393512, 6168918.201417656615376 ], [ 771131.400409579277039, 6168917.21096716914326 ], [ 771131.537880357354879, 6168916.220516676083207 ], [ 771131.675351121695712, 6168915.230066180229187 ], [ 771131.812821873114444, 6168914.239615681581199 ], [ 771131.950292611960322, 6168913.249165177345276 ], [ 771132.087763338116929, 6168912.258714670315385 ], [ 771132.22523405123502, 6168911.268264155834913 ], [ 771132.362704750848934, 6168910.277813641354442 ], [ 771132.5001754387049, 6168909.287363119423389 ], [ 771132.637646112707444, 6168908.296912595629692 ], [ 771132.775116774020717, 6168907.306462068110704 ], [ 771132.912587422411889, 6168906.316011535003781 ], [ 771133.050058057066053, 6168905.325560998171568 ], [ 771133.187528680195101, 6168904.335110457614064 ], [ 771133.324999289354309, 6168903.34465991333127 ], [ 771133.462469885824248, 6168902.354209361597896 ], [ 771133.599940469488502, 6168901.363758808933198 ], [ 771133.7374110405799, 6168900.373308254405856 ], [ 771133.874881598865613, 6168899.382857692427933 ], [ 771134.012352143181488, 6168898.39240712672472 ], [ 771134.149822676088661, 6168897.401956558227539 ], [ 771134.287293195025995, 6168896.411505986005068 ], [ 771134.42476370127406, 6168895.421055406332016 ], [ 771134.562234194716439, 6168894.430604825727642 ], [ 771134.699704674305394, 6168893.440154241397977 ], [ 771134.837175142252818, 6168892.449703650549054 ], [ 771134.974645596463233, 6168891.459253057837486 ], [ 771135.112116037867963, 6168890.46880245860666 ], [ 771135.249586466583423, 6168889.478351856581867 ], [ 771135.387056882493198, 6168888.48790124990046 ], [ 771135.524527284549549, 6168887.497450640425086 ], [ 771135.661997675080784, 6168886.507000027224422 ], [ 771135.799468051758595, 6168885.516549408435822 ], [ 771135.936938415514305, 6168884.526098784990609 ], [ 771136.074408766813576, 6168883.535648159682751 ], [ 771136.211879105074331, 6168882.54519752971828 ], [ 771136.349349430762231, 6168881.554746894165874 ], [ 771136.486819742596708, 6168880.564296256750822 ], [ 771136.6242900416255, 6168879.57384561188519 ], [ 771136.761760327965021, 6168878.583394965156913 ], [ 771136.899230601615272, 6168877.59294431656599 ], [ 771137.036700862576254, 6168876.602493659593165 ], [ 771137.174171109450981, 6168875.612042998895049 ], [ 771137.311641344917007, 6168874.621592338196933 ], [ 771137.449111566646025, 6168873.631141670979559 ], [ 771137.586581775336526, 6168872.64069099817425 ], [ 771137.724051971454173, 6168871.650240323506296 ], [ 771137.861522154766135, 6168870.659789644181728 ], [ 771137.998992324341089, 6168869.669338962994516 ], [ 771138.136462482158095, 6168868.678888272494078 ], [ 771138.273932626238093, 6168867.688437581062317 ], [ 771138.41140275739599, 6168866.697986885905266 ], [ 771138.548872875981033, 6168865.707536185160279 ], [ 771138.686342980596237, 6168864.717085480690002 ], [ 771138.823813073802739, 6168863.72663477435708 ], [ 771138.849644680973142, 6168863.540522035211325 ], [ 771138.873301228042692, 6168862.540856590494514 ], [ 771138.896957761840895, 6168861.541191142983735 ], [ 771138.92061428190209, 6168860.541525696404278 ], [ 771138.944270788575523, 6168859.541860245168209 ], [ 771138.967927281977609, 6168858.542194796726108 ], [ 771138.991583761759102, 6168857.542529344558716 ], [ 771139.015240228269249, 6168856.542863895185292 ], [ 771139.038896681275219, 6168855.543198442086577 ], [ 771139.062553119612858, 6168854.54353298805654 ], [ 771139.086209545726888, 6168853.543867532163858 ], [ 771139.109865958453156, 6168852.544202074408531 ], [ 771139.133522356511094, 6168851.544536618515849 ], [ 771139.157178742345423, 6168850.544871160760522 ], [ 771139.180835113627836, 6168849.54520570114255 ], [ 771139.204491471406072, 6168848.545540241524577 ], [ 771139.228147815563716, 6168847.545874778181314 ], [ 771139.251804146450013, 6168846.546209315769374 ], [ 771139.275460465112701, 6168845.546543853357434 ], [ 771139.299116769107059, 6168844.546878388151526 ], [ 771139.32277305983007, 6168843.547212922945619 ], [ 771139.346429335651919, 6168842.547547455877066 ], [ 771139.370085599366575, 6168841.547881990671158 ], [ 771139.39374184969347, 6168840.548216519877315 ], [ 771139.417398086516187, 6168839.548551050946116 ], [ 771139.441054308670573, 6168838.548885578289628 ], [ 771139.464710518717766, 6168837.549220107495785 ], [ 771139.488366713980213, 6168836.549554634839296 ], [ 771139.512022897019051, 6168835.549889160320163 ], [ 771139.535679065505974, 6168834.550223685801029 ], [ 771139.559335221769288, 6168833.550558210350573 ], [ 771139.582991363247856, 6168832.550892733037472 ], [ 771139.606647491455078, 6168831.551227254793048 ], [ 771139.630303606158122, 6168830.551561774685979 ], [ 771139.653959707356989, 6168829.551896295510232 ], [ 771139.677615795168094, 6168828.552230812609196 ], [ 771139.701271869707853, 6168827.552565330639482 ], [ 771139.724927930627018, 6168826.552899847738445 ], [ 771139.748583976877853, 6168825.553234362974763 ], [ 771139.772240011021495, 6168824.553568877279758 ], [ 771139.795896031660959, 6168823.553903391584754 ], [ 771139.819552037632093, 6168822.554237903095782 ], [ 771139.843208031496033, 6168821.554572415538132 ], [ 771139.866864010458812, 6168820.554906924255192 ], [ 771139.890519977547228, 6168819.555241433903575 ], [ 771139.914175929850899, 6168818.555575942620635 ], [ 771139.937831868650392, 6168817.555910450406373 ], [ 771139.961487794062123, 6168816.556244955398142 ], [ 771139.98514370713383, 6168815.556579461321235 ], [ 771140.008799605653621, 6168814.556913962587714 ], [ 771140.032455490785651, 6168813.557248467579484 ], [ 771140.05611136124935, 6168812.557582970708609 ], [ 771140.07976721948944, 6168811.557917470112443 ], [ 771140.103423064341769, 6168810.558251971378922 ], [ 771140.127078895573504, 6168809.558586468920112 ], [ 771140.15073471236974, 6168808.558920964598656 ], [ 771140.174390516709536, 6168807.559255463071167 ], [ 771140.198046307777986, 6168806.559589957818389 ], [ 771140.22170208429452, 6168805.559924453496933 ], [ 771140.245357848354615, 6168804.560258947312832 ], [ 771140.269013597862795, 6168803.560593439266086 ], [ 771140.292669333983213, 6168802.560927929356694 ], [ 771140.316325056599453, 6168801.561262421309948 ], [ 771140.339980765827931, 6168800.561596909537911 ], [ 771140.363636461552233, 6168799.561931397765875 ], [ 771140.387292144005187, 6168798.562265885062516 ], [ 771140.410947812953964, 6168797.562600372359157 ], [ 771140.434603468282148, 6168796.562934854999185 ], [ 771140.458259110455401, 6168795.563269341364503 ], [ 771140.481914739008062, 6168794.563603824004531 ], [ 771140.505570353008807, 6168793.563938304781914 ], [ 771140.529225954785943, 6168792.564272786490619 ], [ 771140.552881541778333, 6168791.564607266336679 ], [ 771140.57653711666353, 6168790.564941745251417 ], [ 771140.600192676763982, 6168789.56527622230351 ], [ 771140.623848224873655, 6168788.565610699355602 ], [ 771140.647503758198582, 6168787.56594517454505 ], [ 771140.671159278135747, 6168786.566279649734497 ], [ 771140.69481478468515, 6168785.566614124923944 ], [ 771140.71847027761396, 6168784.566948597319424 ], [ 771140.742125757271424, 6168783.567283067852259 ], [ 771140.76578122342471, 6168782.567617538385093 ], [ 771140.789436676073819, 6168781.567952007055283 ], [ 771140.813092115335166, 6168780.568286474794149 ], [ 771140.836747541325167, 6168779.568620943464339 ], [ 771140.860402952646837, 6168778.568955410271883 ], [ 771140.884058351395652, 6168777.56928987428546 ], [ 771140.907713736989535, 6168776.569624337367713 ], [ 771140.931369107915089, 6168775.569958802312613 ], [ 771140.955024466617033, 6168774.570293262600899 ], [ 771140.978679810650647, 6168773.570627723820508 ], [ 771141.002335141296498, 6168772.570962185040116 ], [ 771141.025990458438173, 6168771.571296643465757 ], [ 771141.049645763356239, 6168770.571631100960076 ], [ 771141.073301053605974, 6168769.571965556591749 ], [ 771141.096956330584362, 6168768.572300012223423 ], [ 771141.120611593942158, 6168767.572634468786418 ], [ 771141.144266842864454, 6168766.572968921624124 ], [ 771141.16792207933031, 6168765.573303375393152 ], [ 771141.191577302291989, 6168764.573637824505568 ], [ 771141.215232511982322, 6168763.573972274549305 ], [ 771141.238887707237154, 6168762.574306724593043 ], [ 771141.262542889919132, 6168761.574641173705459 ], [ 771141.28619805816561, 6168760.574975622817874 ], [ 771141.309853214072064, 6168759.575310066342354 ], [ 771141.333508355310187, 6168758.575644511729479 ], [ 771141.357163483276963, 6168757.575978956185281 ], [ 771141.3808185987873, 6168756.576313398778439 ], [ 771141.404473699745722, 6168755.576647842302918 ], [ 771141.428128787316382, 6168754.576982282102108 ], [ 771141.451783861382864, 6168753.57731672283262 ], [ 771141.475438922178, 6168752.577651161700487 ], [ 771141.499093969352543, 6168751.577985599637032 ], [ 771141.522749003139324, 6168750.578320035710931 ], [ 771141.546404023421928, 6168749.578654472716153 ], [ 771141.570059029269032, 6168748.578988905996084 ], [ 771141.593714022776112, 6168747.579323342069983 ], [ 771141.617369002662599, 6168746.579657772555947 ], [ 771141.641023968113586, 6168745.579992203041911 ], [ 771141.664678920176812, 6168744.580326633527875 ], [ 771141.688333859900013, 6168743.580661065876484 ], [ 771141.711988785071298, 6168742.580995492637157 ], [ 771141.735643696738407, 6168741.581329919397831 ], [ 771141.759298596065491, 6168740.581664346158504 ], [ 771141.782953480957076, 6168739.581998771056533 ], [ 771141.806608352111652, 6168738.582333195023239 ], [ 771141.830263210227713, 6168737.582667618989944 ], [ 771141.853918054606766, 6168736.583002040162683 ], [ 771141.877572884550318, 6168735.583336461335421 ], [ 771141.899486827896908, 6168734.657241212204099 ], [ 771142.014415260404348, 6168733.663922391831875 ], [ 771142.129343679174781, 6168732.670603567734361 ], [ 771142.24427208607085, 6168731.677284739911556 ], [ 771142.359200479113497, 6168730.683965908363461 ], [ 771142.47412885830272, 6168729.690647073090076 ], [ 771142.589057225733995, 6168728.697328235954046 ], [ 771142.703985579195432, 6168727.704009392298758 ], [ 771142.818913919967599, 6168726.710690546780825 ], [ 771142.933842247934081, 6168725.717371699400246 ], [ 771143.048770561814308, 6168724.724052846431732 ], [ 771143.163698862772435, 6168723.730733988806605 ], [ 771143.278627151157707, 6168722.737415131181479 ], [ 771143.393555426737294, 6168721.744096267037094 ], [ 771143.508483688347042, 6168720.750777400098741 ], [ 771143.623411937151104, 6168719.757458532229066 ], [ 771143.738340172916651, 6168718.764139657840133 ], [ 771143.853268396109343, 6168717.770820779725909 ], [ 771143.968196605332196, 6168716.777501901611686 ], [ 771144.083124801749364, 6168715.784183016046882 ], [ 771144.198052985360846, 6168714.790864128619432 ], [ 771144.312981156166643, 6168713.797545239329338 ], [ 771144.427909313002601, 6168712.804226344451308 ], [ 771144.542837457032874, 6168711.810907445847988 ], [ 771144.657765588257462, 6168710.8175885444507 ], [ 771144.772693706676364, 6168709.824269641190767 ], [ 771144.887621811125427, 6168708.830950731411576 ], [ 771145.002549902768806, 6168707.83763181976974 ], [ 771145.117477981606498, 6168706.844312904402614 ], [ 771145.232406047638506, 6168705.850993986241519 ], [ 771145.34733409981709, 6168704.857675063423812 ], [ 771145.462262139073573, 6168703.864356137812138 ], [ 771145.577190165640786, 6168702.871037209406495 ], [ 771145.692118179285899, 6168701.877718275412917 ], [ 771145.807046178961173, 6168700.884399339556694 ], [ 771145.921974165947177, 6168699.891080399975181 ], [ 771146.036902139894664, 6168698.897761456668377 ], [ 771146.151830100105144, 6168697.904442509636283 ], [ 771146.266758047393523, 6168696.911123558878899 ], [ 771146.381685981992632, 6168695.917804605327547 ], [ 771146.496613903786056, 6168694.924485648050904 ], [ 771146.611541812773794, 6168693.931166688911617 ], [ 771146.726469707675278, 6168692.937847722321749 ], [ 771146.841397590003908, 6168691.944528754800558 ], [ 771146.956325459294021, 6168690.951209783554077 ], [ 771147.071253314614296, 6168689.957890809513628 ], [ 771147.186181158525869, 6168688.96457183174789 ], [ 771147.301108988234773, 6168687.971252849325538 ], [ 771147.416036804090254, 6168686.977933864109218 ], [ 771147.530964608304203, 6168685.984614876098931 ], [ 771147.645892398548312, 6168684.991295883432031 ], [ 771147.760820175870322, 6168683.997976886108518 ], [ 771147.875747940619476, 6168683.004657888785005 ], [ 771147.990675691165961, 6168682.011338885873556 ], [ 771148.105603429023176, 6168681.01801988016814 ], [ 771148.220531154191121, 6168680.024700869806111 ], [ 771148.335458866553381, 6168679.031381856650114 ], [ 771148.450386564829387, 6168678.038062841631472 ], [ 771148.56531425146386, 6168677.04474381916225 ], [ 771148.680241924128495, 6168676.051424795761704 ], [ 771148.795169582823291, 6168675.058105770498514 ], [ 771148.910097229992971, 6168674.064786739647388 ], [ 771149.025024863192812, 6168673.071467705070972 ], [ 771149.139952483354136, 6168672.078148666769266 ], [ 771149.254880090942606, 6168671.084829626604915 ], [ 771149.369807684561238, 6168670.091510582715273 ], [ 771149.484735265257768, 6168669.098191535100341 ], [ 771149.599662833148614, 6168668.104872481897473 ], [ 771149.714590388233773, 6168667.111553426831961 ], [ 771149.829517929581925, 6168666.118234368041158 ], [ 771149.944445457891561, 6168665.12491530738771 ], [ 771150.059372973511927, 6168664.131596241146326 ], [ 771150.174300476210192, 6168663.138277172110975 ], [ 771150.289227965055034, 6168662.144958099350333 ], [ 771150.404155441210605, 6168661.151639024727046 ], [ 771150.519082904211245, 6168660.158319943584502 ], [ 771150.634010354755446, 6168659.165000862441957 ], [ 771150.748937791213393, 6168658.171681774780154 ], [ 771150.863865214865655, 6168657.178362684324384 ], [ 771150.978792625595815, 6168656.185043591074646 ], [ 771151.093720023636706, 6168655.19172449503094 ], [ 771151.208647407824174, 6168654.198405394330621 ], [ 771151.323574778973125, 6168653.205086290836334 ], [ 771151.438502137432806, 6168652.211767183616757 ], [ 771151.553429481922649, 6168651.21844807267189 ], [ 771151.668356814654544, 6168650.225128956139088 ], [ 771151.783284133649431, 6168649.23180984146893 ], [ 771151.898211439838633, 6168648.23849071841687 ], [ 771152.013138731941581, 6168647.245171594433486 ], [ 771152.128066011122428, 6168646.25185246579349 ], [ 771152.24299327773042, 6168645.258533334359527 ], [ 771152.357920531416312, 6168644.26521419826895 ], [ 771152.472847772296518, 6168643.271895060315728 ], [ 771152.520384602365084, 6168642.861032959073782 ], [ 771152.779640599736013, 6168641.89528065174818 ], [ 771153.038896584068425, 6168640.929528337903321 ], [ 771153.298152558156289, 6168639.963776018470526 ], [ 771153.557408520486206, 6168638.998023688793182 ], [ 771153.816664471291006, 6168638.032271355390549 ], [ 771154.075920410454273, 6168637.066519011743367 ], [ 771154.335176337976009, 6168636.100766662508249 ], [ 771154.594432254089043, 6168635.135014306753874 ], [ 771154.853688159491867, 6168634.169261941686273 ], [ 771155.112944052205421, 6168633.203509572893381 ], [ 771155.372199933277443, 6168632.237757192924619 ], [ 771155.631455803988501, 6168631.272004809230566 ], [ 771155.890711661893874, 6168630.306252416223288 ], [ 771156.149967509321868, 6168629.340500017628074 ], [ 771156.40922334510833, 6168628.374747609719634 ], [ 771156.66847916925326, 6168627.408995196223259 ], [ 771156.927734980825335, 6168626.443242775276303 ], [ 771157.1869907816872, 6168625.47749034781009 ], [ 771157.446246571140364, 6168624.511737911961973 ], [ 771157.705502348951995, 6168623.545985471457243 ], [ 771157.964758116169833, 6168622.58023301884532 ], [ 771158.2240138706984, 6168621.614480564370751 ], [ 771158.483269613585435, 6168620.648728099651635 ], [ 771158.742525346111506, 6168619.682975629344583 ], [ 771159.001781065831892, 6168618.717223152518272 ], [ 771159.261036775074899, 6168617.751470666378736 ], [ 771159.520292471628636, 6168616.785718174651265 ], [ 771159.779548157472163, 6168615.819965675473213 ], [ 771160.038803831906989, 6168614.854213166981936 ], [ 771160.298059494700283, 6168613.888460654765368 ], [ 771160.557315145852044, 6168612.922708131372929 ], [ 771160.816570785595104, 6168611.956955606117845 ], [ 771161.075826413463801, 6168610.99120306968689 ], [ 771161.335082029807381, 6168610.025450528599322 ], [ 771161.594337634509429, 6168609.059697978198528 ], [ 771161.85359322768636, 6168608.093945422209799 ], [ 771162.112848810385913, 6168607.128192859701812 ], [ 771162.372104380163364, 6168606.162440286949277 ], [ 771162.631359939696267, 6168605.196687709540129 ], [ 771162.890615487471223, 6168604.2309351246804 ], [ 771163.149871022440493, 6168603.26518253237009 ], [ 771163.409126547165215, 6168602.299429931677878 ], [ 771163.668382060131989, 6168601.333677327260375 ], [ 771163.927637561457232, 6168600.367924713529646 ], [ 771164.186893051140942, 6168599.402172090485692 ], [ 771164.446148529299535, 6168598.43641946464777 ], [ 771164.705403995933011, 6168597.470666827633977 ], [ 771164.964659451972693, 6168596.504914186894894 ], [ 771165.22391489520669, 6168595.539161537773907 ], [ 771165.483170327031985, 6168594.573408883064985 ], [ 771165.74242574814707, 6168593.607656218111515 ], [ 771166.001681156689301, 6168592.641903545707464 ], [ 771166.260936554637738, 6168591.676150868646801 ], [ 771166.520191941177472, 6168590.710398184135556 ], [ 771166.779447315726429, 6168589.744645491242409 ], [ 771167.038702677818947, 6168588.778892792761326 ], [ 771167.297958029434085, 6168587.81314008589834 ], [ 771167.557213369291276, 6168586.84738737065345 ], [ 771167.816468698787503, 6168585.881634652614594 ], [ 771168.075724015478045, 6168584.915881923399866 ], [ 771168.33497932064347, 6168583.950129186734557 ], [ 771168.594234614167362, 6168582.984376447275281 ], [ 771168.853489897213876, 6168582.018623696640134 ], [ 771169.112745167454705, 6168581.052870940417051 ], [ 771169.372000427101739, 6168580.087118176743388 ], [ 771169.631255675340071, 6168579.121365406550467 ], [ 771169.890510911936872, 6168578.155612628906965 ], [ 771170.075999054592103, 6168577.464649928733706 ], [ 771170.096341488766484, 6168576.464911012910306 ], [ 771170.116683907806873, 6168575.465172094292939 ], [ 771170.137026314157993, 6168574.465433176606894 ], [ 771170.157368707703426, 6168573.465694256126881 ], [ 771170.177711086347699, 6168572.46595533657819 ], [ 771170.198053452069871, 6168571.466216416098177 ], [ 771170.218395805219188, 6168570.466477492824197 ], [ 771170.238738143118098, 6168569.466738570481539 ], [ 771170.259080468444154, 6168568.466999647207558 ], [ 771170.279422780964524, 6168567.467260722070932 ], [ 771170.299765078583732, 6168566.467521796002984 ], [ 771170.320107363397256, 6168565.467782868072391 ], [ 771170.340449635172263, 6168564.468043938279152 ], [ 771170.360791892278939, 6168563.468305012211204 ], [ 771170.381134136463515, 6168562.468566082417965 ], [ 771170.401476366794668, 6168561.468827150762081 ], [ 771170.421818584436551, 6168560.469088218174875 ], [ 771170.442160787992179, 6168559.469349285587668 ], [ 771170.4625029778108, 6168558.469610352069139 ], [ 771170.482845154940151, 6168557.469871418550611 ], [ 771170.503187316935509, 6168556.470132481306791 ], [ 771170.523529467405751, 6168555.470393544994295 ], [ 771170.543871602742001, 6168554.470654608681798 ], [ 771170.564213725388981, 6168553.470915668644011 ], [ 771170.584555834298953, 6168552.471176728606224 ], [ 771170.604897928889841, 6168551.47143778949976 ], [ 771170.625240011140704, 6168550.471698846668005 ], [ 771170.645582079305314, 6168549.471959904767573 ], [ 771170.665924134780653, 6168548.472220961004496 ], [ 771170.686266176402569, 6168547.472482018172741 ], [ 771170.706608204171062, 6168546.472743073478341 ], [ 771170.7269502178533, 6168545.473004126921296 ], [ 771170.747292218962684, 6168544.473265181295574 ], [ 771170.767634206218645, 6168543.473526231944561 ], [ 771170.787976179504767, 6168542.473787281662226 ], [ 771170.808318139985204, 6168541.47404833137989 ], [ 771170.828660086612217, 6168540.47430937923491 ], [ 771170.849002019385807, 6168539.474570428952575 ], [ 771170.869343939353712, 6168538.474831474013627 ], [ 771170.889685845468193, 6168537.475092520937324 ], [ 771170.910027737729251, 6168536.475353566929698 ], [ 771170.930369617184624, 6168535.475614611059427 ], [ 771170.950711482670158, 6168534.475875654257834 ], [ 771170.971053334418684, 6168533.476136695593596 ], [ 771170.991395172197372, 6168532.47639773786068 ], [ 771171.011736997403204, 6168531.476658778265119 ], [ 771171.032078809570521, 6168530.476919817738235 ], [ 771171.052420606836677, 6168529.477180855348706 ], [ 771171.072762391529977, 6168528.4774418938905 ], [ 771171.093104162020609, 6168527.477702930569649 ], [ 771171.113445919938385, 6168526.477963965386152 ], [ 771171.133787664002739, 6168525.478225000202656 ], [ 771171.154129394097254, 6168524.478486033156514 ], [ 771171.174471110338345, 6168523.478747066110373 ], [ 771171.194812813773751, 6168522.479008099064231 ], [ 771171.215154503472149, 6168521.479269128292799 ], [ 771171.235496180132031, 6168520.479530159384012 ], [ 771171.255837842123583, 6168519.47979118861258 ], [ 771171.276179492240772, 6168518.480052215047181 ], [ 771171.296521127340384, 6168517.480313240550458 ], [ 771171.316862749867141, 6168516.480574268847704 ], [ 771171.337204358307645, 6168515.480835291557014 ], [ 771171.35754595301114, 6168514.481096317991614 ], [ 771171.37788753490895, 6168513.481357340700924 ], [ 771171.398229102953337, 6168512.481618362478912 ], [ 771171.418570657027885, 6168511.481879385188222 ], [ 771171.438912198296748, 6168510.482140403240919 ], [ 771171.459253725828603, 6168509.482401425018907 ], [ 771171.479595239507034, 6168508.482662442140281 ], [ 771171.499936740263365, 6168507.482923459261656 ], [ 771171.520278227282688, 6168506.483184475451708 ], [ 771171.540619700215757, 6168505.48344549164176 ], [ 771171.560961160575971, 6168504.483706505969167 ], [ 771171.581302606966347, 6168503.483967519365251 ], [ 771171.601644039619714, 6168502.48422853089869 ], [ 771171.621985459350981, 6168501.484489541500807 ], [ 771171.642326865228824, 6168500.484750553965569 ], [ 771171.662668257136829, 6168499.48501156270504 ], [ 771171.683009635191411, 6168498.485272571444511 ], [ 771171.703351000673138, 6168497.485533580183983 ], [ 771171.723692353349179, 6168496.485794585198164 ], [ 771171.744033691007644, 6168495.48605559207499 ], [ 771171.764375015860423, 6168494.486316597089171 ], [ 771171.784716326743364, 6168493.486577602103353 ], [ 771171.805057623656467, 6168492.486838601529598 ], [ 771171.825398907996714, 6168491.487099605612457 ], [ 771171.845740178483538, 6168490.487360605970025 ], [ 771171.866081436164677, 6168489.487621605396271 ], [ 771171.886422679992393, 6168488.487882604822516 ], [ 771171.90676390985027, 6168487.48814360331744 ], [ 771171.927105125738308, 6168486.48840460088104 ], [ 771171.947446329053491, 6168485.488665597513318 ], [ 771171.967787518398836, 6168484.488926593214273 ], [ 771171.988128695054911, 6168483.489187587052584 ], [ 771172.008469856693409, 6168482.489448579028249 ], [ 771172.028811005526222, 6168481.489709573797882 ], [ 771172.04915214155335, 6168480.489970562979579 ], [ 771172.069493262562901, 6168479.490231554023921 ], [ 771172.089834370883182, 6168478.490492545068264 ], [ 771172.110175466514193, 6168477.490753531455994 ], [ 771172.130516547011212, 6168476.491014518775046 ], [ 771172.15085761481896, 6168475.491275505162776 ], [ 771172.171198669821024, 6168474.491536492481828 ], [ 771172.191539709921926, 6168473.491797477938235 ], [ 771172.211880737100728, 6168472.492058461531997 ], [ 771172.232221750309691, 6168471.492319442331791 ], [ 771172.252562751062214, 6168470.492580426856875 ], [ 771172.272903737844899, 6168469.49284140765667 ], [ 771172.293244710657746, 6168468.493102384731174 ], [ 771172.313585670664907, 6168467.493363363668323 ], [ 771172.333926616935059, 6168466.493624342605472 ], [ 771172.354267549235374, 6168465.493885319679976 ], [ 771172.374608467565849, 6168464.494146294891834 ], [ 771172.394949373207055, 6168463.494407268241048 ], [ 771172.415290265111253, 6168462.494668243452907 ], [ 771172.435631143976934, 6168461.49492921680212 ], [ 771172.455972009222023, 6168460.495190190151334 ], [ 771172.476312860497274, 6168459.495451161637902 ], [ 771172.49665369768627, 6168458.495712131261826 ], [ 771172.516994522418827, 6168457.495973100885749 ], [ 771172.537335333181545, 6168456.496234067715704 ], [ 771172.557676131022163, 6168455.496495035476983 ], [ 771172.578016915125772, 6168454.496756002306938 ], [ 771172.598357685375959, 6168453.497016968205571 ], [ 771172.618698441656306, 6168452.497277932241559 ], [ 771172.639039185130969, 6168451.497538894414902 ], [ 771172.659379914868623, 6168450.497799859382212 ], [ 771172.679720630636439, 6168449.498060820624232 ], [ 771172.700061333714984, 6168448.49832178093493 ], [ 771172.720402022823691, 6168447.498582741245627 ], [ 771172.740742698078975, 6168446.49884369969368 ], [ 771172.761083360528573, 6168445.499104658141732 ], [ 771172.781424009008333, 6168444.499365612864494 ], [ 771172.801764643751085, 6168443.499626571312547 ], [ 771172.807094434276223, 6168443.237668115645647 ], [ 771173.323602486168966, 6168442.381448904983699 ], [ 771173.840110533172265, 6168441.525229681283236 ], [ 771174.35661857330706, 6168440.669010445475578 ], [ 771174.873126607621089, 6168439.81279119849205 ], [ 771175.389634635997936, 6168438.956571936607361 ], [ 771175.906142658786848, 6168438.100352667272091 ], [ 771176.422650675522164, 6168437.244133381173015 ], [ 771176.93915868550539, 6168436.387914082035422 ], [ 771177.455666690599173, 6168435.531694775447249 ], [ 771177.972174688940868, 6168434.675475453957915 ], [ 771178.488682681345381, 6168433.819256119430065 ], [ 771179.005190668045543, 6168432.963036774657667 ], [ 771179.521698648808524, 6168432.106817417778075 ], [ 771180.038206623867154, 6168431.250598048791289 ], [ 771180.554714593105018, 6168430.394378665834665 ], [ 771181.071222556405701, 6168429.53815927170217 ], [ 771181.587730512721464, 6168428.681939865462482 ], [ 771182.104238463332877, 6168427.8257204471156 ], [ 771182.620746409287676, 6168426.969501016661525 ], [ 771183.137254348257557, 6168426.113281574100256 ], [ 771183.653762281406671, 6168425.257062118500471 ], [ 771184.170270208735019, 6168424.400842652656138 ], [ 771184.686778130242601, 6168423.544623172841966 ], [ 771185.203286044765264, 6168422.688403679057956 ], [ 771185.719793954631314, 6168421.832184176892042 ], [ 771186.23630185762886, 6168420.975964661687613 ], [ 771186.752809754805639, 6168420.119745133444667 ], [ 771187.269317647092976, 6168419.263525592163205 ], [ 771187.785825532628223, 6168418.407306040637195 ], [ 771188.30233341222629, 6168417.551086476072669 ], [ 771188.818841284955852, 6168416.694866899400949 ], [ 771189.335349153028801, 6168415.838647309690714 ], [ 771189.851857015164569, 6168414.982427710667253 ], [ 771190.368364870431833, 6168414.126208095811307 ], [ 771190.884872719878331, 6168413.269988471642137 ], [ 771191.401380563504063, 6168412.413768833503127 ], [ 771191.917888401309028, 6168411.557549184188247 ], [ 771192.434396233293228, 6168410.70132952183485 ], [ 771192.950904059340246, 6168409.845109846442938 ], [ 771193.467411879799329, 6168408.9888901617378 ], [ 771193.983919693157077, 6168408.132670463062823 ], [ 771194.500427501974627, 6168407.276450753211975 ], [ 771195.016935303574428, 6168406.420231027528644 ], [ 771195.533443099586293, 6168405.564011291600764 ], [ 771196.049950889660977, 6168404.707791545428336 ], [ 771196.56645867403131, 6168403.851571787148714 ], [ 771197.082966452464461, 6168402.995352015830576 ], [ 771197.599474225076847, 6168402.139132232405245 ], [ 771198.115981990820728, 6168401.282912435941398 ], [ 771198.632489751907997, 6168400.426692627370358 ], [ 771199.148997506010346, 6168399.570472806692123 ], [ 771199.665505254175514, 6168398.714252974838018 ], [ 771200.182012996636331, 6168397.858033129945397 ], [ 771200.698520733159967, 6168397.001813273876905 ], [ 771201.215028464095667, 6168396.145593404769897 ], [ 771201.731536188977771, 6168395.289373523555696 ], [ 771202.248043908271939, 6168394.433153631165624 ], [ 771202.764551620464772, 6168393.576933724805713 ], [ 771203.281059326836839, 6168392.720713807269931 ], [ 771203.797567028552294, 6168391.864493876695633 ], [ 771204.314074723282829, 6168391.008273934945464 ], [ 771204.830582412192598, 6168390.152053980156779 ], [ 771205.347090095281601, 6168389.295834014192224 ], [ 771205.863597771385685, 6168388.439614037051797 ], [ 771206.380105442949571, 6168387.583394045010209 ], [ 771206.896613107412122, 6168386.72717404179275 ], [ 771207.413120767218061, 6168385.870954027399421 ], [ 771207.929628420155495, 6168385.014734000898898 ], [ 771208.446136067272164, 6168384.158513961359859 ], [ 771208.962643708451651, 6168383.302293908782303 ], [ 771209.479151343810372, 6168382.446073845028877 ], [ 771209.995658973697573, 6168381.589853769168258 ], [ 771210.512166596250609, 6168380.733633682131767 ], [ 771211.028674214147031, 6168379.877413580194116 ], [ 771211.54518182517495, 6168379.021193467080593 ], [ 771212.061689431546256, 6168378.164973344653845 ], [ 771212.578197030816227, 6168377.308753207325935 ], [ 771213.094704624265432, 6168376.45253305695951 ], [ 771213.611212212126702, 6168375.596312897279859 ], [ 771214.127719793934375, 6168374.740092721767724 ], [ 771214.644227368989959, 6168373.883872536942363 ], [ 771215.160734939272515, 6168373.027652339078486 ], [ 771215.677242502570152, 6168372.171432130038738 ], [ 771216.193750061327592, 6168371.315211908891797 ], [ 771216.710257612867281, 6168370.45899167470634 ], [ 771217.226765158819035, 6168369.602771427482367 ], [ 771217.743272698717192, 6168368.746551167219877 ], [ 771218.259780233027413, 6168367.890330898575485 ], [ 771218.776287760352716, 6168367.034110615029931 ], [ 771219.29279528290499, 6168366.177890320308506 ], [ 771219.809302798472345, 6168365.321670012548566 ], [ 771220.325810309383087, 6168364.465449692681432 ], [ 771220.842317813425325, 6168363.609229361638427 ], [ 771221.358825311646797, 6168362.753009017556906 ], [ 771221.875332803931087, 6168361.896788662299514 ], [ 771222.391840290511027, 6168361.040568294003606 ], [ 771222.908347771153785, 6168360.184347912669182 ], [ 771223.42485524492804, 6168359.328127520158887 ], [ 771223.941362713929266, 6168358.471907116472721 ], [ 771224.457870176061988, 6168357.615686698816717 ], [ 771224.974377632373944, 6168356.759466269984841 ], [ 771225.490885084029287, 6168355.903245829045773 ], [ 771226.007392528699711, 6168355.047025375068188 ], [ 771226.494867503643036, 6168354.238932365551591 ], [ 771226.679286430124193, 6168353.256138852797449 ], [ 771226.86370534368325, 6168352.273345336318016 ], [ 771227.048124244436622, 6168351.29055181145668 ], [ 771227.232543133664876, 6168350.307758282870054 ], [ 771227.416962010203861, 6168349.324964750558138 ], [ 771227.60138087393716, 6168348.342171208932996 ], [ 771227.785799724981189, 6168347.359377665445209 ], [ 771227.970218564383686, 6168346.376584114506841 ], [ 771228.154637389932759, 6168345.393790559843183 ], [ 771228.3390562038403, 6168344.410996999591589 ], [ 771228.523475006222725, 6168343.42820343375206 ], [ 771228.707893794635311, 6168342.445409861393273 ], [ 771228.892312571639195, 6168341.462616286240518 ], [ 771229.076731334673241, 6168340.479822704568505 ], [ 771229.261150086065754, 6168339.497029116377234 ], [ 771229.445568826049566, 6168338.514235525391996 ], [ 771229.629987551830709, 6168337.531441926956177 ], [ 771229.81440626620315, 6168336.548648323863745 ], [ 771229.998824967886321, 6168335.5658547161147 ], [ 771230.183243656763807, 6168334.583061101846397 ], [ 771230.36766233399976, 6168333.600267482921481 ], [ 771230.552080997382291, 6168332.617473859339952 ], [ 771230.736499649356119, 6168331.634680229239166 ], [ 771230.920918288291432, 6168330.651886595413089 ], [ 771231.105336915818043, 6168329.669092955067754 ], [ 771231.289755529374816, 6168328.686299310997128 ], [ 771231.474174131522886, 6168327.703505660407245 ], [ 771231.658592720748857, 6168326.720712004229426 ], [ 771231.843011297285557, 6168325.73791834153235 ], [ 771232.027429861249402, 6168324.755124676972628 ], [ 771232.211848413338885, 6168323.772331004962325 ], [ 771232.396266952855512, 6168322.789537326432765 ], [ 771232.580685479566455, 6168321.806743646040559 ], [ 771232.76510399475228, 6168320.82394995726645 ], [ 771232.949522495968267, 6168319.841156263835728 ], [ 771233.133940985659137, 6168318.858362566679716 ], [ 771233.318359462544322, 6168317.875568862073123 ], [ 771233.502777926740237, 6168316.892775153741241 ], [ 771233.68719637952745, 6168315.909981440752745 ], [ 771233.871614818111993, 6168314.927187721244991 ], [ 771234.056033245287836, 6168313.944393997080624 ], [ 771234.240451659774408, 6168312.961600267328322 ], [ 771234.424870062619448, 6168311.978806531056762 ], [ 771234.609288451494649, 6168310.996012791991234 ], [ 771234.793706828728318, 6168310.013219045475125 ], [ 771234.978125193389133, 6168309.030425293371081 ], [ 771235.162543545244262, 6168308.047631537541747 ], [ 771235.346961885690689, 6168307.064837776124477 ], [ 771235.531380212982185, 6168306.082044007256627 ], [ 771235.715798527933657, 6168305.099250236526132 ], [ 771235.900216829963028, 6168304.116456458345056 ], [ 771236.084635119186714, 6168303.133662674576044 ], [ 771236.269053397001699, 6168302.150868888013065 ], [ 771236.453471662010998, 6168301.168075093999505 ], [ 771236.637889914214611, 6168300.18528129439801 ], [ 771236.82230815384537, 6168299.202487491071224 ], [ 771237.006726381601766, 6168298.219693683087826 ], [ 771237.191144595737569, 6168297.236899867653847 ], [ 771237.37556279823184, 6168296.254106046631932 ], [ 771237.559980989200994, 6168295.271312221884727 ], [ 771237.74439916620031, 6168294.288518391549587 ], [ 771237.928817331558093, 6168293.305724555626512 ], [ 771238.113235484110191, 6168292.322930715046823 ], [ 771238.297653623973019, 6168291.340136869810522 ], [ 771238.482071751262993, 6168290.357343018054962 ], [ 771238.666489865630865, 6168289.374549158848822 ], [ 771238.706623623031192, 6168289.160669893026352 ], [ 771239.022139069274999, 6168288.211805401369929 ], [ 771239.337654504692182, 6168287.262940904125571 ], [ 771239.653169929049909, 6168286.314076399430633 ], [ 771239.968685342813842, 6168285.365211885422468 ], [ 771240.284200746798888, 6168284.416347362101078 ], [ 771240.599716139840893, 6168283.467482829466462 ], [ 771240.915231522172689, 6168282.518618290312588 ], [ 771241.23074689344503, 6168281.569753741845489 ], [ 771241.546262254007161, 6168280.620889184996486 ], [ 771241.861777605023235, 6168279.672024620696902 ], [ 771242.177292944979854, 6168278.723160047084093 ], [ 771242.492808274109848, 6168277.774295466020703 ], [ 771242.808323592413217, 6168276.825430875644088 ], [ 771243.123838900821283, 6168275.876566275022924 ], [ 771243.439354197587818, 6168274.927701668813825 ], [ 771243.754869484342635, 6168273.978837052360177 ], [ 771244.070384760387242, 6168273.029972428455949 ], [ 771244.385900026885793, 6168272.081107796169817 ], [ 771244.701415281044319, 6168271.13224315457046 ], [ 771245.01693052565679, 6168270.183378505520523 ], [ 771245.332445759442635, 6168269.234513849020004 ], [ 771245.647960982401855, 6168268.285649180412292 ], [ 771245.963476195582189, 6168267.336784506216645 ], [ 771246.278991396771744, 6168266.387919822707772 ], [ 771246.594506588298827, 6168265.439055132679641 ], [ 771246.910021768999286, 6168264.490190430544317 ], [ 771247.225536939920858, 6168263.541325721889734 ], [ 771247.541052098851651, 6168262.592461006715894 ], [ 771247.856567248003557, 6168261.643596281297505 ], [ 771248.172082386445254, 6168260.694731545634568 ], [ 771248.487597513943911, 6168259.745866803452373 ], [ 771248.803112630732358, 6168258.797002052888274 ], [ 771249.118627737741917, 6168257.848137294873595 ], [ 771249.434142833808437, 6168256.899272527545691 ], [ 771249.749657919164747, 6168255.95040775090456 ], [ 771250.065172993578017, 6168255.001542964950204 ], [ 771250.380688057164662, 6168254.052678173407912 ], [ 771250.696203111088835, 6168253.10381337068975 ], [ 771251.011718153953552, 6168252.154948560521007 ], [ 771251.327233186224476, 6168251.206083742901683 ], [ 771251.642748207552359, 6168250.257218916900456 ], [ 771251.958263219101354, 6168249.308354079723358 ], [ 771252.273778218775988, 6168248.359489239752293 ], [ 771252.589293208671734, 6168247.410624384880066 ], [ 771252.90480818762444, 6168246.461759524419904 ], [ 771253.220323156914674, 6168245.512894656509161 ], [ 771253.53583811444696, 6168244.56402977835387 ], [ 771253.851353061967529, 6168243.615164892747998 ], [ 771254.166867998661473, 6168242.666299997828901 ], [ 771254.482382924761623, 6168241.717435095459223 ], [ 771254.797897840850055, 6168240.768570184707642 ], [ 771255.113412746228278, 6168239.819705264642835 ], [ 771255.428927639732137, 6168238.870840337127447 ], [ 771255.744442524388433, 6168237.921975400298834 ], [ 771256.05995739728678, 6168236.97311045601964 ], [ 771256.375472259242088, 6168236.02424550242722 ], [ 771256.690987111418508, 6168235.075380540452898 ], [ 771257.006501952884719, 6168234.126515571027994 ], [ 771257.322016783407889, 6168233.177650591358542 ], [ 771257.637531604152173, 6168232.22878560423851 ], [ 771257.953046413022093, 6168231.279920609667897 ], [ 771258.268561212113127, 6168230.331055604852736 ], [ 771258.584076000377536, 6168229.382190590724349 ], [ 771258.899590777931735, 6168228.433325571008027 ], [ 771259.215105545474216, 6168227.484460541978478 ], [ 771259.53062030125875, 6168226.535595504567027 ], [ 771259.846135047264397, 6168225.58673045784235 ], [ 771260.161649782443419, 6168224.637865403667092 ], [ 771260.477164507843554, 6168223.689000340178609 ], [ 771260.792679221369326, 6168222.740135269239545 ], [ 771261.108193925116211, 6168221.791270188055933 ], [ 771261.423708617920056, 6168220.84240509942174 ], [ 771261.739223300013691, 6168219.893540003336966 ], [ 771262.054737972444855, 6168218.944674898870289 ], [ 771262.370252632768825, 6168217.995809784159064 ], [ 771262.685767283197492, 6168217.046944661997259 ], [ 771263.001281923032366, 6168216.09807953145355 ], [ 771263.316796551924199, 6168215.149214392527938 ], [ 771263.63231117115356, 6168214.200349245220423 ], [ 771263.947825779439881, 6168213.251484089531004 ], [ 771264.263340377015993, 6168212.302618923597038 ], [ 771264.578854963649064, 6168211.353753752075136 ], [ 771264.894369539339095, 6168210.404888571240008 ], [ 771265.20988410548307, 6168209.456023381091654 ], [ 771265.525398659519851, 6168208.507158182561398 ], [ 771265.840913203894161, 6168207.55829297658056 ], [ 771265.99439895467367, 6168207.096706353127956 ], [ 771266.018046709010378, 6168206.097038706764579 ], [ 771266.041694449610077, 6168205.097371060401201 ], [ 771266.065342176938429, 6168204.097703412175179 ], [ 771266.088989889831282, 6168203.098035763017833 ], [ 771266.11263759015128, 6168202.098368113860488 ], [ 771266.136285275919363, 6168201.098700461909175 ], [ 771266.159932949580252, 6168200.099032811820507 ], [ 771266.183580608572811, 6168199.099365159869194 ], [ 771266.207228255225345, 6168198.099697504192591 ], [ 771266.23087588720955, 6168197.100029848515987 ], [ 771266.254523505922407, 6168196.100362193770707 ], [ 771266.278171111014672, 6168195.100694535300136 ], [ 771266.301818703883328, 6168194.101026877760887 ], [ 771266.325466282083653, 6168193.101359218358994 ], [ 771266.349113846896216, 6168192.1016915589571 ], [ 771266.372761398321018, 6168191.102023897692561 ], [ 771266.396408934961073, 6168190.102356234565377 ], [ 771266.42005645961035, 6168189.102688573300838 ], [ 771266.443703970639035, 6168188.103020906448364 ], [ 771266.467351468047127, 6168187.103353241458535 ], [ 771266.490998952416703, 6168186.103685574606061 ], [ 771266.514646421885118, 6168185.104017907753587 ], [ 771266.538293879013509, 6168184.104350239038467 ], [ 771266.561941321706399, 6168183.104682569392025 ], [ 771266.585588752059266, 6168182.105014897882938 ], [ 771266.609236167743802, 6168181.105347227305174 ], [ 771266.632883570156991, 6168180.105679554864764 ], [ 771266.656530960113741, 6168179.106011879630387 ], [ 771266.680178335402161, 6168178.106344205327332 ], [ 771266.703825697419234, 6168177.106676529161632 ], [ 771266.727473045932129, 6168176.107008851133287 ], [ 771266.751120381057262, 6168175.107341174036264 ], [ 771266.774767702678218, 6168174.107673496007919 ], [ 771266.798415010794997, 6168173.108005814254284 ], [ 771266.822062305407599, 6168172.108338132500648 ], [ 771266.845709586748853, 6168171.108670450747013 ], [ 771266.869356853421777, 6168170.109002767130733 ], [ 771266.893004107754678, 6168169.109335083514452 ], [ 771266.9166513485834, 6168168.109667398035526 ], [ 771266.940298574976623, 6168167.109999711625278 ], [ 771266.963945789029822, 6168166.110332023352385 ], [ 771266.98759298841469, 6168165.110664334148169 ], [ 771267.011240174295381, 6168164.110996644943953 ], [ 771267.034887348068878, 6168163.111328954808414 ], [ 771267.058534507174045, 6168162.111661261878908 ], [ 771267.082181652775034, 6168161.111993569880724 ], [ 771267.10582878626883, 6168160.112325876019895 ], [ 771267.129475904861465, 6168159.112658180296421 ], [ 771267.153123010182753, 6168158.11299048550427 ], [ 771267.176770102116279, 6168157.113322788849473 ], [ 771267.200417180429213, 6168156.113655090332031 ], [ 771267.224064244190231, 6168155.113987390883267 ], [ 771267.247711295844056, 6168154.114319691434503 ], [ 771267.271358333760872, 6168153.114651990123093 ], [ 771267.295005358406343, 6168152.114984288811684 ], [ 771267.318652368383482, 6168151.115316584706306 ], [ 771267.342299366137013, 6168150.115648880600929 ], [ 771267.365946350386366, 6168149.115981174632907 ], [ 771267.389593319967389, 6168148.116313467733562 ], [ 771267.413240276277065, 6168147.116645760834217 ], [ 771267.436887220246717, 6168146.116978051140904 ], [ 771267.460534149548039, 6168145.117310343310237 ], [ 771267.484181065345183, 6168144.117642631754279 ], [ 771267.50782796763815, 6168143.117974918335676 ], [ 771267.531474858056754, 6168142.118307207711041 ], [ 771267.555121733574197, 6168141.118639495223761 ], [ 771267.578768595587462, 6168140.118971778079867 ], [ 771267.602415444212966, 6168139.119304062798619 ], [ 771267.626062278170139, 6168138.119636346586049 ], [ 771267.649709099903703, 6168137.11996862757951 ], [ 771267.67335590836592, 6168136.120300909504294 ], [ 771267.69700270309113, 6168135.120633190497756 ], [ 771267.720649483380839, 6168134.12096546869725 ], [ 771267.744296251330525, 6168133.121297745034099 ], [ 771267.767943005776033, 6168132.12163002230227 ], [ 771267.791589745786041, 6168131.121962299570441 ], [ 771267.815236473223194, 6168130.122294573113322 ], [ 771267.838883186341263, 6168129.122626846656203 ], [ 771267.862529885955155, 6168128.122959120199084 ], [ 771267.886176571948454, 6168127.123291390016675 ], [ 771267.909823245834559, 6168126.123623661696911 ], [ 771267.933469905052334, 6168125.123955931514502 ], [ 771267.957116550765932, 6168124.124288198538125 ], [ 771267.980763183091767, 6168123.124620465561748 ], [ 771268.004409801913425, 6168122.124952732585371 ], [ 771268.028056407347322, 6168121.125284997746348 ], [ 771268.051702999393456, 6168120.125617261976004 ], [ 771268.075349576771259, 6168119.125949526205659 ], [ 771268.098996141809039, 6168118.126281786710024 ], [ 771268.122642693575472, 6168117.126614047214389 ], [ 771268.146289230440743, 6168116.126946307718754 ], [ 771268.169935755198821, 6168115.127278570085764 ], [ 771268.193582265288569, 6168114.127610825002193 ], [ 771268.217228763154708, 6168113.127943080849946 ], [ 771268.240875246468931, 6168112.128275338560343 ], [ 771268.264521717326716, 6168111.128607591614127 ], [ 771268.288168173749, 6168110.128939844667912 ], [ 771268.311814616667107, 6168109.129272099584341 ], [ 771268.335461046081036, 6168108.12960435077548 ], [ 771268.359107461990789, 6168107.129936600103974 ], [ 771268.382753864629194, 6168106.130268851295114 ], [ 771268.406400253763422, 6168105.130601098760962 ], [ 771268.430046629393473, 6168104.130933347158134 ], [ 771268.453692991519347, 6168103.13126559369266 ], [ 771268.477339340373874, 6168102.131597837433219 ], [ 771268.500985675724223, 6168101.1319300821051 ], [ 771268.524631997570395, 6168100.132262324914336 ], [ 771268.548278304748237, 6168099.132594567723572 ], [ 771268.571924599818885, 6168098.132926808670163 ], [ 771268.595570880104788, 6168097.133259049616754 ], [ 771268.619217148283496, 6168096.1335912887007 ], [ 771268.642863401677459, 6168095.133923524990678 ], [ 771268.66650964168366, 6168094.134255761280656 ], [ 771268.690155869349837, 6168093.134587999433279 ], [ 771268.713802082580514, 6168092.134920233860612 ], [ 771268.737448282307014, 6168091.135252467356622 ], [ 771268.761094468412921, 6168090.13558469992131 ], [ 771268.784740641247481, 6168089.135916931554675 ], [ 771268.808386800461449, 6168088.136249160394073 ], [ 771268.83203294640407, 6168087.136581391096115 ], [ 771268.855679078958929, 6168086.136913621798158 ], [ 771268.87932519800961, 6168085.137245847843587 ], [ 771268.902971303439699, 6168084.137578073889017 ], [ 771268.926617395598441, 6168083.137910299003124 ], [ 771268.950263473088853, 6168082.138242522254586 ], [ 771268.973909538355656, 6168081.138574747368693 ], [ 771268.997555588837713, 6168080.138906969688833 ], [ 771269.021201627096161, 6168079.139239190146327 ], [ 771269.043107424164191, 6168078.213141905143857 ], [ 771269.163172434316948, 6168077.220428854227066 ], [ 771269.28323743166402, 6168076.227715798653662 ], [ 771269.403302416205406, 6168075.235002742148936 ], [ 771269.523367388173938, 6168074.242289680987597 ], [ 771269.643432346405461, 6168073.249576615169644 ], [ 771269.7634972918313, 6168072.256863547489047 ], [ 771269.883562223287299, 6168071.264150474220514 ], [ 771270.003627143101767, 6168070.271437400951982 ], [ 771270.123692049179226, 6168069.278724320232868 ], [ 771270.243756941519678, 6168068.28601123765111 ], [ 771270.363821822218597, 6168067.293298151344061 ], [ 771270.483886689064093, 6168066.300585061311722 ], [ 771270.603951543336734, 6168065.30787196662277 ], [ 771270.724016383290291, 6168064.315158868208528 ], [ 771270.844081210903823, 6168063.322445767000318 ], [ 771270.964146025711671, 6168062.32973266299814 ], [ 771271.08421082678251, 6168061.337019555270672 ], [ 771271.204275616211817, 6168060.344306442886591 ], [ 771271.3243403917877, 6168059.35159332677722 ], [ 771271.444405153393745, 6168058.358880206011236 ], [ 771271.564469902543351, 6168057.366167084313929 ], [ 771271.684534638887271, 6168056.37345395796001 ], [ 771271.804599362425506, 6168055.3807408278808 ], [ 771271.924664073274471, 6168054.3880276940763 ], [ 771272.044728770270012, 6168053.395314556546509 ], [ 771272.16479345341213, 6168052.402601415291429 ], [ 771272.284858125029132, 6168051.40988827124238 ], [ 771272.40492278279271, 6168050.417175121605396 ], [ 771272.524987427750602, 6168049.424461968243122 ], [ 771272.645052059087902, 6168048.431748814880848 ], [ 771272.765116678550839, 6168047.439035655930638 ], [ 771272.885181284393184, 6168046.446322493255138 ], [ 771273.00524587626569, 6168045.453609324991703 ], [ 771273.125310456613079, 6168044.460896156728268 ], [ 771273.24537502322346, 6168043.468182981014252 ], [ 771273.365439575864002, 6168042.475469805300236 ], [ 771273.485504116863012, 6168041.482756622135639 ], [ 771273.605568644008599, 6168040.490043438971043 ], [ 771273.725633158581331, 6168039.497330250218511 ], [ 771273.84569765906781, 6168038.504617056809366 ], [ 771273.965762146981433, 6168037.511903863400221 ], [ 771274.085826622322202, 6168036.519190664403141 ], [ 771274.20589108474087, 6168035.526477459818125 ], [ 771274.32595553342253, 6168034.533764255233109 ], [ 771274.44601996941492, 6168033.541051045060158 ], [ 771274.566084392601624, 6168032.548337832093239 ], [ 771274.686148802051321, 6168031.555624613538384 ], [ 771274.806213198695332, 6168030.562911393120885 ], [ 771274.926277582650073, 6168029.570198168978095 ], [ 771275.046341952751391, 6168028.57748493924737 ], [ 771275.166406310163438, 6168027.584771708585322 ], [ 771275.286470654886216, 6168026.592058474197984 ], [ 771275.406534986803308, 6168025.599345233291388 ], [ 771275.526599304866977, 6168024.606631990522146 ], [ 771275.646663610357791, 6168023.613918744958937 ], [ 771275.766727901995182, 6168022.621205493807793 ], [ 771275.886792181991041, 6168021.628492241725326 ], [ 771276.006856448017061, 6168020.635778985917568 ], [ 771276.126920700306073, 6168019.64306572265923 ] ] } }
]
}
