{"type": "FeatureCollection", "crs": {"type": "name", "properties": {"name": "EPSG:4326"}}, "features": [{"type": "Feature", "id": 0, "properties": {"Tier1Images": 772, "Tier2Images": 60, "S2Images": 500, "TideRange": "1.65", "WaveHeight": "1.22", "RelativeTideRange": "1.35", "pk": "0"}, "geometry": {"type": "Point", "coordinates": [180.0, -16.15293]}}, {"type": "Feature", "id": 1, "properties": {"Tier1Images": 421, "Tier2Images": 27, "S2Images": 514, "TideRange": "1.79", "WaveHeight": "0.60", "RelativeTideRange": "2.97", "pk": "1"}, "geometry": {"type": "Point", "coordinates": [179.169921, -16.418448]}}, {"type": "Feature", "id": 2, "properties": {"Tier1Images": 311, "Tier2Images": 148, "S2Images": 1002, "TideRange": "1.86", "WaveHeight": "0.81", "RelativeTideRange": "2.29", "pk": "2"}, "geometry": {"type": "Point", "coordinates": [178.514016, -16.789869]}}, {"type": "Feature", "id": 3, "properties": {"Tier1Images": 729, "Tier2Images": 175, "S2Images": 512, "TideRange": "1.47", "WaveHeight": "0.60", "RelativeTideRange": "2.43", "pk": "3"}, "geometry": {"type": "Point", "coordinates": [179.188603, -16.722136]}}, {"type": "Feature", "id": 4, "properties": {"Tier1Images": 1103, "Tier2Images": 213, "S2Images": 512, "TideRange": "1.51", "WaveHeight": "1.01", "RelativeTideRange": "1.49", "pk": "4"}, "geometry": {"type": "Point", "coordinates": [179.891769, -16.657932]}}, {"type": "Feature", "id": 5, "properties": {"Tier1Images": 757, "Tier2Images": 71, "S2Images": 514, "TideRange": "1.60", "WaveHeight": "0.65", "RelativeTideRange": "2.46", "pk": "5"}, "geometry": {"type": "Point", "coordinates": [179.671809, -16.494487]}}, {"type": "Feature", "id": 6, "properties": {"Tier1Images": 445, "Tier2Images": 15, "S2Images": 494, "TideRange": "1.82", "WaveHeight": "1.14", "RelativeTideRange": "1.60", "pk": "6"}, "geometry": {"type": "Point", "coordinates": [177.25752, -17.054199]}}, {"type": "Feature", "id": 7, "properties": {"Tier1Images": 1095, "Tier2Images": 88, "S2Images": 921, "TideRange": "3.28", "WaveHeight": "0.46", "RelativeTideRange": "7.19", "pk": "7"}, "geometry": {"type": "Point", "coordinates": [142.036664, -11.643227]}}, {"type": "Feature", "id": 8, "properties": {"Tier1Images": 2975, "Tier2Images": 253, "S2Images": 958, "TideRange": "3.23", "WaveHeight": "0.54", "RelativeTideRange": "6.00", "pk": "8"}, "geometry": {"type": "Point", "coordinates": [142.331485, -10.879063]}}, {"type": "Feature", "id": 9, "properties": {"Tier1Images": 1074, "Tier2Images": 75, "S2Images": 493, "TideRange": "4.22", "WaveHeight": "0.68", "RelativeTideRange": "6.18", "pk": "9"}, "geometry": {"type": "Point", "coordinates": [142.78935, -11.155663]}}, {"type": "Feature", "id": 10, "properties": {"Tier1Images": 1081, "Tier2Images": 82, "S2Images": 506, "TideRange": "3.61", "WaveHeight": "0.66", "RelativeTideRange": "5.46", "pk": "10"}, "geometry": {"type": "Point", "coordinates": [143.048996, -11.922987]}}, {"type": "Feature", "id": 11, "properties": {"Tier1Images": 1181, "Tier2Images": 41, "S2Images": 507, "TideRange": "2.69", "WaveHeight": "0.86", "RelativeTideRange": "3.11", "pk": "11"}, "geometry": {"type": "Point", "coordinates": [143.358647, -12.585838]}}, {"type": "Feature", "id": 12, "properties": {"Tier1Images": 1532, "Tier2Images": 264, "S2Images": 520, "TideRange": "2.58", "WaveHeight": "1.16", "RelativeTideRange": "2.22", "pk": "12"}, "geometry": {"type": "Point", "coordinates": [143.578048, -13.422671]}}, {"type": "Feature", "id": 13, "properties": {"Tier1Images": 1170, "Tier2Images": 61, "S2Images": 1067, "TideRange": "3.09", "WaveHeight": "0.42", "RelativeTideRange": "7.29", "pk": "13"}, "geometry": {"type": "Point", "coordinates": [143.733816, -14.26432]}}, {"type": "Feature", "id": 14, "properties": {"Tier1Images": 1165, "Tier2Images": 62, "S2Images": 548, "TideRange": "2.64", "WaveHeight": "1.02", "RelativeTideRange": "2.59", "pk": "14"}, "geometry": {"type": "Point", "coordinates": [144.469505, -14.232949]}}, {"type": "Feature", "id": 15, "properties": {"Tier1Images": 1116, "Tier2Images": 79, "S2Images": 562, "TideRange": "2.57", "WaveHeight": "0.85", "RelativeTideRange": "3.04", "pk": "15"}, "geometry": {"type": "Point", "coordinates": [145.110576, -14.817335]}}, {"type": "Feature", "id": 16, "properties": {"Tier1Images": 1157, "Tier2Images": 57, "S2Images": 555, "TideRange": "2.56", "WaveHeight": "0.96", "RelativeTideRange": "2.66", "pk": "16"}, "geometry": {"type": "Point", "coordinates": [145.309317, -15.585594]}}, {"type": "Feature", "id": 17, "properties": {"Tier1Images": 1153, "Tier2Images": 60, "S2Images": 573, "TideRange": "2.64", "WaveHeight": "0.76", "RelativeTideRange": "3.46", "pk": "17"}, "geometry": {"type": "Point", "coordinates": [145.435534, -16.424676]}}, {"type": "Feature", "id": 18, "properties": {"Tier1Images": 1340, "Tier2Images": 206, "S2Images": 571, "TideRange": "2.64", "WaveHeight": "0.93", "RelativeTideRange": "2.82", "pk": "18"}, "geometry": {"type": "Point", "coordinates": [145.902019, -17.069197]}}, {"type": "Feature", "id": 19, "properties": {"Tier1Images": 1284, "Tier2Images": 208, "S2Images": 1112, "TideRange": "2.87", "WaveHeight": "0.87", "RelativeTideRange": "3.29", "pk": "19"}, "geometry": {"type": "Point", "coordinates": [146.087657, -17.887465]}}, {"type": "Feature", "id": 20, "properties": {"Tier1Images": 1112, "Tier2Images": 81, "S2Images": 572, "TideRange": "3.12", "WaveHeight": "0.78", "RelativeTideRange": "4.02", "pk": "20"}, "geometry": {"type": "Point", "coordinates": [146.323348, -18.605548]}}, {"type": "Feature", "id": 21, "properties": {"Tier1Images": 2396, "Tier2Images": 196, "S2Images": 562, "TideRange": "3.16", "WaveHeight": "0.82", "RelativeTideRange": "3.87", "pk": "21"}, "geometry": {"type": "Point", "coordinates": [146.783356, -19.219639]}}, {"type": "Feature", "id": 22, "properties": {"Tier1Images": 2206, "Tier2Images": 171, "S2Images": 1126, "TideRange": "2.97", "WaveHeight": "0.80", "RelativeTideRange": "3.72", "pk": "22"}, "geometry": {"type": "Point", "coordinates": [147.531865, -19.517202]}}, {"type": "Feature", "id": 23, "properties": {"Tier1Images": 2240, "Tier2Images": 132, "S2Images": 560, "TideRange": "3.08", "WaveHeight": "0.75", "RelativeTideRange": "4.09", "pk": "23"}, "geometry": {"type": "Point", "coordinates": [148.226359, -19.983133]}}, {"type": "Feature", "id": 24, "properties": {"Tier1Images": 1135, "Tier2Images": 80, "S2Images": 559, "TideRange": "4.74", "WaveHeight": "0.68", "RelativeTideRange": "7.01", "pk": "24"}, "geometry": {"type": "Point", "coordinates": [148.869763, -20.4829]}}, {"type": "Feature", "id": 25, "properties": {"Tier1Images": 2279, "Tier2Images": 151, "S2Images": 577, "TideRange": "5.35", "WaveHeight": "0.63", "RelativeTideRange": "8.43", "pk": "25"}, "geometry": {"type": "Point", "coordinates": [149.103484, -21.009928]}}, {"type": "Feature", "id": 26, "properties": {"Tier1Images": 1698, "Tier2Images": 117, "S2Images": 2266, "TideRange": "7.94", "WaveHeight": "0.43", "RelativeTideRange": "18.29", "pk": "26"}, "geometry": {"type": "Point", "coordinates": [149.459302, -21.741743]}}, {"type": "Feature", "id": 27, "properties": {"Tier1Images": 2293, "Tier2Images": 136, "S2Images": 572, "TideRange": "13.61", "WaveHeight": "0.54", "RelativeTideRange": "25.26", "pk": "27"}, "geometry": {"type": "Point", "coordinates": [149.798151, -22.407249]}}, {"type": "Feature", "id": 28, "properties": {"Tier1Images": 1157, "Tier2Images": 72, "S2Images": 581, "TideRange": "6.49", "WaveHeight": "0.54", "RelativeTideRange": "12.05", "pk": "28"}, "geometry": {"type": "Point", "coordinates": [150.13765, -22.257392]}}, {"type": "Feature", "id": 29, "properties": {"Tier1Images": 3376, "Tier2Images": 212, "S2Images": 582, "TideRange": "4.88", "WaveHeight": "0.66", "RelativeTideRange": "7.35", "pk": "29"}, "geometry": {"type": "Point", "coordinates": [150.681112, -22.433126]}}, {"type": "Feature", "id": 30, "properties": {"Tier1Images": 1174, "Tier2Images": 84, "S2Images": 579, "TideRange": "4.94", "WaveHeight": "0.89", "RelativeTideRange": "5.58", "pk": "30"}, "geometry": {"type": "Point", "coordinates": [150.797548, -23.244644]}}, {"type": "Feature", "id": 31, "properties": {"Tier1Images": 2275, "Tier2Images": 143, "S2Images": 585, "TideRange": "3.54", "WaveHeight": "0.84", "RelativeTideRange": "4.22", "pk": "31"}, "geometry": {"type": "Point", "coordinates": [151.312553, -23.879044]}}, {"type": "Feature", "id": 32, "properties": {"Tier1Images": 1388, "Tier2Images": 95, "S2Images": 568, "TideRange": "2.87", "WaveHeight": "1.15", "RelativeTideRange": "2.49", "pk": "32"}, "geometry": {"type": "Point", "coordinates": [151.983555, -24.356446]}}, {"type": "Feature", "id": 33, "properties": {"Tier1Images": 1130, "Tier2Images": 80, "S2Images": 573, "TideRange": "3.16", "WaveHeight": "1.12", "RelativeTideRange": "2.81", "pk": "33"}, "geometry": {"type": "Point", "coordinates": [152.509261, -24.976699]}}, {"type": "Feature", "id": 34, "properties": {"Tier1Images": 2224, "Tier2Images": 163, "S2Images": 578, "TideRange": "2.07", "WaveHeight": "1.54", "RelativeTideRange": "1.35", "pk": "34"}, "geometry": {"type": "Point", "coordinates": [152.91947, -25.650751]}}, {"type": "Feature", "id": 35, "properties": {"Tier1Images": 1212, "Tier2Images": 115, "S2Images": 1138, "TideRange": "2.04", "WaveHeight": "1.48", "RelativeTideRange": "1.38", "pk": "35"}, "geometry": {"type": "Point", "coordinates": [153.091283, -26.365858]}}, {"type": "Feature", "id": 36, "properties": {"Tier1Images": 1135, "Tier2Images": 64, "S2Images": 2251, "TideRange": "2.51", "WaveHeight": "1.36", "RelativeTideRange": "1.85", "pk": "36"}, "geometry": {"type": "Point", "coordinates": [153.122969, -27.165618]}}, {"type": "Feature", "id": 37, "properties": {"Tier1Images": 1128, "Tier2Images": 73, "S2Images": 568, "TideRange": "1.98", "WaveHeight": "1.03", "RelativeTideRange": "1.93", "pk": "37"}, "geometry": {"type": "Point", "coordinates": [153.430837, -27.911438]}}, {"type": "Feature", "id": 38, "properties": {"Tier1Images": 1649, "Tier2Images": 240, "S2Images": 551, "TideRange": "1.95", "WaveHeight": "1.56", "RelativeTideRange": "1.25", "pk": "38"}, "geometry": {"type": "Point", "coordinates": [153.616175, -28.670945]}}, {"type": "Feature", "id": 39, "properties": {"Tier1Images": 2272, "Tier2Images": 333, "S2Images": 544, "TideRange": "1.94", "WaveHeight": "1.56", "RelativeTideRange": "1.24", "pk": "39"}, "geometry": {"type": "Point", "coordinates": [153.347459, -29.403278]}}, {"type": "Feature", "id": 40, "properties": {"Tier1Images": 1738, "Tier2Images": 155, "S2Images": 544, "TideRange": "1.89", "WaveHeight": "1.60", "RelativeTideRange": "1.18", "pk": "40"}, "geometry": {"type": "Point", "coordinates": [153.185703, -30.170166]}}, {"type": "Feature", "id": 41, "properties": {"Tier1Images": 2354, "Tier2Images": 253, "S2Images": 1076, "TideRange": "1.87", "WaveHeight": "1.44", "RelativeTideRange": "1.30", "pk": "41"}, "geometry": {"type": "Point", "coordinates": [153.045395, -30.923928]}}, {"type": "Feature", "id": 42, "properties": {"Tier1Images": 1736, "Tier2Images": 148, "S2Images": 985, "TideRange": "1.85", "WaveHeight": "1.52", "RelativeTideRange": "1.22", "pk": "42"}, "geometry": {"type": "Point", "coordinates": [152.838166, -31.670157]}}, {"type": "Feature", "id": 43, "properties": {"Tier1Images": 1743, "Tier2Images": 421, "S2Images": 495, "TideRange": "1.82", "WaveHeight": "1.92", "RelativeTideRange": "0.95", "pk": "43"}, "geometry": {"type": "Point", "coordinates": [152.504892, -32.35779]}}, {"type": "Feature", "id": 44, "properties": {"Tier1Images": 1076, "Tier2Images": 92, "S2Images": 1963, "TideRange": "1.79", "WaveHeight": "1.59", "RelativeTideRange": "1.12", "pk": "44"}, "geometry": {"type": "Point", "coordinates": [151.980473, -32.812474]}}, {"type": "Feature", "id": 45, "properties": {"Tier1Images": 1095, "Tier2Images": 104, "S2Images": 999, "TideRange": "1.76", "WaveHeight": "1.41", "RelativeTideRange": "1.25", "pk": "45"}, "geometry": {"type": "Point", "coordinates": [151.461055, -33.406576]}}, {"type": "Feature", "id": 46, "properties": {"Tier1Images": 1426, "Tier2Images": 144, "S2Images": 974, "TideRange": "1.72", "WaveHeight": "1.64", "RelativeTideRange": "1.05", "pk": "46"}, "geometry": {"type": "Point", "coordinates": [151.156766, -33.981648]}}, {"type": "Feature", "id": 47, "properties": {"Tier1Images": 2156, "Tier2Images": 157, "S2Images": 1834, "TideRange": "1.70", "WaveHeight": "1.63", "RelativeTideRange": "1.04", "pk": "47"}, "geometry": {"type": "Point", "coordinates": [150.861049, -34.551012]}}, {"type": "Feature", "id": 48, "properties": {"Tier1Images": 3140, "Tier2Images": 279, "S2Images": 917, "TideRange": "1.67", "WaveHeight": "1.67", "RelativeTideRange": "1.00", "pk": "48"}, "geometry": {"type": "Point", "coordinates": [150.682257, -35.17772]}}, {"type": "Feature", "id": 49, "properties": {"Tier1Images": 2141, "Tier2Images": 152, "S2Images": 540, "TideRange": "1.65", "WaveHeight": "1.18", "RelativeTideRange": "1.40", "pk": "49"}, "geometry": {"type": "Point", "coordinates": [150.230584, -35.778551]}}, {"type": "Feature", "id": 50, "properties": {"Tier1Images": 2398, "Tier2Images": 181, "S2Images": 479, "TideRange": "1.63", "WaveHeight": "1.14", "RelativeTideRange": "1.43", "pk": "50"}, "geometry": {"type": "Point", "coordinates": [150.073429, -36.492305]}}, {"type": "Feature", "id": 51, "properties": {"Tier1Images": 2043, "Tier2Images": 215, "S2Images": 473, "TideRange": "1.63", "WaveHeight": "1.67", "RelativeTideRange": "0.97", "pk": "51"}, "geometry": {"type": "Point", "coordinates": [149.974557, -37.199785]}}, {"type": "Feature", "id": 52, "properties": {"Tier1Images": 2045, "Tier2Images": 211, "S2Images": 474, "TideRange": "1.52", "WaveHeight": "1.84", "RelativeTideRange": "0.83", "pk": "52"}, "geometry": {"type": "Point", "coordinates": [149.549505, -37.737742]}}, {"type": "Feature", "id": 53, "properties": {"Tier1Images": 1158, "Tier2Images": 69, "S2Images": 474, "TideRange": "1.45", "WaveHeight": "1.34", "RelativeTideRange": "1.08", "pk": "53"}, "geometry": {"type": "Point", "coordinates": [148.668466, -37.805534]}}, {"type": "Feature", "id": 54, "properties": {"Tier1Images": 2782, "Tier2Images": 594, "S2Images": 1948, "TideRange": "1.37", "WaveHeight": "1.08", "RelativeTideRange": "1.27", "pk": "54"}, "geometry": {"type": "Point", "coordinates": [147.806337, -37.969074]}}, {"type": "Feature", "id": 55, "properties": {"Tier1Images": 1021, "Tier2Images": 111, "S2Images": 982, "TideRange": "1.52", "WaveHeight": "1.37", "RelativeTideRange": "1.10", "pk": "55"}, "geometry": {"type": "Point", "coordinates": [147.134588, -38.434752]}}, {"type": "Feature", "id": 56, "properties": {"Tier1Images": 1953, "Tier2Images": 257, "S2Images": 483, "TideRange": "1.99", "WaveHeight": "1.45", "RelativeTideRange": "1.37", "pk": "56"}, "geometry": {"type": "Point", "coordinates": [146.365478, -38.711816]}}, {"type": "Feature", "id": 57, "properties": {"Tier1Images": 1954, "Tier2Images": 258, "S2Images": 473, "TideRange": "2.85", "WaveHeight": "1.45", "RelativeTideRange": "1.97", "pk": "57"}, "geometry": {"type": "Point", "coordinates": [146.317718, -39.056012]}}, {"type": "Feature", "id": 58, "properties": {"Tier1Images": 989, "Tier2Images": 162, "S2Images": 470, "TideRange": "2.85", "WaveHeight": "1.30", "RelativeTideRange": "2.19", "pk": "58"}, "geometry": {"type": "Point", "coordinates": [145.775957, -38.66529]}}, {"type": "Feature", "id": 59, "properties": {"Tier1Images": 1896, "Tier2Images": 201, "S2Images": 951, "TideRange": "0.98", "WaveHeight": "1.30", "RelativeTideRange": "0.76", "pk": "59"}, "geometry": {"type": "Point", "coordinates": [145.461555, -38.2414]}}, {"type": "Feature", "id": 60, "properties": {"Tier1Images": 2296, "Tier2Images": 305, "S2Images": 1899, "TideRange": "2.58", "WaveHeight": "1.63", "RelativeTideRange": "1.58", "pk": "60"}, "geometry": {"type": "Point", "coordinates": [144.774595, -38.382471]}}, {"type": "Feature", "id": 61, "properties": {"Tier1Images": 2389, "Tier2Images": 150, "S2Images": 1945, "TideRange": "1.19", "WaveHeight": "1.63", "RelativeTideRange": "0.73", "pk": "61"}, "geometry": {"type": "Point", "coordinates": [144.973067, -37.945636]}}, {"type": "Feature", "id": 62, "properties": {"Tier1Images": 2809, "Tier2Images": 321, "S2Images": 494, "TideRange": "1.21", "WaveHeight": "1.62", "RelativeTideRange": "0.75", "pk": "62"}, "geometry": {"type": "Point", "coordinates": [144.602728, -38.166789]}}, {"type": "Feature", "id": 63, "properties": {"Tier1Images": 936, "Tier2Images": 138, "S2Images": 505, "TideRange": "2.33", "WaveHeight": "1.54", "RelativeTideRange": "1.51", "pk": "63"}, "geometry": {"type": "Point", "coordinates": [143.989768, -38.553626]}}, {"type": "Feature", "id": 64, "properties": {"Tier1Images": 1730, "Tier2Images": 338, "S2Images": 482, "TideRange": "1.33", "WaveHeight": "2.80", "RelativeTideRange": "0.48", "pk": "64"}, "geometry": {"type": "Point", "coordinates": [143.229897, -38.743613]}}, {"type": "Feature", "id": 65, "properties": {"Tier1Images": 310, "Tier2Images": 148, "S2Images": 502, "TideRange": "1.48", "WaveHeight": "0.67", "RelativeTideRange": "2.20", "pk": "65"}, "geometry": {"type": "Point", "coordinates": [178.574902, -17.749316]}}, {"type": "Feature", "id": 66, "properties": {"Tier1Images": 753, "Tier2Images": 163, "S2Images": 978, "TideRange": "1.76", "WaveHeight": "1.04", "RelativeTideRange": "1.70", "pk": "66"}, "geometry": {"type": "Point", "coordinates": [177.976022, -17.384451]}}, {"type": "Feature", "id": 67, "properties": {"Tier1Images": 445, "Tier2Images": 15, "S2Images": 539, "TideRange": "1.79", "WaveHeight": "1.55", "RelativeTideRange": "1.15", "pk": "67"}, "geometry": {"type": "Point", "coordinates": [177.347508, -17.827541]}}, {"type": "Feature", "id": 68, "properties": {"Tier1Images": 1124, "Tier2Images": 97, "S2Images": 530, "TideRange": "1.64", "WaveHeight": "1.47", "RelativeTideRange": "1.12", "pk": "68"}, "geometry": {"type": "Point", "coordinates": [177.850798, -18.255199]}}, {"type": "Feature", "id": 69, "properties": {"Tier1Images": 705, "Tier2Images": 188, "S2Images": 503, "TideRange": "1.50", "WaveHeight": "1.41", "RelativeTideRange": "1.06", "pk": "69"}, "geometry": {"type": "Point", "coordinates": [178.661727, -18.063184]}}, {"type": "Feature", "id": 70, "properties": {"Tier1Images": 401, "Tier2Images": 20, "S2Images": 1170, "TideRange": "1.26", "WaveHeight": "1.33", "RelativeTideRange": "0.95", "pk": "70"}, "geometry": {"type": "Point", "coordinates": [166.942383, -22.090137]}}, {"type": "Feature", "id": 71, "properties": {"Tier1Images": 820, "Tier2Images": 37, "S2Images": 554, "TideRange": "1.30", "WaveHeight": "1.10", "RelativeTideRange": "1.18", "pk": "71"}, "geometry": {"type": "Point", "coordinates": [166.227075, -21.589609]}}, {"type": "Feature", "id": 72, "properties": {"Tier1Images": 421, "Tier2Images": 17, "S2Images": 552, "TideRange": "1.32", "WaveHeight": "1.01", "RelativeTideRange": "1.31", "pk": "72"}, "geometry": {"type": "Point", "coordinates": [165.499026, -21.118691]}}, {"type": "Feature", "id": 73, "properties": {"Tier1Images": 734, "Tier2Images": 40, "S2Images": 1099, "TideRange": "1.32", "WaveHeight": "1.09", "RelativeTideRange": "1.22", "pk": "73"}, "geometry": {"type": "Point", "coordinates": [164.85006, -20.583919]}}, {"type": "Feature", "id": 74, "properties": {"Tier1Images": 355, "Tier2Images": 17, "S2Images": 1102, "TideRange": "1.32", "WaveHeight": "1.27", "RelativeTideRange": "1.04", "pk": "74"}, "geometry": {"type": "Point", "coordinates": [164.107969, -20.176919]}}, {"type": "Feature", "id": 75, "properties": {"Tier1Images": 356, "Tier2Images": 17, "S2Images": 552, "TideRange": "1.42", "WaveHeight": "1.41", "RelativeTideRange": "1.01", "pk": "75"}, "geometry": {"type": "Point", "coordinates": [164.419122, -20.789254]}}, {"type": "Feature", "id": 76, "properties": {"Tier1Images": 421, "Tier2Images": 17, "S2Images": 1096, "TideRange": "1.43", "WaveHeight": "1.49", "RelativeTideRange": "0.96", "pk": "76"}, "geometry": {"type": "Point", "coordinates": [165.059903, -21.369501]}}, {"type": "Feature", "id": 77, "properties": {"Tier1Images": 422, "Tier2Images": 17, "S2Images": 553, "TideRange": "1.43", "WaveHeight": "1.31", "RelativeTideRange": "1.09", "pk": "77"}, "geometry": {"type": "Point", "coordinates": [165.799532, -21.830846]}}, {"type": "Feature", "id": 78, "properties": {"Tier1Images": 736, "Tier2Images": 48, "S2Images": 548, "TideRange": "1.43", "WaveHeight": "1.68", "RelativeTideRange": "0.85", "pk": "78"}, "geometry": {"type": "Point", "coordinates": [166.51989, -22.249506]}}, {"type": "Feature", "id": 79, "properties": {"Tier1Images": 658, "Tier2Images": 56, "S2Images": 492, "TideRange": "1.88", "WaveHeight": "0.61", "RelativeTideRange": "3.10", "pk": "79"}, "geometry": {"type": "Point", "coordinates": [127.536918, 1.578087]}}, {"type": "Feature", "id": 80, "properties": {"Tier1Images": 1223, "Tier2Images": 123, "S2Images": 453, "TideRange": "2.11", "WaveHeight": "0.67", "RelativeTideRange": "3.16", "pk": "80"}, "geometry": {"type": "Point", "coordinates": [128.03461, 2.130721]}}, {"type": "Feature", "id": 81, "properties": {"Tier1Images": 1317, "Tier2Images": 76, "S2Images": 490, "TideRange": "2.25", "WaveHeight": "0.61", "RelativeTideRange": "3.71", "pk": "81"}, "geometry": {"type": "Point", "coordinates": [128.008195, 1.325557]}}, {"type": "Feature", "id": 82, "properties": {"Tier1Images": 687, "Tier2Images": 28, "S2Images": 474, "TideRange": "2.09", "WaveHeight": "1.08", "RelativeTideRange": "1.94", "pk": "82"}, "geometry": {"type": "Point", "coordinates": [128.493783, 1.542759]}}, {"type": "Feature", "id": 83, "properties": {"Tier1Images": 685, "Tier2Images": 29, "S2Images": 473, "TideRange": "1.93", "WaveHeight": "0.40", "RelativeTideRange": "4.82", "pk": "83"}, "geometry": {"type": "Point", "coordinates": [128.515544, 0.979829]}}, {"type": "Feature", "id": 84, "properties": {"Tier1Images": 376, "Tier2Images": 12, "S2Images": 439, "TideRange": "1.34", "WaveHeight": "0.63", "RelativeTideRange": "2.14", "pk": "84"}, "geometry": {"type": "Point", "coordinates": [160.681836, -9.691602]}}, {"type": "Feature", "id": 85, "properties": {"Tier1Images": 786, "Tier2Images": 20, "S2Images": 427, "TideRange": "1.05", "WaveHeight": "0.60", "RelativeTideRange": "1.75", "pk": "85"}, "geometry": {"type": "Point", "coordinates": [159.90948, -9.388718]}}, {"type": "Feature", "id": 86, "properties": {"Tier1Images": 392, "Tier2Images": 14, "S2Images": 426, "TideRange": "0.91", "WaveHeight": "1.19", "RelativeTideRange": "0.77", "pk": "86"}, "geometry": {"type": "Point", "coordinates": [159.835237, -9.781347]}}, {"type": "Feature", "id": 87, "properties": {"Tier1Images": 376, "Tier2Images": 12, "S2Images": 439, "TideRange": "1.05", "WaveHeight": "1.13", "RelativeTideRange": "0.93", "pk": "87"}, "geometry": {"type": "Point", "coordinates": [160.708013, -9.915038]}}, {"type": "Feature", "id": 88, "properties": {"Tier1Images": 723, "Tier2Images": 49, "S2Images": 417, "TideRange": "2.90", "WaveHeight": "0.43", "RelativeTideRange": "6.80", "pk": "88"}, "geometry": {"type": "Point", "coordinates": [123.102734, 11.541455]}}, {"type": "Feature", "id": 89, "properties": {"Tier1Images": 1235, "Tier2Images": 47, "S2Images": 809, "TideRange": "2.57", "WaveHeight": "0.59", "RelativeTideRange": "4.37", "pk": "89"}, "geometry": {"type": "Point", "coordinates": [122.429338, 11.675144]}}, {"type": "Feature", "id": 90, "properties": {"Tier1Images": 758, "Tier2Images": 30, "S2Images": 1590, "TideRange": "2.24", "WaveHeight": "0.56", "RelativeTideRange": "4.03", "pk": "90"}, "geometry": {"type": "Point", "coordinates": [122.096025, 11.687522]}}, {"type": "Feature", "id": 91, "properties": {"Tier1Images": 1476, "Tier2Images": 108, "S2Images": 809, "TideRange": "2.20", "WaveHeight": "0.54", "RelativeTideRange": "4.11", "pk": "91"}, "geometry": {"type": "Point", "coordinates": [121.958414, 10.823386]}}, {"type": "Feature", "id": 92, "properties": {"Tier1Images": 2203, "Tier2Images": 118, "S2Images": 427, "TideRange": "2.18", "WaveHeight": "0.44", "RelativeTideRange": "5.02", "pk": "92"}, "geometry": {"type": "Point", "coordinates": [122.384505, 10.66264]}}, {"type": "Feature", "id": 93, "properties": {"Tier1Images": 723, "Tier2Images": 54, "S2Images": 840, "TideRange": "3.10", "WaveHeight": "0.35", "RelativeTideRange": "8.90", "pk": "93"}, "geometry": {"type": "Point", "coordinates": [123.04348, 11.153264]}}, {"type": "Feature", "id": 94, "properties": {"Tier1Images": 761, "Tier2Images": 57, "S2Images": 428, "TideRange": "3.00", "WaveHeight": "0.33", "RelativeTideRange": "9.12", "pk": "94"}, "geometry": {"type": "Point", "coordinates": [123.510645, 10.923047]}}, {"type": "Feature", "id": 95, "properties": {"Tier1Images": 744, "Tier2Images": 42, "S2Images": 427, "TideRange": "2.58", "WaveHeight": "0.28", "RelativeTideRange": "9.12", "pk": "95"}, "geometry": {"type": "Point", "coordinates": [122.880657, 10.577925]}}, {"type": "Feature", "id": 96, "properties": {"Tier1Images": 744, "Tier2Images": 42, "S2Images": 423, "TideRange": "2.17", "WaveHeight": "0.50", "RelativeTideRange": "4.37", "pk": "96"}, "geometry": {"type": "Point", "coordinates": [122.515787, 9.976653]}}, {"type": "Feature", "id": 97, "properties": {"Tier1Images": 1485, "Tier2Images": 72, "S2Images": 420, "TideRange": "2.12", "WaveHeight": "0.49", "RelativeTideRange": "4.30", "pk": "97"}, "geometry": {"type": "Point", "coordinates": [122.825401, 9.34237]}}, {"type": "Feature", "id": 98, "properties": {"Tier1Images": 1483, "Tier2Images": 73, "S2Images": 411, "TideRange": "2.27", "WaveHeight": "0.34", "RelativeTideRange": "6.60", "pk": "98"}, "geometry": {"type": "Point", "coordinates": [123.288687, 9.387962]}}, {"type": "Feature", "id": 99, "properties": {"Tier1Images": 745, "Tier2Images": 66, "S2Images": 423, "TideRange": "2.86", "WaveHeight": "0.19", "RelativeTideRange": "15.38", "pk": "99"}, "geometry": {"type": "Point", "coordinates": [123.314433, 10.202148]}}, {"type": "Feature", "id": 100, "properties": {"Tier1Images": 661, "Tier2Images": 26, "S2Images": 401, "TideRange": "1.24", "WaveHeight": "0.76", "RelativeTideRange": "1.63", "pk": "100"}, "geometry": {"type": "Point", "coordinates": [125.197168, 10.457227]}}, {"type": "Feature", "id": 101, "properties": {"Tier1Images": 556, "Tier2Images": 19, "S2Images": 392, "TideRange": "1.28", "WaveHeight": "0.19", "RelativeTideRange": "6.56", "pk": "101"}, "geometry": {"type": "Point", "coordinates": [124.992179, 11.259139]}}, {"type": "Feature", "id": 102, "properties": {"Tier1Images": 556, "Tier2Images": 40, "S2Images": 791, "TideRange": "2.75", "WaveHeight": "0.41", "RelativeTideRange": "6.67", "pk": "102"}, "geometry": {"type": "Point", "coordinates": [124.311025, 11.492342]}}, {"type": "Feature", "id": 103, "properties": {"Tier1Images": 1115, "Tier2Images": 82, "S2Images": 391, "TideRange": "2.79", "WaveHeight": "0.43", "RelativeTideRange": "6.51", "pk": "103"}, "geometry": {"type": "Point", "coordinates": [124.707123, 10.913883]}}, {"type": "Feature", "id": 104, "properties": {"Tier1Images": 571, "Tier2Images": 42, "S2Images": 794, "TideRange": "2.27", "WaveHeight": "0.47", "RelativeTideRange": "4.83", "pk": "104"}, "geometry": {"type": "Point", "coordinates": [124.864335, 10.117461]}}, {"type": "Feature", "id": 105, "properties": {"Tier1Images": 743, "Tier2Images": 33, "S2Images": 398, "TideRange": "1.78", "WaveHeight": "0.47", "RelativeTideRange": "3.78", "pk": "105"}, "geometry": {"type": "Point", "coordinates": [125.194799, 10.268613]}}, {"type": "Feature", "id": 106, "properties": {"Tier1Images": 888, "Tier2Images": 100, "S2Images": 391, "TideRange": "2.03", "WaveHeight": "0.77", "RelativeTideRange": "2.65", "pk": "106"}, "geometry": {"type": "Point", "coordinates": [125.627344, 11.233887]}}, {"type": "Feature", "id": 107, "properties": {"Tier1Images": 566, "Tier2Images": 26, "S2Images": 394, "TideRange": "2.06", "WaveHeight": "1.09", "RelativeTideRange": "1.89", "pk": "107"}, "geometry": {"type": "Point", "coordinates": [125.493489, 12.018882]}}, {"type": "Feature", "id": 108, "properties": {"Tier1Images": 480, "Tier2Images": 49, "S2Images": 395, "TideRange": "2.04", "WaveHeight": "1.16", "RelativeTideRange": "1.77", "pk": "108"}, "geometry": {"type": "Point", "coordinates": [125.043777, 12.559521]}}, {"type": "Feature", "id": 109, "properties": {"Tier1Images": 1714, "Tier2Images": 302, "S2Images": 415, "TideRange": "1.95", "WaveHeight": "0.67", "RelativeTideRange": "2.89", "pk": "109"}, "geometry": {"type": "Point", "coordinates": [124.320838, 12.430166]}}, {"type": "Feature", "id": 110, "properties": {"Tier1Images": 556, "Tier2Images": 19, "S2Images": 786, "TideRange": "3.50", "WaveHeight": "0.19", "RelativeTideRange": "17.98", "pk": "110"}, "geometry": {"type": "Point", "coordinates": [124.877464, 11.78375]}}, {"type": "Feature", "id": 111, "properties": {"Tier1Images": 557, "Tier2Images": 19, "S2Images": 395, "TideRange": "1.25", "WaveHeight": "0.43", "RelativeTideRange": "2.93", "pk": "111"}, "geometry": {"type": "Point", "coordinates": [125.230221, 11.150068]}}, {"type": "Feature", "id": 112, "properties": {"Tier1Images": 759, "Tier2Images": 30, "S2Images": 419, "TideRange": "2.43", "WaveHeight": "0.50", "RelativeTideRange": "4.87", "pk": "112"}, "geometry": {"type": "Point", "coordinates": [121.479688, 12.837109]}}, {"type": "Feature", "id": 113, "properties": {"Tier1Images": 815, "Tier2Images": 54, "S2Images": 427, "TideRange": "2.10", "WaveHeight": "0.36", "RelativeTideRange": "5.88", "pk": "113"}, "geometry": {"type": "Point", "coordinates": [121.094466, 13.400378]}}, {"type": "Feature", "id": 114, "properties": {"Tier1Images": 809, "Tier2Images": 50, "S2Images": 428, "TideRange": "1.57", "WaveHeight": "0.67", "RelativeTideRange": "2.33", "pk": "114"}, "geometry": {"type": "Point", "coordinates": [120.366918, 13.40615]}}, {"type": "Feature", "id": 115, "properties": {"Tier1Images": 808, "Tier2Images": 49, "S2Images": 422, "TideRange": "1.69", "WaveHeight": "0.52", "RelativeTideRange": "3.28", "pk": "115"}, "geometry": {"type": "Point", "coordinates": [120.814465, 12.73407]}}, {"type": "Feature", "id": 116, "properties": {"Tier1Images": 1514, "Tier2Images": 59, "S2Images": 402, "TideRange": "2.29", "WaveHeight": "0.87", "RelativeTideRange": "2.64", "pk": "116"}, "geometry": {"type": "Point", "coordinates": [121.369564, 12.308843]}}, {"type": "Feature", "id": 117, "properties": {"Tier1Images": 1020, "Tier2Images": 107, "S2Images": 800, "TideRange": "1.75", "WaveHeight": "0.91", "RelativeTideRange": "1.92", "pk": "117"}, "geometry": {"type": "Point", "coordinates": [155.822559, -6.380469]}}, {"type": "Feature", "id": 118, "properties": {"Tier1Images": 326, "Tier2Images": 49, "S2Images": 429, "TideRange": "1.69", "WaveHeight": "0.96", "RelativeTideRange": "1.76", "pk": "118"}, "geometry": {"type": "Point", "coordinates": [155.189193, -5.78837]}}, {"type": "Feature", "id": 119, "properties": {"Tier1Images": 325, "Tier2Images": 50, "S2Images": 443, "TideRange": "1.11", "WaveHeight": "0.95", "RelativeTideRange": "1.17", "pk": "119"}, "geometry": {"type": "Point", "coordinates": [154.711831, -5.729197]}}, {"type": "Feature", "id": 120, "properties": {"Tier1Images": 327, "Tier2Images": 49, "S2Images": 872, "TideRange": "1.00", "WaveHeight": "0.89", "RelativeTideRange": "1.13", "pk": "120"}, "geometry": {"type": "Point", "coordinates": [155.229822, -6.39666]}}, {"type": "Feature", "id": 121, "properties": {"Tier1Images": 499, "Tier2Images": 26, "S2Images": 401, "TideRange": "1.06", "WaveHeight": "0.85", "RelativeTideRange": "1.25", "pk": "121"}, "geometry": {"type": "Point", "coordinates": [155.810616, -6.793396]}}, {"type": "Feature", "id": 122, "properties": {"Tier1Images": 492, "Tier2Images": 10, "S2Images": 857, "TideRange": "1.33", "WaveHeight": "0.83", "RelativeTideRange": "1.60", "pk": "122"}, "geometry": {"type": "Point", "coordinates": [153.016797, -4.105664]}}, {"type": "Feature", "id": 123, "properties": {"Tier1Images": 760, "Tier2Images": 225, "S2Images": 422, "TideRange": "1.32", "WaveHeight": "0.75", "RelativeTideRange": "1.77", "pk": "123"}, "geometry": {"type": "Point", "coordinates": [152.331796, -3.523751]}}, {"type": "Feature", "id": 124, "properties": {"Tier1Images": 502, "Tier2Images": 35, "S2Images": 410, "TideRange": "1.23", "WaveHeight": "0.69", "RelativeTideRange": "1.79", "pk": "124"}, "geometry": {"type": "Point", "coordinates": [151.606651, -3.017052]}}, {"type": "Feature", "id": 125, "properties": {"Tier1Images": 518, "Tier2Images": 34, "S2Images": 399, "TideRange": "1.14", "WaveHeight": "0.92", "RelativeTideRange": "1.23", "pk": "125"}, "geometry": {"type": "Point", "coordinates": [150.8431, -2.58497]}}, {"type": "Feature", "id": 126, "properties": {"Tier1Images": 504, "Tier2Images": 34, "S2Images": 788, "TideRange": "1.06", "WaveHeight": "0.69", "RelativeTideRange": "1.54", "pk": "126"}, "geometry": {"type": "Point", "coordinates": [151.330692, -2.991199]}}, {"type": "Feature", "id": 127, "properties": {"Tier1Images": 770, "Tier2Images": 225, "S2Images": 420, "TideRange": "1.04", "WaveHeight": "0.56", "RelativeTideRange": "1.85", "pk": "127"}, "geometry": {"type": "Point", "coordinates": [152.072587, -3.476761]}}, {"type": "Feature", "id": 128, "properties": {"Tier1Images": 435, "Tier2Images": 181, "S2Images": 436, "TideRange": "1.00", "WaveHeight": "0.59", "RelativeTideRange": "1.70", "pk": "128"}, "geometry": {"type": "Point", "coordinates": [152.661577, -4.118894]}}, {"type": "Feature", "id": 129, "properties": {"Tier1Images": 733, "Tier2Images": 27, "S2Images": 407, "TideRange": "1.18", "WaveHeight": "0.96", "RelativeTideRange": "1.24", "pk": "129"}, "geometry": {"type": "Point", "coordinates": [152.97137, -4.747646]}}, {"type": "Feature", "id": 130, "properties": {"Tier1Images": 928, "Tier2Images": 351, "S2Images": 897, "TideRange": "2.42", "WaveHeight": "1.56", "RelativeTideRange": "1.55", "pk": "130"}, "geometry": {"type": "Point", "coordinates": [-74.114404, -43.35791]}}, {"type": "Feature", "id": 131, "properties": {"Tier1Images": 804, "Tier2Images": 203, "S2Images": 884, "TideRange": "4.22", "WaveHeight": "0.71", "RelativeTideRange": "5.92", "pk": "131"}, "geometry": {"type": "Point", "coordinates": [-73.517305, -43.045982]}}, {"type": "Feature", "id": 132, "properties": {"Tier1Images": 1201, "Tier2Images": 282, "S2Images": 901, "TideRange": "4.77", "WaveHeight": "0.60", "RelativeTideRange": "8.01", "pk": "132"}, "geometry": {"type": "Point", "coordinates": [-73.68348, -42.536556]}}, {"type": "Feature", "id": 133, "properties": {"Tier1Images": 780, "Tier2Images": 138, "S2Images": 466, "TideRange": "5.48", "WaveHeight": "0.60", "RelativeTideRange": "9.21", "pk": "133"}, "geometry": {"type": "Point", "coordinates": [-73.481793, -42.040382]}}, {"type": "Feature", "id": 134, "properties": {"Tier1Images": 1330, "Tier2Images": 330, "S2Images": 471, "TideRange": "1.85", "WaveHeight": "2.09", "RelativeTideRange": "0.89", "pk": "134"}, "geometry": {"type": "Point", "coordinates": [-74.023556, -41.904863]}}, {"type": "Feature", "id": 135, "properties": {"Tier1Images": 1670, "Tier2Images": 676, "S2Images": 452, "TideRange": "1.82", "WaveHeight": "1.72", "RelativeTideRange": "1.06", "pk": "135"}, "geometry": {"type": "Point", "coordinates": [-74.174129, -42.544777]}}, {"type": "Feature", "id": 136, "properties": {"Tier1Images": 1085, "Tier2Images": 478, "S2Images": 453, "TideRange": "1.93", "WaveHeight": "2.56", "RelativeTideRange": "0.75", "pk": "136"}, "geometry": {"type": "Point", "coordinates": [-74.366622, -43.177478]}}, {"type": "Feature", "id": 137, "properties": {"Tier1Images": 734, "Tier2Images": 688, "S2Images": 667, "TideRange": "1.73", "WaveHeight": "1.95", "RelativeTideRange": "0.89", "pk": "137"}, "geometry": {"type": "Point", "coordinates": [-75.031543, -49.83623]}}, {"type": "Feature", "id": 138, "properties": {"Tier1Images": 1158, "Tier2Images": 824, "S2Images": 603, "TideRange": "3.89", "WaveHeight": "1.95", "RelativeTideRange": "1.99", "pk": "138"}, "geometry": {"type": "Point", "coordinates": [-74.781703, -49.490041]}}, {"type": "Feature", "id": 139, "properties": {"Tier1Images": 835, "Tier2Images": 358, "S2Images": 314, "TideRange": "1.73", "WaveHeight": "1.95", "RelativeTideRange": "0.89", "pk": "139"}, "geometry": {"type": "Point", "coordinates": [-74.722054, -50.01679]}}, {"type": "Feature", "id": 140, "properties": {"Tier1Images": 1303, "Tier2Images": 634, "S2Images": 312, "TideRange": "3.89", "WaveHeight": "1.95", "RelativeTideRange": "1.99", "pk": "140"}, "geometry": {"type": "Point", "coordinates": [-74.506654, -49.550487]}}, {"type": "Feature", "id": 141, "properties": {"Tier1Images": 622, "Tier2Images": 412, "S2Images": 603, "TideRange": "3.89", "WaveHeight": "0.23", "RelativeTideRange": "16.58", "pk": "141"}, "geometry": {"type": "Point", "coordinates": [-74.505916, -48.965136]}}, {"type": "Feature", "id": 142, "properties": {"Tier1Images": 790, "Tier2Images": 548, "S2Images": 1269, "TideRange": "1.67", "WaveHeight": "2.07", "RelativeTideRange": "0.80", "pk": "142"}, "geometry": {"type": "Point", "coordinates": [-74.964202, -48.851752]}}, {"type": "Feature", "id": 143, "properties": {"Tier1Images": 790, "Tier2Images": 549, "S2Images": 663, "TideRange": "1.67", "WaveHeight": "2.67", "RelativeTideRange": "0.62", "pk": "143"}, "geometry": {"type": "Point", "coordinates": [-75.15047, -49.281328]}}, {"type": "Feature", "id": 144, "properties": {"Tier1Images": 929, "Tier2Images": 840, "S2Images": 664, "TideRange": "1.65", "WaveHeight": "2.67", "RelativeTideRange": "0.62", "pk": "144"}, "geometry": {"type": "Point", "coordinates": [-75.364276, -49.627253]}}, {"type": "Feature", "id": 145, "properties": {"Tier1Images": 710, "Tier2Images": 665, "S2Images": 668, "TideRange": "1.72", "WaveHeight": "1.95", "RelativeTideRange": "0.88", "pk": "145"}, "geometry": {"type": "Point", "coordinates": [-75.129062, -49.854601]}}, {"type": "Feature", "id": 146, "properties": {"Tier1Images": 1334, "Tier2Images": 325, "S2Images": 782, "TideRange": "3.82", "WaveHeight": "0.26", "RelativeTideRange": "14.87", "pk": "146"}, "geometry": {"type": "Point", "coordinates": [-73.39707, -44.774316]}}, {"type": "Feature", "id": 147, "properties": {"Tier1Images": 817, "Tier2Images": 129, "S2Images": 381, "TideRange": "3.62", "WaveHeight": "0.47", "RelativeTideRange": "7.69", "pk": "147"}, "geometry": {"type": "Point", "coordinates": [-72.766981, -44.539436]}}, {"type": "Feature", "id": 148, "properties": {"Tier1Images": 1334, "Tier2Images": 324, "S2Images": 782, "TideRange": "3.62", "WaveHeight": "0.36", "RelativeTideRange": "10.10", "pk": "148"}, "geometry": {"type": "Point", "coordinates": [-73.337151, -44.547562]}}, {"type": "Feature", "id": 149, "properties": {"Tier1Images": 993, "Tier2Images": 521, "S2Images": 754, "TideRange": "2.85", "WaveHeight": "1.38", "RelativeTideRange": "2.06", "pk": "149"}, "geometry": {"type": "Point", "coordinates": [-163.274512, 54.765576]}}, {"type": "Feature", "id": 150, "properties": {"Tier1Images": 1167, "Tier2Images": 930, "S2Images": 1520, "TideRange": "2.96", "WaveHeight": "1.56", "RelativeTideRange": "1.89", "pk": "150"}, "geometry": {"type": "Point", "coordinates": [-163.874641, 55.037091]}}, {"type": "Feature", "id": 151, "properties": {"Tier1Images": 913, "Tier2Images": 408, "S2Images": 784, "TideRange": "2.44", "WaveHeight": "1.68", "RelativeTideRange": "1.45", "pk": "151"}, "geometry": {"type": "Point", "coordinates": [-164.604074, 54.801436]}}, {"type": "Feature", "id": 152, "properties": {"Tier1Images": 914, "Tier2Images": 408, "S2Images": 861, "TideRange": "2.55", "WaveHeight": "1.96", "RelativeTideRange": "1.30", "pk": "152"}, "geometry": {"type": "Point", "coordinates": [-164.718954, 54.406963]}}, {"type": "Feature", "id": 153, "properties": {"Tier1Images": 922, "Tier2Images": 529, "S2Images": 786, "TideRange": "2.93", "WaveHeight": "2.02", "RelativeTideRange": "1.45", "pk": "153"}, "geometry": {"type": "Point", "coordinates": [-163.964115, 54.62204]}}, {"type": "Feature", "id": 154, "properties": {"Tier1Images": 928, "Tier2Images": 507, "S2Images": 754, "TideRange": "2.99", "WaveHeight": "1.92", "RelativeTideRange": "1.55", "pk": "154"}, "geometry": {"type": "Point", "coordinates": [-163.155548, 54.686549]}}, {"type": "Feature", "id": 155, "properties": {"Tier1Images": 1201, "Tier2Images": 289, "S2Images": 809, "TideRange": "3.83", "WaveHeight": "1.34", "RelativeTideRange": "2.86", "pk": "155"}, "geometry": {"type": "Point", "coordinates": [-152.411475, 57.646094]}}, {"type": "Feature", "id": 156, "properties": {"Tier1Images": 1527, "Tier2Images": 282, "S2Images": 1592, "TideRange": "4.05", "WaveHeight": "0.45", "RelativeTideRange": "8.98", "pk": "156"}, "geometry": {"type": "Point", "coordinates": [-152.889804, 57.769161]}}, {"type": "Feature", "id": 157, "properties": {"Tier1Images": 1559, "Tier2Images": 293, "S2Images": 786, "TideRange": "6.30", "WaveHeight": "0.45", "RelativeTideRange": "13.97", "pk": "157"}, "geometry": {"type": "Point", "coordinates": [-153.20077, 57.84821]}}, {"type": "Feature", "id": 158, "properties": {"Tier1Images": 1708, "Tier2Images": 498, "S2Images": 791, "TideRange": "6.11", "WaveHeight": "0.74", "RelativeTideRange": "8.21", "pk": "158"}, "geometry": {"type": "Point", "coordinates": [-153.794773, 57.876679]}}, {"type": "Feature", "id": 159, "properties": {"Tier1Images": 1027, "Tier2Images": 174, "S2Images": 803, "TideRange": "6.17", "WaveHeight": "0.74", "RelativeTideRange": "8.28", "pk": "159"}, "geometry": {"type": "Point", "coordinates": [-153.811883, 57.547682]}}, {"type": "Feature", "id": 160, "properties": {"Tier1Images": 1089, "Tier2Images": 180, "S2Images": 790, "TideRange": "6.13", "WaveHeight": "1.44", "RelativeTideRange": "4.27", "pk": "160"}, "geometry": {"type": "Point", "coordinates": [-153.917662, 57.488799]}}, {"type": "Feature", "id": 161, "properties": {"Tier1Images": 1104, "Tier2Images": 144, "S2Images": 1572, "TideRange": "5.81", "WaveHeight": "1.03", "RelativeTideRange": "5.63", "pk": "161"}, "geometry": {"type": "Point", "coordinates": [-154.549195, 57.548022]}}, {"type": "Feature", "id": 162, "properties": {"Tier1Images": 1424, "Tier2Images": 192, "S2Images": 1571, "TideRange": "5.44", "WaveHeight": "1.40", "RelativeTideRange": "3.88", "pk": "162"}, "geometry": {"type": "Point", "coordinates": [-154.528164, 57.107191]}}, {"type": "Feature", "id": 163, "properties": {"Tier1Images": 1413, "Tier2Images": 219, "S2Images": 788, "TideRange": "5.19", "WaveHeight": "1.40", "RelativeTideRange": "3.70", "pk": "163"}, "geometry": {"type": "Point", "coordinates": [-154.300277, 57.098656]}}, {"type": "Feature", "id": 164, "properties": {"Tier1Images": 1025, "Tier2Images": 173, "S2Images": 787, "TideRange": "5.13", "WaveHeight": "1.44", "RelativeTideRange": "3.58", "pk": "164"}, "geometry": {"type": "Point", "coordinates": [-153.916119, 57.017644]}}, {"type": "Feature", "id": 165, "properties": {"Tier1Images": 1186, "Tier2Images": 226, "S2Images": 1575, "TideRange": "3.78", "WaveHeight": "1.44", "RelativeTideRange": "2.63", "pk": "165"}, "geometry": {"type": "Point", "coordinates": [-153.814841, 56.835873]}}, {"type": "Feature", "id": 166, "properties": {"Tier1Images": 1020, "Tier2Images": 172, "S2Images": 789, "TideRange": "3.72", "WaveHeight": "1.62", "RelativeTideRange": "2.30", "pk": "166"}, "geometry": {"type": "Point", "coordinates": [-153.440378, 57.16835]}}, {"type": "Feature", "id": 167, "properties": {"Tier1Images": 1175, "Tier2Images": 278, "S2Images": 810, "TideRange": "3.60", "WaveHeight": "1.34", "RelativeTideRange": "2.68", "pk": "167"}, "geometry": {"type": "Point", "coordinates": [-152.685556, 57.361757]}}, {"type": "Feature", "id": 168, "properties": {"Tier1Images": 1132, "Tier2Images": 271, "S2Images": 809, "TideRange": "3.60", "WaveHeight": "1.34", "RelativeTideRange": "2.68", "pk": "168"}, "geometry": {"type": "Point", "coordinates": [-152.553407, 57.465786]}}, {"type": "Feature", "id": 169, "properties": {"Tier1Images": 1559, "Tier2Images": 593, "S2Images": 786, "TideRange": "4.00", "WaveHeight": "1.47", "RelativeTideRange": "2.73", "pk": "169"}, "geometry": {"type": "Point", "coordinates": [-152.165479, 58.178271]}}, {"type": "Feature", "id": 170, "properties": {"Tier1Images": 1227, "Tier2Images": 506, "S2Images": 774, "TideRange": "5.11", "WaveHeight": "1.45", "RelativeTideRange": "3.52", "pk": "170"}, "geometry": {"type": "Point", "coordinates": [-152.347287, 58.404893]}}, {"type": "Feature", "id": 171, "properties": {"Tier1Images": 1025, "Tier2Images": 429, "S2Images": 786, "TideRange": "6.14", "WaveHeight": "0.95", "RelativeTideRange": "6.49", "pk": "171"}, "geometry": {"type": "Point", "coordinates": [-152.770989, 58.297294]}}, {"type": "Feature", "id": 172, "properties": {"Tier1Images": 1618, "Tier2Images": 533, "S2Images": 1143, "TideRange": "6.17", "WaveHeight": "0.62", "RelativeTideRange": "9.88", "pk": "172"}, "geometry": {"type": "Point", "coordinates": [-153.311127, 58.064885]}}, {"type": "Feature", "id": 173, "properties": {"Tier1Images": 1205, "Tier2Images": 482, "S2Images": 787, "TideRange": "4.02", "WaveHeight": "0.97", "RelativeTideRange": "4.17", "pk": "173"}, "geometry": {"type": "Point", "coordinates": [-152.600083, 58.159839]}}, {"type": "Feature", "id": 174, "properties": {"Tier1Images": 1120, "Tier2Images": 301, "S2Images": 670, "TideRange": "6.44", "WaveHeight": "0.43", "RelativeTideRange": "14.94", "pk": "174"}, "geometry": {"type": "Point", "coordinates": [-131.316162, 55.939078]}}, {"type": "Feature", "id": 175, "properties": {"Tier1Images": 1124, "Tier2Images": 302, "S2Images": 655, "TideRange": "6.44", "WaveHeight": "0.43", "RelativeTideRange": "14.94", "pk": "175"}, "geometry": {"type": "Point", "coordinates": [-131.707716, 55.541238]}}, {"type": "Feature", "id": 176, "properties": {"Tier1Images": 1854, "Tier2Images": 413, "S2Images": 649, "TideRange": "6.08", "WaveHeight": "0.43", "RelativeTideRange": "14.11", "pk": "176"}, "geometry": {"type": "Point", "coordinates": [-131.680309, 55.260801]}}, {"type": "Feature", "id": 177, "properties": {"Tier1Images": 1779, "Tier2Images": 404, "S2Images": 650, "TideRange": "6.15", "WaveHeight": "0.68", "RelativeTideRange": "9.09", "pk": "177"}, "geometry": {"type": "Point", "coordinates": [-131.184711, 55.20813]}}, {"type": "Feature", "id": 178, "properties": {"Tier1Images": 1789, "Tier2Images": 425, "S2Images": 646, "TideRange": "5.28", "WaveHeight": "1.61", "RelativeTideRange": "3.29", "pk": "178"}, "geometry": {"type": "Point", "coordinates": [-132.468652, 54.937939]}}, {"type": "Feature", "id": 179, "properties": {"Tier1Images": 1235, "Tier2Images": 203, "S2Images": 700, "TideRange": "5.91", "WaveHeight": "1.38", "RelativeTideRange": "4.29", "pk": "179"}, "geometry": {"type": "Point", "coordinates": [-131.992701, 54.858115]}}, {"type": "Feature", "id": 180, "properties": {"Tier1Images": 2042, "Tier2Images": 395, "S2Images": 655, "TideRange": "6.32", "WaveHeight": "0.34", "RelativeTideRange": "18.63", "pk": "180"}, "geometry": {"type": "Point", "coordinates": [-132.211225, 55.239499]}}, {"type": "Feature", "id": 181, "properties": {"Tier1Images": 1011, "Tier2Images": 251, "S2Images": 648, "TideRange": "6.48", "WaveHeight": "0.57", "RelativeTideRange": "11.38", "pk": "181"}, "geometry": {"type": "Point", "coordinates": [-132.557757, 55.532127]}}, {"type": "Feature", "id": 182, "properties": {"Tier1Images": 1015, "Tier2Images": 264, "S2Images": 646, "TideRange": "6.80", "WaveHeight": "0.34", "RelativeTideRange": "20.04", "pk": "182"}, "geometry": {"type": "Point", "coordinates": [-132.390353, 55.650727]}}, {"type": "Feature", "id": 183, "properties": {"Tier1Images": 1009, "Tier2Images": 240, "S2Images": 641, "TideRange": "6.93", "WaveHeight": "0.26", "RelativeTideRange": "26.33", "pk": "183"}, "geometry": {"type": "Point", "coordinates": [-132.914234, 56.038953]}}, {"type": "Feature", "id": 184, "properties": {"Tier1Images": 1209, "Tier2Images": 338, "S2Images": 684, "TideRange": "5.72", "WaveHeight": "0.36", "RelativeTideRange": "15.94", "pk": "184"}, "geometry": {"type": "Point", "coordinates": [-133.444869, 56.325496]}}, {"type": "Feature", "id": 185, "properties": {"Tier1Images": 926, "Tier2Images": 265, "S2Images": 684, "TideRange": "5.01", "WaveHeight": "0.84", "RelativeTideRange": "6.00", "pk": "185"}, "geometry": {"type": "Point", "coordinates": [-133.744497, 55.970232]}}, {"type": "Feature", "id": 186, "properties": {"Tier1Images": 1106, "Tier2Images": 276, "S2Images": 1356, "TideRange": "4.69", "WaveHeight": "0.84", "RelativeTideRange": "5.61", "pk": "186"}, "geometry": {"type": "Point", "coordinates": [-133.34127, 55.83474]}}, {"type": "Feature", "id": 187, "properties": {"Tier1Images": 1009, "Tier2Images": 239, "S2Images": 1366, "TideRange": "4.61", "WaveHeight": "1.57", "RelativeTideRange": "2.93", "pk": "187"}, "geometry": {"type": "Point", "coordinates": [-133.339554, 55.64761]}}, {"type": "Feature", "id": 188, "properties": {"Tier1Images": 1572, "Tier2Images": 340, "S2Images": 648, "TideRange": "4.46", "WaveHeight": "0.57", "RelativeTideRange": "7.84", "pk": "188"}, "geometry": {"type": "Point", "coordinates": [-133.073345, 55.367283]}}, {"type": "Feature", "id": 189, "properties": {"Tier1Images": 1427, "Tier2Images": 397, "S2Images": 648, "TideRange": "5.28", "WaveHeight": "1.39", "RelativeTideRange": "3.79", "pk": "189"}, "geometry": {"type": "Point", "coordinates": [-132.691416, 55.099555]}}, {"type": "Feature", "id": 190, "properties": {"Tier1Images": 1168, "Tier2Images": 243, "S2Images": 701, "TideRange": "6.48", "WaveHeight": "0.43", "RelativeTideRange": "15.22", "pk": "190"}, "geometry": {"type": "Point", "coordinates": [-133.979443, 57.00957]}}, {"type": "Feature", "id": 191, "properties": {"Tier1Images": 1404, "Tier2Images": 340, "S2Images": 687, "TideRange": "5.60", "WaveHeight": "0.36", "RelativeTideRange": "15.62", "pk": "191"}, "geometry": {"type": "Point", "coordinates": [-133.656063, 56.576616]}}, {"type": "Feature", "id": 192, "properties": {"Tier1Images": 2024, "Tier2Images": 438, "S2Images": 637, "TideRange": "6.08", "WaveHeight": "0.18", "RelativeTideRange": "34.28", "pk": "192"}, "geometry": {"type": "Point", "coordinates": [-133.154861, 56.604789]}}, {"type": "Feature", "id": 193, "properties": {"Tier1Images": 2125, "Tier2Images": 472, "S2Images": 638, "TideRange": "6.08", "WaveHeight": "0.18", "RelativeTideRange": "34.28", "pk": "193"}, "geometry": {"type": "Point", "coordinates": [-133.063023, 56.63879]}}, {"type": "Feature", "id": 194, "properties": {"Tier1Images": 1215, "Tier2Images": 254, "S2Images": 1398, "TideRange": "7.35", "WaveHeight": "0.18", "RelativeTideRange": "41.46", "pk": "194"}, "geometry": {"type": "Point", "coordinates": [-133.194212, 57.003051]}}, {"type": "Feature", "id": 195, "properties": {"Tier1Images": 1168, "Tier2Images": 243, "S2Images": 701, "TideRange": "6.48", "WaveHeight": "0.43", "RelativeTideRange": "15.22", "pk": "195"}, "geometry": {"type": "Point", "coordinates": [-133.974761, 57.018858]}}, {"type": "Feature", "id": 196, "properties": {"Tier1Images": 1039, "Tier2Images": 318, "S2Images": 1432, "TideRange": "6.62", "WaveHeight": "0.78", "RelativeTideRange": "8.49", "pk": "196"}, "geometry": {"type": "Point", "coordinates": [-134.884863, 57.241699]}}, {"type": "Feature", "id": 197, "properties": {"Tier1Images": 1231, "Tier2Images": 500, "S2Images": 728, "TideRange": "4.52", "WaveHeight": "2.21", "RelativeTideRange": "2.05", "pk": "197"}, "geometry": {"type": "Point", "coordinates": [-135.493311, 57.509814]}}, {"type": "Feature", "id": 198, "properties": {"Tier1Images": 1287, "Tier2Images": 535, "S2Images": 728, "TideRange": "4.36", "WaveHeight": "2.25", "RelativeTideRange": "1.94", "pk": "198"}, "geometry": {"type": "Point", "coordinates": [-135.771028, 57.108446]}}, {"type": "Feature", "id": 199, "properties": {"Tier1Images": 1031, "Tier2Images": 314, "S2Images": 729, "TideRange": "4.52", "WaveHeight": "2.21", "RelativeTideRange": "2.05", "pk": "199"}, "geometry": {"type": "Point", "coordinates": [-135.406914, 57.212655]}}, {"type": "Feature", "id": 200, "properties": {"Tier1Images": 1345, "Tier2Images": 420, "S2Images": 1477, "TideRange": "4.29", "WaveHeight": "2.21", "RelativeTideRange": "1.94", "pk": "200"}, "geometry": {"type": "Point", "coordinates": [-135.298101, 56.80659]}}, {"type": "Feature", "id": 201, "properties": {"Tier1Images": 1235, "Tier2Images": 425, "S2Images": 1475, "TideRange": "4.25", "WaveHeight": "1.94", "RelativeTideRange": "2.19", "pk": "201"}, "geometry": {"type": "Point", "coordinates": [-134.982422, 56.563619]}}, {"type": "Feature", "id": 202, "properties": {"Tier1Images": 1055, "Tier2Images": 329, "S2Images": 732, "TideRange": "5.06", "WaveHeight": "1.48", "RelativeTideRange": "3.41", "pk": "202"}, "geometry": {"type": "Point", "coordinates": [-134.630089, 56.307274]}}, {"type": "Feature", "id": 203, "properties": {"Tier1Images": 1711, "Tier2Images": 440, "S2Images": 1426, "TideRange": "5.92", "WaveHeight": "0.78", "RelativeTideRange": "7.59", "pk": "203"}, "geometry": {"type": "Point", "coordinates": [-134.651262, 56.794333]}}, {"type": "Feature", "id": 204, "properties": {"Tier1Images": 1542, "Tier2Images": 377, "S2Images": 699, "TideRange": "6.89", "WaveHeight": "0.28", "RelativeTideRange": "24.52", "pk": "204"}, "geometry": {"type": "Point", "coordinates": [-134.100049, 57.300098]}}, {"type": "Feature", "id": 205, "properties": {"Tier1Images": 1835, "Tier2Images": 454, "S2Images": 1365, "TideRange": "7.39", "WaveHeight": "0.28", "RelativeTideRange": "26.31", "pk": "205"}, "geometry": {"type": "Point", "coordinates": [-134.048668, 57.684251]}}, {"type": "Feature", "id": 206, "properties": {"Tier1Images": 2233, "Tier2Images": 532, "S2Images": 1363, "TideRange": "7.40", "WaveHeight": "0.28", "RelativeTideRange": "26.33", "pk": "206"}, "geometry": {"type": "Point", "coordinates": [-133.967937, 57.736358]}}, {"type": "Feature", "id": 207, "properties": {"Tier1Images": 1873, "Tier2Images": 374, "S2Images": 659, "TideRange": "7.54", "WaveHeight": "0.24", "RelativeTideRange": "32.06", "pk": "207"}, "geometry": {"type": "Point", "coordinates": [-134.788386, 58.090163]}}, {"type": "Feature", "id": 208, "properties": {"Tier1Images": 1041, "Tier2Images": 314, "S2Images": 701, "TideRange": "7.04", "WaveHeight": "0.78", "RelativeTideRange": "9.02", "pk": "208"}, "geometry": {"type": "Point", "coordinates": [-134.642188, 57.619004]}}, {"type": "Feature", "id": 209, "properties": {"Tier1Images": 1090, "Tier2Images": 326, "S2Images": 701, "TideRange": "6.60", "WaveHeight": "0.78", "RelativeTideRange": "8.46", "pk": "209"}, "geometry": {"type": "Point", "coordinates": [-134.616756, 57.17073]}}, {"type": "Feature", "id": 210, "properties": {"Tier1Images": 1549, "Tier2Images": 378, "S2Images": 700, "TideRange": "6.78", "WaveHeight": "0.28", "RelativeTideRange": "24.12", "pk": "210"}, "geometry": {"type": "Point", "coordinates": [-134.110074, 57.290516]}}, {"type": "Feature", "id": 211, "properties": {"Tier1Images": 1327, "Tier2Images": 575, "S2Images": 729, "TideRange": "4.35", "WaveHeight": "2.21", "RelativeTideRange": "1.97", "pk": "211"}, "geometry": {"type": "Point", "coordinates": [-135.691943, 57.419922]}}, {"type": "Feature", "id": 212, "properties": {"Tier1Images": 1031, "Tier2Images": 318, "S2Images": 727, "TideRange": "7.19", "WaveHeight": "2.21", "RelativeTideRange": "3.26", "pk": "212"}, "geometry": {"type": "Point", "coordinates": [-135.21782, 57.572526]}}, {"type": "Feature", "id": 213, "properties": {"Tier1Images": 1033, "Tier2Images": 332, "S2Images": 1404, "TideRange": "7.19", "WaveHeight": "0.24", "RelativeTideRange": "30.60", "pk": "213"}, "geometry": {"type": "Point", "coordinates": [-135.052696, 57.726603]}}, {"type": "Feature", "id": 214, "properties": {"Tier1Images": 1634, "Tier2Images": 465, "S2Images": 1340, "TideRange": "7.36", "WaveHeight": "0.24", "RelativeTideRange": "31.32", "pk": "214"}, "geometry": {"type": "Point", "coordinates": [-134.942035, 57.908193]}}, {"type": "Feature", "id": 215, "properties": {"Tier1Images": 1963, "Tier2Images": 627, "S2Images": 669, "TideRange": "7.76", "WaveHeight": "0.46", "RelativeTideRange": "16.73", "pk": "215"}, "geometry": {"type": "Point", "coordinates": [-135.517995, 58.042189]}}, {"type": "Feature", "id": 216, "properties": {"Tier1Images": 1143, "Tier2Images": 379, "S2Images": 634, "TideRange": "5.63", "WaveHeight": "0.99", "RelativeTideRange": "5.70", "pk": "216"}, "geometry": {"type": "Point", "coordinates": [-135.856235, 58.252917]}}, {"type": "Feature", "id": 217, "properties": {"Tier1Images": 1611, "Tier2Images": 545, "S2Images": 651, "TideRange": "4.48", "WaveHeight": "1.93", "RelativeTideRange": "2.33", "pk": "217"}, "geometry": {"type": "Point", "coordinates": [-136.361811, 58.155386]}}, {"type": "Feature", "id": 218, "properties": {"Tier1Images": 969, "Tier2Images": 536, "S2Images": 661, "TideRange": "4.35", "WaveHeight": "1.93", "RelativeTideRange": "2.26", "pk": "218"}, "geometry": {"type": "Point", "coordinates": [-136.27702, 57.784566]}}, {"type": "Feature", "id": 219, "properties": {"Tier1Images": 1327, "Tier2Images": 587, "S2Images": 729, "TideRange": "4.35", "WaveHeight": "2.25", "RelativeTideRange": "1.94", "pk": "219"}, "geometry": {"type": "Point", "coordinates": [-135.760723, 57.428303]}}, {"type": "Feature", "id": 220, "properties": {"Tier1Images": 1909, "Tier2Images": 336, "S2Images": 355, "TideRange": "4.79", "WaveHeight": "1.42", "RelativeTideRange": "3.37", "pk": "220"}, "geometry": {"type": "Point", "coordinates": [-128.766455, 52.598389]}}, {"type": "Feature", "id": 221, "properties": {"Tier1Images": 1935, "Tier2Images": 342, "S2Images": 368, "TideRange": "4.74", "WaveHeight": "0.79", "RelativeTideRange": "5.98", "pk": "221"}, "geometry": {"type": "Point", "coordinates": [-128.529379, 52.499175]}}, {"type": "Feature", "id": 222, "properties": {"Tier1Images": 1268, "Tier2Images": 209, "S2Images": 354, "TideRange": "4.79", "WaveHeight": "0.94", "RelativeTideRange": "5.12", "pk": "222"}, "geometry": {"type": "Point", "coordinates": [-128.596992, 53.035767]}}, {"type": "Feature", "id": 223, "properties": {"Tier1Images": 1201, "Tier2Images": 203, "S2Images": 774, "TideRange": "5.24", "WaveHeight": "0.94", "RelativeTideRange": "5.60", "pk": "223"}, "geometry": {"type": "Point", "coordinates": [-129.092844, 53.123796]}}, {"type": "Feature", "id": 224, "properties": {"Tier1Images": 1504, "Tier2Images": 271, "S2Images": 739, "TideRange": "4.80", "WaveHeight": "1.42", "RelativeTideRange": "3.38", "pk": "224"}, "geometry": {"type": "Point", "coordinates": [-128.856256, 52.67699]}}, {"type": "Feature", "id": 225, "properties": {"Tier1Images": 1072, "Tier2Images": 309, "S2Images": 1466, "TideRange": "4.23", "WaveHeight": "2.10", "RelativeTideRange": "2.01", "pk": "225"}, "geometry": {"type": "Point", "coordinates": [-132.347266, 53.189209]}}, {"type": "Feature", "id": 226, "properties": {"Tier1Images": 1623, "Tier2Images": 400, "S2Images": 1420, "TideRange": "6.57", "WaveHeight": "1.04", "RelativeTideRange": "6.32", "pk": "226"}, "geometry": {"type": "Point", "coordinates": [-131.922684, 53.574529]}}, {"type": "Feature", "id": 227, "properties": {"Tier1Images": 1242, "Tier2Images": 202, "S2Images": 1403, "TideRange": "6.25", "WaveHeight": "1.00", "RelativeTideRange": "6.25", "pk": "227"}, "geometry": {"type": "Point", "coordinates": [-131.676747, 54.080567]}}, {"type": "Feature", "id": 228, "properties": {"Tier1Images": 1869, "Tier2Images": 311, "S2Images": 712, "TideRange": "5.52", "WaveHeight": "1.00", "RelativeTideRange": "5.53", "pk": "228"}, "geometry": {"type": "Point", "coordinates": [-132.112634, 53.876362]}}, {"type": "Feature", "id": 229, "properties": {"Tier1Images": 1636, "Tier2Images": 415, "S2Images": 715, "TideRange": "5.23", "WaveHeight": "2.41", "RelativeTideRange": "2.17", "pk": "229"}, "geometry": {"type": "Point", "coordinates": [-132.455202, 53.727477]}}, {"type": "Feature", "id": 230, "properties": {"Tier1Images": 1457, "Tier2Images": 229, "S2Images": 1406, "TideRange": "5.36", "WaveHeight": "1.61", "RelativeTideRange": "3.33", "pk": "230"}, "geometry": {"type": "Point", "coordinates": [-132.377388, 54.100445]}}, {"type": "Feature", "id": 231, "properties": {"Tier1Images": 1011, "Tier2Images": 305, "S2Images": 664, "TideRange": "4.45", "WaveHeight": "2.40", "RelativeTideRange": "1.85", "pk": "231"}, "geometry": {"type": "Point", "coordinates": [-133.083998, 54.062334]}}, {"type": "Feature", "id": 232, "properties": {"Tier1Images": 1066, "Tier2Images": 316, "S2Images": 716, "TideRange": "4.26", "WaveHeight": "2.41", "RelativeTideRange": "1.77", "pk": "232"}, "geometry": {"type": "Point", "coordinates": [-132.893003, 53.557514]}}, {"type": "Feature", "id": 233, "properties": {"Tier1Images": 1071, "Tier2Images": 315, "S2Images": 713, "TideRange": "4.27", "WaveHeight": "2.41", "RelativeTideRange": "1.77", "pk": "233"}, "geometry": {"type": "Point", "coordinates": [-132.696959, 53.363298]}}, {"type": "Feature", "id": 234, "properties": {"Tier1Images": 1317, "Tier2Images": 423, "S2Images": 1542, "TideRange": "4.77", "WaveHeight": "2.30", "RelativeTideRange": "2.08", "pk": "234"}, "geometry": {"type": "Point", "coordinates": [-131.116162, 52.219092]}}, {"type": "Feature", "id": 235, "properties": {"Tier1Images": 1712, "Tier2Images": 421, "S2Images": 782, "TideRange": "5.20", "WaveHeight": "1.84", "RelativeTideRange": "2.82", "pk": "235"}, "geometry": {"type": "Point", "coordinates": [-131.538154, 52.533625]}}, {"type": "Feature", "id": 236, "properties": {"Tier1Images": 1073, "Tier2Images": 237, "S2Images": 1490, "TideRange": "4.18", "WaveHeight": "1.64", "RelativeTideRange": "2.54", "pk": "236"}, "geometry": {"type": "Point", "coordinates": [-131.91698, 52.869153]}}, {"type": "Feature", "id": 237, "properties": {"Tier1Images": 1154, "Tier2Images": 232, "S2Images": 1479, "TideRange": "6.27", "WaveHeight": "1.26", "RelativeTideRange": "4.99", "pk": "237"}, "geometry": {"type": "Point", "coordinates": [-131.738279, 53.181476]}}, {"type": "Feature", "id": 238, "properties": {"Tier1Images": 1070, "Tier2Images": 310, "S2Images": 752, "TideRange": "4.23", "WaveHeight": "2.10", "RelativeTideRange": "2.01", "pk": "238"}, "geometry": {"type": "Point", "coordinates": [-132.535831, 53.124253]}}, {"type": "Feature", "id": 239, "properties": {"Tier1Images": 1084, "Tier2Images": 313, "S2Images": 753, "TideRange": "4.18", "WaveHeight": "1.64", "RelativeTideRange": "2.54", "pk": "239"}, "geometry": {"type": "Point", "coordinates": [-132.176627, 52.796422]}}, {"type": "Feature", "id": 240, "properties": {"Tier1Images": 1332, "Tier2Images": 424, "S2Images": 489, "TideRange": "4.18", "WaveHeight": "1.84", "RelativeTideRange": "2.27", "pk": "240"}, "geometry": {"type": "Point", "coordinates": [-131.563667, 52.4011]}}, {"type": "Feature", "id": 241, "properties": {"Tier1Images": 445, "Tier2Images": 200, "S2Images": 435, "TideRange": "1.01", "WaveHeight": "0.49", "RelativeTideRange": "2.07", "pk": "241"}, "geometry": {"type": "Point", "coordinates": [152.197266, -4.285156]}}, {"type": "Feature", "id": 242, "properties": {"Tier1Images": 970, "Tier2Images": 225, "S2Images": 426, "TideRange": "1.09", "WaveHeight": "0.39", "RelativeTideRange": "2.79", "pk": "242"}, "geometry": {"type": "Point", "coordinates": [151.567053, -4.384572]}}, {"type": "Feature", "id": 243, "properties": {"Tier1Images": 864, "Tier2Images": 251, "S2Images": 418, "TideRange": "1.10", "WaveHeight": "0.39", "RelativeTideRange": "2.85", "pk": "243"}, "geometry": {"type": "Point", "coordinates": [151.311607, -4.972438]}}, {"type": "Feature", "id": 244, "properties": {"Tier1Images": 621, "Tier2Images": 59, "S2Images": 378, "TideRange": "1.11", "WaveHeight": "0.41", "RelativeTideRange": "2.73", "pk": "244"}, "geometry": {"type": "Point", "coordinates": [150.663081, -5.517313]}}, {"type": "Feature", "id": 245, "properties": {"Tier1Images": 636, "Tier2Images": 70, "S2Images": 390, "TideRange": "1.11", "WaveHeight": "0.51", "RelativeTideRange": "2.18", "pk": "245"}, "geometry": {"type": "Point", "coordinates": [150.088666, -5.173205]}}, {"type": "Feature", "id": 246, "properties": {"Tier1Images": 1125, "Tier2Images": 131, "S2Images": 753, "TideRange": "1.11", "WaveHeight": "0.33", "RelativeTideRange": "3.38", "pk": "246"}, "geometry": {"type": "Point", "coordinates": [149.792097, -5.523968]}}, {"type": "Feature", "id": 247, "properties": {"Tier1Images": 541, "Tier2Images": 77, "S2Images": 763, "TideRange": "1.11", "WaveHeight": "0.71", "RelativeTideRange": "1.56", "pk": "247"}, "geometry": {"type": "Point", "coordinates": [148.921749, -5.494285]}}, {"type": "Feature", "id": 248, "properties": {"Tier1Images": 535, "Tier2Images": 80, "S2Images": 356, "TideRange": "1.02", "WaveHeight": "0.74", "RelativeTideRange": "1.37", "pk": "248"}, "geometry": {"type": "Point", "coordinates": [148.44076, -5.779743]}}, {"type": "Feature", "id": 249, "properties": {"Tier1Images": 539, "Tier2Images": 76, "S2Images": 376, "TideRange": "1.07", "WaveHeight": "0.64", "RelativeTideRange": "1.69", "pk": "249"}, "geometry": {"type": "Point", "coordinates": [149.241937, -6.089616]}}, {"type": "Feature", "id": 250, "properties": {"Tier1Images": 630, "Tier2Images": 68, "S2Images": 382, "TideRange": "1.07", "WaveHeight": "0.82", "RelativeTideRange": "1.30", "pk": "250"}, "geometry": {"type": "Point", "coordinates": [150.056989, -6.290778]}}, {"type": "Feature", "id": 251, "properties": {"Tier1Images": 617, "Tier2Images": 59, "S2Images": 395, "TideRange": "1.07", "WaveHeight": "0.81", "RelativeTideRange": "1.32", "pk": "251"}, "geometry": {"type": "Point", "coordinates": [150.891667, -6.038489]}}, {"type": "Feature", "id": 252, "properties": {"Tier1Images": 418, "Tier2Images": 27, "S2Images": 389, "TideRange": "1.07", "WaveHeight": "0.89", "RelativeTideRange": "1.20", "pk": "252"}, "geometry": {"type": "Point", "coordinates": [151.566206, -5.549847]}}, {"type": "Feature", "id": 253, "properties": {"Tier1Images": 692, "Tier2Images": 219, "S2Images": 418, "TideRange": "1.09", "WaveHeight": "0.74", "RelativeTideRange": "1.46", "pk": "253"}, "geometry": {"type": "Point", "coordinates": [152.005484, -5.16267]}}, {"type": "Feature", "id": 254, "properties": {"Tier1Images": 438, "Tier2Images": 201, "S2Images": 842, "TideRange": "1.05", "WaveHeight": "0.75", "RelativeTideRange": "1.41", "pk": "254"}, "geometry": {"type": "Point", "coordinates": [152.369824, -4.525537]}}, {"type": "Feature", "id": 255, "properties": {"Tier1Images": 1592, "Tier2Images": 217, "S2Images": 518, "TideRange": "1.17", "WaveHeight": "1.65", "RelativeTideRange": "0.71", "pk": "255"}, "geometry": {"type": "Point", "coordinates": [147.78584, -43.22002]}}, {"type": "Feature", "id": 256, "properties": {"Tier1Images": 1262, "Tier2Images": 162, "S2Images": 516, "TideRange": "1.25", "WaveHeight": "0.74", "RelativeTideRange": "1.68", "pk": "256"}, "geometry": {"type": "Point", "coordinates": [147.536156, -42.880345]}}, {"type": "Feature", "id": 257, "properties": {"Tier1Images": 949, "Tier2Images": 93, "S2Images": 516, "TideRange": "1.21", "WaveHeight": "0.74", "RelativeTideRange": "1.63", "pk": "257"}, "geometry": {"type": "Point", "coordinates": [147.337324, -42.9793]}}, {"type": "Feature", "id": 258, "properties": {"Tier1Images": 978, "Tier2Images": 102, "S2Images": 1048, "TideRange": "1.15", "WaveHeight": "2.42", "RelativeTideRange": "0.48", "pk": "258"}, "geometry": {"type": "Point", "coordinates": [147.063445, -43.290371]}}, {"type": "Feature", "id": 259, "properties": {"Tier1Images": 1727, "Tier2Images": 291, "S2Images": 666, "TideRange": "0.98", "WaveHeight": "2.62", "RelativeTideRange": "0.37", "pk": "259"}, "geometry": {"type": "Point", "coordinates": [146.510534, -43.511875]}}, {"type": "Feature", "id": 260, "properties": {"Tier1Images": 1724, "Tier2Images": 291, "S2Images": 2004, "TideRange": "0.96", "WaveHeight": "2.93", "RelativeTideRange": "0.33", "pk": "260"}, "geometry": {"type": "Point", "coordinates": [146.164381, -43.35481]}}, {"type": "Feature", "id": 261, "properties": {"Tier1Images": 797, "Tier2Images": 205, "S2Images": 985, "TideRange": "1.01", "WaveHeight": "3.12", "RelativeTideRange": "0.33", "pk": "261"}, "geometry": {"type": "Point", "coordinates": [145.641138, -43.032111]}}, {"type": "Feature", "id": 262, "properties": {"Tier1Images": 2609, "Tier2Images": 492, "S2Images": 921, "TideRange": "1.05", "WaveHeight": "3.18", "RelativeTideRange": "0.33", "pk": "262"}, "geometry": {"type": "Point", "coordinates": [145.237979, -42.458055]}}, {"type": "Feature", "id": 263, "properties": {"Tier1Images": 2618, "Tier2Images": 489, "S2Images": 467, "TideRange": "1.04", "WaveHeight": "3.18", "RelativeTideRange": "0.33", "pk": "263"}, "geometry": {"type": "Point", "coordinates": [145.518715, -42.403336]}}, {"type": "Feature", "id": 264, "properties": {"Tier1Images": 1839, "Tier2Images": 296, "S2Images": 468, "TideRange": "1.09", "WaveHeight": "3.02", "RelativeTideRange": "0.36", "pk": "264"}, "geometry": {"type": "Point", "coordinates": [145.172953, -41.950877]}}, {"type": "Feature", "id": 265, "properties": {"Tier1Images": 819, "Tier2Images": 233, "S2Images": 486, "TideRange": "1.10", "WaveHeight": "3.08", "RelativeTideRange": "0.36", "pk": "265"}, "geometry": {"type": "Point", "coordinates": [144.764918, -41.357054]}}, {"type": "Feature", "id": 266, "properties": {"Tier1Images": 951, "Tier2Images": 211, "S2Images": 3794, "TideRange": "2.04", "WaveHeight": "2.61", "RelativeTideRange": "0.78", "pk": "266"}, "geometry": {"type": "Point", "coordinates": [144.716744, -40.694829]}}, {"type": "Feature", "id": 267, "properties": {"Tier1Images": 2881, "Tier2Images": 368, "S2Images": 486, "TideRange": "3.08", "WaveHeight": "1.39", "RelativeTideRange": "2.21", "pk": "267"}, "geometry": {"type": "Point", "coordinates": [145.49893, -40.855655]}}, {"type": "Feature", "id": 268, "properties": {"Tier1Images": 1330, "Tier2Images": 106, "S2Images": 950, "TideRange": "3.14", "WaveHeight": "0.80", "RelativeTideRange": "3.93", "pk": "268"}, "geometry": {"type": "Point", "coordinates": [146.286546, -41.156671]}}, {"type": "Feature", "id": 269, "properties": {"Tier1Images": 2496, "Tier2Images": 201, "S2Images": 961, "TideRange": "3.08", "WaveHeight": "0.75", "RelativeTideRange": "4.08", "pk": "269"}, "geometry": {"type": "Point", "coordinates": [146.946788, -41.00791]}}, {"type": "Feature", "id": 270, "properties": {"Tier1Images": 1154, "Tier2Images": 100, "S2Images": 476, "TideRange": "2.72", "WaveHeight": "1.43", "RelativeTideRange": "1.90", "pk": "270"}, "geometry": {"type": "Point", "coordinates": [147.715338, -40.857608]}}, {"type": "Feature", "id": 271, "properties": {"Tier1Images": 2858, "Tier2Images": 239, "S2Images": 966, "TideRange": "1.44", "WaveHeight": "1.51", "RelativeTideRange": "0.95", "pk": "271"}, "geometry": {"type": "Point", "coordinates": [148.287244, -41.074693]}}, {"type": "Feature", "id": 272, "properties": {"Tier1Images": 1824, "Tier2Images": 154, "S2Images": 947, "TideRange": "1.35", "WaveHeight": "1.53", "RelativeTideRange": "0.89", "pk": "272"}, "geometry": {"type": "Point", "coordinates": [148.291189, -41.748012]}}, {"type": "Feature", "id": 273, "properties": {"Tier1Images": 1822, "Tier2Images": 154, "S2Images": 1814, "TideRange": "1.27", "WaveHeight": "1.62", "RelativeTideRange": "0.78", "pk": "273"}, "geometry": {"type": "Point", "coordinates": [148.278561, -42.143472]}}, {"type": "Feature", "id": 274, "properties": {"Tier1Images": 2477, "Tier2Images": 285, "S2Images": 462, "TideRange": "1.24", "WaveHeight": "1.91", "RelativeTideRange": "0.65", "pk": "274"}, "geometry": {"type": "Point", "coordinates": [148.005614, -42.35991]}}, {"type": "Feature", "id": 275, "properties": {"Tier1Images": 1590, "Tier2Images": 218, "S2Images": 959, "TideRange": "1.15", "WaveHeight": "1.65", "RelativeTideRange": "0.69", "pk": "275"}, "geometry": {"type": "Point", "coordinates": [147.962894, -43.004492]}}, {"type": "Feature", "id": 276, "properties": {"Tier1Images": 1669, "Tier2Images": 181, "S2Images": 1051, "TideRange": "1.81", "WaveHeight": "0.99", "RelativeTideRange": "1.83", "pk": "276"}, "geometry": {"type": "Point", "coordinates": [175.780664, -36.80459]}}, {"type": "Feature", "id": 277, "properties": {"Tier1Images": 1530, "Tier2Images": 175, "S2Images": 655, "TideRange": "1.77", "WaveHeight": "1.18", "RelativeTideRange": "1.50", "pk": "277"}, "geometry": {"type": "Point", "coordinates": [176.040731, -37.478211]}}, {"type": "Feature", "id": 278, "properties": {"Tier1Images": 743, "Tier2Images": 132, "S2Images": 517, "TideRange": "1.76", "WaveHeight": "1.18", "RelativeTideRange": "1.48", "pk": "278"}, "geometry": {"type": "Point", "coordinates": [176.554505, -37.802845]}}, {"type": "Feature", "id": 279, "properties": {"Tier1Images": 1634, "Tier2Images": 296, "S2Images": 1016, "TideRange": "1.76", "WaveHeight": "0.97", "RelativeTideRange": "1.82", "pk": "279"}, "geometry": {"type": "Point", "coordinates": [177.403335, -37.971646]}}, {"type": "Feature", "id": 280, "properties": {"Tier1Images": 701, "Tier2Images": 164, "S2Images": 1001, "TideRange": "1.70", "WaveHeight": "1.56", "RelativeTideRange": "1.09", "pk": "280"}, "geometry": {"type": "Point", "coordinates": [178.087762, -37.558472]}}, {"type": "Feature", "id": 281, "properties": {"Tier1Images": 654, "Tier2Images": 158, "S2Images": 1962, "TideRange": "1.54", "WaveHeight": "1.94", "RelativeTideRange": "0.79", "pk": "281"}, "geometry": {"type": "Point", "coordinates": [178.388499, -37.988367]}}, {"type": "Feature", "id": 282, "properties": {"Tier1Images": 765, "Tier2Images": 54, "S2Images": 1961, "TideRange": "1.46", "WaveHeight": "2.04", "RelativeTideRange": "0.72", "pk": "282"}, "geometry": {"type": "Point", "coordinates": [178.153333, -38.650887]}}, {"type": "Feature", "id": 283, "properties": {"Tier1Images": 769, "Tier2Images": 54, "S2Images": 983, "TideRange": "1.50", "WaveHeight": "1.79", "RelativeTideRange": "0.84", "pk": "283"}, "geometry": {"type": "Point", "coordinates": [177.908938, -39.239296]}}, {"type": "Feature", "id": 284, "properties": {"Tier1Images": 1534, "Tier2Images": 76, "S2Images": 983, "TideRange": "1.52", "WaveHeight": "1.49", "RelativeTideRange": "1.02", "pk": "284"}, "geometry": {"type": "Point", "coordinates": [177.136215, -39.182991]}}, {"type": "Feature", "id": 285, "properties": {"Tier1Images": 2236, "Tier2Images": 153, "S2Images": 3897, "TideRange": "1.45", "WaveHeight": "1.87", "RelativeTideRange": "0.78", "pk": "285"}, "geometry": {"type": "Point", "coordinates": [177.061934, -39.753493]}}, {"type": "Feature", "id": 286, "properties": {"Tier1Images": 1470, "Tier2Images": 128, "S2Images": 968, "TideRange": "1.42", "WaveHeight": "1.87", "RelativeTideRange": "0.76", "pk": "286"}, "geometry": {"type": "Point", "coordinates": [176.654008, -40.36034]}}, {"type": "Feature", "id": 287, "properties": {"Tier1Images": 1710, "Tier2Images": 239, "S2Images": 489, "TideRange": "1.43", "WaveHeight": "1.75", "RelativeTideRange": "0.82", "pk": "287"}, "geometry": {"type": "Point", "coordinates": [176.193944, -40.943027]}}, {"type": "Feature", "id": 288, "properties": {"Tier1Images": 700, "Tier2Images": 98, "S2Images": 490, "TideRange": "1.41", "WaveHeight": "1.95", "RelativeTideRange": "0.72", "pk": "288"}, "geometry": {"type": "Point", "coordinates": [175.617225, -41.448665]}}, {"type": "Feature", "id": 289, "properties": {"Tier1Images": 1487, "Tier2Images": 126, "S2Images": 490, "TideRange": "1.23", "WaveHeight": "1.84", "RelativeTideRange": "0.67", "pk": "289"}, "geometry": {"type": "Point", "coordinates": [174.97186, -41.414354]}}, {"type": "Feature", "id": 290, "properties": {"Tier1Images": 2258, "Tier2Images": 180, "S2Images": 1997, "TideRange": "0.94", "WaveHeight": "1.19", "RelativeTideRange": "0.79", "pk": "290"}, "geometry": {"type": "Point", "coordinates": [174.704775, -41.198275]}}, {"type": "Feature", "id": 291, "properties": {"Tier1Images": 1562, "Tier2Images": 77, "S2Images": 494, "TideRange": "2.05", "WaveHeight": "1.46", "RelativeTideRange": "1.41", "pk": "291"}, "geometry": {"type": "Point", "coordinates": [175.16447, -40.61556]}}, {"type": "Feature", "id": 292, "properties": {"Tier1Images": 1562, "Tier2Images": 79, "S2Images": 997, "TideRange": "2.46", "WaveHeight": "1.46", "RelativeTideRange": "1.69", "pk": "292"}, "geometry": {"type": "Point", "coordinates": [175.034229, -39.979868]}}, {"type": "Feature", "id": 293, "properties": {"Tier1Images": 1720, "Tier2Images": 159, "S2Images": 527, "TideRange": "3.05", "WaveHeight": "1.95", "RelativeTideRange": "1.56", "pk": "293"}, "geometry": {"type": "Point", "coordinates": [174.296368, -39.622784]}}, {"type": "Feature", "id": 294, "properties": {"Tier1Images": 1457, "Tier2Images": 191, "S2Images": 521, "TideRange": "3.18", "WaveHeight": "1.99", "RelativeTideRange": "1.60", "pk": "294"}, "geometry": {"type": "Point", "coordinates": [173.805538, -39.170415]}}, {"type": "Feature", "id": 295, "properties": {"Tier1Images": 873, "Tier2Images": 279, "S2Images": 1000, "TideRange": "3.21", "WaveHeight": "1.50", "RelativeTideRange": "2.13", "pk": "295"}, "geometry": {"type": "Point", "coordinates": [174.568973, -38.83659]}}, {"type": "Feature", "id": 296, "properties": {"Tier1Images": 1689, "Tier2Images": 123, "S2Images": 1035, "TideRange": "3.06", "WaveHeight": "2.02", "RelativeTideRange": "1.52", "pk": "296"}, "geometry": {"type": "Point", "coordinates": [174.767935, -38.155184]}}, {"type": "Feature", "id": 297, "properties": {"Tier1Images": 1506, "Tier2Images": 182, "S2Images": 1074, "TideRange": "2.98", "WaveHeight": "2.07", "RelativeTideRange": "1.44", "pk": "297"}, "geometry": {"type": "Point", "coordinates": [174.767, -37.53758]}}, {"type": "Feature", "id": 298, "properties": {"Tier1Images": 1508, "Tier2Images": 183, "S2Images": 540, "TideRange": "2.94", "WaveHeight": "1.84", "RelativeTideRange": "1.60", "pk": "298"}, "geometry": {"type": "Point", "coordinates": [174.731212, -37.210043]}}, {"type": "Feature", "id": 299, "properties": {"Tier1Images": 2278, "Tier2Images": 222, "S2Images": 537, "TideRange": "2.91", "WaveHeight": "1.84", "RelativeTideRange": "1.58", "pk": "299"}, "geometry": {"type": "Point", "coordinates": [174.458328, -36.908904]}}, {"type": "Feature", "id": 300, "properties": {"Tier1Images": 1984, "Tier2Images": 125, "S2Images": 538, "TideRange": "2.89", "WaveHeight": "2.05", "RelativeTideRange": "1.41", "pk": "300"}, "geometry": {"type": "Point", "coordinates": [174.422791, -36.575642]}}, {"type": "Feature", "id": 301, "properties": {"Tier1Images": 794, "Tier2Images": 41, "S2Images": 1022, "TideRange": "2.84", "WaveHeight": "2.05", "RelativeTideRange": "1.38", "pk": "301"}, "geometry": {"type": "Point", "coordinates": [174.149226, -36.18824]}}, {"type": "Feature", "id": 302, "properties": {"Tier1Images": 794, "Tier2Images": 41, "S2Images": 538, "TideRange": "2.84", "WaveHeight": "2.05", "RelativeTideRange": "1.38", "pk": "302"}, "geometry": {"type": "Point", "coordinates": [174.098363, -36.244228]}}, {"type": "Feature", "id": 303, "properties": {"Tier1Images": 991, "Tier2Images": 104, "S2Images": 1042, "TideRange": "2.81", "WaveHeight": "2.21", "RelativeTideRange": "1.27", "pk": "303"}, "geometry": {"type": "Point", "coordinates": [173.748376, -35.94267]}}, {"type": "Feature", "id": 304, "properties": {"Tier1Images": 1789, "Tier2Images": 213, "S2Images": 1043, "TideRange": "2.78", "WaveHeight": "1.30", "RelativeTideRange": "2.15", "pk": "304"}, "geometry": {"type": "Point", "coordinates": [173.609824, -35.357902]}}, {"type": "Feature", "id": 305, "properties": {"Tier1Images": 572, "Tier2Images": 78, "S2Images": 546, "TideRange": "2.79", "WaveHeight": "2.14", "RelativeTideRange": "1.30", "pk": "305"}, "geometry": {"type": "Point", "coordinates": [173.12898, -35.191385]}}, {"type": "Feature", "id": 306, "properties": {"Tier1Images": 552, "Tier2Images": 77, "S2Images": 542, "TideRange": "2.75", "WaveHeight": "1.94", "RelativeTideRange": "1.42", "pk": "306"}, "geometry": {"type": "Point", "coordinates": [172.806159, -34.569898]}}, {"type": "Feature", "id": 307, "properties": {"Tier1Images": 554, "Tier2Images": 76, "S2Images": 544, "TideRange": "2.12", "WaveHeight": "1.94", "RelativeTideRange": "1.10", "pk": "307"}, "geometry": {"type": "Point", "coordinates": [173.090988, -34.698036]}}, {"type": "Feature", "id": 308, "properties": {"Tier1Images": 1222, "Tier2Images": 200, "S2Images": 1054, "TideRange": "2.12", "WaveHeight": "1.30", "RelativeTideRange": "1.64", "pk": "308"}, "geometry": {"type": "Point", "coordinates": [173.584868, -34.976766]}}, {"type": "Feature", "id": 309, "properties": {"Tier1Images": 1460, "Tier2Images": 165, "S2Images": 1021, "TideRange": "2.07", "WaveHeight": "1.13", "RelativeTideRange": "1.83", "pk": "309"}, "geometry": {"type": "Point", "coordinates": [174.219208, -35.297548]}}, {"type": "Feature", "id": 310, "properties": {"Tier1Images": 932, "Tier2Images": 52, "S2Images": 540, "TideRange": "2.08", "WaveHeight": "1.18", "RelativeTideRange": "1.76", "pk": "310"}, "geometry": {"type": "Point", "coordinates": [174.560009, -35.789139]}}, {"type": "Feature", "id": 311, "properties": {"Tier1Images": 1559, "Tier2Images": 113, "S2Images": 535, "TideRange": "2.20", "WaveHeight": "1.07", "RelativeTideRange": "2.06", "pk": "311"}, "geometry": {"type": "Point", "coordinates": [174.770441, -36.272725]}}, {"type": "Feature", "id": 312, "properties": {"Tier1Images": 2293, "Tier2Images": 223, "S2Images": 1078, "TideRange": "2.51", "WaveHeight": "1.84", "RelativeTideRange": "1.37", "pk": "312"}, "geometry": {"type": "Point", "coordinates": [174.843074, -36.869805]}}, {"type": "Feature", "id": 313, "properties": {"Tier1Images": 828, "Tier2Images": 52, "S2Images": 1035, "TideRange": "2.70", "WaveHeight": "0.47", "RelativeTideRange": "5.74", "pk": "313"}, "geometry": {"type": "Point", "coordinates": [175.43728, -37.213643]}}, {"type": "Feature", "id": 314, "properties": {"Tier1Images": 795, "Tier2Images": 77, "S2Images": 1051, "TideRange": "2.31", "WaveHeight": "0.95", "RelativeTideRange": "2.44", "pk": "314"}, "geometry": {"type": "Point", "coordinates": [175.425886, -36.591476]}}, {"type": "Feature", "id": 315, "properties": {"Tier1Images": 1541, "Tier2Images": 106, "S2Images": 507, "TideRange": "1.83", "WaveHeight": "1.22", "RelativeTideRange": "1.49", "pk": "315"}, "geometry": {"type": "Point", "coordinates": [172.888867, -43.124219]}}, {"type": "Feature", "id": 316, "properties": {"Tier1Images": 888, "Tier2Images": 88, "S2Images": 1947, "TideRange": "1.51", "WaveHeight": "1.49", "RelativeTideRange": "1.01", "pk": "316"}, "geometry": {"type": "Point", "coordinates": [173.464209, -42.650394]}}, {"type": "Feature", "id": 317, "properties": {"Tier1Images": 817, "Tier2Images": 34, "S2Images": 1022, "TideRange": "1.49", "WaveHeight": "1.69", "RelativeTideRange": "0.89", "pk": "317"}, "geometry": {"type": "Point", "coordinates": [173.929996, -42.105931]}}, {"type": "Feature", "id": 318, "properties": {"Tier1Images": 819, "Tier2Images": 35, "S2Images": 1027, "TideRange": "1.41", "WaveHeight": "1.69", "RelativeTideRange": "0.84", "pk": "318"}, "geometry": {"type": "Point", "coordinates": [174.102312, -41.644613]}}, {"type": "Feature", "id": 319, "properties": {"Tier1Images": 1656, "Tier2Images": 101, "S2Images": 1008, "TideRange": "1.55", "WaveHeight": "1.19", "RelativeTideRange": "1.30", "pk": "319"}, "geometry": {"type": "Point", "coordinates": [174.370081, -41.104919]}}, {"type": "Feature", "id": 320, "properties": {"Tier1Images": 1584, "Tier2Images": 89, "S2Images": 1008, "TideRange": "1.93", "WaveHeight": "0.89", "RelativeTideRange": "2.16", "pk": "320"}, "geometry": {"type": "Point", "coordinates": [174.222529, -41.0202]}}, {"type": "Feature", "id": 321, "properties": {"Tier1Images": 996, "Tier2Images": 53, "S2Images": 1009, "TideRange": "3.39", "WaveHeight": "0.89", "RelativeTideRange": "3.80", "pk": "321"}, "geometry": {"type": "Point", "coordinates": [173.862296, -41.188566]}}, {"type": "Feature", "id": 322, "properties": {"Tier1Images": 1865, "Tier2Images": 129, "S2Images": 519, "TideRange": "3.40", "WaveHeight": "0.73", "RelativeTideRange": "4.68", "pk": "322"}, "geometry": {"type": "Point", "coordinates": [173.607167, -41.073269]}}, {"type": "Feature", "id": 323, "properties": {"Tier1Images": 2345, "Tier2Images": 129, "S2Images": 519, "TideRange": "3.58", "WaveHeight": "0.73", "RelativeTideRange": "4.92", "pk": "323"}, "geometry": {"type": "Point", "coordinates": [173.049934, -41.050566]}}, {"type": "Feature", "id": 324, "properties": {"Tier1Images": 747, "Tier2Images": 81, "S2Images": 522, "TideRange": "3.55", "WaveHeight": "1.56", "RelativeTideRange": "2.28", "pk": "324"}, "geometry": {"type": "Point", "coordinates": [172.789778, -40.536979]}}, {"type": "Feature", "id": 325, "properties": {"Tier1Images": 1052, "Tier2Images": 275, "S2Images": 1992, "TideRange": "3.19", "WaveHeight": "2.04", "RelativeTideRange": "1.57", "pk": "325"}, "geometry": {"type": "Point", "coordinates": [172.314978, -40.729215]}}, {"type": "Feature", "id": 326, "properties": {"Tier1Images": 1595, "Tier2Images": 290, "S2Images": 1016, "TideRange": "3.09", "WaveHeight": "1.93", "RelativeTideRange": "1.60", "pk": "326"}, "geometry": {"type": "Point", "coordinates": [172.038786, -41.362289]}}, {"type": "Feature", "id": 327, "properties": {"Tier1Images": 1412, "Tier2Images": 213, "S2Images": 985, "TideRange": "2.89", "WaveHeight": "2.33", "RelativeTideRange": "1.24", "pk": "327"}, "geometry": {"type": "Point", "coordinates": [171.47456, -41.826476]}}, {"type": "Feature", "id": 328, "properties": {"Tier1Images": 1864, "Tier2Images": 233, "S2Images": 2010, "TideRange": "2.75", "WaveHeight": "1.88", "RelativeTideRange": "1.46", "pk": "328"}, "geometry": {"type": "Point", "coordinates": [171.309365, -42.453286]}}, {"type": "Feature", "id": 329, "properties": {"Tier1Images": 1614, "Tier2Images": 82, "S2Images": 2011, "TideRange": "2.67", "WaveHeight": "1.88", "RelativeTideRange": "1.42", "pk": "329"}, "geometry": {"type": "Point", "coordinates": [171.009126, -42.761162]}}, {"type": "Feature", "id": 330, "properties": {"Tier1Images": 824, "Tier2Images": 55, "S2Images": 518, "TideRange": "2.61", "WaveHeight": "2.15", "RelativeTideRange": "1.22", "pk": "330"}, "geometry": {"type": "Point", "coordinates": [170.538008, -43.042181]}}, {"type": "Feature", "id": 331, "properties": {"Tier1Images": 865, "Tier2Images": 86, "S2Images": 502, "TideRange": "2.52", "WaveHeight": "2.15", "RelativeTideRange": "1.17", "pk": "331"}, "geometry": {"type": "Point", "coordinates": [170.17276, -43.232617]}}, {"type": "Feature", "id": 332, "properties": {"Tier1Images": 1307, "Tier2Images": 322, "S2Images": 506, "TideRange": "2.43", "WaveHeight": "1.93", "RelativeTideRange": "1.26", "pk": "332"}, "geometry": {"type": "Point", "coordinates": [169.624797, -43.599352]}}, {"type": "Feature", "id": 333, "properties": {"Tier1Images": 2013, "Tier2Images": 337, "S2Images": 951, "TideRange": "2.29", "WaveHeight": "1.49", "RelativeTideRange": "1.53", "pk": "333"}, "geometry": {"type": "Point", "coordinates": [169.028909, -43.876557]}}, {"type": "Feature", "id": 334, "properties": {"Tier1Images": 840, "Tier2Images": 116, "S2Images": 964, "TideRange": "2.13", "WaveHeight": "2.09", "RelativeTideRange": "1.02", "pk": "334"}, "geometry": {"type": "Point", "coordinates": [168.276354, -44.157064]}}, {"type": "Feature", "id": 335, "properties": {"Tier1Images": 1160, "Tier2Images": 435, "S2Images": 1028, "TideRange": "2.07", "WaveHeight": "2.68", "RelativeTideRange": "0.77", "pk": "335"}, "geometry": {"type": "Point", "coordinates": [167.89643, -44.654617]}}, {"type": "Feature", "id": 336, "properties": {"Tier1Images": 1154, "Tier2Images": 436, "S2Images": 909, "TideRange": "2.04", "WaveHeight": "2.68", "RelativeTideRange": "0.76", "pk": "336"}, "geometry": {"type": "Point", "coordinates": [167.441573, -44.900429]}}, {"type": "Feature", "id": 337, "properties": {"Tier1Images": 1902, "Tier2Images": 502, "S2Images": 460, "TideRange": "2.01", "WaveHeight": "2.88", "RelativeTideRange": "0.70", "pk": "337"}, "geometry": {"type": "Point", "coordinates": [167.029308, -45.121186]}}, {"type": "Feature", "id": 338, "properties": {"Tier1Images": 1665, "Tier2Images": 680, "S2Images": 487, "TideRange": "1.99", "WaveHeight": "2.88", "RelativeTideRange": "0.69", "pk": "338"}, "geometry": {"type": "Point", "coordinates": [166.928234, -45.317796]}}, {"type": "Feature", "id": 339, "properties": {"Tier1Images": 1294, "Tier2Images": 296, "S2Images": 485, "TideRange": "1.97", "WaveHeight": "2.93", "RelativeTideRange": "0.67", "pk": "339"}, "geometry": {"type": "Point", "coordinates": [166.920724, -45.561909]}}, {"type": "Feature", "id": 340, "properties": {"Tier1Images": 1109, "Tier2Images": 282, "S2Images": 481, "TideRange": "1.98", "WaveHeight": "3.10", "RelativeTideRange": "0.64", "pk": "340"}, "geometry": {"type": "Point", "coordinates": [166.587114, -45.803175]}}, {"type": "Feature", "id": 341, "properties": {"Tier1Images": 1293, "Tier2Images": 296, "S2Images": 977, "TideRange": "2.11", "WaveHeight": "3.10", "RelativeTideRange": "0.68", "pk": "341"}, "geometry": {"type": "Point", "coordinates": [166.734639, -46.050249]}}, {"type": "Feature", "id": 342, "properties": {"Tier1Images": 1296, "Tier2Images": 296, "S2Images": 1003, "TideRange": "2.04", "WaveHeight": "3.14", "RelativeTideRange": "0.65", "pk": "342"}, "geometry": {"type": "Point", "coordinates": [166.974467, -46.238246]}}, {"type": "Feature", "id": 343, "properties": {"Tier1Images": 795, "Tier2Images": 84, "S2Images": 979, "TideRange": "2.23", "WaveHeight": "2.76", "RelativeTideRange": "0.81", "pk": "343"}, "geometry": {"type": "Point", "coordinates": [167.749264, -46.258714]}}, {"type": "Feature", "id": 344, "properties": {"Tier1Images": 2076, "Tier2Images": 279, "S2Images": 513, "TideRange": "2.26", "WaveHeight": "2.05", "RelativeTideRange": "1.11", "pk": "344"}, "geometry": {"type": "Point", "coordinates": [168.34334, -46.569595]}}, {"type": "Feature", "id": 345, "properties": {"Tier1Images": 1038, "Tier2Images": 96, "S2Images": 956, "TideRange": "2.04", "WaveHeight": "2.35", "RelativeTideRange": "0.87", "pk": "345"}, "geometry": {"type": "Point", "coordinates": [169.179098, -46.62731]}}, {"type": "Feature", "id": 346, "properties": {"Tier1Images": 1491, "Tier2Images": 119, "S2Images": 950, "TideRange": "1.83", "WaveHeight": "2.11", "RelativeTideRange": "0.87", "pk": "346"}, "geometry": {"type": "Point", "coordinates": [169.908975, -46.342959]}}, {"type": "Feature", "id": 347, "properties": {"Tier1Images": 1487, "Tier2Images": 123, "S2Images": 977, "TideRange": "1.77", "WaveHeight": "1.86", "RelativeTideRange": "0.96", "pk": "347"}, "geometry": {"type": "Point", "coordinates": [170.535042, -45.920431]}}, {"type": "Feature", "id": 348, "properties": {"Tier1Images": 1779, "Tier2Images": 139, "S2Images": 979, "TideRange": "1.72", "WaveHeight": "2.05", "RelativeTideRange": "0.84", "pk": "348"}, "geometry": {"type": "Point", "coordinates": [170.843421, -45.464395]}}, {"type": "Feature", "id": 349, "properties": {"Tier1Images": 1397, "Tier2Images": 72, "S2Images": 1965, "TideRange": "1.75", "WaveHeight": "1.66", "RelativeTideRange": "1.05", "pk": "349"}, "geometry": {"type": "Point", "coordinates": [171.015552, -44.929175]}}, {"type": "Feature", "id": 350, "properties": {"Tier1Images": 915, "Tier2Images": 54, "S2Images": 930, "TideRange": "1.84", "WaveHeight": "1.40", "RelativeTideRange": "1.32", "pk": "350"}, "geometry": {"type": "Point", "coordinates": [171.273553, -44.407527]}}, {"type": "Feature", "id": 351, "properties": {"Tier1Images": 949, "Tier2Images": 78, "S2Images": 505, "TideRange": "1.87", "WaveHeight": "1.30", "RelativeTideRange": "1.43", "pk": "351"}, "geometry": {"type": "Point", "coordinates": [171.760851, -44.06951]}}, {"type": "Feature", "id": 352, "properties": {"Tier1Images": 2127, "Tier2Images": 290, "S2Images": 510, "TideRange": "1.90", "WaveHeight": "1.30", "RelativeTideRange": "1.46", "pk": "352"}, "geometry": {"type": "Point", "coordinates": [172.119876, -43.749044]}}, {"type": "Feature", "id": 353, "properties": {"Tier1Images": 2132, "Tier2Images": 294, "S2Images": 505, "TideRange": "1.90", "WaveHeight": "1.52", "RelativeTideRange": "1.25", "pk": "353"}, "geometry": {"type": "Point", "coordinates": [172.572386, -43.829687]}}, {"type": "Feature", "id": 354, "properties": {"Tier1Images": 1101, "Tier2Images": 96, "S2Images": 995, "TideRange": "1.95", "WaveHeight": "1.23", "RelativeTideRange": "1.58", "pk": "354"}, "geometry": {"type": "Point", "coordinates": [173.00909, -43.667221]}}, {"type": "Feature", "id": 355, "properties": {"Tier1Images": 1544, "Tier2Images": 106, "S2Images": 1009, "TideRange": "1.94", "WaveHeight": "1.23", "RelativeTideRange": "1.57", "pk": "355"}, "geometry": {"type": "Point", "coordinates": [172.71701, -43.37754]}}, {"type": "Feature", "id": 356, "properties": {"Tier1Images": 447, "Tier2Images": 62, "S2Images": 417, "TideRange": "2.15", "WaveHeight": "1.31", "RelativeTideRange": "1.64", "pk": "356"}, "geometry": {"type": "Point", "coordinates": [126.593359, 7.546777]}}, {"type": "Feature", "id": 357, "properties": {"Tier1Images": 832, "Tier2Images": 95, "S2Images": 391, "TideRange": "2.12", "WaveHeight": "1.09", "RelativeTideRange": "1.95", "pk": "357"}, "geometry": {"type": "Point", "coordinates": [126.376662, 8.36072]}}, {"type": "Feature", "id": 358, "properties": {"Tier1Images": 505, "Tier2Images": 20, "S2Images": 867, "TideRange": "2.10", "WaveHeight": "1.21", "RelativeTideRange": "1.74", "pk": "358"}, "geometry": {"type": "Point", "coordinates": [126.252275, 9.022452]}}, {"type": "Feature", "id": 359, "properties": {"Tier1Images": 439, "Tier2Images": 38, "S2Images": 401, "TideRange": "1.93", "WaveHeight": "0.37", "RelativeTideRange": "5.18", "pk": "359"}, "geometry": {"type": "Point", "coordinates": [125.721735, 9.606659]}}, {"type": "Feature", "id": 360, "properties": {"Tier1Images": 506, "Tier2Images": 20, "S2Images": 402, "TideRange": "2.29", "WaveHeight": "0.22", "RelativeTideRange": "10.50", "pk": "360"}, "geometry": {"type": "Point", "coordinates": [125.523987, 9.195574]}}, {"type": "Feature", "id": 361, "properties": {"Tier1Images": 830, "Tier2Images": 31, "S2Images": 830, "TideRange": "2.24", "WaveHeight": "0.34", "RelativeTideRange": "6.61", "pk": "361"}, "geometry": {"type": "Point", "coordinates": [124.923616, 8.960897]}}, {"type": "Feature", "id": 362, "properties": {"Tier1Images": 601, "Tier2Images": 21, "S2Images": 427, "TideRange": "2.24", "WaveHeight": "0.37", "RelativeTideRange": "6.06", "pk": "362"}, "geometry": {"type": "Point", "coordinates": [124.376351, 8.575297]}}, {"type": "Feature", "id": 363, "properties": {"Tier1Images": 1224, "Tier2Images": 40, "S2Images": 878, "TideRange": "2.26", "WaveHeight": "0.37", "RelativeTideRange": "6.12", "pk": "363"}, "geometry": {"type": "Point", "coordinates": [123.764374, 8.067995]}}, {"type": "Feature", "id": 364, "properties": {"Tier1Images": 1339, "Tier2Images": 50, "S2Images": 428, "TideRange": "2.17", "WaveHeight": "0.49", "RelativeTideRange": "4.47", "pk": "364"}, "geometry": {"type": "Point", "coordinates": [123.46933, 8.691558]}}, {"type": "Feature", "id": 365, "properties": {"Tier1Images": 627, "Tier2Images": 22, "S2Images": 583, "TideRange": "2.46", "WaveHeight": "0.25", "RelativeTideRange": "9.84", "pk": "365"}, "geometry": {"type": "Point", "coordinates": [123.69193, 7.801381]}}, {"type": "Feature", "id": 366, "properties": {"Tier1Images": 626, "Tier2Images": 13, "S2Images": 925, "TideRange": "2.49", "WaveHeight": "0.27", "RelativeTideRange": "9.30", "pk": "366"}, "geometry": {"type": "Point", "coordinates": [124.135611, 7.194497]}}, {"type": "Feature", "id": 367, "properties": {"Tier1Images": 531, "Tier2Images": 26, "S2Images": 877, "TideRange": "2.45", "WaveHeight": "0.60", "RelativeTideRange": "4.05", "pk": "367"}, "geometry": {"type": "Point", "coordinates": [124.844092, 5.910489]}}, {"type": "Feature", "id": 368, "properties": {"Tier1Images": 529, "Tier2Images": 26, "S2Images": 424, "TideRange": "2.46", "WaveHeight": "0.84", "RelativeTideRange": "2.92", "pk": "368"}, "geometry": {"type": "Point", "coordinates": [125.26807, 5.684989]}}, {"type": "Feature", "id": 369, "properties": {"Tier1Images": 530, "Tier2Images": 52, "S2Images": 1611, "TideRange": "2.19", "WaveHeight": "0.69", "RelativeTideRange": "3.18", "pk": "369"}, "geometry": {"type": "Point", "coordinates": [125.663685, 6.245555]}}, {"type": "Feature", "id": 370, "properties": {"Tier1Images": 531, "Tier2Images": 37, "S2Images": 436, "TideRange": "2.17", "WaveHeight": "0.28", "RelativeTideRange": "7.88", "pk": "370"}, "geometry": {"type": "Point", "coordinates": [125.533302, 7.004502]}}, {"type": "Feature", "id": 371, "properties": {"Tier1Images": 604, "Tier2Images": 46, "S2Images": 814, "TideRange": "2.19", "WaveHeight": "0.28", "RelativeTideRange": "7.96", "pk": "371"}, "geometry": {"type": "Point", "coordinates": [125.986622, 6.940685]}}, {"type": "Feature", "id": 372, "properties": {"Tier1Images": 971, "Tier2Images": 177, "S2Images": 422, "TideRange": "2.16", "WaveHeight": "0.50", "RelativeTideRange": "4.33", "pk": "372"}, "geometry": {"type": "Point", "coordinates": [126.225005, 6.533573]}}, {"type": "Feature", "id": 373, "properties": {"Tier1Images": 447, "Tier2Images": 62, "S2Images": 802, "TideRange": "2.16", "WaveHeight": "0.90", "RelativeTideRange": "2.39", "pk": "373"}, "geometry": {"type": "Point", "coordinates": [126.570717, 7.225421]}}, {"type": "Feature", "id": 374, "properties": {"Tier1Images": 1111, "Tier2Images": 436, "S2Images": 472, "TideRange": "1.85", "WaveHeight": "1.58", "RelativeTideRange": "1.17", "pk": "374"}, "geometry": {"type": "Point", "coordinates": [122.293848, 18.234277]}}, {"type": "Feature", "id": 375, "properties": {"Tier1Images": 1333, "Tier2Images": 222, "S2Images": 445, "TideRange": "1.90", "WaveHeight": "1.47", "RelativeTideRange": "1.30", "pk": "375"}, "geometry": {"type": "Point", "coordinates": [122.243682, 17.426428]}}, {"type": "Feature", "id": 376, "properties": {"Tier1Images": 1031, "Tier2Images": 386, "S2Images": 435, "TideRange": "1.98", "WaveHeight": "1.50", "RelativeTideRange": "1.32", "pk": "376"}, "geometry": {"type": "Point", "coordinates": [122.375152, 16.724602]}}, {"type": "Feature", "id": 377, "properties": {"Tier1Images": 1326, "Tier2Images": 223, "S2Images": 442, "TideRange": "2.00", "WaveHeight": "1.32", "RelativeTideRange": "1.52", "pk": "377"}, "geometry": {"type": "Point", "coordinates": [121.862429, 16.109349]}}, {"type": "Feature", "id": 378, "properties": {"Tier1Images": 882, "Tier2Images": 57, "S2Images": 437, "TideRange": "2.00", "WaveHeight": "0.77", "RelativeTideRange": "2.60", "pk": "378"}, "geometry": {"type": "Point", "coordinates": [121.46024, 15.436779]}}, {"type": "Feature", "id": 379, "properties": {"Tier1Images": 1572, "Tier2Images": 269, "S2Images": 472, "TideRange": "2.18", "WaveHeight": "0.77", "RelativeTideRange": "2.84", "pk": "379"}, "geometry": {"type": "Point", "coordinates": [121.634624, 14.688246]}}, {"type": "Feature", "id": 380, "properties": {"Tier1Images": 710, "Tier2Images": 241, "S2Images": 485, "TideRange": "2.55", "WaveHeight": "0.34", "RelativeTideRange": "7.60", "pk": "380"}, "geometry": {"type": "Point", "coordinates": [122.025595, 13.970695]}}, {"type": "Feature", "id": 381, "properties": {"Tier1Images": 713, "Tier2Images": 65, "S2Images": 880, "TideRange": "2.24", "WaveHeight": "1.03", "RelativeTideRange": "2.18", "pk": "381"}, "geometry": {"type": "Point", "coordinates": [122.549951, 14.320267]}}, {"type": "Feature", "id": 382, "properties": {"Tier1Images": 1932, "Tier2Images": 345, "S2Images": 842, "TideRange": "2.68", "WaveHeight": "1.07", "RelativeTideRange": "2.51", "pk": "382"}, "geometry": {"type": "Point", "coordinates": [123.083028, 13.767607]}}, {"type": "Feature", "id": 383, "properties": {"Tier1Images": 816, "Tier2Images": 257, "S2Images": 418, "TideRange": "2.20", "WaveHeight": "1.07", "RelativeTideRange": "2.06", "pk": "383"}, "geometry": {"type": "Point", "coordinates": [123.627475, 13.900291]}}, {"type": "Feature", "id": 384, "properties": {"Tier1Images": 687, "Tier2Images": 214, "S2Images": 399, "TideRange": "2.08", "WaveHeight": "0.66", "RelativeTideRange": "3.14", "pk": "384"}, "geometry": {"type": "Point", "coordinates": [123.696587, 13.438691]}}, {"type": "Feature", "id": 385, "properties": {"Tier1Images": 711, "Tier2Images": 220, "S2Images": 411, "TideRange": "1.79", "WaveHeight": "0.64", "RelativeTideRange": "2.79", "pk": "385"}, "geometry": {"type": "Point", "coordinates": [124.139776, 12.901717]}}, {"type": "Feature", "id": 386, "properties": {"Tier1Images": 687, "Tier2Images": 214, "S2Images": 399, "TideRange": "2.59", "WaveHeight": "0.64", "RelativeTideRange": "4.05", "pk": "386"}, "geometry": {"type": "Point", "coordinates": [123.886878, 12.93461]}}, {"type": "Feature", "id": 387, "properties": {"Tier1Images": 687, "Tier2Images": 214, "S2Images": 399, "TideRange": "2.73", "WaveHeight": "0.49", "RelativeTideRange": "5.57", "pk": "387"}, "geometry": {"type": "Point", "coordinates": [123.239677, 13.301584]}}, {"type": "Feature", "id": 388, "properties": {"Tier1Images": 716, "Tier2Images": 65, "S2Images": 419, "TideRange": "2.79", "WaveHeight": "0.33", "RelativeTideRange": "8.33", "pk": "388"}, "geometry": {"type": "Point", "coordinates": [122.608461, 13.895484]}}, {"type": "Feature", "id": 389, "properties": {"Tier1Images": 787, "Tier2Images": 221, "S2Images": 418, "TideRange": "2.67", "WaveHeight": "0.51", "RelativeTideRange": "5.25", "pk": "389"}, "geometry": {"type": "Point", "coordinates": [122.661916, 13.242826]}}, {"type": "Feature", "id": 390, "properties": {"Tier1Images": 1463, "Tier2Images": 271, "S2Images": 938, "TideRange": "2.49", "WaveHeight": "0.34", "RelativeTideRange": "7.44", "pk": "390"}, "geometry": {"type": "Point", "coordinates": [122.079263, 13.781498]}}, {"type": "Feature", "id": 391, "properties": {"Tier1Images": 2421, "Tier2Images": 290, "S2Images": 456, "TideRange": "2.36", "WaveHeight": "0.36", "RelativeTideRange": "6.53", "pk": "391"}, "geometry": {"type": "Point", "coordinates": [121.360345, 13.659076]}}, {"type": "Feature", "id": 392, "properties": {"Tier1Images": 1608, "Tier2Images": 76, "S2Images": 454, "TideRange": "1.65", "WaveHeight": "0.68", "RelativeTideRange": "2.42", "pk": "392"}, "geometry": {"type": "Point", "coordinates": [120.634502, 13.829721]}}, {"type": "Feature", "id": 393, "properties": {"Tier1Images": 863, "Tier2Images": 215, "S2Images": 472, "TideRange": "1.69", "WaveHeight": "0.63", "RelativeTideRange": "2.69", "pk": "393"}, "geometry": {"type": "Point", "coordinates": [120.949761, 14.573267]}}, {"type": "Feature", "id": 394, "properties": {"Tier1Images": 864, "Tier2Images": 35, "S2Images": 477, "TideRange": "1.63", "WaveHeight": "0.63", "RelativeTideRange": "2.60", "pk": "394"}, "geometry": {"type": "Point", "coordinates": [120.586375, 14.526116]}}, {"type": "Feature", "id": 395, "properties": {"Tier1Images": 1815, "Tier2Images": 152, "S2Images": 969, "TideRange": "1.45", "WaveHeight": "0.76", "RelativeTideRange": "1.90", "pk": "395"}, "geometry": {"type": "Point", "coordinates": [120.060598, 14.923842]}}, {"type": "Feature", "id": 396, "properties": {"Tier1Images": 866, "Tier2Images": 57, "S2Images": 459, "TideRange": "1.36", "WaveHeight": "0.77", "RelativeTideRange": "1.76", "pk": "396"}, "geometry": {"type": "Point", "coordinates": [119.897925, 15.775328]}}, {"type": "Feature", "id": 397, "properties": {"Tier1Images": 866, "Tier2Images": 57, "S2Images": 947, "TideRange": "1.18", "WaveHeight": "0.77", "RelativeTideRange": "1.53", "pk": "397"}, "geometry": {"type": "Point", "coordinates": [120.036478, 16.18055]}}, {"type": "Feature", "id": 398, "properties": {"Tier1Images": 1817, "Tier2Images": 149, "S2Images": 487, "TideRange": "1.14", "WaveHeight": "0.65", "RelativeTideRange": "1.76", "pk": "398"}, "geometry": {"type": "Point", "coordinates": [120.305082, 16.554508]}}, {"type": "Feature", "id": 399, "properties": {"Tier1Images": 867, "Tier2Images": 58, "S2Images": 476, "TideRange": "1.08", "WaveHeight": "0.98", "RelativeTideRange": "1.11", "pk": "399"}, "geometry": {"type": "Point", "coordinates": [120.426217, 17.398597]}}, {"type": "Feature", "id": 400, "properties": {"Tier1Images": 860, "Tier2Images": 82, "S2Images": 485, "TideRange": "0.96", "WaveHeight": "1.38", "RelativeTideRange": "0.70", "pk": "400"}, "geometry": {"type": "Point", "coordinates": [120.531988, 18.222112]}}, {"type": "Feature", "id": 401, "properties": {"Tier1Images": 1395, "Tier2Images": 99, "S2Images": 1835, "TideRange": "1.05", "WaveHeight": "0.97", "RelativeTideRange": "1.08", "pk": "401"}, "geometry": {"type": "Point", "coordinates": [121.156902, 18.59652]}}, {"type": "Feature", "id": 402, "properties": {"Tier1Images": 807, "Tier2Images": 50, "S2Images": 447, "TideRange": "1.39", "WaveHeight": "1.11", "RelativeTideRange": "1.25", "pk": "402"}, "geometry": {"type": "Point", "coordinates": [121.978318, 18.299628]}}, {"type": "Feature", "id": 403, "properties": {"Tier1Images": 1688, "Tier2Images": 1239, "S2Images": 369, "TideRange": "3.64", "WaveHeight": "0.31", "RelativeTideRange": "11.92", "pk": "403"}, "geometry": {"type": "Point", "coordinates": [137.478981, -5.10647]}}, {"type": "Feature", "id": 404, "properties": {"Tier1Images": 1015, "Tier2Images": 120, "S2Images": 360, "TideRange": "3.53", "WaveHeight": "0.58", "RelativeTideRange": "6.05", "pk": "404"}, "geometry": {"type": "Point", "coordinates": [136.526681, -4.77065]}}, {"type": "Feature", "id": 405, "properties": {"Tier1Images": 1331, "Tier2Images": 238, "S2Images": 418, "TideRange": "2.61", "WaveHeight": "0.35", "RelativeTideRange": "7.53", "pk": "405"}, "geometry": {"type": "Point", "coordinates": [134.791722, -3.947067]}}, {"type": "Feature", "id": 406, "properties": {"Tier1Images": 1685, "Tier2Images": 331, "S2Images": 814, "TideRange": "2.65", "WaveHeight": "0.29", "RelativeTideRange": "9.07", "pk": "406"}, "geometry": {"type": "Point", "coordinates": [133.838833, -3.667635]}}, {"type": "Feature", "id": 407, "properties": {"Tier1Images": 865, "Tier2Images": 105, "S2Images": 820, "TideRange": "3.00", "WaveHeight": "0.24", "RelativeTideRange": "12.27", "pk": "407"}, "geometry": {"type": "Point", "coordinates": [133.691345, -3.101613]}}, {"type": "Feature", "id": 408, "properties": {"Tier1Images": 884, "Tier2Images": 126, "S2Images": 425, "TideRange": "2.39", "WaveHeight": "0.50", "RelativeTideRange": "4.82", "pk": "408"}, "geometry": {"type": "Point", "coordinates": [132.494108, -3.085645]}}, {"type": "Feature", "id": 409, "properties": {"Tier1Images": 880, "Tier2Images": 130, "S2Images": 404, "TideRange": "2.61", "WaveHeight": "0.41", "RelativeTideRange": "6.32", "pk": "409"}, "geometry": {"type": "Point", "coordinates": [132.21324, -2.688798]}}, {"type": "Feature", "id": 410, "properties": {"Tier1Images": 884, "Tier2Images": 127, "S2Images": 399, "TideRange": "3.87", "WaveHeight": "0.20", "RelativeTideRange": "19.59", "pk": "410"}, "geometry": {"type": "Point", "coordinates": [132.99274, -2.53876]}}, {"type": "Feature", "id": 411, "properties": {"Tier1Images": 868, "Tier2Images": 105, "S2Images": 379, "TideRange": "6.86", "WaveHeight": "0.11", "RelativeTideRange": "59.76", "pk": "411"}, "geometry": {"type": "Point", "coordinates": [133.723062, -2.517336]}}, {"type": "Feature", "id": 412, "properties": {"Tier1Images": 1241, "Tier2Images": 158, "S2Images": 379, "TideRange": "6.77", "WaveHeight": "0.11", "RelativeTideRange": "58.97", "pk": "412"}, "geometry": {"type": "Point", "coordinates": [133.716555, -2.186602]}}, {"type": "Feature", "id": 413, "properties": {"Tier1Images": 1552, "Tier2Images": 185, "S2Images": 397, "TideRange": "3.70", "WaveHeight": "0.20", "RelativeTideRange": "18.74", "pk": "413"}, "geometry": {"type": "Point", "coordinates": [132.82853, -2.266693]}}, {"type": "Feature", "id": 414, "properties": {"Tier1Images": 2254, "Tier2Images": 190, "S2Images": 404, "TideRange": "2.54", "WaveHeight": "0.34", "RelativeTideRange": "7.40", "pk": "414"}, "geometry": {"type": "Point", "coordinates": [132.032326, -1.997083]}}, {"type": "Feature", "id": 415, "properties": {"Tier1Images": 738, "Tier2Images": 24, "S2Images": 471, "TideRange": "2.46", "WaveHeight": "0.32", "RelativeTideRange": "7.67", "pk": "415"}, "geometry": {"type": "Point", "coordinates": [131.499227, -1.462822]}}, {"type": "Feature", "id": 416, "properties": {"Tier1Images": 744, "Tier2Images": 25, "S2Images": 449, "TideRange": "1.85", "WaveHeight": "0.26", "RelativeTideRange": "7.10", "pk": "416"}, "geometry": {"type": "Point", "coordinates": [131.199962, -1.142868]}}, {"type": "Feature", "id": 417, "properties": {"Tier1Images": 1394, "Tier2Images": 54, "S2Images": 861, "TideRange": "2.01", "WaveHeight": "0.65", "RelativeTideRange": "3.08", "pk": "417"}, "geometry": {"type": "Point", "coordinates": [131.832686, -0.68851]}}, {"type": "Feature", "id": 418, "properties": {"Tier1Images": 643, "Tier2Images": 71, "S2Images": 441, "TideRange": "2.05", "WaveHeight": "0.87", "RelativeTideRange": "2.35", "pk": "418"}, "geometry": {"type": "Point", "coordinates": [132.627294, -0.359442]}}, {"type": "Feature", "id": 419, "properties": {"Tier1Images": 1333, "Tier2Images": 138, "S2Images": 404, "TideRange": "2.03", "WaveHeight": "0.97", "RelativeTideRange": "2.09", "pk": "419"}, "geometry": {"type": "Point", "coordinates": [133.446714, -0.714683]}}, {"type": "Feature", "id": 420, "properties": {"Tier1Images": 611, "Tier2Images": 99, "S2Images": 452, "TideRange": "2.09", "WaveHeight": "0.79", "RelativeTideRange": "2.65", "pk": "420"}, "geometry": {"type": "Point", "coordinates": [134.085648, -1.032949]}}, {"type": "Feature", "id": 421, "properties": {"Tier1Images": 611, "Tier2Images": 101, "S2Images": 2384, "TideRange": "2.28", "WaveHeight": "0.46", "RelativeTideRange": "4.97", "pk": "421"}, "geometry": {"type": "Point", "coordinates": [134.131794, -1.849305]}}, {"type": "Feature", "id": 422, "properties": {"Tier1Images": 860, "Tier2Images": 95, "S2Images": 365, "TideRange": "2.35", "WaveHeight": "0.22", "RelativeTideRange": "10.74", "pk": "422"}, "geometry": {"type": "Point", "coordinates": [134.396223, -2.694675]}}, {"type": "Feature", "id": 423, "properties": {"Tier1Images": 893, "Tier2Images": 98, "S2Images": 414, "TideRange": "2.45", "WaveHeight": "0.18", "RelativeTideRange": "14.03", "pk": "423"}, "geometry": {"type": "Point", "coordinates": [134.682056, -2.847469]}}, {"type": "Feature", "id": 424, "properties": {"Tier1Images": 873, "Tier2Images": 109, "S2Images": 436, "TideRange": "2.47", "WaveHeight": "0.19", "RelativeTideRange": "12.66", "pk": "424"}, "geometry": {"type": "Point", "coordinates": [135.193291, -3.361235]}}, {"type": "Feature", "id": 425, "properties": {"Tier1Images": 873, "Tier2Images": 110, "S2Images": 899, "TideRange": "2.47", "WaveHeight": "0.23", "RelativeTideRange": "10.94", "pk": "425"}, "geometry": {"type": "Point", "coordinates": [135.912093, -2.92327]}}, {"type": "Feature", "id": 426, "properties": {"Tier1Images": 2052, "Tier2Images": 244, "S2Images": 764, "TideRange": "2.44", "WaveHeight": "0.30", "RelativeTideRange": "8.06", "pk": "426"}, "geometry": {"type": "Point", "coordinates": [136.454282, -2.259155]}}, {"type": "Feature", "id": 427, "properties": {"Tier1Images": 605, "Tier2Images": 68, "S2Images": 390, "TideRange": "2.34", "WaveHeight": "0.74", "RelativeTideRange": "3.15", "pk": "427"}, "geometry": {"type": "Point", "coordinates": [137.137931, -1.903985]}}, {"type": "Feature", "id": 428, "properties": {"Tier1Images": 609, "Tier2Images": 71, "S2Images": 341, "TideRange": "1.77", "WaveHeight": "0.94", "RelativeTideRange": "1.88", "pk": "428"}, "geometry": {"type": "Point", "coordinates": [137.867412, -1.483545]}}, {"type": "Feature", "id": 429, "properties": {"Tier1Images": 553, "Tier2Images": 48, "S2Images": 718, "TideRange": "1.66", "WaveHeight": "0.84", "RelativeTideRange": "1.97", "pk": "429"}, "geometry": {"type": "Point", "coordinates": [138.691139, -1.817158]}}, {"type": "Feature", "id": 430, "properties": {"Tier1Images": 1381, "Tier2Images": 85, "S2Images": 377, "TideRange": "1.59", "WaveHeight": "0.88", "RelativeTideRange": "1.81", "pk": "430"}, "geometry": {"type": "Point", "coordinates": [139.487329, -2.214252]}}, {"type": "Feature", "id": 431, "properties": {"Tier1Images": 617, "Tier2Images": 59, "S2Images": 367, "TideRange": "1.52", "WaveHeight": "1.10", "RelativeTideRange": "1.38", "pk": "431"}, "geometry": {"type": "Point", "coordinates": [140.337695, -2.423745]}}, {"type": "Feature", "id": 432, "properties": {"Tier1Images": 1139, "Tier2Images": 85, "S2Images": 349, "TideRange": "1.44", "WaveHeight": "0.92", "RelativeTideRange": "1.57", "pk": "432"}, "geometry": {"type": "Point", "coordinates": [141.140916, -2.618703]}}, {"type": "Feature", "id": 433, "properties": {"Tier1Images": 554, "Tier2Images": 36, "S2Images": 746, "TideRange": "1.39", "WaveHeight": "0.87", "RelativeTideRange": "1.59", "pk": "433"}, "geometry": {"type": "Point", "coordinates": [141.965969, -2.959346]}}, {"type": "Feature", "id": 434, "properties": {"Tier1Images": 504, "Tier2Images": 56, "S2Images": 746, "TideRange": "1.32", "WaveHeight": "0.92", "RelativeTideRange": "1.43", "pk": "434"}, "geometry": {"type": "Point", "coordinates": [142.800512, -3.286582]}}, {"type": "Feature", "id": 435, "properties": {"Tier1Images": 525, "Tier2Images": 108, "S2Images": 656, "TideRange": "1.22", "WaveHeight": "0.82", "RelativeTideRange": "1.49", "pk": "435"}, "geometry": {"type": "Point", "coordinates": [143.648504, -3.534692]}}, {"type": "Feature", "id": 436, "properties": {"Tier1Images": 571, "Tier2Images": 60, "S2Images": 375, "TideRange": "1.16", "WaveHeight": "0.76", "RelativeTideRange": "1.53", "pk": "436"}, "geometry": {"type": "Point", "coordinates": [144.460293, -3.819967]}}, {"type": "Feature", "id": 437, "properties": {"Tier1Images": 570, "Tier2Images": 207, "S2Images": 372, "TideRange": "1.13", "WaveHeight": "0.70", "RelativeTideRange": "1.62", "pk": "437"}, "geometry": {"type": "Point", "coordinates": [145.143756, -4.363624]}}, {"type": "Feature", "id": 438, "properties": {"Tier1Images": 777, "Tier2Images": 243, "S2Images": 392, "TideRange": "1.10", "WaveHeight": "0.60", "RelativeTideRange": "1.84", "pk": "438"}, "geometry": {"type": "Point", "coordinates": [145.788427, -4.911107]}}, {"type": "Feature", "id": 439, "properties": {"Tier1Images": 821, "Tier2Images": 35, "S2Images": 932, "TideRange": "1.10", "WaveHeight": "0.51", "RelativeTideRange": "2.13", "pk": "439"}, "geometry": {"type": "Point", "coordinates": [146.122822, -5.52586]}}, {"type": "Feature", "id": 440, "properties": {"Tier1Images": 725, "Tier2Images": 41, "S2Images": 458, "TideRange": "1.08", "WaveHeight": "0.69", "RelativeTideRange": "1.57", "pk": "440"}, "geometry": {"type": "Point", "coordinates": [146.947302, -5.877524]}}, {"type": "Feature", "id": 441, "properties": {"Tier1Images": 727, "Tier2Images": 39, "S2Images": 428, "TideRange": "1.02", "WaveHeight": "0.78", "RelativeTideRange": "1.31", "pk": "441"}, "geometry": {"type": "Point", "coordinates": [147.715203, -6.240603]}}, {"type": "Feature", "id": 442, "properties": {"Tier1Images": 962, "Tier2Images": 83, "S2Images": 376, "TideRange": "1.09", "WaveHeight": "0.46", "RelativeTideRange": "2.40", "pk": "442"}, "geometry": {"type": "Point", "coordinates": [147.438594, -6.737993]}}, {"type": "Feature", "id": 443, "properties": {"Tier1Images": 963, "Tier2Images": 83, "S2Images": 376, "TideRange": "1.09", "WaveHeight": "0.32", "RelativeTideRange": "3.40", "pk": "443"}, "geometry": {"type": "Point", "coordinates": [147.1059, -7.169514]}}, {"type": "Feature", "id": 444, "properties": {"Tier1Images": 2305, "Tier2Images": 416, "S2Images": 425, "TideRange": "1.10", "WaveHeight": "0.47", "RelativeTideRange": "2.33", "pk": "444"}, "geometry": {"type": "Point", "coordinates": [147.679245, -7.834692]}}, {"type": "Feature", "id": 445, "properties": {"Tier1Images": 995, "Tier2Images": 55, "S2Images": 419, "TideRange": "1.12", "WaveHeight": "0.39", "RelativeTideRange": "2.87", "pk": "445"}, "geometry": {"type": "Point", "coordinates": [148.22962, -8.457814]}}, {"type": "Feature", "id": 446, "properties": {"Tier1Images": 988, "Tier2Images": 57, "S2Images": 915, "TideRange": "1.14", "WaveHeight": "0.27", "RelativeTideRange": "4.26", "pk": "446"}, "geometry": {"type": "Point", "coordinates": [148.741926, -9.090581]}}, {"type": "Feature", "id": 447, "properties": {"Tier1Images": 1558, "Tier2Images": 121, "S2Images": 476, "TideRange": "1.09", "WaveHeight": "0.28", "RelativeTideRange": "3.84", "pk": "447"}, "geometry": {"type": "Point", "coordinates": [149.212788, -9.421605]}}, {"type": "Feature", "id": 448, "properties": {"Tier1Images": 1046, "Tier2Images": 62, "S2Images": 844, "TideRange": "1.06", "WaveHeight": "0.34", "RelativeTideRange": "3.12", "pk": "448"}, "geometry": {"type": "Point", "coordinates": [149.999868, -9.708865]}}, {"type": "Feature", "id": 449, "properties": {"Tier1Images": 1849, "Tier2Images": 127, "S2Images": 449, "TideRange": "1.03", "WaveHeight": "0.21", "RelativeTideRange": "4.83", "pk": "449"}, "geometry": {"type": "Point", "coordinates": [150.234119, -10.138977]}}, {"type": "Feature", "id": 450, "properties": {"Tier1Images": 849, "Tier2Images": 67, "S2Images": 446, "TideRange": "1.03", "WaveHeight": "0.35", "RelativeTideRange": "2.95", "pk": "450"}, "geometry": {"type": "Point", "coordinates": [150.612639, -10.334101]}}, {"type": "Feature", "id": 451, "properties": {"Tier1Images": 2142, "Tier2Images": 252, "S2Images": 447, "TideRange": "1.96", "WaveHeight": "1.32", "RelativeTideRange": "1.48", "pk": "451"}, "geometry": {"type": "Point", "coordinates": [150.311786, -10.653317]}}, {"type": "Feature", "id": 452, "properties": {"Tier1Images": 1057, "Tier2Images": 61, "S2Images": 454, "TideRange": "2.05", "WaveHeight": "1.16", "RelativeTideRange": "1.76", "pk": "452"}, "geometry": {"type": "Point", "coordinates": [149.516382, -10.331371]}}, {"type": "Feature", "id": 453, "properties": {"Tier1Images": 1778, "Tier2Images": 99, "S2Images": 443, "TideRange": "2.13", "WaveHeight": "1.37", "RelativeTideRange": "1.55", "pk": "453"}, "geometry": {"type": "Point", "coordinates": [148.645581, -10.16021]}}, {"type": "Feature", "id": 454, "properties": {"Tier1Images": 1060, "Tier2Images": 63, "S2Images": 449, "TideRange": "2.24", "WaveHeight": "1.08", "RelativeTideRange": "2.07", "pk": "454"}, "geometry": {"type": "Point", "coordinates": [147.776284, -10.071203]}}, {"type": "Feature", "id": 455, "properties": {"Tier1Images": 2036, "Tier2Images": 234, "S2Images": 433, "TideRange": "2.33", "WaveHeight": "1.15", "RelativeTideRange": "2.03", "pk": "455"}, "geometry": {"type": "Point", "coordinates": [147.13689, -9.473508]}}, {"type": "Feature", "id": 456, "properties": {"Tier1Images": 1080, "Tier2Images": 69, "S2Images": 453, "TideRange": "2.40", "WaveHeight": "1.06", "RelativeTideRange": "2.27", "pk": "456"}, "geometry": {"type": "Point", "coordinates": [146.631473, -8.951865]}}, {"type": "Feature", "id": 457, "properties": {"Tier1Images": 2043, "Tier2Images": 418, "S2Images": 1774, "TideRange": "2.49", "WaveHeight": "0.98", "RelativeTideRange": "2.55", "pk": "457"}, "geometry": {"type": "Point", "coordinates": [146.142769, -8.21001]}}, {"type": "Feature", "id": 458, "properties": {"Tier1Images": 1737, "Tier2Images": 417, "S2Images": 840, "TideRange": "2.74", "WaveHeight": "0.92", "RelativeTideRange": "2.97", "pk": "458"}, "geometry": {"type": "Point", "coordinates": [145.345505, -7.883649]}}, {"type": "Feature", "id": 459, "properties": {"Tier1Images": 1644, "Tier2Images": 268, "S2Images": 815, "TideRange": "1.37", "WaveHeight": "1.06", "RelativeTideRange": "1.29", "pk": "459"}, "geometry": {"type": "Point", "coordinates": [145.214063, 43.578223]}}, {"type": "Feature", "id": 460, "properties": {"Tier1Images": 1314, "Tier2Images": 354, "S2Images": 1631, "TideRange": "1.31", "WaveHeight": "1.09", "RelativeTideRange": "1.20", "pk": "460"}, "geometry": {"type": "Point", "coordinates": [145.315732, 44.177702]}}, {"type": "Feature", "id": 461, "properties": {"Tier1Images": 1916, "Tier2Images": 470, "S2Images": 405, "TideRange": "1.30", "WaveHeight": "0.84", "RelativeTideRange": "1.55", "pk": "461"}, "geometry": {"type": "Point", "coordinates": [144.89066, 43.997023]}}, {"type": "Feature", "id": 462, "properties": {"Tier1Images": 767, "Tier2Images": 324, "S2Images": 420, "TideRange": "1.36", "WaveHeight": "1.10", "RelativeTideRange": "1.23", "pk": "462"}, "geometry": {"type": "Point", "coordinates": [144.081382, 44.104707]}}, {"type": "Feature", "id": 463, "properties": {"Tier1Images": 1604, "Tier2Images": 366, "S2Images": 846, "TideRange": "1.32", "WaveHeight": "1.02", "RelativeTideRange": "1.30", "pk": "463"}, "geometry": {"type": "Point", "coordinates": [143.315084, 44.382508]}}, {"type": "Feature", "id": 464, "properties": {"Tier1Images": 1170, "Tier2Images": 232, "S2Images": 440, "TideRange": "1.17", "WaveHeight": "0.98", "RelativeTideRange": "1.19", "pk": "464"}, "geometry": {"type": "Point", "coordinates": [142.68596, 44.838495]}}, {"type": "Feature", "id": 465, "properties": {"Tier1Images": 2225, "Tier2Images": 449, "S2Images": 417, "TideRange": "0.70", "WaveHeight": "1.08", "RelativeTideRange": "0.65", "pk": "465"}, "geometry": {"type": "Point", "coordinates": [142.145039, 45.34486]}}, {"type": "Feature", "id": 466, "properties": {"Tier1Images": 1578, "Tier2Images": 441, "S2Images": 810, "TideRange": "0.36", "WaveHeight": "1.22", "RelativeTideRange": "0.29", "pk": "466"}, "geometry": {"type": "Point", "coordinates": [141.590689, 45.227476]}}, {"type": "Feature", "id": 467, "properties": {"Tier1Images": 1702, "Tier2Images": 396, "S2Images": 418, "TideRange": "0.35", "WaveHeight": "1.20", "RelativeTideRange": "0.29", "pk": "467"}, "geometry": {"type": "Point", "coordinates": [141.772985, 44.614962]}}, {"type": "Feature", "id": 468, "properties": {"Tier1Images": 2636, "Tier2Images": 489, "S2Images": 422, "TideRange": "0.35", "WaveHeight": "1.02", "RelativeTideRange": "0.34", "pk": "468"}, "geometry": {"type": "Point", "coordinates": [141.629079, 43.98377]}}, {"type": "Feature", "id": 469, "properties": {"Tier1Images": 1915, "Tier2Images": 295, "S2Images": 421, "TideRange": "0.35", "WaveHeight": "0.94", "RelativeTideRange": "0.37", "pk": "469"}, "geometry": {"type": "Point", "coordinates": [141.409775, 43.374751]}}, {"type": "Feature", "id": 470, "properties": {"Tier1Images": 989, "Tier2Images": 264, "S2Images": 852, "TideRange": "0.35", "WaveHeight": "1.33", "RelativeTideRange": "0.26", "pk": "470"}, "geometry": {"type": "Point", "coordinates": [140.693742, 43.257886]}}, {"type": "Feature", "id": 471, "properties": {"Tier1Images": 1204, "Tier2Images": 380, "S2Images": 866, "TideRange": "0.35", "WaveHeight": "1.32", "RelativeTideRange": "0.26", "pk": "471"}, "geometry": {"type": "Point", "coordinates": [140.403696, 42.930088]}}, {"type": "Feature", "id": 472, "properties": {"Tier1Images": 1844, "Tier2Images": 718, "S2Images": 1665, "TideRange": "0.35", "WaveHeight": "1.39", "RelativeTideRange": "0.25", "pk": "472"}, "geometry": {"type": "Point", "coordinates": [139.833596, 42.469616]}}, {"type": "Feature", "id": 473, "properties": {"Tier1Images": 1035, "Tier2Images": 311, "S2Images": 850, "TideRange": "0.34", "WaveHeight": "1.32", "RelativeTideRange": "0.26", "pk": "473"}, "geometry": {"type": "Point", "coordinates": [140.098458, 41.867931]}}, {"type": "Feature", "id": 474, "properties": {"Tier1Images": 984, "Tier2Images": 242, "S2Images": 1669, "TideRange": "0.75", "WaveHeight": "1.06", "RelativeTideRange": "0.70", "pk": "474"}, "geometry": {"type": "Point", "coordinates": [140.337343, 41.493056]}}, {"type": "Feature", "id": 475, "properties": {"Tier1Images": 1835, "Tier2Images": 312, "S2Images": 427, "TideRange": "1.42", "WaveHeight": "0.76", "RelativeTideRange": "1.86", "pk": "475"}, "geometry": {"type": "Point", "coordinates": [140.992176, 41.73787]}}, {"type": "Feature", "id": 476, "properties": {"Tier1Images": 1029, "Tier2Images": 196, "S2Images": 842, "TideRange": "1.83", "WaveHeight": "0.69", "RelativeTideRange": "2.64", "pk": "476"}, "geometry": {"type": "Point", "coordinates": [140.613888, 42.120293]}}, {"type": "Feature", "id": 477, "properties": {"Tier1Images": 1532, "Tier2Images": 345, "S2Images": 862, "TideRange": "1.85", "WaveHeight": "0.43", "RelativeTideRange": "4.29", "pk": "477"}, "geometry": {"type": "Point", "coordinates": [140.577578, 42.570313]}}, {"type": "Feature", "id": 478, "properties": {"Tier1Images": 2473, "Tier2Images": 475, "S2Images": 436, "TideRange": "1.74", "WaveHeight": "0.87", "RelativeTideRange": "2.00", "pk": "478"}, "geometry": {"type": "Point", "coordinates": [141.288987, 42.489695]}}, {"type": "Feature", "id": 479, "properties": {"Tier1Images": 1818, "Tier2Images": 304, "S2Images": 435, "TideRange": "1.73", "WaveHeight": "0.88", "RelativeTideRange": "1.98", "pk": "479"}, "geometry": {"type": "Point", "coordinates": [142.115253, 42.457835]}}, {"type": "Feature", "id": 480, "properties": {"Tier1Images": 1643, "Tier2Images": 363, "S2Images": 869, "TideRange": "1.74", "WaveHeight": "1.32", "RelativeTideRange": "1.32", "pk": "480"}, "geometry": {"type": "Point", "coordinates": [142.889754, 42.124184]}}, {"type": "Feature", "id": 481, "properties": {"Tier1Images": 884, "Tier2Images": 283, "S2Images": 859, "TideRange": "1.73", "WaveHeight": "1.16", "RelativeTideRange": "1.49", "pk": "481"}, "geometry": {"type": "Point", "coordinates": [143.386941, 42.353342]}}, {"type": "Feature", "id": 482, "properties": {"Tier1Images": 880, "Tier2Images": 211, "S2Images": 413, "TideRange": "1.72", "WaveHeight": "1.43", "RelativeTideRange": "1.20", "pk": "482"}, "geometry": {"type": "Point", "coordinates": [143.944451, 42.86541]}}, {"type": "Feature", "id": 483, "properties": {"Tier1Images": 1460, "Tier2Images": 228, "S2Images": 413, "TideRange": "1.74", "WaveHeight": "1.73", "RelativeTideRange": "1.01", "pk": "483"}, "geometry": {"type": "Point", "coordinates": [144.784423, 42.987681]}}, {"type": "Feature", "id": 484, "properties": {"Tier1Images": 603, "Tier2Images": 164, "S2Images": 822, "TideRange": "1.77", "WaveHeight": "1.52", "RelativeTideRange": "1.16", "pk": "484"}, "geometry": {"type": "Point", "coordinates": [145.574359, 43.234682]}}, {"type": "Feature", "id": 485, "properties": {"Tier1Images": 606, "Tier2Images": 171, "S2Images": 1639, "TideRange": "1.61", "WaveHeight": "1.06", "RelativeTideRange": "1.52", "pk": "485"}, "geometry": {"type": "Point", "coordinates": [145.338308, 43.308482]}}, {"type": "Feature", "id": 486, "properties": {"Tier1Images": 970, "Tier2Images": 148, "S2Images": 869, "TideRange": "5.74", "WaveHeight": "0.30", "RelativeTideRange": "19.10", "pk": "486"}, "geometry": {"type": "Point", "coordinates": [133.142383, 34.302441]}}, {"type": "Feature", "id": 487, "properties": {"Tier1Images": 1309, "Tier2Images": 140, "S2Images": 831, "TideRange": "3.14", "WaveHeight": "0.40", "RelativeTideRange": "7.88", "pk": "487"}, "geometry": {"type": "Point", "coordinates": [132.308536, 34.319615]}}, {"type": "Feature", "id": 488, "properties": {"Tier1Images": 1842, "Tier2Images": 168, "S2Images": 414, "TideRange": "2.85", "WaveHeight": "0.51", "RelativeTideRange": "5.59", "pk": "488"}, "geometry": {"type": "Point", "coordinates": [131.902595, 33.964412]}}, {"type": "Feature", "id": 489, "properties": {"Tier1Images": 2769, "Tier2Images": 441, "S2Images": 411, "TideRange": "3.84", "WaveHeight": "0.70", "RelativeTideRange": "5.53", "pk": "489"}, "geometry": {"type": "Point", "coordinates": [131.077672, 34.017331]}}, {"type": "Feature", "id": 490, "properties": {"Tier1Images": 1828, "Tier2Images": 277, "S2Images": 875, "TideRange": "0.89", "WaveHeight": "1.03", "RelativeTideRange": "0.87", "pk": "490"}, "geometry": {"type": "Point", "coordinates": [131.18669, 34.401525]}}, {"type": "Feature", "id": 491, "properties": {"Tier1Images": 969, "Tier2Images": 117, "S2Images": 427, "TideRange": "0.58", "WaveHeight": "1.08", "RelativeTideRange": "0.53", "pk": "491"}, "geometry": {"type": "Point", "coordinates": [131.922786, 34.778112]}}, {"type": "Feature", "id": 492, "properties": {"Tier1Images": 2216, "Tier2Images": 429, "S2Images": 853, "TideRange": "0.41", "WaveHeight": "1.24", "RelativeTideRange": "0.33", "pk": "492"}, "geometry": {"type": "Point", "coordinates": [132.58037, 35.278457]}}, {"type": "Feature", "id": 493, "properties": {"Tier1Images": 1651, "Tier2Images": 306, "S2Images": 851, "TideRange": "0.39", "WaveHeight": "1.07", "RelativeTideRange": "0.37", "pk": "493"}, "geometry": {"type": "Point", "coordinates": [133.323948, 35.505808]}}, {"type": "Feature", "id": 494, "properties": {"Tier1Images": 1529, "Tier2Images": 302, "S2Images": 423, "TideRange": "0.38", "WaveHeight": "1.08", "RelativeTideRange": "0.35", "pk": "494"}, "geometry": {"type": "Point", "coordinates": [134.180696, 35.534668]}}, {"type": "Feature", "id": 495, "properties": {"Tier1Images": 895, "Tier2Images": 193, "S2Images": 862, "TideRange": "0.38", "WaveHeight": "0.84", "RelativeTideRange": "0.45", "pk": "495"}, "geometry": {"type": "Point", "coordinates": [135.043091, 35.709416]}}, {"type": "Feature", "id": 496, "properties": {"Tier1Images": 1250, "Tier2Images": 308, "S2Images": 843, "TideRange": "0.37", "WaveHeight": "1.20", "RelativeTideRange": "0.31", "pk": "496"}, "geometry": {"type": "Point", "coordinates": [135.689897, 35.507016]}}, {"type": "Feature", "id": 497, "properties": {"Tier1Images": 1833, "Tier2Images": 273, "S2Images": 1673, "TideRange": "0.37", "WaveHeight": "1.15", "RelativeTideRange": "0.32", "pk": "497"}, "geometry": {"type": "Point", "coordinates": [136.035967, 36.051884]}}, {"type": "Feature", "id": 498, "properties": {"Tier1Images": 2500, "Tier2Images": 749, "S2Images": 408, "TideRange": "0.37", "WaveHeight": "1.22", "RelativeTideRange": "0.30", "pk": "498"}, "geometry": {"type": "Point", "coordinates": [136.590416, 36.613312]}}, {"type": "Feature", "id": 499, "properties": {"Tier1Images": 1567, "Tier2Images": 517, "S2Images": 417, "TideRange": "0.37", "WaveHeight": "1.24", "RelativeTideRange": "0.30", "pk": "499"}, "geometry": {"type": "Point", "coordinates": [136.781206, 37.290106]}}, {"type": "Feature", "id": 500, "properties": {"Tier1Images": 919, "Tier2Images": 190, "S2Images": 417, "TideRange": "0.38", "WaveHeight": "1.24", "RelativeTideRange": "0.31", "pk": "500"}, "geometry": {"type": "Point", "coordinates": [137.236618, 37.353555]}}, {"type": "Feature", "id": 501, "properties": {"Tier1Images": 1898, "Tier2Images": 332, "S2Images": 407, "TideRange": "0.38", "WaveHeight": "0.81", "RelativeTideRange": "0.47", "pk": "501"}, "geometry": {"type": "Point", "coordinates": [137.055327, 36.814428]}}, {"type": "Feature", "id": 502, "properties": {"Tier1Images": 2135, "Tier2Images": 274, "S2Images": 423, "TideRange": "0.37", "WaveHeight": "0.73", "RelativeTideRange": "0.51", "pk": "502"}, "geometry": {"type": "Point", "coordinates": [137.800518, 37.032708]}}, {"type": "Feature", "id": 503, "properties": {"Tier1Images": 1430, "Tier2Images": 248, "S2Images": 823, "TideRange": "0.37", "WaveHeight": "0.96", "RelativeTideRange": "0.38", "pk": "503"}, "geometry": {"type": "Point", "coordinates": [138.555381, 37.398813]}}, {"type": "Feature", "id": 504, "properties": {"Tier1Images": 1018, "Tier2Images": 166, "S2Images": 790, "TideRange": "0.37", "WaveHeight": "1.25", "RelativeTideRange": "0.30", "pk": "504"}, "geometry": {"type": "Point", "coordinates": [139.095203, 37.939825]}}, {"type": "Feature", "id": 505, "properties": {"Tier1Images": 903, "Tier2Images": 298, "S2Images": 396, "TideRange": "0.37", "WaveHeight": "1.18", "RelativeTideRange": "0.31", "pk": "505"}, "geometry": {"type": "Point", "coordinates": [139.529675, 38.516946]}}, {"type": "Feature", "id": 506, "properties": {"Tier1Images": 1473, "Tier2Images": 311, "S2Images": 831, "TideRange": "0.36", "WaveHeight": "1.18", "RelativeTideRange": "0.31", "pk": "506"}, "geometry": {"type": "Point", "coordinates": [139.891159, 39.150993]}}, {"type": "Feature", "id": 507, "properties": {"Tier1Images": 1431, "Tier2Images": 310, "S2Images": 400, "TideRange": "0.36", "WaveHeight": "1.23", "RelativeTideRange": "0.29", "pk": "507"}, "geometry": {"type": "Point", "coordinates": [140.018706, 39.812783]}}, {"type": "Feature", "id": 508, "properties": {"Tier1Images": 909, "Tier2Images": 316, "S2Images": 767, "TideRange": "0.36", "WaveHeight": "1.44", "RelativeTideRange": "0.25", "pk": "508"}, "geometry": {"type": "Point", "coordinates": [140.008206, 40.251021]}}, {"type": "Feature", "id": 509, "properties": {"Tier1Images": 947, "Tier2Images": 326, "S2Images": 829, "TideRange": "0.36", "WaveHeight": "1.33", "RelativeTideRange": "0.27", "pk": "509"}, "geometry": {"type": "Point", "coordinates": [140.229554, 40.793671]}}, {"type": "Feature", "id": 510, "properties": {"Tier1Images": 2734, "Tier2Images": 372, "S2Images": 429, "TideRange": "0.71", "WaveHeight": "0.89", "RelativeTideRange": "0.79", "pk": "510"}, "geometry": {"type": "Point", "coordinates": [140.630869, 41.184703]}}, {"type": "Feature", "id": 511, "properties": {"Tier1Images": 2731, "Tier2Images": 438, "S2Images": 860, "TideRange": "0.79", "WaveHeight": "0.81", "RelativeTideRange": "0.98", "pk": "511"}, "geometry": {"type": "Point", "coordinates": [141.06252, 40.900239]}}, {"type": "Feature", "id": 512, "properties": {"Tier1Images": 2741, "Tier2Images": 371, "S2Images": 429, "TideRange": "0.78", "WaveHeight": "0.81", "RelativeTideRange": "0.96", "pk": "512"}, "geometry": {"type": "Point", "coordinates": [140.927142, 41.164268]}}, {"type": "Feature", "id": 513, "properties": {"Tier1Images": 1835, "Tier2Images": 332, "S2Images": 433, "TideRange": "1.55", "WaveHeight": "1.34", "RelativeTideRange": "1.16", "pk": "513"}, "geometry": {"type": "Point", "coordinates": [141.152543, 41.424405]}}, {"type": "Feature", "id": 514, "properties": {"Tier1Images": 1487, "Tier2Images": 282, "S2Images": 432, "TideRange": "1.72", "WaveHeight": "1.24", "RelativeTideRange": "1.38", "pk": "514"}, "geometry": {"type": "Point", "coordinates": [141.405532, 40.99247]}}, {"type": "Feature", "id": 515, "properties": {"Tier1Images": 1051, "Tier2Images": 243, "S2Images": 830, "TideRange": "1.75", "WaveHeight": "1.05", "RelativeTideRange": "1.66", "pk": "515"}, "geometry": {"type": "Point", "coordinates": [141.716662, 40.388532]}}, {"type": "Feature", "id": 516, "properties": {"Tier1Images": 2404, "Tier2Images": 612, "S2Images": 1648, "TideRange": "1.75", "WaveHeight": "1.22", "RelativeTideRange": "1.44", "pk": "516"}, "geometry": {"type": "Point", "coordinates": [141.991698, 39.738796]}}, {"type": "Feature", "id": 517, "properties": {"Tier1Images": 1727, "Tier2Images": 264, "S2Images": 813, "TideRange": "1.75", "WaveHeight": "1.29", "RelativeTideRange": "1.36", "pk": "517"}, "geometry": {"type": "Point", "coordinates": [141.835644, 39.081046]}}, {"type": "Feature", "id": 518, "properties": {"Tier1Images": 1945, "Tier2Images": 297, "S2Images": 827, "TideRange": "1.79", "WaveHeight": "1.36", "RelativeTideRange": "1.32", "pk": "518"}, "geometry": {"type": "Point", "coordinates": [141.500478, 38.479009]}}, {"type": "Feature", "id": 519, "properties": {"Tier1Images": 1218, "Tier2Images": 312, "S2Images": 796, "TideRange": "1.84", "WaveHeight": "1.03", "RelativeTideRange": "1.79", "pk": "519"}, "geometry": {"type": "Point", "coordinates": [140.928875, 38.040517]}}, {"type": "Feature", "id": 520, "properties": {"Tier1Images": 1631, "Tier2Images": 446, "S2Images": 1641, "TideRange": "1.75", "WaveHeight": "1.03", "RelativeTideRange": "1.70", "pk": "520"}, "geometry": {"type": "Point", "coordinates": [141.023381, 37.335756]}}, {"type": "Feature", "id": 521, "properties": {"Tier1Images": 2217, "Tier2Images": 482, "S2Images": 831, "TideRange": "1.70", "WaveHeight": "1.46", "RelativeTideRange": "1.17", "pk": "521"}, "geometry": {"type": "Point", "coordinates": [140.710311, 36.688208]}}, {"type": "Feature", "id": 522, "properties": {"Tier1Images": 1559, "Tier2Images": 402, "S2Images": 828, "TideRange": "1.71", "WaveHeight": "1.60", "RelativeTideRange": "1.07", "pk": "522"}, "geometry": {"type": "Point", "coordinates": [140.665537, 35.991688]}}, {"type": "Feature", "id": 523, "properties": {"Tier1Images": 1935, "Tier2Images": 1058, "S2Images": 877, "TideRange": "1.77", "WaveHeight": "1.39", "RelativeTideRange": "1.27", "pk": "523"}, "geometry": {"type": "Point", "coordinates": [140.457061, 35.509318]}}, {"type": "Feature", "id": 524, "properties": {"Tier1Images": 856, "Tier2Images": 312, "S2Images": 860, "TideRange": "1.78", "WaveHeight": "1.41", "RelativeTideRange": "1.26", "pk": "524"}, "geometry": {"type": "Point", "coordinates": [139.973395, 34.959792]}}, {"type": "Feature", "id": 525, "properties": {"Tier1Images": 1179, "Tier2Images": 475, "S2Images": 939, "TideRange": "2.13", "WaveHeight": "1.41", "RelativeTideRange": "1.51", "pk": "525"}, "geometry": {"type": "Point", "coordinates": [139.963548, 35.437546]}}, {"type": "Feature", "id": 526, "properties": {"Tier1Images": 1761, "Tier2Images": 528, "S2Images": 475, "TideRange": "2.08", "WaveHeight": "0.80", "RelativeTideRange": "2.60", "pk": "526"}, "geometry": {"type": "Point", "coordinates": [139.661334, 35.417382]}}, {"type": "Feature", "id": 527, "properties": {"Tier1Images": 2757, "Tier2Images": 597, "S2Images": 473, "TideRange": "1.85", "WaveHeight": "0.80", "RelativeTideRange": "2.31", "pk": "527"}, "geometry": {"type": "Point", "coordinates": [139.259717, 35.27984]}}, {"type": "Feature", "id": 528, "properties": {"Tier1Images": 1804, "Tier2Images": 475, "S2Images": 859, "TideRange": "1.98", "WaveHeight": "1.62", "RelativeTideRange": "1.23", "pk": "528"}, "geometry": {"type": "Point", "coordinates": [138.908349, 34.637923]}}, {"type": "Feature", "id": 529, "properties": {"Tier1Images": 1551, "Tier2Images": 539, "S2Images": 427, "TideRange": "1.93", "WaveHeight": "1.02", "RelativeTideRange": "1.90", "pk": "529"}, "geometry": {"type": "Point", "coordinates": [138.70614, 35.120513]}}, {"type": "Feature", "id": 530, "properties": {"Tier1Images": 977, "Tier2Images": 171, "S2Images": 859, "TideRange": "1.97", "WaveHeight": "1.34", "RelativeTideRange": "1.47", "pk": "530"}, "geometry": {"type": "Point", "coordinates": [138.147151, 34.605235]}}, {"type": "Feature", "id": 531, "properties": {"Tier1Images": 1907, "Tier2Images": 297, "S2Images": 860, "TideRange": "2.00", "WaveHeight": "1.22", "RelativeTideRange": "1.63", "pk": "531"}, "geometry": {"type": "Point", "coordinates": [137.260319, 34.624314]}}, {"type": "Feature", "id": 532, "properties": {"Tier1Images": 1016, "Tier2Images": 150, "S2Images": 426, "TideRange": "2.34", "WaveHeight": "0.44", "RelativeTideRange": "5.36", "pk": "532"}, "geometry": {"type": "Point", "coordinates": [136.993829, 34.820023]}}, {"type": "Feature", "id": 533, "properties": {"Tier1Images": 962, "Tier2Images": 138, "S2Images": 426, "TideRange": "2.40", "WaveHeight": "0.44", "RelativeTideRange": "5.51", "pk": "533"}, "geometry": {"type": "Point", "coordinates": [136.690888, 34.984747]}}, {"type": "Feature", "id": 534, "properties": {"Tier1Images": 1016, "Tier2Images": 142, "S2Images": 428, "TideRange": "2.13", "WaveHeight": "0.98", "RelativeTideRange": "2.18", "pk": "534"}, "geometry": {"type": "Point", "coordinates": [136.880719, 34.406637]}}, {"type": "Feature", "id": 535, "properties": {"Tier1Images": 1802, "Tier2Images": 379, "S2Images": 426, "TideRange": "2.02", "WaveHeight": "1.21", "RelativeTideRange": "1.66", "pk": "535"}, "geometry": {"type": "Point", "coordinates": [136.212919, 34.005902]}}, {"type": "Feature", "id": 536, "properties": {"Tier1Images": 1729, "Tier2Images": 323, "S2Images": 427, "TideRange": "2.07", "WaveHeight": "1.34", "RelativeTideRange": "1.54", "pk": "536"}, "geometry": {"type": "Point", "coordinates": [135.647212, 33.50014]}}, {"type": "Feature", "id": 537, "properties": {"Tier1Images": 992, "Tier2Images": 112, "S2Images": 877, "TideRange": "2.04", "WaveHeight": "0.96", "RelativeTideRange": "2.12", "pk": "537"}, "geometry": {"type": "Point", "coordinates": [135.129828, 34.051941]}}, {"type": "Feature", "id": 538, "properties": {"Tier1Images": 1006, "Tier2Images": 110, "S2Images": 886, "TideRange": "2.23", "WaveHeight": "0.26", "RelativeTideRange": "8.59", "pk": "538"}, "geometry": {"type": "Point", "coordinates": [135.357429, 34.652931]}}, {"type": "Feature", "id": 539, "properties": {"Tier1Images": 1918, "Tier2Images": 210, "S2Images": 443, "TideRange": "3.38", "WaveHeight": "0.47", "RelativeTideRange": "7.24", "pk": "539"}, "geometry": {"type": "Point", "coordinates": [134.507314, 34.759757]}}, {"type": "Feature", "id": 540, "properties": {"Tier1Images": 961, "Tier2Images": 112, "S2Images": 440, "TideRange": "4.66", "WaveHeight": "0.28", "RelativeTideRange": "16.63", "pk": "540"}, "geometry": {"type": "Point", "coordinates": [133.7063, 34.487138]}}, {"type": "Feature", "id": 541, "properties": {"Tier1Images": 1860, "Tier2Images": 286, "S2Images": 845, "TideRange": "2.20", "WaveHeight": "0.96", "RelativeTideRange": "2.29", "pk": "541"}, "geometry": {"type": "Point", "coordinates": [134.695312, 33.927734]}}, {"type": "Feature", "id": 542, "properties": {"Tier1Images": 1916, "Tier2Images": 203, "S2Images": 896, "TideRange": "3.57", "WaveHeight": "0.28", "RelativeTideRange": "12.73", "pk": "542"}, "geometry": {"type": "Point", "coordinates": [134.145005, 34.339424]}}, {"type": "Feature", "id": 543, "properties": {"Tier1Images": 972, "Tier2Images": 116, "S2Images": 435, "TideRange": "6.02", "WaveHeight": "0.25", "RelativeTideRange": "24.17", "pk": "543"}, "geometry": {"type": "Point", "coordinates": [133.565147, 34.010333]}}, {"type": "Feature", "id": 544, "properties": {"Tier1Images": 2765, "Tier2Images": 335, "S2Images": 854, "TideRange": "3.45", "WaveHeight": "0.30", "RelativeTideRange": "11.48", "pk": "544"}, "geometry": {"type": "Point", "coordinates": [132.824577, 34.013474]}}, {"type": "Feature", "id": 545, "properties": {"Tier1Images": 1845, "Tier2Images": 188, "S2Images": 844, "TideRange": "2.76", "WaveHeight": "0.59", "RelativeTideRange": "4.72", "pk": "545"}, "geometry": {"type": "Point", "coordinates": [132.273084, 33.463135]}}, {"type": "Feature", "id": 546, "properties": {"Tier1Images": 1844, "Tier2Images": 187, "S2Images": 852, "TideRange": "2.29", "WaveHeight": "0.98", "RelativeTideRange": "2.35", "pk": "546"}, "geometry": {"type": "Point", "coordinates": [132.487078, 33.297317]}}, {"type": "Feature", "id": 547, "properties": {"Tier1Images": 929, "Tier2Images": 133, "S2Images": 433, "TideRange": "2.21", "WaveHeight": "0.98", "RelativeTideRange": "2.26", "pk": "547"}, "geometry": {"type": "Point", "coordinates": [132.649526, 32.778573]}}, {"type": "Feature", "id": 548, "properties": {"Tier1Images": 911, "Tier2Images": 174, "S2Images": 429, "TideRange": "2.15", "WaveHeight": "1.13", "RelativeTideRange": "1.91", "pk": "548"}, "geometry": {"type": "Point", "coordinates": [133.206177, 33.19007]}}, {"type": "Feature", "id": 549, "properties": {"Tier1Images": 1775, "Tier2Images": 237, "S2Images": 433, "TideRange": "2.13", "WaveHeight": "0.92", "RelativeTideRange": "2.33", "pk": "549"}, "geometry": {"type": "Point", "coordinates": [133.912686, 33.467826]}}, {"type": "Feature", "id": 550, "properties": {"Tier1Images": 960, "Tier2Images": 229, "S2Images": 451, "TideRange": "2.11", "WaveHeight": "1.18", "RelativeTideRange": "1.79", "pk": "550"}, "geometry": {"type": "Point", "coordinates": [134.406528, 33.629168]}}, {"type": "Feature", "id": 551, "properties": {"Tier1Images": 1559, "Tier2Images": 284, "S2Images": 849, "TideRange": "2.05", "WaveHeight": "0.78", "RelativeTideRange": "2.63", "pk": "551"}, "geometry": {"type": "Point", "coordinates": [131.97666, 32.843945]}}, {"type": "Feature", "id": 552, "properties": {"Tier1Images": 961, "Tier2Images": 243, "S2Images": 416, "TideRange": "2.37", "WaveHeight": "0.59", "RelativeTideRange": "4.05", "pk": "552"}, "geometry": {"type": "Point", "coordinates": [131.614478, 33.264648]}}, {"type": "Feature", "id": 553, "properties": {"Tier1Images": 963, "Tier2Images": 245, "S2Images": 414, "TideRange": "3.52", "WaveHeight": "0.43", "RelativeTideRange": "8.25", "pk": "553"}, "geometry": {"type": "Point", "coordinates": [131.36561, 33.570912]}}, {"type": "Feature", "id": 554, "properties": {"Tier1Images": 2256, "Tier2Images": 415, "S2Images": 426, "TideRange": "1.52", "WaveHeight": "0.79", "RelativeTideRange": "1.92", "pk": "554"}, "geometry": {"type": "Point", "coordinates": [130.67029, 33.915681]}}, {"type": "Feature", "id": 555, "properties": {"Tier1Images": 936, "Tier2Images": 293, "S2Images": 841, "TideRange": "2.23", "WaveHeight": "0.53", "RelativeTideRange": "4.23", "pk": "555"}, "geometry": {"type": "Point", "coordinates": [129.999594, 33.503637]}}, {"type": "Feature", "id": 556, "properties": {"Tier1Images": 937, "Tier2Images": 172, "S2Images": 825, "TideRange": "3.24", "WaveHeight": "0.82", "RelativeTideRange": "3.95", "pk": "556"}, "geometry": {"type": "Point", "coordinates": [129.721911, 33.142809]}}, {"type": "Feature", "id": 557, "properties": {"Tier1Images": 938, "Tier2Images": 163, "S2Images": 827, "TideRange": "3.24", "WaveHeight": "0.82", "RelativeTideRange": "3.95", "pk": "557"}, "geometry": {"type": "Point", "coordinates": [129.675619, 33.046479]}}, {"type": "Feature", "id": 558, "properties": {"Tier1Images": 935, "Tier2Images": 248, "S2Images": 826, "TideRange": "3.40", "WaveHeight": "0.74", "RelativeTideRange": "4.58", "pk": "558"}, "geometry": {"type": "Point", "coordinates": [129.964243, 32.728124]}}, {"type": "Feature", "id": 559, "properties": {"Tier1Images": 933, "Tier2Images": 296, "S2Images": 808, "TideRange": "7.16", "WaveHeight": "0.74", "RelativeTideRange": "9.66", "pk": "559"}, "geometry": {"type": "Point", "coordinates": [130.168739, 32.946392]}}, {"type": "Feature", "id": 560, "properties": {"Tier1Images": 1854, "Tier2Images": 295, "S2Images": 401, "TideRange": "6.60", "WaveHeight": "0.30", "RelativeTideRange": "21.66", "pk": "560"}, "geometry": {"type": "Point", "coordinates": [130.552494, 32.808613]}}, {"type": "Feature", "id": 561, "properties": {"Tier1Images": 2032, "Tier2Images": 808, "S2Images": 412, "TideRange": "3.04", "WaveHeight": "0.30", "RelativeTideRange": "9.99", "pk": "561"}, "geometry": {"type": "Point", "coordinates": [130.390627, 32.214717]}}, {"type": "Feature", "id": 562, "properties": {"Tier1Images": 1785, "Tier2Images": 728, "S2Images": 831, "TideRange": "3.01", "WaveHeight": "1.10", "RelativeTideRange": "2.74", "pk": "562"}, "geometry": {"type": "Point", "coordinates": [130.319519, 31.583284]}}, {"type": "Feature", "id": 563, "properties": {"Tier1Images": 1297, "Tier2Images": 828, "S2Images": 422, "TideRange": "2.82", "WaveHeight": "1.18", "RelativeTideRange": "2.39", "pk": "563"}, "geometry": {"type": "Point", "coordinates": [130.60527, 31.198195]}}, {"type": "Feature", "id": 564, "properties": {"Tier1Images": 936, "Tier2Images": 498, "S2Images": 411, "TideRange": "2.89", "WaveHeight": "1.26", "RelativeTideRange": "2.30", "pk": "564"}, "geometry": {"type": "Point", "coordinates": [130.796338, 31.628023]}}, {"type": "Feature", "id": 565, "properties": {"Tier1Images": 1735, "Tier2Images": 910, "S2Images": 422, "TideRange": "2.63", "WaveHeight": "1.26", "RelativeTideRange": "2.09", "pk": "565"}, "geometry": {"type": "Point", "coordinates": [130.763151, 31.049802]}}, {"type": "Feature", "id": 566, "properties": {"Tier1Images": 925, "Tier2Images": 361, "S2Images": 431, "TideRange": "2.29", "WaveHeight": "1.44", "RelativeTideRange": "1.59", "pk": "566"}, "geometry": {"type": "Point", "coordinates": [131.314946, 31.405942]}}, {"type": "Feature", "id": 567, "properties": {"Tier1Images": 924, "Tier2Images": 362, "S2Images": 411, "TideRange": "2.20", "WaveHeight": "1.10", "RelativeTideRange": "2.00", "pk": "567"}, "geometry": {"type": "Point", "coordinates": [131.533159, 32.12312]}}, {"type": "Feature", "id": 568, "properties": {"Tier1Images": 1438, "Tier2Images": 285, "S2Images": 849, "TideRange": "2.12", "WaveHeight": "0.78", "RelativeTideRange": "2.72", "pk": "568"}, "geometry": {"type": "Point", "coordinates": [131.928341, 32.794381]}}, {"type": "Feature", "id": 569, "properties": {"Tier1Images": 1008, "Tier2Images": 142, "S2Images": 465, "TideRange": "1.22", "WaveHeight": "1.45", "RelativeTideRange": "0.84", "pk": "569"}, "geometry": {"type": "Point", "coordinates": [121.905176, 25.056445]}}, {"type": "Feature", "id": 570, "properties": {"Tier1Images": 2680, "Tier2Images": 365, "S2Images": 464, "TideRange": "3.94", "WaveHeight": "1.24", "RelativeTideRange": "3.19", "pk": "570"}, "geometry": {"type": "Point", "coordinates": [121.162284, 25.088398]}}, {"type": "Feature", "id": 571, "properties": {"Tier1Images": 1660, "Tier2Images": 218, "S2Images": 456, "TideRange": "5.49", "WaveHeight": "1.33", "RelativeTideRange": "4.12", "pk": "571"}, "geometry": {"type": "Point", "coordinates": [120.616933, 24.457728]}}, {"type": "Feature", "id": 572, "properties": {"Tier1Images": 2086, "Tier2Images": 256, "S2Images": 487, "TideRange": "4.11", "WaveHeight": "1.24", "RelativeTideRange": "3.31", "pk": "572"}, "geometry": {"type": "Point", "coordinates": [120.177089, 23.738716]}}, {"type": "Feature", "id": 573, "properties": {"Tier1Images": 1126, "Tier2Images": 100, "S2Images": 492, "TideRange": "1.39", "WaveHeight": "1.11", "RelativeTideRange": "1.25", "pk": "573"}, "geometry": {"type": "Point", "coordinates": [120.159231, 22.946552]}}, {"type": "Feature", "id": 574, "properties": {"Tier1Images": 959, "Tier2Images": 240, "S2Images": 476, "TideRange": "1.38", "WaveHeight": "0.90", "RelativeTideRange": "1.52", "pk": "574"}, "geometry": {"type": "Point", "coordinates": [120.618077, 22.289847]}}, {"type": "Feature", "id": 575, "properties": {"Tier1Images": 1248, "Tier2Images": 239, "S2Images": 478, "TideRange": "1.79", "WaveHeight": "1.31", "RelativeTideRange": "1.37", "pk": "575"}, "geometry": {"type": "Point", "coordinates": [120.884261, 22.302627]}}, {"type": "Feature", "id": 576, "properties": {"Tier1Images": 1056, "Tier2Images": 119, "S2Images": 457, "TideRange": "1.95", "WaveHeight": "1.47", "RelativeTideRange": "1.32", "pk": "576"}, "geometry": {"type": "Point", "coordinates": [121.323356, 23.015672]}}, {"type": "Feature", "id": 577, "properties": {"Tier1Images": 2060, "Tier2Images": 264, "S2Images": 481, "TideRange": "1.95", "WaveHeight": "1.20", "RelativeTideRange": "1.62", "pk": "577"}, "geometry": {"type": "Point", "coordinates": [121.568333, 23.810292]}}, {"type": "Feature", "id": 578, "properties": {"Tier1Images": 1008, "Tier2Images": 142, "S2Images": 466, "TideRange": "1.84", "WaveHeight": "1.31", "RelativeTideRange": "1.40", "pk": "578"}, "geometry": {"type": "Point", "coordinates": [121.82717, 24.589201]}}, {"type": "Feature", "id": 579, "properties": {"Tier1Images": 1465, "Tier2Images": 284, "S2Images": 766, "TideRange": "2.94", "WaveHeight": "0.41", "RelativeTideRange": "7.20", "pk": "579"}, "geometry": {"type": "Point", "coordinates": [-70.106048, -53.972768]}}, {"type": "Feature", "id": 580, "properties": {"Tier1Images": 1157, "Tier2Images": 258, "S2Images": 710, "TideRange": "3.28", "WaveHeight": "0.10", "RelativeTideRange": "32.78", "pk": "580"}, "geometry": {"type": "Point", "coordinates": [-69.42479, -54.283616]}}, {"type": "Feature", "id": 581, "properties": {"Tier1Images": 1384, "Tier2Images": 280, "S2Images": 695, "TideRange": "3.34", "WaveHeight": "0.10", "RelativeTideRange": "33.40", "pk": "581"}, "geometry": {"type": "Point", "coordinates": [-69.322484, -54.542194]}}, {"type": "Feature", "id": 582, "properties": {"Tier1Images": 1155, "Tier2Images": 261, "S2Images": 697, "TideRange": "3.25", "WaveHeight": "0.41", "RelativeTideRange": "7.96", "pk": "582"}, "geometry": {"type": "Point", "coordinates": [-69.957688, -54.377694]}}, {"type": "Feature", "id": 583, "properties": {"Tier1Images": 1481, "Tier2Images": 499, "S2Images": 756, "TideRange": "2.60", "WaveHeight": "1.05", "RelativeTideRange": "2.47", "pk": "583"}, "geometry": {"type": "Point", "coordinates": [-70.570077, -54.088151]}}, {"type": "Feature", "id": 584, "properties": {"Tier1Images": 1590, "Tier2Images": 337, "S2Images": 759, "TideRange": "2.65", "WaveHeight": "1.05", "RelativeTideRange": "2.52", "pk": "584"}, "geometry": {"type": "Point", "coordinates": [-70.773922, -53.858422]}}, {"type": "Feature", "id": 585, "properties": {"Tier1Images": 1270, "Tier2Images": 502, "S2Images": 589, "TideRange": "2.58", "WaveHeight": "1.05", "RelativeTideRange": "2.45", "pk": "585"}, "geometry": {"type": "Point", "coordinates": [-70.607216, -54.274675]}}, {"type": "Feature", "id": 586, "properties": {"Tier1Images": 1316, "Tier2Images": 422, "S2Images": 547, "TideRange": "2.63", "WaveHeight": "1.05", "RelativeTideRange": "2.50", "pk": "586"}, "geometry": {"type": "Point", "coordinates": [-70.642909, -54.494058]}}, {"type": "Feature", "id": 587, "properties": {"Tier1Images": 810, "Tier2Images": 426, "S2Images": 547, "TideRange": "2.22", "WaveHeight": "1.05", "RelativeTideRange": "2.12", "pk": "587"}, "geometry": {"type": "Point", "coordinates": [-71.191496, -54.441416]}}, {"type": "Feature", "id": 588, "properties": {"Tier1Images": 819, "Tier2Images": 439, "S2Images": 551, "TideRange": "2.07", "WaveHeight": "2.24", "RelativeTideRange": "0.92", "pk": "588"}, "geometry": {"type": "Point", "coordinates": [-71.909233, -54.498501]}}, {"type": "Feature", "id": 589, "properties": {"Tier1Images": 809, "Tier2Images": 426, "S2Images": 545, "TideRange": "1.51", "WaveHeight": "1.05", "RelativeTideRange": "1.43", "pk": "589"}, "geometry": {"type": "Point", "coordinates": [-71.233653, -54.692591]}}, {"type": "Feature", "id": 590, "properties": {"Tier1Images": 1158, "Tier2Images": 262, "S2Images": 646, "TideRange": "1.57", "WaveHeight": "1.99", "RelativeTideRange": "0.79", "pk": "590"}, "geometry": {"type": "Point", "coordinates": [-70.381017, -54.77841]}}, {"type": "Feature", "id": 591, "properties": {"Tier1Images": 1158, "Tier2Images": 256, "S2Images": 648, "TideRange": "3.26", "WaveHeight": "0.10", "RelativeTideRange": "32.66", "pk": "591"}, "geometry": {"type": "Point", "coordinates": [-69.641322, -54.772981]}}, {"type": "Feature", "id": 592, "properties": {"Tier1Images": 1298, "Tier2Images": 171, "S2Images": 689, "TideRange": "1.92", "WaveHeight": "1.94", "RelativeTideRange": "0.99", "pk": "592"}, "geometry": {"type": "Point", "coordinates": [-68.827488, -54.867392]}}, {"type": "Feature", "id": 593, "properties": {"Tier1Images": 1456, "Tier2Images": 231, "S2Images": 701, "TideRange": "1.91", "WaveHeight": "1.85", "RelativeTideRange": "1.03", "pk": "593"}, "geometry": {"type": "Point", "coordinates": [-67.96427, -54.852489]}}, {"type": "Feature", "id": 594, "properties": {"Tier1Images": 1931, "Tier2Images": 261, "S2Images": 1684, "TideRange": "4.92", "WaveHeight": "0.26", "RelativeTideRange": "18.67", "pk": "594"}, "geometry": {"type": "Point", "coordinates": [-123.415479, 48.698193]}}, {"type": "Feature", "id": 595, "properties": {"Tier1Images": 1934, "Tier2Images": 260, "S2Images": 826, "TideRange": "4.52", "WaveHeight": "0.13", "RelativeTideRange": "33.65", "pk": "595"}, "geometry": {"type": "Point", "coordinates": [-123.775632, 48.996841]}}, {"type": "Feature", "id": 596, "properties": {"Tier1Images": 2344, "Tier2Images": 441, "S2Images": 802, "TideRange": "3.97", "WaveHeight": "0.20", "RelativeTideRange": "19.60", "pk": "596"}, "geometry": {"type": "Point", "coordinates": [-124.4254, 49.362154]}}, {"type": "Feature", "id": 597, "properties": {"Tier1Images": 2557, "Tier2Images": 327, "S2Images": 425, "TideRange": "3.97", "WaveHeight": "0.09", "RelativeTideRange": "42.65", "pk": "597"}, "geometry": {"type": "Point", "coordinates": [-124.968824, 49.761887]}}, {"type": "Feature", "id": 598, "properties": {"Tier1Images": 1032, "Tier2Images": 159, "S2Images": 830, "TideRange": "3.85", "WaveHeight": "0.04", "RelativeTideRange": "87.34", "pk": "598"}, "geometry": {"type": "Point", "coordinates": [-125.424639, 50.258857]}}, {"type": "Feature", "id": 599, "properties": {"Tier1Images": 1472, "Tier2Images": 240, "S2Images": 1591, "TideRange": "5.28", "WaveHeight": "0.04", "RelativeTideRange": "119.89", "pk": "599"}, "geometry": {"type": "Point", "coordinates": [-126.235053, 50.45773]}}, {"type": "Feature", "id": 600, "properties": {"Tier1Images": 1330, "Tier2Images": 280, "S2Images": 381, "TideRange": "5.21", "WaveHeight": "1.83", "RelativeTideRange": "2.85", "pk": "600"}, "geometry": {"type": "Point", "coordinates": [-127.09501, 50.614676]}}, {"type": "Feature", "id": 601, "properties": {"Tier1Images": 1618, "Tier2Images": 341, "S2Images": 765, "TideRange": "4.74", "WaveHeight": "1.86", "RelativeTideRange": "2.54", "pk": "601"}, "geometry": {"type": "Point", "coordinates": [-127.903754, 50.85777]}}, {"type": "Feature", "id": 602, "properties": {"Tier1Images": 1124, "Tier2Images": 251, "S2Images": 1574, "TideRange": "4.01", "WaveHeight": "2.11", "RelativeTideRange": "1.90", "pk": "602"}, "geometry": {"type": "Point", "coordinates": [-128.167014, 50.54169]}}, {"type": "Feature", "id": 603, "properties": {"Tier1Images": 1331, "Tier2Images": 283, "S2Images": 1057, "TideRange": "5.13", "WaveHeight": "2.11", "RelativeTideRange": "2.43", "pk": "603"}, "geometry": {"type": "Point", "coordinates": [-127.480968, 50.572055]}}, {"type": "Feature", "id": 604, "properties": {"Tier1Images": 1331, "Tier2Images": 283, "S2Images": 806, "TideRange": "3.98", "WaveHeight": "2.11", "RelativeTideRange": "1.89", "pk": "604"}, "geometry": {"type": "Point", "coordinates": [-127.952735, 50.36375]}}, {"type": "Feature", "id": 605, "properties": {"Tier1Images": 1332, "Tier2Images": 282, "S2Images": 401, "TideRange": "3.96", "WaveHeight": "1.83", "RelativeTideRange": "2.17", "pk": "605"}, "geometry": {"type": "Point", "coordinates": [-127.459718, 50.156959]}}, {"type": "Feature", "id": 606, "properties": {"Tier1Images": 843, "Tier2Images": 178, "S2Images": 788, "TideRange": "3.93", "WaveHeight": "2.17", "RelativeTideRange": "1.81", "pk": "606"}, "geometry": {"type": "Point", "coordinates": [-127.062543, 49.873261]}}, {"type": "Feature", "id": 607, "properties": {"Tier1Images": 2188, "Tier2Images": 604, "S2Images": 803, "TideRange": "3.96", "WaveHeight": "1.89", "RelativeTideRange": "2.10", "pk": "607"}, "geometry": {"type": "Point", "coordinates": [-126.406612, 49.680185]}}, {"type": "Feature", "id": 608, "properties": {"Tier1Images": 1759, "Tier2Images": 699, "S2Images": 837, "TideRange": "3.92", "WaveHeight": "1.89", "RelativeTideRange": "2.08", "pk": "608"}, "geometry": {"type": "Point", "coordinates": [-126.5558, 49.478459]}}, {"type": "Feature", "id": 609, "properties": {"Tier1Images": 1738, "Tier2Images": 688, "S2Images": 808, "TideRange": "3.85", "WaveHeight": "1.05", "RelativeTideRange": "3.68", "pk": "609"}, "geometry": {"type": "Point", "coordinates": [-125.958649, 49.39231]}}, {"type": "Feature", "id": 610, "properties": {"Tier1Images": 791, "Tier2Images": 398, "S2Images": 805, "TideRange": "3.84", "WaveHeight": "2.06", "RelativeTideRange": "1.87", "pk": "610"}, "geometry": {"type": "Point", "coordinates": [-125.827313, 49.091397]}}, {"type": "Feature", "id": 611, "properties": {"Tier1Images": 1645, "Tier2Images": 491, "S2Images": 419, "TideRange": "3.96", "WaveHeight": "1.29", "RelativeTideRange": "3.07", "pk": "611"}, "geometry": {"type": "Point", "coordinates": [-125.045626, 49.002821]}}, {"type": "Feature", "id": 612, "properties": {"Tier1Images": 1646, "Tier2Images": 492, "S2Images": 419, "TideRange": "3.97", "WaveHeight": "1.29", "RelativeTideRange": "3.07", "pk": "612"}, "geometry": {"type": "Point", "coordinates": [-124.950176, 48.946088]}}, {"type": "Feature", "id": 613, "properties": {"Tier1Images": 1284, "Tier2Images": 268, "S2Images": 846, "TideRange": "4.07", "WaveHeight": "1.43", "RelativeTideRange": "2.85", "pk": "613"}, "geometry": {"type": "Point", "coordinates": [-124.65246, 48.587639]}}, {"type": "Feature", "id": 614, "properties": {"Tier1Images": 2210, "Tier2Images": 302, "S2Images": 858, "TideRange": "4.61", "WaveHeight": "0.26", "RelativeTideRange": "17.49", "pk": "614"}, "geometry": {"type": "Point", "coordinates": [-123.81721, 48.37017]}}, {"type": "Feature", "id": 615, "properties": {"Tier1Images": 1929, "Tier2Images": 261, "S2Images": 435, "TideRange": "4.92", "WaveHeight": "0.26", "RelativeTideRange": "18.67", "pk": "615"}, "geometry": {"type": "Point", "coordinates": [-123.361039, 48.5968]}}, {"type": "Feature", "id": 616, "properties": {"Tier1Images": 336, "Tier2Images": 336, "S2Images": 1430, "TideRange": "1.60", "WaveHeight": "2.31", "RelativeTideRange": "0.69", "pk": "616"}, "geometry": {"type": "Point", "coordinates": [178.570605, 51.977539]}}, {"type": "Feature", "id": 617, "properties": {"Tier1Images": 1634, "Tier2Images": 475, "S2Images": 576, "TideRange": "2.40", "WaveHeight": "2.09", "RelativeTideRange": "1.15", "pk": "617"}, "geometry": {"type": "Point", "coordinates": [-120.35332, 34.060596]}}, {"type": "Feature", "id": 618, "properties": {"Tier1Images": 2234, "Tier2Images": 163, "S2Images": 1023, "TideRange": "2.43", "WaveHeight": "1.65", "RelativeTideRange": "1.47", "pk": "618"}, "geometry": {"type": "Point", "coordinates": [-119.525146, 33.282031]}}, {"type": "Feature", "id": 619, "properties": {"Tier1Images": 495, "Tier2Images": 177, "S2Images": 624, "TideRange": "1.76", "WaveHeight": "3.23", "RelativeTideRange": "0.55", "pk": "619"}, "geometry": {"type": "Point", "coordinates": [-67.762061, -55.816113]}}, {"type": "Feature", "id": 620, "properties": {"Tier1Images": 2170, "Tier2Images": 453, "S2Images": 852, "TideRange": "4.97", "WaveHeight": "0.10", "RelativeTideRange": "48.34", "pk": "620"}, "geometry": {"type": "Point", "coordinates": [-122.853076, 47.204736]}}, {"type": "Feature", "id": 621, "properties": {"Tier1Images": 394, "Tier2Images": 58, "S2Images": 509, "TideRange": "1.46", "WaveHeight": "1.27", "RelativeTideRange": "1.15", "pk": "621"}, "geometry": {"type": "Point", "coordinates": [-179.999951, -16.963086]}}, {"type": "Feature", "id": 622, "properties": {"Tier1Images": 794, "Tier2Images": 94, "S2Images": 510, "TideRange": "1.51", "WaveHeight": "1.01", "RelativeTideRange": "1.49", "pk": "622"}, "geometry": {"type": "Point", "coordinates": [-179.999951, -16.540039]}}, {"type": "Feature", "id": 623, "properties": {"Tier1Images": 394, "Tier2Images": 58, "S2Images": 509, "TideRange": "1.46", "WaveHeight": "1.27", "RelativeTideRange": "1.15", "pk": "623"}, "geometry": {"type": "Point", "coordinates": [179.999219, -16.963086]}}, {"type": "Feature", "id": 624, "properties": {"Tier1Images": 692, "Tier2Images": 584, "S2Images": 371, "TideRange": "2.06", "WaveHeight": "1.92", "RelativeTideRange": "1.07", "pk": "624"}, "geometry": {"type": "Point", "coordinates": [154.612988, 49.380615]}}, {"type": "Feature", "id": 625, "properties": {"Tier1Images": 925, "Tier2Images": 666, "S2Images": 1504, "TideRange": "1.97", "WaveHeight": "1.99", "RelativeTideRange": "0.99", "pk": "625"}, "geometry": {"type": "Point", "coordinates": [154.879201, 49.634893]}}, {"type": "Feature", "id": 626, "properties": {"Tier1Images": 1436, "Tier2Images": 311, "S2Images": 634, "TideRange": "1.94", "WaveHeight": "1.15", "RelativeTideRange": "1.68", "pk": "626"}, "geometry": {"type": "Point", "coordinates": [-66.613623, -55.20445]}}, {"type": "Feature", "id": 627, "properties": {"Tier1Images": 776, "Tier2Images": 635, "S2Images": 431, "TideRange": "1.77", "WaveHeight": "2.66", "RelativeTideRange": "0.66", "pk": "627"}, "geometry": {"type": "Point", "coordinates": [-75.124219, -44.869922]}}, {"type": "Feature", "id": 628, "properties": {"Tier1Images": 787, "Tier2Images": 546, "S2Images": 677, "TideRange": "1.67", "WaveHeight": "2.27", "RelativeTideRange": "0.74", "pk": "628"}, "geometry": {"type": "Point", "coordinates": [-75.225098, -48.671387]}}, {"type": "Feature", "id": 629, "properties": {"Tier1Images": 563, "Tier2Images": 430, "S2Images": 678, "TideRange": "1.69", "WaveHeight": "2.27", "RelativeTideRange": "0.74", "pk": "629"}, "geometry": {"type": "Point", "coordinates": [-75.588306, -48.464756]}}, {"type": "Feature", "id": 630, "properties": {"Tier1Images": 1006, "Tier2Images": 575, "S2Images": 679, "TideRange": "1.68", "WaveHeight": "2.95", "RelativeTideRange": "0.57", "pk": "630"}, "geometry": {"type": "Point", "coordinates": [-75.337798, -48.075359]}}, {"type": "Feature", "id": 631, "properties": {"Tier1Images": 787, "Tier2Images": 547, "S2Images": 677, "TideRange": "1.67", "WaveHeight": "2.27", "RelativeTideRange": "0.74", "pk": "631"}, "geometry": {"type": "Point", "coordinates": [-75.189324, -48.645218]}}, {"type": "Feature", "id": 632, "properties": {"Tier1Images": 595, "Tier2Images": 580, "S2Images": 665, "TideRange": "2.07", "WaveHeight": "3.25", "RelativeTideRange": "0.64", "pk": "632"}, "geometry": {"type": "Point", "coordinates": [-75.303711, -50.483984]}}, {"type": "Feature", "id": 633, "properties": {"Tier1Images": 594, "Tier2Images": 580, "S2Images": 1328, "TideRange": "2.07", "WaveHeight": "3.25", "RelativeTideRange": "0.64", "pk": "633"}, "geometry": {"type": "Point", "coordinates": [-75.296669, -50.634156]}}, {"type": "Feature", "id": 634, "properties": {"Tier1Images": 975, "Tier2Images": 399, "S2Images": 1483, "TideRange": "2.11", "WaveHeight": "2.11", "RelativeTideRange": "1.00", "pk": "634"}, "geometry": {"type": "Point", "coordinates": [-73.310352, -53.247656]}}, {"type": "Feature", "id": 635, "properties": {"Tier1Images": 891, "Tier2Images": 389, "S2Images": 647, "TideRange": "1.87", "WaveHeight": "2.96", "RelativeTideRange": "0.63", "pk": "635"}, "geometry": {"type": "Point", "coordinates": [-74.045314, -52.970518]}}, {"type": "Feature", "id": 636, "properties": {"Tier1Images": 346, "Tier2Images": 406, "S2Images": 652, "TideRange": "1.60", "WaveHeight": "3.67", "RelativeTideRange": "0.44", "pk": "636"}, "geometry": {"type": "Point", "coordinates": [-74.695208, -52.780034]}}, {"type": "Feature", "id": 637, "properties": {"Tier1Images": 892, "Tier2Images": 389, "S2Images": 634, "TideRange": "1.90", "WaveHeight": "2.96", "RelativeTideRange": "0.64", "pk": "637"}, "geometry": {"type": "Point", "coordinates": [-74.042809, -53.080761]}}, {"type": "Feature", "id": 638, "properties": {"Tier1Images": 1041, "Tier2Images": 412, "S2Images": 678, "TideRange": "2.38", "WaveHeight": "2.11", "RelativeTideRange": "1.13", "pk": "638"}, "geometry": {"type": "Point", "coordinates": [-73.336928, -53.33546]}}, {"type": "Feature", "id": 639, "properties": {"Tier1Images": 1054, "Tier2Images": 442, "S2Images": 641, "TideRange": "1.86", "WaveHeight": "1.83", "RelativeTideRange": "1.02", "pk": "639"}, "geometry": {"type": "Point", "coordinates": [-68.30542, -55.356641]}}, {"type": "Feature", "id": 640, "properties": {"Tier1Images": 1453, "Tier2Images": 222, "S2Images": 687, "TideRange": "1.91", "WaveHeight": "1.83", "RelativeTideRange": "1.05", "pk": "640"}, "geometry": {"type": "Point", "coordinates": [-68.401976, -55.038924]}}, {"type": "Feature", "id": 641, "properties": {"Tier1Images": 1581, "Tier2Images": 278, "S2Images": 632, "TideRange": "1.87", "WaveHeight": "1.94", "RelativeTideRange": "0.97", "pk": "641"}, "geometry": {"type": "Point", "coordinates": [-69.180135, -54.98342]}}, {"type": "Feature", "id": 642, "properties": {"Tier1Images": 1158, "Tier2Images": 260, "S2Images": 644, "TideRange": "1.57", "WaveHeight": "1.45", "RelativeTideRange": "1.08", "pk": "642"}, "geometry": {"type": "Point", "coordinates": [-69.904314, -54.979927]}}, {"type": "Feature", "id": 643, "properties": {"Tier1Images": 1086, "Tier2Images": 530, "S2Images": 543, "TideRange": "1.63", "WaveHeight": "2.72", "RelativeTideRange": "0.60", "pk": "643"}, "geometry": {"type": "Point", "coordinates": [-69.639304, -55.324422]}}, {"type": "Feature", "id": 644, "properties": {"Tier1Images": 1093, "Tier2Images": 462, "S2Images": 582, "TideRange": "1.87", "WaveHeight": "2.72", "RelativeTideRange": "0.69", "pk": "644"}, "geometry": {"type": "Point", "coordinates": [-69.352335, -55.30855]}}, {"type": "Feature", "id": 645, "properties": {"Tier1Images": 1042, "Tier2Images": 444, "S2Images": 1219, "TideRange": "1.86", "WaveHeight": "1.94", "RelativeTideRange": "0.96", "pk": "645"}, "geometry": {"type": "Point", "coordinates": [-68.926064, -55.335641]}}, {"type": "Feature", "id": 646, "properties": {"Tier1Images": 749, "Tier2Images": 403, "S2Images": 634, "TideRange": "1.83", "WaveHeight": "1.83", "RelativeTideRange": "1.00", "pk": "646"}, "geometry": {"type": "Point", "coordinates": [-68.264424, -55.557814]}}, {"type": "Feature", "id": 647, "properties": {"Tier1Images": 788, "Tier2Images": 548, "S2Images": 666, "TideRange": "1.67", "WaveHeight": "2.07", "RelativeTideRange": "0.80", "pk": "647"}, "geometry": {"type": "Point", "coordinates": [-75.115088, -48.916016]}}, {"type": "Feature", "id": 648, "properties": {"Tier1Images": 785, "Tier2Images": 541, "S2Images": 666, "TideRange": "1.67", "WaveHeight": "2.07", "RelativeTideRange": "0.80", "pk": "648"}, "geometry": {"type": "Point", "coordinates": [-75.613088, -48.957908]}}, {"type": "Feature", "id": 649, "properties": {"Tier1Images": 787, "Tier2Images": 547, "S2Images": 666, "TideRange": "1.67", "WaveHeight": "2.07", "RelativeTideRange": "0.80", "pk": "649"}, "geometry": {"type": "Point", "coordinates": [-75.315547, -49.106445]}}, {"type": "Feature", "id": 650, "properties": {"Tier1Images": 313, "Tier2Images": 149, "S2Images": 978, "TideRange": "1.47", "WaveHeight": "1.31", "RelativeTideRange": "1.12", "pk": "650"}, "geometry": {"type": "Point", "coordinates": [179.373145, -17.256152]}}, {"type": "Feature", "id": 651, "properties": {"Tier1Images": 513, "Tier2Images": 190, "S2Images": 513, "TideRange": "1.47", "WaveHeight": "1.56", "RelativeTideRange": "0.94", "pk": "651"}, "geometry": {"type": "Point", "coordinates": [179.306445, -17.944043]}}, {"type": "Feature", "id": 652, "properties": {"Tier1Images": 310, "Tier2Images": 148, "S2Images": 503, "TideRange": "1.51", "WaveHeight": "0.67", "RelativeTideRange": "2.24", "pk": "652"}, "geometry": {"type": "Point", "coordinates": [178.747656, -17.685742]}}, {"type": "Feature", "id": 653, "properties": {"Tier1Images": 555, "Tier2Images": 103, "S2Images": 993, "TideRange": "1.42", "WaveHeight": "1.41", "RelativeTideRange": "1.01", "pk": "653"}, "geometry": {"type": "Point", "coordinates": [168.322754, -16.787793]}}, {"type": "Feature", "id": 654, "properties": {"Tier1Images": 301, "Tier2Images": 74, "S2Images": 531, "TideRange": "1.43", "WaveHeight": "1.41", "RelativeTideRange": "1.01", "pk": "654"}, "geometry": {"type": "Point", "coordinates": [168.259414, -16.798322]}}, {"type": "Feature", "id": 655, "properties": {"Tier1Images": 318, "Tier2Images": 76, "S2Images": 957, "TideRange": "1.63", "WaveHeight": "1.42", "RelativeTideRange": "1.15", "pk": "655"}, "geometry": {"type": "Point", "coordinates": [168.29668, -16.336523]}}, {"type": "Feature", "id": 656, "properties": {"Tier1Images": 318, "Tier2Images": 76, "S2Images": 510, "TideRange": "1.53", "WaveHeight": "1.13", "RelativeTideRange": "1.36", "pk": "656"}, "geometry": {"type": "Point", "coordinates": [168.188152, -16.346263]}}, {"type": "Feature", "id": 657, "properties": {"Tier1Images": 298, "Tier2Images": 33, "S2Images": 498, "TideRange": "1.50", "WaveHeight": "1.54", "RelativeTideRange": "0.97", "pk": "657"}, "geometry": {"type": "Point", "coordinates": [168.445801, -17.542187]}}, {"type": "Feature", "id": 658, "properties": {"Tier1Images": 301, "Tier2Images": 41, "S2Images": 489, "TideRange": "1.40", "WaveHeight": "1.68", "RelativeTideRange": "0.83", "pk": "658"}, "geometry": {"type": "Point", "coordinates": [168.526249, -17.795273]}}, {"type": "Feature", "id": 659, "properties": {"Tier1Images": 319, "Tier2Images": 218, "S2Images": 498, "TideRange": "1.64", "WaveHeight": "1.01", "RelativeTideRange": "1.63", "pk": "659"}, "geometry": {"type": "Point", "coordinates": [168.002539, -15.283203]}}, {"type": "Feature", "id": 660, "properties": {"Tier1Images": 303, "Tier2Images": 16, "S2Images": 1002, "TideRange": "1.62", "WaveHeight": "0.91", "RelativeTideRange": "1.77", "pk": "660"}, "geometry": {"type": "Point", "coordinates": [167.182031, -15.389746]}}, {"type": "Feature", "id": 661, "properties": {"Tier1Images": 625, "Tier2Images": 40, "S2Images": 501, "TideRange": "1.56", "WaveHeight": "0.91", "RelativeTideRange": "1.72", "pk": "661"}, "geometry": {"type": "Point", "coordinates": [166.848458, -15.157073]}}, {"type": "Feature", "id": 662, "properties": {"Tier1Images": 322, "Tier2Images": 24, "S2Images": 520, "TideRange": "1.39", "WaveHeight": "1.03", "RelativeTideRange": "1.35", "pk": "662"}, "geometry": {"type": "Point", "coordinates": [166.530737, -14.860569]}}, {"type": "Feature", "id": 663, "properties": {"Tier1Images": 303, "Tier2Images": 16, "S2Images": 498, "TideRange": "1.31", "WaveHeight": "1.17", "RelativeTideRange": "1.12", "pk": "663"}, "geometry": {"type": "Point", "coordinates": [166.797618, -15.633315]}}, {"type": "Feature", "id": 664, "properties": {"Tier1Images": 318, "Tier2Images": 76, "S2Images": 501, "TideRange": "1.68", "WaveHeight": "1.01", "RelativeTideRange": "1.67", "pk": "664"}, "geometry": {"type": "Point", "coordinates": [168.159961, -15.461816]}}, {"type": "Feature", "id": 665, "properties": {"Tier1Images": 318, "Tier2Images": 76, "S2Images": 498, "TideRange": "1.67", "WaveHeight": "1.01", "RelativeTideRange": "1.66", "pk": "665"}, "geometry": {"type": "Point", "coordinates": [168.219786, -15.673678]}}, {"type": "Feature", "id": 666, "properties": {"Tier1Images": 320, "Tier2Images": 213, "S2Images": 498, "TideRange": "1.66", "WaveHeight": "1.01", "RelativeTideRange": "1.64", "pk": "666"}, "geometry": {"type": "Point", "coordinates": [168.130469, -15.318945]}}, {"type": "Feature", "id": 667, "properties": {"Tier1Images": 571, "Tier2Images": 102, "S2Images": 506, "TideRange": "1.50", "WaveHeight": "1.13", "RelativeTideRange": "1.33", "pk": "667"}, "geometry": {"type": "Point", "coordinates": [167.792578, -16.394629]}}, {"type": "Feature", "id": 668, "properties": {"Tier1Images": 303, "Tier2Images": 16, "S2Images": 505, "TideRange": "1.39", "WaveHeight": "1.11", "RelativeTideRange": "1.26", "pk": "668"}, "geometry": {"type": "Point", "coordinates": [167.193441, -15.901044]}}, {"type": "Feature", "id": 669, "properties": {"Tier1Images": 918, "Tier2Images": 85, "S2Images": 505, "TideRange": "1.31", "WaveHeight": "1.14", "RelativeTideRange": "1.15", "pk": "669"}, "geometry": {"type": "Point", "coordinates": [167.459198, -16.55746]}}, {"type": "Feature", "id": 670, "properties": {"Tier1Images": 303, "Tier2Images": 16, "S2Images": 506, "TideRange": "1.59", "WaveHeight": "0.91", "RelativeTideRange": "1.74", "pk": "670"}, "geometry": {"type": "Point", "coordinates": [167.234375, -15.64502]}}, {"type": "Feature", "id": 671, "properties": {"Tier1Images": 408, "Tier2Images": 11, "S2Images": 420, "TideRange": "1.63", "WaveHeight": "0.82", "RelativeTideRange": "1.98", "pk": "671"}, "geometry": {"type": "Point", "coordinates": [159.793945, -8.406055]}}, {"type": "Feature", "id": 672, "properties": {"Tier1Images": 701, "Tier2Images": 49, "S2Images": 396, "TideRange": "1.89", "WaveHeight": "0.84", "RelativeTideRange": "2.25", "pk": "672"}, "geometry": {"type": "Point", "coordinates": [159.168643, -7.907563]}}, {"type": "Feature", "id": 673, "properties": {"Tier1Images": 638, "Tier2Images": 42, "S2Images": 393, "TideRange": "1.89", "WaveHeight": "0.87", "RelativeTideRange": "2.17", "pk": "673"}, "geometry": {"type": "Point", "coordinates": [158.503833, -7.598591]}}, {"type": "Feature", "id": 674, "properties": {"Tier1Images": 368, "Tier2Images": 11, "S2Images": 814, "TideRange": "0.91", "WaveHeight": "0.84", "RelativeTideRange": "1.08", "pk": "674"}, "geometry": {"type": "Point", "coordinates": [159.168291, -8.152019]}}, {"type": "Feature", "id": 675, "properties": {"Tier1Images": 724, "Tier2Images": 18, "S2Images": 420, "TideRange": "1.54", "WaveHeight": "0.82", "RelativeTideRange": "1.87", "pk": "675"}, "geometry": {"type": "Point", "coordinates": [159.863581, -8.498214]}}, {"type": "Feature", "id": 676, "properties": {"Tier1Images": 364, "Tier2Images": 13, "S2Images": 813, "TideRange": "1.85", "WaveHeight": "0.56", "RelativeTideRange": "3.31", "pk": "676"}, "geometry": {"type": "Point", "coordinates": [157.411621, -7.308594]}}, {"type": "Feature", "id": 677, "properties": {"Tier1Images": 367, "Tier2Images": 12, "S2Images": 401, "TideRange": "1.82", "WaveHeight": "0.79", "RelativeTideRange": "2.31", "pk": "677"}, "geometry": {"type": "Point", "coordinates": [156.756293, -6.75709]}}, {"type": "Feature", "id": 678, "properties": {"Tier1Images": 367, "Tier2Images": 12, "S2Images": 393, "TideRange": "0.95", "WaveHeight": "0.79", "RelativeTideRange": "1.21", "pk": "678"}, "geometry": {"type": "Point", "coordinates": [156.788233, -7.030448]}}, {"type": "Feature", "id": 679, "properties": {"Tier1Images": 364, "Tier2Images": 13, "S2Images": 416, "TideRange": "1.21", "WaveHeight": "0.56", "RelativeTideRange": "2.18", "pk": "679"}, "geometry": {"type": "Point", "coordinates": [157.506104, -7.37537]}}, {"type": "Feature", "id": 680, "properties": {"Tier1Images": 1916, "Tier2Images": 211, "S2Images": 445, "TideRange": "3.53", "WaveHeight": "0.28", "RelativeTideRange": "12.58", "pk": "680"}, "geometry": {"type": "Point", "coordinates": [134.182129, 34.519238]}}, {"type": "Feature", "id": 681, "properties": {"Tier1Images": 1258, "Tier2Images": 415, "S2Images": 719, "TideRange": "1.75", "WaveHeight": "1.53", "RelativeTideRange": "1.14", "pk": "681"}, "geometry": {"type": "Point", "coordinates": [-75.084473, -47.824512]}}, {"type": "Feature", "id": 682, "properties": {"Tier1Images": 1084, "Tier2Images": 480, "S2Images": 443, "TideRange": "1.93", "WaveHeight": "2.24", "RelativeTideRange": "0.86", "pk": "682"}, "geometry": {"type": "Point", "coordinates": [-74.664795, -43.599609]}}, {"type": "Feature", "id": 683, "properties": {"Tier1Images": 1328, "Tier2Images": 327, "S2Images": 1612, "TideRange": "3.71", "WaveHeight": "0.36", "RelativeTideRange": "10.35", "pk": "683"}, "geometry": {"type": "Point", "coordinates": [-73.628223, -44.680762]}}, {"type": "Feature", "id": 684, "properties": {"Tier1Images": 1329, "Tier2Images": 327, "S2Images": 1612, "TideRange": "3.82", "WaveHeight": "0.36", "RelativeTideRange": "10.65", "pk": "684"}, "geometry": {"type": "Point", "coordinates": [-73.618247, -44.742716]}}, {"type": "Feature", "id": 685, "properties": {"Tier1Images": 792, "Tier2Images": 547, "S2Images": 653, "TideRange": "1.77", "WaveHeight": "0.23", "RelativeTideRange": "7.53", "pk": "685"}, "geometry": {"type": "Point", "coordinates": [-74.567285, -48.591992]}}, {"type": "Feature", "id": 686, "properties": {"Tier1Images": 1582, "Tier2Images": 619, "S2Images": 656, "TideRange": "1.77", "WaveHeight": "1.53", "RelativeTideRange": "1.16", "pk": "686"}, "geometry": {"type": "Point", "coordinates": [-74.830626, -48.042627]}}, {"type": "Feature", "id": 687, "properties": {"Tier1Images": 1333, "Tier2Images": 566, "S2Images": 679, "TideRange": "1.69", "WaveHeight": "1.53", "RelativeTideRange": "1.10", "pk": "687"}, "geometry": {"type": "Point", "coordinates": [-75.230656, -48.06701]}}, {"type": "Feature", "id": 688, "properties": {"Tier1Images": 790, "Tier2Images": 548, "S2Images": 1331, "TideRange": "1.67", "WaveHeight": "2.27", "RelativeTideRange": "0.74", "pk": "688"}, "geometry": {"type": "Point", "coordinates": [-74.926679, -48.622798]}}, {"type": "Feature", "id": 689, "properties": {"Tier1Images": 949, "Tier2Images": 612, "S2Images": 630, "TideRange": "1.62", "WaveHeight": "1.26", "RelativeTideRange": "1.28", "pk": "689"}, "geometry": {"type": "Point", "coordinates": [-72.470508, -54.027734]}}, {"type": "Feature", "id": 690, "properties": {"Tier1Images": 1368, "Tier2Images": 283, "S2Images": 665, "TideRange": "2.58", "WaveHeight": "1.26", "RelativeTideRange": "2.05", "pk": "690"}, "geometry": {"type": "Point", "coordinates": [-72.450275, -53.608033]}}, {"type": "Feature", "id": 691, "properties": {"Tier1Images": 1283, "Tier2Images": 224, "S2Images": 674, "TideRange": "2.45", "WaveHeight": "2.11", "RelativeTideRange": "1.17", "pk": "691"}, "geometry": {"type": "Point", "coordinates": [-73.100105, -53.416818]}}, {"type": "Feature", "id": 692, "properties": {"Tier1Images": 897, "Tier2Images": 390, "S2Images": 353, "TideRange": "1.63", "WaveHeight": "2.11", "RelativeTideRange": "0.78", "pk": "692"}, "geometry": {"type": "Point", "coordinates": [-73.741262, -53.467859]}}, {"type": "Feature", "id": 693, "properties": {"Tier1Images": 1134, "Tier2Images": 660, "S2Images": 639, "TideRange": "1.60", "WaveHeight": "2.11", "RelativeTideRange": "0.76", "pk": "693"}, "geometry": {"type": "Point", "coordinates": [-73.309082, -53.746273]}}, {"type": "Feature", "id": 694, "properties": {"Tier1Images": 1091, "Tier2Images": 650, "S2Images": 638, "TideRange": "1.55", "WaveHeight": "2.23", "RelativeTideRange": "0.70", "pk": "694"}, "geometry": {"type": "Point", "coordinates": [-73.032452, -53.836329]}}, {"type": "Feature", "id": 695, "properties": {"Tier1Images": 526, "Tier2Images": 532, "S2Images": 595, "TideRange": "1.61", "WaveHeight": "2.23", "RelativeTideRange": "0.72", "pk": "695"}, "geometry": {"type": "Point", "coordinates": [-72.827425, -54.119599]}}, {"type": "Feature", "id": 696, "properties": {"Tier1Images": 1199, "Tier2Images": 241, "S2Images": 640, "TideRange": "1.87", "WaveHeight": "1.68", "RelativeTideRange": "1.11", "pk": "696"}, "geometry": {"type": "Point", "coordinates": [-67.736963, -55.256445]}}, {"type": "Feature", "id": 697, "properties": {"Tier1Images": 1444, "Tier2Images": 307, "S2Images": 602, "TideRange": "1.96", "WaveHeight": "0.95", "RelativeTideRange": "2.06", "pk": "697"}, "geometry": {"type": "Point", "coordinates": [-67.094714, -55.17297]}}, {"type": "Feature", "id": 698, "properties": {"Tier1Images": 1987, "Tier2Images": 388, "S2Images": 698, "TideRange": "1.86", "WaveHeight": "1.85", "RelativeTideRange": "1.01", "pk": "698"}, "geometry": {"type": "Point", "coordinates": [-67.79778, -54.936357]}}, {"type": "Feature", "id": 699, "properties": {"Tier1Images": 1572, "Tier2Images": 275, "S2Images": 640, "TideRange": "1.89", "WaveHeight": "1.85", "RelativeTideRange": "1.02", "pk": "699"}, "geometry": {"type": "Point", "coordinates": [-68.137122, -55.167454]}}, {"type": "Feature", "id": 700, "properties": {"Tier1Images": 1315, "Tier2Images": 509, "S2Images": 1192, "TideRange": "1.57", "WaveHeight": "1.99", "RelativeTideRange": "0.79", "pk": "700"}, "geometry": {"type": "Point", "coordinates": [-70.283057, -55.065918]}}, {"type": "Feature", "id": 701, "properties": {"Tier1Images": 1390, "Tier2Images": 670, "S2Images": 543, "TideRange": "1.50", "WaveHeight": "2.47", "RelativeTideRange": "0.61", "pk": "701"}, "geometry": {"type": "Point", "coordinates": [-70.957197, -54.914887]}}, {"type": "Feature", "id": 702, "properties": {"Tier1Images": 809, "Tier2Images": 427, "S2Images": 543, "TideRange": "1.50", "WaveHeight": "2.47", "RelativeTideRange": "0.61", "pk": "702"}, "geometry": {"type": "Point", "coordinates": [-71.22664, -54.890961]}}, {"type": "Feature", "id": 703, "properties": {"Tier1Images": 1309, "Tier2Images": 509, "S2Images": 2266, "TideRange": "1.56", "WaveHeight": "1.99", "RelativeTideRange": "0.78", "pk": "703"}, "geometry": {"type": "Point", "coordinates": [-70.544013, -55.12509]}}, {"type": "Feature", "id": 704, "properties": {"Tier1Images": 494, "Tier2Images": 169, "S2Images": 1264, "TideRange": "1.88", "WaveHeight": "2.87", "RelativeTideRange": "0.66", "pk": "704"}, "geometry": {"type": "Point", "coordinates": [-67.288867, -55.776855]}}, {"type": "Feature", "id": 705, "properties": {"Tier1Images": 494, "Tier2Images": 170, "S2Images": 1227, "TideRange": "1.88", "WaveHeight": "2.87", "RelativeTideRange": "0.66", "pk": "705"}, "geometry": {"type": "Point", "coordinates": [-67.372335, -55.759527]}}, {"type": "Feature", "id": 706, "properties": {"Tier1Images": 910, "Tier2Images": 427, "S2Images": 632, "TideRange": "2.68", "WaveHeight": "2.78", "RelativeTideRange": "0.96", "pk": "706"}, "geometry": {"type": "Point", "coordinates": [-74.592578, -51.3875]}}, {"type": "Feature", "id": 707, "properties": {"Tier1Images": 898, "Tier2Images": 430, "S2Images": 328, "TideRange": "1.64", "WaveHeight": "2.78", "RelativeTideRange": "0.59", "pk": "707"}, "geometry": {"type": "Point", "coordinates": [-75.133098, -51.285952]}}, {"type": "Feature", "id": 708, "properties": {"Tier1Images": 904, "Tier2Images": 426, "S2Images": 659, "TideRange": "1.90", "WaveHeight": "3.55", "RelativeTideRange": "0.53", "pk": "708"}, "geometry": {"type": "Point", "coordinates": [-75.111735, -51.480353]}}, {"type": "Feature", "id": 709, "properties": {"Tier1Images": 449, "Tier2Images": 379, "S2Images": 1265, "TideRange": "2.61", "WaveHeight": "1.95", "RelativeTideRange": "1.34", "pk": "709"}, "geometry": {"type": "Point", "coordinates": [-74.963379, -50.237305]}}, {"type": "Feature", "id": 710, "properties": {"Tier1Images": 593, "Tier2Images": 580, "S2Images": 666, "TideRange": "1.64", "WaveHeight": "2.81", "RelativeTideRange": "0.59", "pk": "710"}, "geometry": {"type": "Point", "coordinates": [-75.362962, -50.098635]}}, {"type": "Feature", "id": 711, "properties": {"Tier1Images": 481, "Tier2Images": 452, "S2Images": 665, "TideRange": "2.48", "WaveHeight": "1.95", "RelativeTideRange": "1.27", "pk": "711"}, "geometry": {"type": "Point", "coordinates": [-75.01712, -50.271878]}}, {"type": "Feature", "id": 712, "properties": {"Tier1Images": 913, "Tier2Images": 427, "S2Images": 662, "TideRange": "2.25", "WaveHeight": "3.31", "RelativeTideRange": "0.68", "pk": "712"}, "geometry": {"type": "Point", "coordinates": [-74.536816, -51.965137]}}, {"type": "Feature", "id": 713, "properties": {"Tier1Images": 908, "Tier2Images": 427, "S2Images": 1267, "TideRange": "1.74", "WaveHeight": "3.31", "RelativeTideRange": "0.53", "pk": "713"}, "geometry": {"type": "Point", "coordinates": [-74.914991, -51.73517]}}, {"type": "Feature", "id": 714, "properties": {"Tier1Images": 1034, "Tier2Images": 502, "S2Images": 1293, "TideRange": "1.61", "WaveHeight": "3.31", "RelativeTideRange": "0.49", "pk": "714"}, "geometry": {"type": "Point", "coordinates": [-74.907815, -52.170074]}}, {"type": "Feature", "id": 715, "properties": {"Tier1Images": 1240, "Tier2Images": 393, "S2Images": 847, "TideRange": "2.49", "WaveHeight": "1.19", "RelativeTideRange": "2.09", "pk": "715"}, "geometry": {"type": "Point", "coordinates": [-73.938281, -43.914258]}}, {"type": "Feature", "id": 716, "properties": {"Tier1Images": 1239, "Tier2Images": 393, "S2Images": 847, "TideRange": "2.49", "WaveHeight": "1.19", "RelativeTideRange": "2.09", "pk": "716"}, "geometry": {"type": "Point", "coordinates": [-73.95206, -43.920373]}}, {"type": "Feature", "id": 717, "properties": {"Tier1Images": 812, "Tier2Images": 431, "S2Images": 543, "TideRange": "2.09", "WaveHeight": "1.59", "RelativeTideRange": "1.31", "pk": "717"}, "geometry": {"type": "Point", "coordinates": [-71.670605, -54.225391]}}, {"type": "Feature", "id": 718, "properties": {"Tier1Images": 809, "Tier2Images": 426, "S2Images": 587, "TideRange": "2.46", "WaveHeight": "1.05", "RelativeTideRange": "2.34", "pk": "718"}, "geometry": {"type": "Point", "coordinates": [-71.006726, -54.237973]}}, {"type": "Feature", "id": 719, "properties": {"Tier1Images": 1192, "Tier2Images": 446, "S2Images": 748, "TideRange": "2.62", "WaveHeight": "0.81", "RelativeTideRange": "3.24", "pk": "719"}, "geometry": {"type": "Point", "coordinates": [-71.616404, -53.942568]}}, {"type": "Feature", "id": 720, "properties": {"Tier1Images": 980, "Tier2Images": 655, "S2Images": 629, "TideRange": "2.66", "WaveHeight": "0.81", "RelativeTideRange": "3.29", "pk": "720"}, "geometry": {"type": "Point", "coordinates": [-72.118017, -54.102958]}}, {"type": "Feature", "id": 721, "properties": {"Tier1Images": 916, "Tier2Images": 427, "S2Images": 662, "TideRange": "2.13", "WaveHeight": "3.31", "RelativeTideRange": "0.64", "pk": "721"}, "geometry": {"type": "Point", "coordinates": [-74.283105, -51.91875]}}, {"type": "Feature", "id": 722, "properties": {"Tier1Images": 914, "Tier2Images": 427, "S2Images": 663, "TideRange": "2.22", "WaveHeight": "3.31", "RelativeTideRange": "0.67", "pk": "722"}, "geometry": {"type": "Point", "coordinates": [-74.416728, -51.849413]}}, {"type": "Feature", "id": 723, "properties": {"Tier1Images": 1959, "Tier2Images": 397, "S2Images": 1608, "TideRange": "4.05", "WaveHeight": "0.26", "RelativeTideRange": "15.74", "pk": "723"}, "geometry": {"type": "Point", "coordinates": [-73.727148, -45.119043]}}, {"type": "Feature", "id": 724, "properties": {"Tier1Images": 977, "Tier2Images": 298, "S2Images": 830, "TideRange": "3.63", "WaveHeight": "0.65", "RelativeTideRange": "5.61", "pk": "724"}, "geometry": {"type": "Point", "coordinates": [-73.993067, -44.527904]}}, {"type": "Feature", "id": 725, "properties": {"Tier1Images": 588, "Tier2Images": 235, "S2Images": 847, "TideRange": "2.61", "WaveHeight": "1.19", "RelativeTideRange": "2.19", "pk": "725"}, "geometry": {"type": "Point", "coordinates": [-73.993768, -44.140169]}}, {"type": "Feature", "id": 726, "properties": {"Tier1Images": 734, "Tier2Images": 488, "S2Images": 425, "TideRange": "1.73", "WaveHeight": "1.76", "RelativeTideRange": "0.98", "pk": "726"}, "geometry": {"type": "Point", "coordinates": [-74.496, -44.503843]}}, {"type": "Feature", "id": 727, "properties": {"Tier1Images": 599, "Tier2Images": 239, "S2Images": 829, "TideRange": "1.82", "WaveHeight": "1.68", "RelativeTideRange": "1.08", "pk": "727"}, "geometry": {"type": "Point", "coordinates": [-74.291508, -45.016462]}}, {"type": "Feature", "id": 728, "properties": {"Tier1Images": 1996, "Tier2Images": 424, "S2Images": 821, "TideRange": "3.63", "WaveHeight": "0.22", "RelativeTideRange": "16.26", "pk": "728"}, "geometry": {"type": "Point", "coordinates": [-73.790434, -45.278851]}}, {"type": "Feature", "id": 729, "properties": {"Tier1Images": 1195, "Tier2Images": 335, "S2Images": 822, "TideRange": "1.90", "WaveHeight": "0.22", "RelativeTideRange": "8.52", "pk": "729"}, "geometry": {"type": "Point", "coordinates": [-74.229199, -45.611328]}}, {"type": "Feature", "id": 730, "properties": {"Tier1Images": 1054, "Tier2Images": 462, "S2Images": 820, "TideRange": "1.82", "WaveHeight": "1.71", "RelativeTideRange": "1.06", "pk": "730"}, "geometry": {"type": "Point", "coordinates": [-74.494061, -45.280058]}}, {"type": "Feature", "id": 731, "properties": {"Tier1Images": 759, "Tier2Images": 280, "S2Images": 816, "TideRange": "1.84", "WaveHeight": "1.71", "RelativeTideRange": "1.08", "pk": "731"}, "geometry": {"type": "Point", "coordinates": [-74.501426, -45.744242]}}, {"type": "Feature", "id": 732, "properties": {"Tier1Images": 395, "Tier2Images": 40, "S2Images": 471, "TideRange": "1.56", "WaveHeight": "1.77", "RelativeTideRange": "0.88", "pk": "732"}, "geometry": {"type": "Point", "coordinates": [178.334277, -18.934473]}}, {"type": "Feature", "id": 733, "properties": {"Tier1Images": 395, "Tier2Images": 40, "S2Images": 942, "TideRange": "1.52", "WaveHeight": "1.77", "RelativeTideRange": "0.86", "pk": "733"}, "geometry": {"type": "Point", "coordinates": [178.338266, -19.028668]}}, {"type": "Feature", "id": 734, "properties": {"Tier1Images": 322, "Tier2Images": 166, "S2Images": 482, "TideRange": "1.61", "WaveHeight": "1.30", "RelativeTideRange": "1.24", "pk": "734"}, "geometry": {"type": "Point", "coordinates": [167.439063, -14.168457]}}, {"type": "Feature", "id": 735, "properties": {"Tier1Images": 572, "Tier2Images": 206, "S2Images": 484, "TideRange": "1.62", "WaveHeight": "1.30", "RelativeTideRange": "1.25", "pk": "735"}, "geometry": {"type": "Point", "coordinates": [167.498633, -13.88457]}}, {"type": "Feature", "id": 736, "properties": {"Tier1Images": 480, "Tier2Images": 329, "S2Images": 500, "TideRange": "1.42", "WaveHeight": "1.99", "RelativeTideRange": "0.71", "pk": "736"}, "geometry": {"type": "Point", "coordinates": [169.750684, -20.15332]}}, {"type": "Feature", "id": 737, "properties": {"Tier1Images": 512, "Tier2Images": 291, "S2Images": 517, "TideRange": "1.43", "WaveHeight": "1.65", "RelativeTideRange": "0.87", "pk": "737"}, "geometry": {"type": "Point", "coordinates": [169.359961, -19.457812]}}, {"type": "Feature", "id": 738, "properties": {"Tier1Images": 515, "Tier2Images": 297, "S2Images": 517, "TideRange": "1.43", "WaveHeight": "1.65", "RelativeTideRange": "0.87", "pk": "738"}, "geometry": {"type": "Point", "coordinates": [169.409912, -19.489125]}}, {"type": "Feature", "id": 739, "properties": {"Tier1Images": 271, "Tier2Images": 48, "S2Images": 502, "TideRange": "1.45", "WaveHeight": "1.65", "RelativeTideRange": "0.88", "pk": "739"}, "geometry": {"type": "Point", "coordinates": [169.296191, -18.866797]}}, {"type": "Feature", "id": 740, "properties": {"Tier1Images": 272, "Tier2Images": 48, "S2Images": 1003, "TideRange": "1.44", "WaveHeight": "1.55", "RelativeTideRange": "0.93", "pk": "740"}, "geometry": {"type": "Point", "coordinates": [169.114478, -18.926017]}}, {"type": "Feature", "id": 741, "properties": {"Tier1Images": 689, "Tier2Images": 59, "S2Images": 547, "TideRange": "1.31", "WaveHeight": "1.56", "RelativeTideRange": "0.84", "pk": "741"}, "geometry": {"type": "Point", "coordinates": [168.010938, -21.42998]}}, {"type": "Feature", "id": 742, "properties": {"Tier1Images": 295, "Tier2Images": 39, "S2Images": 547, "TideRange": "1.27", "WaveHeight": "1.56", "RelativeTideRange": "0.82", "pk": "742"}, "geometry": {"type": "Point", "coordinates": [168.132552, -21.505733]}}, {"type": "Feature", "id": 743, "properties": {"Tier1Images": 745, "Tier2Images": 51, "S2Images": 556, "TideRange": "1.31", "WaveHeight": "1.13", "RelativeTideRange": "1.16", "pk": "743"}, "geometry": {"type": "Point", "coordinates": [166.559668, -20.561133]}}, {"type": "Feature", "id": 744, "properties": {"Tier1Images": 764, "Tier2Images": 48, "S2Images": 1104, "TideRange": "1.33", "WaveHeight": "1.37", "RelativeTideRange": "0.96", "pk": "744"}, "geometry": {"type": "Point", "coordinates": [167.293457, -20.891504]}}, {"type": "Feature", "id": 745, "properties": {"Tier1Images": 766, "Tier2Images": 48, "S2Images": 558, "TideRange": "1.31", "WaveHeight": "1.16", "RelativeTideRange": "1.13", "pk": "745"}, "geometry": {"type": "Point", "coordinates": [167.051768, -20.958201]}}, {"type": "Feature", "id": 746, "properties": {"Tier1Images": 954, "Tier2Images": 85, "S2Images": 553, "TideRange": "1.25", "WaveHeight": "1.72", "RelativeTideRange": "0.73", "pk": "746"}, "geometry": {"type": "Point", "coordinates": [167.443457, -22.541406]}}, {"type": "Feature", "id": 747, "properties": {"Tier1Images": 1069, "Tier2Images": 40, "S2Images": 429, "TideRange": "1.70", "WaveHeight": "0.99", "RelativeTideRange": "1.71", "pk": "747"}, "geometry": {"type": "Point", "coordinates": [161.367969, -9.490332]}}, {"type": "Feature", "id": 748, "properties": {"Tier1Images": 376, "Tier2Images": 8, "S2Images": 408, "TideRange": "1.80", "WaveHeight": "1.06", "RelativeTideRange": "1.69", "pk": "748"}, "geometry": {"type": "Point", "coordinates": [160.947496, -8.766634]}}, {"type": "Feature", "id": 749, "properties": {"Tier1Images": 377, "Tier2Images": 8, "S2Images": 431, "TideRange": "1.60", "WaveHeight": "0.85", "RelativeTideRange": "1.89", "pk": "749"}, "geometry": {"type": "Point", "coordinates": [160.668086, -8.477347]}}, {"type": "Feature", "id": 750, "properties": {"Tier1Images": 376, "Tier2Images": 8, "S2Images": 428, "TideRange": "1.39", "WaveHeight": "0.84", "RelativeTideRange": "1.65", "pk": "750"}, "geometry": {"type": "Point", "coordinates": [160.987346, -9.243339]}}, {"type": "Feature", "id": 751, "properties": {"Tier1Images": 333, "Tier2Images": 21, "S2Images": 851, "TideRange": "1.48", "WaveHeight": "1.56", "RelativeTideRange": "0.95", "pk": "751"}, "geometry": {"type": "Point", "coordinates": [162.287988, -10.776172]}}, {"type": "Feature", "id": 752, "properties": {"Tier1Images": 333, "Tier2Images": 20, "S2Images": 456, "TideRange": "1.41", "WaveHeight": "1.15", "RelativeTideRange": "1.23", "pk": "752"}, "geometry": {"type": "Point", "coordinates": [161.631093, -10.337337]}}, {"type": "Feature", "id": 753, "properties": {"Tier1Images": 334, "Tier2Images": 20, "S2Images": 454, "TideRange": "1.09", "WaveHeight": "1.15", "RelativeTideRange": "0.95", "pk": "753"}, "geometry": {"type": "Point", "coordinates": [161.538125, -10.55355]}}, {"type": "Feature", "id": 754, "properties": {"Tier1Images": 509, "Tier2Images": 95, "S2Images": 851, "TideRange": "1.42", "WaveHeight": "1.56", "RelativeTideRange": "0.91", "pk": "754"}, "geometry": {"type": "Point", "coordinates": [162.354992, -10.825505]}}, {"type": "Feature", "id": 755, "properties": {"Tier1Images": 399, "Tier2Images": 23, "S2Images": 430, "TideRange": "1.34", "WaveHeight": "0.99", "RelativeTideRange": "1.35", "pk": "755"}, "geometry": {"type": "Point", "coordinates": [161.412012, -9.600391]}}, {"type": "Feature", "id": 756, "properties": {"Tier1Images": 808, "Tier2Images": 34, "S2Images": 428, "TideRange": "1.66", "WaveHeight": "0.99", "RelativeTideRange": "1.67", "pk": "756"}, "geometry": {"type": "Point", "coordinates": [161.407161, -9.470021]}}, {"type": "Feature", "id": 757, "properties": {"Tier1Images": 369, "Tier2Images": 11, "S2Images": 846, "TideRange": "0.88", "WaveHeight": "1.08", "RelativeTideRange": "0.82", "pk": "757"}, "geometry": {"type": "Point", "coordinates": [159.175098, -9.125977]}}, {"type": "Feature", "id": 758, "properties": {"Tier1Images": 378, "Tier2Images": 8, "S2Images": 869, "TideRange": "1.49", "WaveHeight": "0.55", "RelativeTideRange": "2.72", "pk": "758"}, "geometry": {"type": "Point", "coordinates": [160.319336, -9.061133]}}, {"type": "Feature", "id": 759, "properties": {"Tier1Images": 369, "Tier2Images": 11, "S2Images": 420, "TideRange": "1.17", "WaveHeight": "0.73", "RelativeTideRange": "1.60", "pk": "759"}, "geometry": {"type": "Point", "coordinates": [159.646289, -8.450391]}}, {"type": "Feature", "id": 760, "properties": {"Tier1Images": 381, "Tier2Images": 65, "S2Images": 414, "TideRange": "0.82", "WaveHeight": "0.84", "RelativeTideRange": "0.98", "pk": "760"}, "geometry": {"type": "Point", "coordinates": [157.885449, -8.569141]}}, {"type": "Feature", "id": 761, "properties": {"Tier1Images": 690, "Tier2Images": 74, "S2Images": 418, "TideRange": "0.94", "WaveHeight": "0.57", "RelativeTideRange": "1.66", "pk": "761"}, "geometry": {"type": "Point", "coordinates": [157.422079, -7.998301]}}, {"type": "Feature", "id": 762, "properties": {"Tier1Images": 380, "Tier2Images": 65, "S2Images": 427, "TideRange": "0.82", "WaveHeight": "0.85", "RelativeTideRange": "0.97", "pk": "762"}, "geometry": {"type": "Point", "coordinates": [157.578108, -8.400306]}}, {"type": "Feature", "id": 763, "properties": {"Tier1Images": 468, "Tier2Images": 66, "S2Images": 423, "TideRange": "0.90", "WaveHeight": "0.84", "RelativeTideRange": "1.07", "pk": "763"}, "geometry": {"type": "Point", "coordinates": [158.209961, -8.678125]}}, {"type": "Feature", "id": 764, "properties": {"Tier1Images": 381, "Tier2Images": 65, "S2Images": 414, "TideRange": "0.82", "WaveHeight": "0.84", "RelativeTideRange": "0.98", "pk": "764"}, "geometry": {"type": "Point", "coordinates": [157.909277, -8.565625]}}, {"type": "Feature", "id": 765, "properties": {"Tier1Images": 380, "Tier2Images": 65, "S2Images": 427, "TideRange": "0.83", "WaveHeight": "0.85", "RelativeTideRange": "0.97", "pk": "765"}, "geometry": {"type": "Point", "coordinates": [157.410938, -8.475098]}}, {"type": "Feature", "id": 766, "properties": {"Tier1Images": 367, "Tier2Images": 12, "S2Images": 411, "TideRange": "0.94", "WaveHeight": "0.87", "RelativeTideRange": "1.09", "pk": "766"}, "geometry": {"type": "Point", "coordinates": [156.717676, -7.695703]}}, {"type": "Feature", "id": 767, "properties": {"Tier1Images": 380, "Tier2Images": 13, "S2Images": 411, "TideRange": "0.93", "WaveHeight": "0.60", "RelativeTideRange": "1.55", "pk": "767"}, "geometry": {"type": "Point", "coordinates": [156.803961, -7.737818]}}, {"type": "Feature", "id": 768, "properties": {"Tier1Images": 653, "Tier2Images": 84, "S2Images": 419, "TideRange": "0.87", "WaveHeight": "1.01", "RelativeTideRange": "0.86", "pk": "768"}, "geometry": {"type": "Point", "coordinates": [156.570312, -7.958789]}}, {"type": "Feature", "id": 769, "properties": {"Tier1Images": 380, "Tier2Images": 65, "S2Images": 829, "TideRange": "0.94", "WaveHeight": "0.57", "RelativeTideRange": "1.66", "pk": "769"}, "geometry": {"type": "Point", "coordinates": [157.191504, -8.081836]}}, {"type": "Feature", "id": 770, "properties": {"Tier1Images": 635, "Tier2Images": 39, "S2Images": 790, "TideRange": "1.00", "WaveHeight": "0.93", "RelativeTideRange": "1.08", "pk": "770"}, "geometry": {"type": "Point", "coordinates": [155.738965, -6.972949]}}, {"type": "Feature", "id": 771, "properties": {"Tier1Images": 791, "Tier2Images": 75, "S2Images": 1948, "TideRange": "1.97", "WaveHeight": "1.40", "RelativeTideRange": "1.40", "pk": "771"}, "geometry": {"type": "Point", "coordinates": [175.512598, -36.176953]}}, {"type": "Feature", "id": 772, "properties": {"Tier1Images": 1461, "Tier2Images": 128, "S2Images": 517, "TideRange": "2.91", "WaveHeight": "1.42", "RelativeTideRange": "2.05", "pk": "772"}, "geometry": {"type": "Point", "coordinates": [173.87334, -40.749316]}}, {"type": "Feature", "id": 773, "properties": {"Tier1Images": 847, "Tier2Images": 263, "S2Images": 482, "TideRange": "1.96", "WaveHeight": "2.93", "RelativeTideRange": "0.67", "pk": "773"}, "geometry": {"type": "Point", "coordinates": [166.56709, -45.644434]}}, {"type": "Feature", "id": 774, "properties": {"Tier1Images": 1369, "Tier2Images": 376, "S2Images": 984, "TideRange": "2.07", "WaveHeight": "2.16", "RelativeTideRange": "0.96", "pk": "774"}, "geometry": {"type": "Point", "coordinates": [168.155957, -46.988281]}}, {"type": "Feature", "id": 775, "properties": {"Tier1Images": 1769, "Tier2Images": 398, "S2Images": 978, "TideRange": "1.86", "WaveHeight": "2.05", "RelativeTideRange": "0.91", "pk": "775"}, "geometry": {"type": "Point", "coordinates": [167.778473, -46.728587]}}, {"type": "Feature", "id": 776, "properties": {"Tier1Images": 878, "Tier2Images": 298, "S2Images": 904, "TideRange": "2.09", "WaveHeight": "3.24", "RelativeTideRange": "0.65", "pk": "776"}, "geometry": {"type": "Point", "coordinates": [167.521978, -47.258692]}}, {"type": "Feature", "id": 777, "properties": {"Tier1Images": 1297, "Tier2Images": 376, "S2Images": 487, "TideRange": "2.06", "WaveHeight": "2.16", "RelativeTideRange": "0.96", "pk": "777"}, "geometry": {"type": "Point", "coordinates": [168.255972, -47.015385]}}, {"type": "Feature", "id": 778, "properties": {"Tier1Images": 1135, "Tier2Images": 80, "S2Images": 1125, "TideRange": "3.63", "WaveHeight": "0.79", "RelativeTideRange": "4.60", "pk": "778"}, "geometry": {"type": "Point", "coordinates": [149.004395, -20.221484]}}, {"type": "Feature", "id": 779, "properties": {"Tier1Images": 1135, "Tier2Images": 80, "S2Images": 1125, "TideRange": "3.33", "WaveHeight": "0.79", "RelativeTideRange": "4.21", "pk": "779"}, "geometry": {"type": "Point", "coordinates": [148.967871, -20.044336]}}, {"type": "Feature", "id": 780, "properties": {"Tier1Images": 1136, "Tier2Images": 85, "S2Images": 565, "TideRange": "2.96", "WaveHeight": "0.87", "RelativeTideRange": "3.39", "pk": "780"}, "geometry": {"type": "Point", "coordinates": [146.27832, -18.23125]}}, {"type": "Feature", "id": 781, "properties": {"Tier1Images": 989, "Tier2Images": 118, "S2Images": 893, "TideRange": "3.44", "WaveHeight": "0.71", "RelativeTideRange": "4.84", "pk": "781"}, "geometry": {"type": "Point", "coordinates": [142.197949, -10.591992]}}, {"type": "Feature", "id": 782, "properties": {"Tier1Images": 989, "Tier2Images": 120, "S2Images": 896, "TideRange": "3.34", "WaveHeight": "0.70", "RelativeTideRange": "4.79", "pk": "782"}, "geometry": {"type": "Point", "coordinates": [142.21875, -10.149414]}}, {"type": "Feature", "id": 783, "properties": {"Tier1Images": 985, "Tier2Images": 125, "S2Images": 426, "TideRange": "3.43", "WaveHeight": "0.70", "RelativeTideRange": "4.93", "pk": "783"}, "geometry": {"type": "Point", "coordinates": [142.118454, -10.093322]}}, {"type": "Feature", "id": 784, "properties": {"Tier1Images": 985, "Tier2Images": 106, "S2Images": 516, "TideRange": "1.16", "WaveHeight": "2.42", "RelativeTideRange": "0.48", "pk": "784"}, "geometry": {"type": "Point", "coordinates": [147.3125, -43.280273]}}, {"type": "Feature", "id": 785, "properties": {"Tier1Images": 1062, "Tier2Images": 116, "S2Images": 516, "TideRange": "1.17", "WaveHeight": "2.42", "RelativeTideRange": "0.48", "pk": "785"}, "geometry": {"type": "Point", "coordinates": [147.32851, -43.315536]}}, {"type": "Feature", "id": 786, "properties": {"Tier1Images": 2565, "Tier2Images": 263, "S2Images": 464, "TideRange": "1.22", "WaveHeight": "1.65", "RelativeTideRange": "0.74", "pk": "786"}, "geometry": {"type": "Point", "coordinates": [148.022754, -42.64043]}}, {"type": "Feature", "id": 787, "properties": {"Tier1Images": 959, "Tier2Images": 97, "S2Images": 518, "TideRange": "1.21", "WaveHeight": "0.74", "RelativeTideRange": "1.63", "pk": "787"}, "geometry": {"type": "Point", "coordinates": [147.352539, -43.080273]}}, {"type": "Feature", "id": 788, "properties": {"Tier1Images": 966, "Tier2Images": 218, "S2Images": 1941, "TideRange": "1.76", "WaveHeight": "1.66", "RelativeTideRange": "1.06", "pk": "788"}, "geometry": {"type": "Point", "coordinates": [144.751172, -40.470215]}}, {"type": "Feature", "id": 789, "properties": {"Tier1Images": 1869, "Tier2Images": 461, "S2Images": 1858, "TideRange": "2.20", "WaveHeight": "2.56", "RelativeTideRange": "0.86", "pk": "789"}, "geometry": {"type": "Point", "coordinates": [144.120898, -39.785254]}}, {"type": "Feature", "id": 790, "properties": {"Tier1Images": 918, "Tier2Images": 305, "S2Images": 488, "TideRange": "1.09", "WaveHeight": "2.56", "RelativeTideRange": "0.43", "pk": "790"}, "geometry": {"type": "Point", "coordinates": [143.875986, -39.964774]}}, {"type": "Feature", "id": 791, "properties": {"Tier1Images": 1054, "Tier2Images": 103, "S2Images": 486, "TideRange": "1.47", "WaveHeight": "1.48", "RelativeTideRange": "1.00", "pk": "791"}, "geometry": {"type": "Point", "coordinates": [148.32627, -40.306934]}}, {"type": "Feature", "id": 792, "properties": {"Tier1Images": 1146, "Tier2Images": 644, "S2Images": 485, "TideRange": "1.35", "WaveHeight": "1.48", "RelativeTideRange": "0.91", "pk": "792"}, "geometry": {"type": "Point", "coordinates": [148.445129, -40.454841]}}, {"type": "Feature", "id": 793, "properties": {"Tier1Images": 1056, "Tier2Images": 88, "S2Images": 481, "TideRange": "2.40", "WaveHeight": "1.36", "RelativeTideRange": "1.76", "pk": "793"}, "geometry": {"type": "Point", "coordinates": [148.105664, -40.262109]}}, {"type": "Feature", "id": 794, "properties": {"Tier1Images": 1216, "Tier2Images": 111, "S2Images": 988, "TideRange": "1.78", "WaveHeight": "1.68", "RelativeTideRange": "1.06", "pk": "794"}, "geometry": {"type": "Point", "coordinates": [148.043932, -39.802017]}}, {"type": "Feature", "id": 795, "properties": {"Tier1Images": 1097, "Tier2Images": 92, "S2Images": 481, "TideRange": "2.89", "WaveHeight": "1.36", "RelativeTideRange": "2.12", "pk": "795"}, "geometry": {"type": "Point", "coordinates": [148.006435, -40.150459]}}, {"type": "Feature", "id": 796, "properties": {"Tier1Images": 1054, "Tier2Images": 87, "S2Images": 969, "TideRange": "1.61", "WaveHeight": "1.36", "RelativeTideRange": "1.18", "pk": "796"}, "geometry": {"type": "Point", "coordinates": [148.187793, -40.592578]}}, {"type": "Feature", "id": 797, "properties": {"Tier1Images": 1611, "Tier2Images": 239, "S2Images": 950, "TideRange": "1.14", "WaveHeight": "1.30", "RelativeTideRange": "0.88", "pk": "797"}, "geometry": {"type": "Point", "coordinates": [145.295313, -38.318945]}}, {"type": "Feature", "id": 798, "properties": {"Tier1Images": 1667, "Tier2Images": 253, "S2Images": 950, "TideRange": "2.02", "WaveHeight": "1.63", "RelativeTideRange": "1.24", "pk": "798"}, "geometry": {"type": "Point", "coordinates": [145.217773, -38.458594]}}, {"type": "Feature", "id": 799, "properties": {"Tier1Images": 1129, "Tier2Images": 65, "S2Images": 1130, "TideRange": "2.85", "WaveHeight": "1.13", "RelativeTideRange": "2.53", "pk": "799"}, "geometry": {"type": "Point", "coordinates": [153.400879, -27.505664]}}, {"type": "Feature", "id": 800, "properties": {"Tier1Images": 1129, "Tier2Images": 65, "S2Images": 1122, "TideRange": "2.01", "WaveHeight": "1.36", "RelativeTideRange": "1.48", "pk": "800"}, "geometry": {"type": "Point", "coordinates": [153.466797, -27.038086]}}, {"type": "Feature", "id": 801, "properties": {"Tier1Images": 1972, "Tier2Images": 337, "S2Images": 573, "TideRange": "2.04", "WaveHeight": "1.54", "RelativeTideRange": "1.32", "pk": "801"}, "geometry": {"type": "Point", "coordinates": [153.297949, -24.915234]}}, {"type": "Feature", "id": 802, "properties": {"Tier1Images": 3096, "Tier2Images": 446, "S2Images": 1151, "TideRange": "3.32", "WaveHeight": "0.78", "RelativeTideRange": "4.26", "pk": "802"}, "geometry": {"type": "Point", "coordinates": [153.046695, -25.186183]}}, {"type": "Feature", "id": 803, "properties": {"Tier1Images": 2216, "Tier2Images": 162, "S2Images": 574, "TideRange": "2.07", "WaveHeight": "1.54", "RelativeTideRange": "1.35", "pk": "803"}, "geometry": {"type": "Point", "coordinates": [153.110471, -25.603951]}}, {"type": "Feature", "id": 804, "properties": {"Tier1Images": 1147, "Tier2Images": 84, "S2Images": 586, "TideRange": "3.77", "WaveHeight": "0.55", "RelativeTideRange": "6.83", "pk": "804"}, "geometry": {"type": "Point", "coordinates": [151.228809, -23.594922]}}, {"type": "Feature", "id": 805, "properties": {"Tier1Images": 1145, "Tier2Images": 84, "S2Images": 587, "TideRange": "3.77", "WaveHeight": "0.55", "RelativeTideRange": "6.83", "pk": "805"}, "geometry": {"type": "Point", "coordinates": [151.244387, -23.6201]}}, {"type": "Feature", "id": 806, "properties": {"Tier1Images": 2423, "Tier2Images": 308, "S2Images": 581, "TideRange": "6.03", "WaveHeight": "0.66", "RelativeTideRange": "9.09", "pk": "806"}, "geometry": {"type": "Point", "coordinates": [150.484668, -22.267871]}}, {"type": "Feature", "id": 807, "properties": {"Tier1Images": 1146, "Tier2Images": 71, "S2Images": 571, "TideRange": "8.33", "WaveHeight": "0.54", "RelativeTideRange": "15.46", "pk": "807"}, "geometry": {"type": "Point", "coordinates": [149.869531, -22.150391]}}, {"type": "Feature", "id": 808, "properties": {"Tier1Images": 744, "Tier2Images": 42, "S2Images": 427, "TideRange": "2.39", "WaveHeight": "0.44", "RelativeTideRange": "5.49", "pk": "808"}, "geometry": {"type": "Point", "coordinates": [122.625781, 10.69502]}}, {"type": "Feature", "id": 809, "properties": {"Tier1Images": 1658, "Tier2Images": 95, "S2Images": 402, "TideRange": "2.68", "WaveHeight": "0.34", "RelativeTideRange": "7.90", "pk": "809"}, "geometry": {"type": "Point", "coordinates": [124.052539, 11.02876]}}, {"type": "Feature", "id": 810, "properties": {"Tier1Images": 2031, "Tier2Images": 101, "S2Images": 426, "TideRange": "3.01", "WaveHeight": "0.28", "RelativeTideRange": "10.61", "pk": "810"}, "geometry": {"type": "Point", "coordinates": [123.81148, 10.698784]}}, {"type": "Feature", "id": 811, "properties": {"Tier1Images": 743, "Tier2Images": 66, "S2Images": 828, "TideRange": "2.78", "WaveHeight": "0.19", "RelativeTideRange": "14.99", "pk": "811"}, "geometry": {"type": "Point", "coordinates": [123.394378, 9.930814]}}, {"type": "Feature", "id": 812, "properties": {"Tier1Images": 1110, "Tier2Images": 50, "S2Images": 406, "TideRange": "2.25", "WaveHeight": "0.34", "RelativeTideRange": "6.55", "pk": "812"}, "geometry": {"type": "Point", "coordinates": [123.547525, 9.717105]}}, {"type": "Feature", "id": 813, "properties": {"Tier1Images": 631, "Tier2Images": 42, "S2Images": 387, "TideRange": "2.63", "WaveHeight": "0.28", "RelativeTideRange": "9.28", "pk": "813"}, "geometry": {"type": "Point", "coordinates": [124.012763, 10.431294]}}, {"type": "Feature", "id": 814, "properties": {"Tier1Images": 730, "Tier2Images": 49, "S2Images": 419, "TideRange": "2.92", "WaveHeight": "0.47", "RelativeTideRange": "6.27", "pk": "814"}, "geometry": {"type": "Point", "coordinates": [123.757031, 11.283301]}}, {"type": "Feature", "id": 815, "properties": {"Tier1Images": 572, "Tier2Images": 38, "S2Images": 398, "TideRange": "2.51", "WaveHeight": "0.36", "RelativeTideRange": "7.05", "pk": "815"}, "geometry": {"type": "Point", "coordinates": [124.486328, 10.065479]}}, {"type": "Feature", "id": 816, "properties": {"Tier1Images": 808, "Tier2Images": 47, "S2Images": 406, "TideRange": "2.30", "WaveHeight": "0.25", "RelativeTideRange": "9.16", "pk": "816"}, "geometry": {"type": "Point", "coordinates": [123.831321, 9.758388]}}, {"type": "Feature", "id": 817, "properties": {"Tier1Images": 572, "Tier2Images": 38, "S2Images": 403, "TideRange": "2.20", "WaveHeight": "0.36", "RelativeTideRange": "6.18", "pk": "817"}, "geometry": {"type": "Point", "coordinates": [124.588797, 9.767828]}}, {"type": "Feature", "id": 818, "properties": {"Tier1Images": 939, "Tier2Images": 26, "S2Images": 403, "TideRange": "2.22", "WaveHeight": "0.43", "RelativeTideRange": "5.13", "pk": "818"}, "geometry": {"type": "Point", "coordinates": [124.736816, 9.243164]}}, {"type": "Feature", "id": 819, "properties": {"Tier1Images": 1289, "Tier2Images": 70, "S2Images": 411, "TideRange": "2.19", "WaveHeight": "0.49", "RelativeTideRange": "4.51", "pk": "819"}, "geometry": {"type": "Point", "coordinates": [123.697656, 9.237305]}}, {"type": "Feature", "id": 820, "properties": {"Tier1Images": 437, "Tier2Images": 37, "S2Images": 406, "TideRange": "2.06", "WaveHeight": "0.98", "RelativeTideRange": "2.11", "pk": "820"}, "geometry": {"type": "Point", "coordinates": [126.129492, 9.943555]}}, {"type": "Feature", "id": 821, "properties": {"Tier1Images": 437, "Tier2Images": 37, "S2Images": 395, "TideRange": "1.87", "WaveHeight": "0.62", "RelativeTideRange": "3.00", "pk": "821"}, "geometry": {"type": "Point", "coordinates": [125.70332, 10.071777]}}, {"type": "Feature", "id": 822, "properties": {"Tier1Images": 436, "Tier2Images": 37, "S2Images": 397, "TideRange": "1.98", "WaveHeight": "0.62", "RelativeTideRange": "3.17", "pk": "822"}, "geometry": {"type": "Point", "coordinates": [125.567591, 10.035798]}}, {"type": "Feature", "id": 823, "properties": {"Tier1Images": 1673, "Tier2Images": 82, "S2Images": 429, "TideRange": "1.57", "WaveHeight": "0.96", "RelativeTideRange": "1.63", "pk": "823"}, "geometry": {"type": "Point", "coordinates": [120.211426, 13.820654]}}, {"type": "Feature", "id": 824, "properties": {"Tier1Images": 753, "Tier2Images": 30, "S2Images": 902, "TideRange": "2.48", "WaveHeight": "0.34", "RelativeTideRange": "7.42", "pk": "824"}, "geometry": {"type": "Point", "coordinates": [121.995703, 13.546777]}}, {"type": "Feature", "id": 825, "properties": {"Tier1Images": 754, "Tier2Images": 30, "S2Images": 825, "TideRange": "2.58", "WaveHeight": "0.33", "RelativeTideRange": "7.71", "pk": "825"}, "geometry": {"type": "Point", "coordinates": [122.1117, 13.446486]}}, {"type": "Feature", "id": 826, "properties": {"Tier1Images": 754, "Tier2Images": 30, "S2Images": 821, "TideRange": "2.47", "WaveHeight": "0.60", "RelativeTideRange": "4.14", "pk": "826"}, "geometry": {"type": "Point", "coordinates": [122.001563, 12.598535]}}, {"type": "Feature", "id": 827, "properties": {"Tier1Images": 759, "Tier2Images": 35, "S2Images": 1550, "TideRange": "2.59", "WaveHeight": "0.60", "RelativeTideRange": "4.34", "pk": "827"}, "geometry": {"type": "Point", "coordinates": [122.107519, 12.420369]}}, {"type": "Feature", "id": 828, "properties": {"Tier1Images": 756, "Tier2Images": 30, "S2Images": 765, "TideRange": "2.61", "WaveHeight": "0.60", "RelativeTideRange": "4.37", "pk": "828"}, "geometry": {"type": "Point", "coordinates": [122.247852, 12.556934]}}, {"type": "Feature", "id": 829, "properties": {"Tier1Images": 1640, "Tier2Images": 89, "S2Images": 403, "TideRange": "2.62", "WaveHeight": "0.59", "RelativeTideRange": "4.41", "pk": "829"}, "geometry": {"type": "Point", "coordinates": [122.603613, 12.491602]}}, {"type": "Feature", "id": 830, "properties": {"Tier1Images": 855, "Tier2Images": 221, "S2Images": 817, "TideRange": "2.70", "WaveHeight": "0.49", "RelativeTideRange": "5.52", "pk": "830"}, "geometry": {"type": "Point", "coordinates": [123.043555, 13.113379]}}, {"type": "Feature", "id": 831, "properties": {"Tier1Images": 687, "Tier2Images": 214, "S2Images": 403, "TideRange": "2.61", "WaveHeight": "0.40", "RelativeTideRange": "6.57", "pk": "831"}, "geometry": {"type": "Point", "coordinates": [123.262845, 12.866484]}}, {"type": "Feature", "id": 832, "properties": {"Tier1Images": 689, "Tier2Images": 238, "S2Images": 412, "TideRange": "2.31", "WaveHeight": "0.53", "RelativeTideRange": "4.34", "pk": "832"}, "geometry": {"type": "Point", "coordinates": [123.775391, 12.453906]}}, {"type": "Feature", "id": 833, "properties": {"Tier1Images": 724, "Tier2Images": 222, "S2Images": 406, "TideRange": "2.68", "WaveHeight": "0.54", "RelativeTideRange": "5.00", "pk": "833"}, "geometry": {"type": "Point", "coordinates": [123.210547, 12.106592]}}, {"type": "Feature", "id": 834, "properties": {"Tier1Images": 725, "Tier2Images": 49, "S2Images": 405, "TideRange": "3.17", "WaveHeight": "0.48", "RelativeTideRange": "6.66", "pk": "834"}, "geometry": {"type": "Point", "coordinates": [123.670916, 12.060406]}}, {"type": "Feature", "id": 835, "properties": {"Tier1Images": 1018, "Tier2Images": 53, "S2Images": 820, "TideRange": "2.36", "WaveHeight": "0.49", "RelativeTideRange": "4.80", "pk": "835"}, "geometry": {"type": "Point", "coordinates": [123.959613, 12.090491]}}, {"type": "Feature", "id": 836, "properties": {"Tier1Images": 687, "Tier2Images": 214, "S2Images": 817, "TideRange": "2.59", "WaveHeight": "0.58", "RelativeTideRange": "4.47", "pk": "836"}, "geometry": {"type": "Point", "coordinates": [123.240994, 12.581629]}}, {"type": "Feature", "id": 837, "properties": {"Tier1Images": 557, "Tier2Images": 75, "S2Images": 417, "TideRange": "2.07", "WaveHeight": "1.33", "RelativeTideRange": "1.55", "pk": "837"}, "geometry": {"type": "Point", "coordinates": [124.336719, 13.931104]}}, {"type": "Feature", "id": 838, "properties": {"Tier1Images": 933, "Tier2Images": 199, "S2Images": 832, "TideRange": "2.07", "WaveHeight": "0.66", "RelativeTideRange": "3.13", "pk": "838"}, "geometry": {"type": "Point", "coordinates": [124.18326, 13.537499]}}, {"type": "Feature", "id": 839, "properties": {"Tier1Images": 710, "Tier2Images": 241, "S2Images": 480, "TideRange": "2.41", "WaveHeight": "0.34", "RelativeTideRange": "7.18", "pk": "839"}, "geometry": {"type": "Point", "coordinates": [121.95918, 14.22876]}}, {"type": "Feature", "id": 840, "properties": {"Tier1Images": 2408, "Tier2Images": 288, "S2Images": 474, "TideRange": "2.03", "WaveHeight": "1.03", "RelativeTideRange": "1.97", "pk": "840"}, "geometry": {"type": "Point", "coordinates": [121.839844, 15.038135]}}, {"type": "Feature", "id": 841, "properties": {"Tier1Images": 710, "Tier2Images": 241, "S2Images": 474, "TideRange": "2.02", "WaveHeight": "1.03", "RelativeTideRange": "1.96", "pk": "841"}, "geometry": {"type": "Point", "coordinates": [122.043152, 14.986239]}}, {"type": "Feature", "id": 842, "properties": {"Tier1Images": 807, "Tier2Images": 50, "S2Images": 459, "TideRange": "1.39", "WaveHeight": "1.45", "RelativeTideRange": "0.96", "pk": "842"}, "geometry": {"type": "Point", "coordinates": [121.888867, 18.991553]}}, {"type": "Feature", "id": 843, "properties": {"Tier1Images": 1654, "Tier2Images": 131, "S2Images": 930, "TideRange": "1.08", "WaveHeight": "1.53", "RelativeTideRange": "0.71", "pk": "843"}, "geometry": {"type": "Point", "coordinates": [121.196094, 19.050684]}}, {"type": "Feature", "id": 844, "properties": {"Tier1Images": 999, "Tier2Images": 282, "S2Images": 597, "TideRange": "1.15", "WaveHeight": "1.57", "RelativeTideRange": "0.73", "pk": "844"}, "geometry": {"type": "Point", "coordinates": [121.391602, 19.399365]}}, {"type": "Feature", "id": 845, "properties": {"Tier1Images": 727, "Tier2Images": 38, "S2Images": 816, "TideRange": "1.09", "WaveHeight": "0.87", "RelativeTideRange": "1.25", "pk": "845"}, "geometry": {"type": "Point", "coordinates": [147.846484, -5.49082]}}, {"type": "Feature", "id": 846, "properties": {"Tier1Images": 727, "Tier2Images": 39, "S2Images": 794, "TideRange": "1.10", "WaveHeight": "0.87", "RelativeTideRange": "1.26", "pk": "846"}, "geometry": {"type": "Point", "coordinates": [147.938056, -5.543886]}}, {"type": "Feature", "id": 847, "properties": {"Tier1Images": 735, "Tier2Images": 46, "S2Images": 389, "TideRange": "1.09", "WaveHeight": "0.85", "RelativeTideRange": "1.29", "pk": "847"}, "geometry": {"type": "Point", "coordinates": [147.131055, -5.19082]}}, {"type": "Feature", "id": 848, "properties": {"Tier1Images": 480, "Tier2Images": 238, "S2Images": 756, "TideRange": "1.12", "WaveHeight": "0.79", "RelativeTideRange": "1.42", "pk": "848"}, "geometry": {"type": "Point", "coordinates": [145.900195, -4.604199]}}, {"type": "Feature", "id": 849, "properties": {"Tier1Images": 524, "Tier2Images": 135, "S2Images": 417, "TideRange": "1.56", "WaveHeight": "1.05", "RelativeTideRange": "1.48", "pk": "849"}, "geometry": {"type": "Point", "coordinates": [154.682031, -5.054004]}}, {"type": "Feature", "id": 850, "properties": {"Tier1Images": 326, "Tier2Images": 51, "S2Images": 415, "TideRange": "1.60", "WaveHeight": "1.05", "RelativeTideRange": "1.52", "pk": "850"}, "geometry": {"type": "Point", "coordinates": [154.688143, -5.130023]}}, {"type": "Feature", "id": 851, "properties": {"Tier1Images": 1145, "Tier2Images": 106, "S2Images": 398, "TideRange": "1.10", "WaveHeight": "0.77", "RelativeTideRange": "1.43", "pk": "851"}, "geometry": {"type": "Point", "coordinates": [150.429492, -2.47041]}}, {"type": "Feature", "id": 852, "properties": {"Tier1Images": 712, "Tier2Images": 64, "S2Images": 389, "TideRange": "1.06", "WaveHeight": "0.77", "RelativeTideRange": "1.38", "pk": "852"}, "geometry": {"type": "Point", "coordinates": [150.275525, -2.672877]}}, {"type": "Feature", "id": 853, "properties": {"Tier1Images": 833, "Tier2Images": 65, "S2Images": 868, "TideRange": "0.98", "WaveHeight": "0.57", "RelativeTideRange": "1.72", "pk": "853"}, "geometry": {"type": "Point", "coordinates": [151.123438, -10.020215]}}, {"type": "Feature", "id": 854, "properties": {"Tier1Images": 838, "Tier2Images": 66, "S2Images": 447, "TideRange": "1.01", "WaveHeight": "0.57", "RelativeTideRange": "1.78", "pk": "854"}, "geometry": {"type": "Point", "coordinates": [150.955194, -10.0369]}}, {"type": "Feature", "id": 855, "properties": {"Tier1Images": 867, "Tier2Images": 87, "S2Images": 423, "TideRange": "1.08", "WaveHeight": "0.45", "RelativeTideRange": "2.40", "pk": "855"}, "geometry": {"type": "Point", "coordinates": [150.320117, -9.26416]}}, {"type": "Feature", "id": 856, "properties": {"Tier1Images": 846, "Tier2Images": 65, "S2Images": 420, "TideRange": "0.98", "WaveHeight": "0.64", "RelativeTideRange": "1.53", "pk": "856"}, "geometry": {"type": "Point", "coordinates": [150.848242, -9.662598]}}, {"type": "Feature", "id": 857, "properties": {"Tier1Images": 2608, "Tier2Images": 197, "S2Images": 423, "TideRange": "1.04", "WaveHeight": "0.45", "RelativeTideRange": "2.33", "pk": "857"}, "geometry": {"type": "Point", "coordinates": [150.463338, -9.474254]}}, {"type": "Feature", "id": 858, "properties": {"Tier1Images": 359, "Tier2Images": 35, "S2Images": 396, "TideRange": "1.02", "WaveHeight": "0.64", "RelativeTideRange": "1.60", "pk": "858"}, "geometry": {"type": "Point", "coordinates": [151.138574, -8.568066]}}, {"type": "Feature", "id": 859, "properties": {"Tier1Images": 359, "Tier2Images": 35, "S2Images": 396, "TideRange": "1.01", "WaveHeight": "0.64", "RelativeTideRange": "1.58", "pk": "859"}, "geometry": {"type": "Point", "coordinates": [151.132963, -8.597319]}}, {"type": "Feature", "id": 860, "properties": {"Tier1Images": 841, "Tier2Images": 64, "S2Images": 449, "TideRange": "1.02", "WaveHeight": "0.94", "RelativeTideRange": "1.09", "pk": "860"}, "geometry": {"type": "Point", "coordinates": [150.799316, -10.554102]}}, {"type": "Feature", "id": 861, "properties": {"Tier1Images": 634, "Tier2Images": 49, "S2Images": 376, "TideRange": "1.92", "WaveHeight": "0.84", "RelativeTideRange": "2.29", "pk": "861"}, "geometry": {"type": "Point", "coordinates": [136.282617, -1.064648]}}, {"type": "Feature", "id": 862, "properties": {"Tier1Images": 1090, "Tier2Images": 310, "S2Images": 371, "TideRange": "1.97", "WaveHeight": "0.88", "RelativeTideRange": "2.22", "pk": "862"}, "geometry": {"type": "Point", "coordinates": [135.52942, -0.678257]}}, {"type": "Feature", "id": 863, "properties": {"Tier1Images": 630, "Tier2Images": 49, "S2Images": 371, "TideRange": "2.17", "WaveHeight": "0.54", "RelativeTideRange": "4.03", "pk": "863"}, "geometry": {"type": "Point", "coordinates": [135.828188, -1.046307]}}, {"type": "Feature", "id": 864, "properties": {"Tier1Images": 1205, "Tier2Images": 111, "S2Images": 335, "TideRange": "1.97", "WaveHeight": "0.48", "RelativeTideRange": "4.07", "pk": "864"}, "geometry": {"type": "Point", "coordinates": [136.718555, -1.733984]}}, {"type": "Feature", "id": 865, "properties": {"Tier1Images": 629, "Tier2Images": 48, "S2Images": 372, "TideRange": "2.14", "WaveHeight": "0.39", "RelativeTideRange": "5.43", "pk": "865"}, "geometry": {"type": "Point", "coordinates": [135.833079, -1.637409]}}, {"type": "Feature", "id": 866, "properties": {"Tier1Images": 629, "Tier2Images": 47, "S2Images": 749, "TideRange": "2.50", "WaveHeight": "0.28", "RelativeTideRange": "8.78", "pk": "866"}, "geometry": {"type": "Point", "coordinates": [135.930879, -1.777705]}}, {"type": "Feature", "id": 867, "properties": {"Tier1Images": 847, "Tier2Images": 85, "S2Images": 703, "TideRange": "2.28", "WaveHeight": "0.30", "RelativeTideRange": "7.53", "pk": "867"}, "geometry": {"type": "Point", "coordinates": [136.789649, -1.820959]}}, {"type": "Feature", "id": 868, "properties": {"Tier1Images": 616, "Tier2Images": 96, "S2Images": 356, "TideRange": "2.14", "WaveHeight": "0.66", "RelativeTideRange": "3.22", "pk": "868"}, "geometry": {"type": "Point", "coordinates": [134.956738, -1.030566]}}, {"type": "Feature", "id": 869, "properties": {"Tier1Images": 793, "Tier2Images": 114, "S2Images": 367, "TideRange": "2.34", "WaveHeight": "0.46", "RelativeTideRange": "5.10", "pk": "869"}, "geometry": {"type": "Point", "coordinates": [134.350781, -2.036914]}}, {"type": "Feature", "id": 870, "properties": {"Tier1Images": 748, "Tier2Images": 24, "S2Images": 903, "TideRange": "1.80", "WaveHeight": "0.26", "RelativeTideRange": "6.92", "pk": "870"}, "geometry": {"type": "Point", "coordinates": [131.033008, -0.917578]}}, {"type": "Feature", "id": 871, "properties": {"Tier1Images": 745, "Tier2Images": 24, "S2Images": 452, "TideRange": "1.83", "WaveHeight": "0.41", "RelativeTideRange": "4.45", "pk": "871"}, "geometry": {"type": "Point", "coordinates": [130.95559, -1.341085]}}, {"type": "Feature", "id": 872, "properties": {"Tier1Images": 1675, "Tier2Images": 99, "S2Images": 901, "TideRange": "1.76", "WaveHeight": "0.26", "RelativeTideRange": "6.75", "pk": "872"}, "geometry": {"type": "Point", "coordinates": [130.807031, -0.765039]}}, {"type": "Feature", "id": 873, "properties": {"Tier1Images": 1640, "Tier2Images": 97, "S2Images": 447, "TideRange": "1.22", "WaveHeight": "0.26", "RelativeTideRange": "4.69", "pk": "873"}, "geometry": {"type": "Point", "coordinates": [130.786712, -0.869379]}}, {"type": "Feature", "id": 874, "properties": {"Tier1Images": 897, "Tier2Images": 59, "S2Images": 448, "TideRange": "1.82", "WaveHeight": "0.34", "RelativeTideRange": "5.42", "pk": "874"}, "geometry": {"type": "Point", "coordinates": [130.615918, -0.417285]}}, {"type": "Feature", "id": 875, "properties": {"Tier1Images": 681, "Tier2Images": 30, "S2Images": 458, "TideRange": "2.03", "WaveHeight": "0.93", "RelativeTideRange": "2.19", "pk": "875"}, "geometry": {"type": "Point", "coordinates": [131.276855, -0.149805]}}, {"type": "Feature", "id": 876, "properties": {"Tier1Images": 655, "Tier2Images": 49, "S2Images": 449, "TideRange": "1.83", "WaveHeight": "0.67", "RelativeTideRange": "2.74", "pk": "876"}, "geometry": {"type": "Point", "coordinates": [130.429634, -0.097991]}}, {"type": "Feature", "id": 877, "properties": {"Tier1Images": 1249, "Tier2Images": 75, "S2Images": 448, "TideRange": "1.82", "WaveHeight": "0.34", "RelativeTideRange": "5.42", "pk": "877"}, "geometry": {"type": "Point", "coordinates": [130.698313, -0.378869]}}, {"type": "Feature", "id": 878, "properties": {"Tier1Images": 1306, "Tier2Images": 75, "S2Images": 449, "TideRange": "2.00", "WaveHeight": "0.72", "RelativeTideRange": "2.79", "pk": "878"}, "geometry": {"type": "Point", "coordinates": [130.763064, -0.173545]}}, {"type": "Feature", "id": 879, "properties": {"Tier1Images": 1324, "Tier2Images": 72, "S2Images": 458, "TideRange": "1.43", "WaveHeight": "0.74", "RelativeTideRange": "1.93", "pk": "879"}, "geometry": {"type": "Point", "coordinates": [129.308789, 0.04541]}}, {"type": "Feature", "id": 880, "properties": {"Tier1Images": 560, "Tier2Images": 101, "S2Images": 444, "TideRange": "2.11", "WaveHeight": "1.19", "RelativeTideRange": "1.78", "pk": "880"}, "geometry": {"type": "Point", "coordinates": [128.602148, 2.597607]}}, {"type": "Feature", "id": 881, "properties": {"Tier1Images": 702, "Tier2Images": 35, "S2Images": 442, "TideRange": "2.10", "WaveHeight": "0.67", "RelativeTideRange": "3.14", "pk": "881"}, "geometry": {"type": "Point", "coordinates": [128.404558, 2.046436]}}, {"type": "Feature", "id": 882, "properties": {"Tier1Images": 519, "Tier2Images": 65, "S2Images": 866, "TideRange": "2.18", "WaveHeight": "0.98", "RelativeTideRange": "2.22", "pk": "882"}, "geometry": {"type": "Point", "coordinates": [126.865137, 4.479834]}}, {"type": "Feature", "id": 883, "properties": {"Tier1Images": 518, "Tier2Images": 66, "S2Images": 440, "TideRange": "2.16", "WaveHeight": "1.01", "RelativeTideRange": "2.13", "pk": "883"}, "geometry": {"type": "Point", "coordinates": [126.826764, 4.081436]}}, {"type": "Feature", "id": 884, "properties": {"Tier1Images": 521, "Tier2Images": 65, "S2Images": 447, "TideRange": "2.23", "WaveHeight": "0.80", "RelativeTideRange": "2.80", "pk": "884"}, "geometry": {"type": "Point", "coordinates": [126.6375, 4.041943]}}, {"type": "Feature", "id": 885, "properties": {"Tier1Images": 524, "Tier2Images": 70, "S2Images": 441, "TideRange": "2.18", "WaveHeight": "1.01", "RelativeTideRange": "2.16", "pk": "885"}, "geometry": {"type": "Point", "coordinates": [126.799609, 3.783887]}}, {"type": "Feature", "id": 886, "properties": {"Tier1Images": 1050, "Tier2Images": 248, "S2Images": 1072, "TideRange": "2.22", "WaveHeight": "1.26", "RelativeTideRange": "1.76", "pk": "886"}, "geometry": {"type": "Point", "coordinates": [164.572656, 59.221143]}}, {"type": "Feature", "id": 887, "properties": {"Tier1Images": 740, "Tier2Images": 189, "S2Images": 719, "TideRange": "2.54", "WaveHeight": "1.71", "RelativeTideRange": "1.49", "pk": "887"}, "geometry": {"type": "Point", "coordinates": [163.79062, 59.020505]}}, {"type": "Feature", "id": 888, "properties": {"Tier1Images": 748, "Tier2Images": 188, "S2Images": 1424, "TideRange": "2.42", "WaveHeight": "1.47", "RelativeTideRange": "1.64", "pk": "888"}, "geometry": {"type": "Point", "coordinates": [163.497197, 58.607936]}}, {"type": "Feature", "id": 889, "properties": {"Tier1Images": 650, "Tier2Images": 183, "S2Images": 721, "TideRange": "2.10", "WaveHeight": "1.71", "RelativeTideRange": "1.23", "pk": "889"}, "geometry": {"type": "Point", "coordinates": [163.95921, 58.743384]}}, {"type": "Feature", "id": 890, "properties": {"Tier1Images": 643, "Tier2Images": 176, "S2Images": 731, "TideRange": "2.04", "WaveHeight": "1.95", "RelativeTideRange": "1.05", "pk": "890"}, "geometry": {"type": "Point", "coordinates": [164.660434, 58.975956]}}, {"type": "Feature", "id": 891, "properties": {"Tier1Images": 207, "Tier2Images": 269, "S2Images": 728, "TideRange": "1.93", "WaveHeight": "2.23", "RelativeTideRange": "0.87", "pk": "891"}, "geometry": {"type": "Point", "coordinates": [167.710645, 54.770166]}}, {"type": "Feature", "id": 892, "properties": {"Tier1Images": 207, "Tier2Images": 269, "S2Images": 728, "TideRange": "1.91", "WaveHeight": "2.44", "RelativeTideRange": "0.78", "pk": "892"}, "geometry": {"type": "Point", "coordinates": [167.835682, 54.625286]}}, {"type": "Feature", "id": 893, "properties": {"Tier1Images": 207, "Tier2Images": 269, "S2Images": 728, "TideRange": "1.93", "WaveHeight": "2.23", "RelativeTideRange": "0.87", "pk": "893"}, "geometry": {"type": "Point", "coordinates": [167.71148, 54.769779]}}, {"type": "Feature", "id": 894, "properties": {"Tier1Images": 326, "Tier2Images": 235, "S2Images": 1407, "TideRange": "1.97", "WaveHeight": "2.06", "RelativeTideRange": "0.96", "pk": "894"}, "geometry": {"type": "Point", "coordinates": [166.577344, 54.907715]}}, {"type": "Feature", "id": 895, "properties": {"Tier1Images": 274, "Tier2Images": 220, "S2Images": 733, "TideRange": "1.94", "WaveHeight": "2.08", "RelativeTideRange": "0.93", "pk": "895"}, "geometry": {"type": "Point", "coordinates": [166.211122, 55.324052]}}, {"type": "Feature", "id": 896, "properties": {"Tier1Images": 430, "Tier2Images": 334, "S2Images": 733, "TideRange": "1.92", "WaveHeight": "2.08", "RelativeTideRange": "0.92", "pk": "896"}, "geometry": {"type": "Point", "coordinates": [166.05487, 55.14412]}}, {"type": "Feature", "id": 897, "properties": {"Tier1Images": 326, "Tier2Images": 235, "S2Images": 1409, "TideRange": "1.93", "WaveHeight": "2.25", "RelativeTideRange": "0.86", "pk": "897"}, "geometry": {"type": "Point", "coordinates": [166.561699, 54.743644]}}, {"type": "Feature", "id": 898, "properties": {"Tier1Images": 899, "Tier2Images": 544, "S2Images": 772, "TideRange": "2.45", "WaveHeight": "1.48", "RelativeTideRange": "1.65", "pk": "898"}, "geometry": {"type": "Point", "coordinates": [156.376465, 50.862109]}}, {"type": "Feature", "id": 899, "properties": {"Tier1Images": 853, "Tier2Images": 537, "S2Images": 770, "TideRange": "2.11", "WaveHeight": "1.48", "RelativeTideRange": "1.42", "pk": "899"}, "geometry": {"type": "Point", "coordinates": [156.486742, 50.827146]}}, {"type": "Feature", "id": 900, "properties": {"Tier1Images": 439, "Tier2Images": 368, "S2Images": 770, "TideRange": "2.55", "WaveHeight": "1.53", "RelativeTideRange": "1.67", "pk": "900"}, "geometry": {"type": "Point", "coordinates": [156.096875, 50.771875]}}, {"type": "Feature", "id": 901, "properties": {"Tier1Images": 669, "Tier2Images": 629, "S2Images": 760, "TideRange": "2.42", "WaveHeight": "1.64", "RelativeTideRange": "1.48", "pk": "901"}, "geometry": {"type": "Point", "coordinates": [155.540459, 50.382703]}}, {"type": "Feature", "id": 902, "properties": {"Tier1Images": 669, "Tier2Images": 629, "S2Images": 757, "TideRange": "2.33", "WaveHeight": "1.88", "RelativeTideRange": "1.24", "pk": "902"}, "geometry": {"type": "Point", "coordinates": [155.400353, 50.043508]}}, {"type": "Feature", "id": 903, "properties": {"Tier1Images": 499, "Tier2Images": 402, "S2Images": 739, "TideRange": "2.08", "WaveHeight": "1.56", "RelativeTideRange": "1.33", "pk": "903"}, "geometry": {"type": "Point", "coordinates": [156.017288, 50.418882]}}, {"type": "Feature", "id": 904, "properties": {"Tier1Images": 543, "Tier2Images": 509, "S2Images": 361, "TideRange": "1.95", "WaveHeight": "2.01", "RelativeTideRange": "0.97", "pk": "904"}, "geometry": {"type": "Point", "coordinates": [154.126367, 48.904443]}}, {"type": "Feature", "id": 905, "properties": {"Tier1Images": 921, "Tier2Images": 784, "S2Images": 713, "TideRange": "2.52", "WaveHeight": "1.65", "RelativeTideRange": "1.53", "pk": "905"}, "geometry": {"type": "Point", "coordinates": [155.644824, 50.821924]}}, {"type": "Feature", "id": 906, "properties": {"Tier1Images": 581, "Tier2Images": 494, "S2Images": 748, "TideRange": "1.79", "WaveHeight": "2.15", "RelativeTideRange": "0.83", "pk": "906"}, "geometry": {"type": "Point", "coordinates": [152.984277, 47.72793]}}, {"type": "Feature", "id": 907, "properties": {"Tier1Images": 700, "Tier2Images": 593, "S2Images": 1506, "TideRange": "1.84", "WaveHeight": "2.01", "RelativeTideRange": "0.92", "pk": "907"}, "geometry": {"type": "Point", "coordinates": [151.864355, 46.868994]}}, {"type": "Feature", "id": 908, "properties": {"Tier1Images": 585, "Tier2Images": 450, "S2Images": 747, "TideRange": "1.67", "WaveHeight": "2.01", "RelativeTideRange": "0.83", "pk": "908"}, "geometry": {"type": "Point", "coordinates": [152.213127, 47.077594]}}, {"type": "Feature", "id": 909, "properties": {"Tier1Images": 698, "Tier2Images": 238, "S2Images": 406, "TideRange": "1.36", "WaveHeight": "1.75", "RelativeTideRange": "0.78", "pk": "909"}, "geometry": {"type": "Point", "coordinates": [149.962305, 46.021924]}}, {"type": "Feature", "id": 910, "properties": {"Tier1Images": 398, "Tier2Images": 138, "S2Images": 791, "TideRange": "1.94", "WaveHeight": "1.93", "RelativeTideRange": "1.01", "pk": "910"}, "geometry": {"type": "Point", "coordinates": [149.523725, 45.591688]}}, {"type": "Feature", "id": 911, "properties": {"Tier1Images": 698, "Tier2Images": 236, "S2Images": 794, "TideRange": "1.50", "WaveHeight": "1.75", "RelativeTideRange": "0.86", "pk": "911"}, "geometry": {"type": "Point", "coordinates": [150.212746, 45.96867]}}, {"type": "Feature", "id": 912, "properties": {"Tier1Images": 698, "Tier2Images": 238, "S2Images": 405, "TideRange": "1.35", "WaveHeight": "1.75", "RelativeTideRange": "0.77", "pk": "912"}, "geometry": {"type": "Point", "coordinates": [150.181976, 46.135108]}}, {"type": "Feature", "id": 913, "properties": {"Tier1Images": 928, "Tier2Images": 413, "S2Images": 791, "TideRange": "1.28", "WaveHeight": "1.82", "RelativeTideRange": "0.71", "pk": "913"}, "geometry": {"type": "Point", "coordinates": [148.812207, 45.51001]}}, {"type": "Feature", "id": 914, "properties": {"Tier1Images": 1171, "Tier2Images": 510, "S2Images": 384, "TideRange": "1.32", "WaveHeight": "1.55", "RelativeTideRange": "0.85", "pk": "914"}, "geometry": {"type": "Point", "coordinates": [148.055821, 45.262405]}}, {"type": "Feature", "id": 915, "properties": {"Tier1Images": 497, "Tier2Images": 161, "S2Images": 388, "TideRange": "1.34", "WaveHeight": "1.37", "RelativeTideRange": "0.98", "pk": "915"}, "geometry": {"type": "Point", "coordinates": [147.544251, 45.049978]}}, {"type": "Feature", "id": 916, "properties": {"Tier1Images": 1059, "Tier2Images": 271, "S2Images": 401, "TideRange": "1.52", "WaveHeight": "1.42", "RelativeTideRange": "1.07", "pk": "916"}, "geometry": {"type": "Point", "coordinates": [146.995302, 44.578077]}}, {"type": "Feature", "id": 917, "properties": {"Tier1Images": 517, "Tier2Images": 148, "S2Images": 389, "TideRange": "1.93", "WaveHeight": "1.65", "RelativeTideRange": "1.17", "pk": "917"}, "geometry": {"type": "Point", "coordinates": [147.346001, 44.700042]}}, {"type": "Feature", "id": 918, "properties": {"Tier1Images": 798, "Tier2Images": 294, "S2Images": 388, "TideRange": "1.75", "WaveHeight": "1.50", "RelativeTideRange": "1.17", "pk": "918"}, "geometry": {"type": "Point", "coordinates": [147.987701, 45.054852]}}, {"type": "Feature", "id": 919, "properties": {"Tier1Images": 1070, "Tier2Images": 496, "S2Images": 790, "TideRange": "1.16", "WaveHeight": "1.82", "RelativeTideRange": "0.64", "pk": "919"}, "geometry": {"type": "Point", "coordinates": [148.771242, 45.323328]}}, {"type": "Feature", "id": 920, "properties": {"Tier1Images": 1595, "Tier2Images": 361, "S2Images": 404, "TideRange": "1.70", "WaveHeight": "1.37", "RelativeTideRange": "1.24", "pk": "920"}, "geometry": {"type": "Point", "coordinates": [146.621973, 43.812988]}}, {"type": "Feature", "id": 921, "properties": {"Tier1Images": 1058, "Tier2Images": 273, "S2Images": 813, "TideRange": "1.39", "WaveHeight": "1.46", "RelativeTideRange": "0.95", "pk": "921"}, "geometry": {"type": "Point", "coordinates": [146.355957, 44.424609]}}, {"type": "Feature", "id": 922, "properties": {"Tier1Images": 570, "Tier2Images": 208, "S2Images": 1616, "TideRange": "1.32", "WaveHeight": "1.25", "RelativeTideRange": "1.06", "pk": "922"}, "geometry": {"type": "Point", "coordinates": [145.775498, 44.130762]}}, {"type": "Feature", "id": 923, "properties": {"Tier1Images": 608, "Tier2Images": 179, "S2Images": 814, "TideRange": "1.73", "WaveHeight": "1.06", "RelativeTideRange": "1.63", "pk": "923"}, "geometry": {"type": "Point", "coordinates": [145.56383, 43.711132]}}, {"type": "Feature", "id": 924, "properties": {"Tier1Images": 809, "Tier2Images": 199, "S2Images": 1608, "TideRange": "1.51", "WaveHeight": "1.25", "RelativeTideRange": "1.21", "pk": "924"}, "geometry": {"type": "Point", "coordinates": [146.066651, 44.213222]}}, {"type": "Feature", "id": 925, "properties": {"Tier1Images": 788, "Tier2Images": 241, "S2Images": 865, "TideRange": "2.19", "WaveHeight": "1.48", "RelativeTideRange": "1.48", "pk": "925"}, "geometry": {"type": "Point", "coordinates": [128.254883, 26.881885]}}, {"type": "Feature", "id": 926, "properties": {"Tier1Images": 779, "Tier2Images": 264, "S2Images": 842, "TideRange": "2.33", "WaveHeight": "1.22", "RelativeTideRange": "1.91", "pk": "926"}, "geometry": {"type": "Point", "coordinates": [127.768598, 26.442586]}}, {"type": "Feature", "id": 927, "properties": {"Tier1Images": 673, "Tier2Images": 197, "S2Images": 844, "TideRange": "2.28", "WaveHeight": "1.22", "RelativeTideRange": "1.87", "pk": "927"}, "geometry": {"type": "Point", "coordinates": [127.894154, 26.343811]}}, {"type": "Feature", "id": 928, "properties": {"Tier1Images": 800, "Tier2Images": 247, "S2Images": 865, "TideRange": "2.19", "WaveHeight": "1.48", "RelativeTideRange": "1.48", "pk": "928"}, "geometry": {"type": "Point", "coordinates": [128.256033, 26.880839]}}, {"type": "Feature", "id": 929, "properties": {"Tier1Images": 626, "Tier2Images": 212, "S2Images": 428, "TideRange": "2.32", "WaveHeight": "1.46", "RelativeTideRange": "1.59", "pk": "929"}, "geometry": {"type": "Point", "coordinates": [128.95166, 27.910254]}}, {"type": "Feature", "id": 930, "properties": {"Tier1Images": 1114, "Tier2Images": 599, "S2Images": 420, "TideRange": "2.20", "WaveHeight": "1.41", "RelativeTideRange": "1.56", "pk": "930"}, "geometry": {"type": "Point", "coordinates": [129.598047, 28.475879]}}, {"type": "Feature", "id": 931, "properties": {"Tier1Images": 1520, "Tier2Images": 949, "S2Images": 419, "TideRange": "2.27", "WaveHeight": "1.44", "RelativeTideRange": "1.58", "pk": "931"}, "geometry": {"type": "Point", "coordinates": [129.44492, 28.201799]}}, {"type": "Feature", "id": 932, "properties": {"Tier1Images": 1098, "Tier2Images": 628, "S2Images": 417, "TideRange": "2.39", "WaveHeight": "1.44", "RelativeTideRange": "1.66", "pk": "932"}, "geometry": {"type": "Point", "coordinates": [129.257422, 28.176172]}}, {"type": "Feature", "id": 933, "properties": {"Tier1Images": 812, "Tier2Images": 351, "S2Images": 427, "TideRange": "2.63", "WaveHeight": "1.37", "RelativeTideRange": "1.91", "pk": "933"}, "geometry": {"type": "Point", "coordinates": [130.497168, 30.465527]}}, {"type": "Feature", "id": 934, "properties": {"Tier1Images": 809, "Tier2Images": 390, "S2Images": 848, "TideRange": "2.56", "WaveHeight": "1.46", "RelativeTideRange": "1.76", "pk": "934"}, "geometry": {"type": "Point", "coordinates": [130.947363, 30.671191]}}, {"type": "Feature", "id": 935, "properties": {"Tier1Images": 807, "Tier2Images": 223, "S2Images": 422, "TideRange": "2.26", "WaveHeight": "1.26", "RelativeTideRange": "1.80", "pk": "935"}, "geometry": {"type": "Point", "coordinates": [131.081066, 30.781737]}}, {"type": "Feature", "id": 936, "properties": {"Tier1Images": 1349, "Tier2Images": 345, "S2Images": 420, "TideRange": "3.17", "WaveHeight": "1.11", "RelativeTideRange": "2.86", "pk": "936"}, "geometry": {"type": "Point", "coordinates": [128.838574, 32.762891]}}, {"type": "Feature", "id": 937, "properties": {"Tier1Images": 1782, "Tier2Images": 595, "S2Images": 837, "TideRange": "3.35", "WaveHeight": "0.74", "RelativeTideRange": "4.52", "pk": "937"}, "geometry": {"type": "Point", "coordinates": [130.009766, 32.521631]}}, {"type": "Feature", "id": 938, "properties": {"Tier1Images": 1817, "Tier2Images": 673, "S2Images": 818, "TideRange": "5.06", "WaveHeight": "0.74", "RelativeTideRange": "6.82", "pk": "938"}, "geometry": {"type": "Point", "coordinates": [130.195171, 32.494191]}}, {"type": "Feature", "id": 939, "properties": {"Tier1Images": 1941, "Tier2Images": 657, "S2Images": 818, "TideRange": "5.06", "WaveHeight": "0.74", "RelativeTideRange": "6.82", "pk": "939"}, "geometry": {"type": "Point", "coordinates": [130.241699, 32.462793]}}, {"type": "Feature", "id": 940, "properties": {"Tier1Images": 1660, "Tier2Images": 382, "S2Images": 881, "TideRange": "0.36", "WaveHeight": "1.38", "RelativeTideRange": "0.26", "pk": "940"}, "geometry": {"type": "Point", "coordinates": [133.206152, 36.293408]}}, {"type": "Feature", "id": 941, "properties": {"Tier1Images": 2397, "Tier2Images": 774, "S2Images": 829, "TideRange": "0.37", "WaveHeight": "1.31", "RelativeTideRange": "0.28", "pk": "941"}, "geometry": {"type": "Point", "coordinates": [138.510059, 38.258984]}}, {"type": "Feature", "id": 942, "properties": {"Tier1Images": 1905, "Tier2Images": 342, "S2Images": 814, "TideRange": "0.37", "WaveHeight": "1.27", "RelativeTideRange": "0.29", "pk": "942"}, "geometry": {"type": "Point", "coordinates": [138.226769, 37.828747]}}, {"type": "Feature", "id": 943, "properties": {"Tier1Images": 1374, "Tier2Images": 613, "S2Images": 424, "TideRange": "0.35", "WaveHeight": "1.37", "RelativeTideRange": "0.26", "pk": "943"}, "geometry": {"type": "Point", "coordinates": [139.431348, 42.199561]}}, {"type": "Feature", "id": 944, "properties": {"Tier1Images": 2138, "Tier2Images": 677, "S2Images": 793, "TideRange": "0.31", "WaveHeight": "1.34", "RelativeTideRange": "0.24", "pk": "944"}, "geometry": {"type": "Point", "coordinates": [140.97168, 45.465479]}}, {"type": "Feature", "id": 945, "properties": {"Tier1Images": 1447, "Tier2Images": 638, "S2Images": 811, "TideRange": "0.34", "WaveHeight": "1.22", "RelativeTideRange": "0.28", "pk": "945"}, "geometry": {"type": "Point", "coordinates": [141.251855, 45.232471]}}, {"type": "Feature", "id": 946, "properties": {"Tier1Images": 954, "Tier2Images": 333, "S2Images": 432, "TideRange": "1.82", "WaveHeight": "1.16", "RelativeTideRange": "1.57", "pk": "946"}, "geometry": {"type": "Point", "coordinates": [139.37002, 34.775439]}}, {"type": "Feature", "id": 947, "properties": {"Tier1Images": 985, "Tier2Images": 108, "S2Images": 708, "TideRange": "3.37", "WaveHeight": "0.41", "RelativeTideRange": "8.25", "pk": "947"}, "geometry": {"type": "Point", "coordinates": [134.834277, 34.472656]}}, {"type": "Feature", "id": 948, "properties": {"Tier1Images": 983, "Tier2Images": 106, "S2Images": 864, "TideRange": "2.16", "WaveHeight": "0.41", "RelativeTideRange": "5.29", "pk": "948"}, "geometry": {"type": "Point", "coordinates": [134.96474, 34.485391]}}, {"type": "Feature", "id": 949, "properties": {"Tier1Images": 1694, "Tier2Images": 340, "S2Images": 423, "TideRange": "2.80", "WaveHeight": "1.11", "RelativeTideRange": "2.53", "pk": "949"}, "geometry": {"type": "Point", "coordinates": [129.123633, 33.067676]}}, {"type": "Feature", "id": 950, "properties": {"Tier1Images": 1698, "Tier2Images": 340, "S2Images": 418, "TideRange": "2.86", "WaveHeight": "0.93", "RelativeTideRange": "3.07", "pk": "950"}, "geometry": {"type": "Point", "coordinates": [129.461914, 33.33125]}}, {"type": "Feature", "id": 951, "properties": {"Tier1Images": 2045, "Tier2Images": 358, "S2Images": 836, "TideRange": "2.08", "WaveHeight": "1.10", "RelativeTideRange": "1.89", "pk": "951"}, "geometry": {"type": "Point", "coordinates": [129.717285, 33.858398]}}, {"type": "Feature", "id": 952, "properties": {"Tier1Images": 2163, "Tier2Images": 202, "S2Images": 854, "TideRange": "3.08", "WaveHeight": "0.40", "RelativeTideRange": "7.72", "pk": "952"}, "geometry": {"type": "Point", "coordinates": [132.578418, 34.115186]}}, {"type": "Feature", "id": 953, "properties": {"Tier1Images": 2789, "Tier2Images": 300, "S2Images": 850, "TideRange": "2.64", "WaveHeight": "0.40", "RelativeTideRange": "6.62", "pk": "953"}, "geometry": {"type": "Point", "coordinates": [132.359961, 33.847021]}}, {"type": "Feature", "id": 954, "properties": {"Tier1Images": 908, "Tier2Images": 163, "S2Images": 431, "TideRange": "5.56", "WaveHeight": "1.07", "RelativeTideRange": "5.18", "pk": "954"}, "geometry": {"type": "Point", "coordinates": [118.339355, 24.469141]}}, {"type": "Feature", "id": 955, "properties": {"Tier1Images": 909, "Tier2Images": 160, "S2Images": 849, "TideRange": "5.54", "WaveHeight": "1.07", "RelativeTideRange": "5.17", "pk": "955"}, "geometry": {"type": "Point", "coordinates": [118.076758, 24.501416]}}, {"type": "Feature", "id": 956, "properties": {"Tier1Images": 887, "Tier2Images": 164, "S2Images": 772, "TideRange": "3.52", "WaveHeight": "0.70", "RelativeTideRange": "5.05", "pk": "956"}, "geometry": {"type": "Point", "coordinates": [121.610203, 31.519874]}}, {"type": "Feature", "id": 957, "properties": {"Tier1Images": 1704, "Tier2Images": 265, "S2Images": 378, "TideRange": "3.62", "WaveHeight": "0.68", "RelativeTideRange": "5.30", "pk": "957"}, "geometry": {"type": "Point", "coordinates": [122.284473, 30.068018]}}, {"type": "Feature", "id": 958, "properties": {"Tier1Images": 1705, "Tier2Images": 265, "S2Images": 378, "TideRange": "3.62", "WaveHeight": "0.68", "RelativeTideRange": "5.30", "pk": "958"}, "geometry": {"type": "Point", "coordinates": [122.312188, 30.041163]}}, {"type": "Feature", "id": 959, "properties": {"Tier1Images": 2397, "Tier2Images": 416, "S2Images": 759, "TideRange": "2.89", "WaveHeight": "0.39", "RelativeTideRange": "7.35", "pk": "959"}, "geometry": {"type": "Point", "coordinates": [122.119629, 29.782227]}}, {"type": "Feature", "id": 960, "properties": {"Tier1Images": 1688, "Tier2Images": 261, "S2Images": 377, "TideRange": "3.97", "WaveHeight": "0.68", "RelativeTideRange": "5.81", "pk": "960"}, "geometry": {"type": "Point", "coordinates": [122.401562, 29.950244]}}, {"type": "Feature", "id": 961, "properties": {"Tier1Images": 1305, "Tier2Images": 204, "S2Images": 389, "TideRange": "6.51", "WaveHeight": "1.31", "RelativeTideRange": "4.97", "pk": "961"}, "geometry": {"type": "Point", "coordinates": [119.797461, 25.623242]}}, {"type": "Feature", "id": 962, "properties": {"Tier1Images": 1529, "Tier2Images": 394, "S2Images": 546, "TideRange": "1.17", "WaveHeight": "1.79", "RelativeTideRange": "0.65", "pk": "962"}, "geometry": {"type": "Point", "coordinates": [-154.952588, 19.644629]}}, {"type": "Feature", "id": 963, "properties": {"Tier1Images": 803, "Tier2Images": 331, "S2Images": 1053, "TideRange": "1.10", "WaveHeight": "1.47", "RelativeTideRange": "0.75", "pk": "963"}, "geometry": {"type": "Point", "coordinates": [-155.581482, 20.147227]}}, {"type": "Feature", "id": 964, "properties": {"Tier1Images": 807, "Tier2Images": 75, "S2Images": 1090, "TideRange": "1.00", "WaveHeight": "1.07", "RelativeTideRange": "0.93", "pk": "964"}, "geometry": {"type": "Point", "coordinates": [-156.006723, 19.806807]}}, {"type": "Feature", "id": 965, "properties": {"Tier1Images": 784, "Tier2Images": 226, "S2Images": 1092, "TideRange": "1.10", "WaveHeight": "1.60", "RelativeTideRange": "0.69", "pk": "965"}, "geometry": {"type": "Point", "coordinates": [-155.81805, 19.038082]}}, {"type": "Feature", "id": 966, "properties": {"Tier1Images": 802, "Tier2Images": 537, "S2Images": 544, "TideRange": "1.17", "WaveHeight": "1.79", "RelativeTideRange": "0.65", "pk": "966"}, "geometry": {"type": "Point", "coordinates": [-155.084336, 19.312076]}}, {"type": "Feature", "id": 967, "properties": {"Tier1Images": 804, "Tier2Images": 12, "S2Images": 537, "TideRange": "1.02", "WaveHeight": "1.43", "RelativeTideRange": "0.72", "pk": "967"}, "geometry": {"type": "Point", "coordinates": [-156.917187, 21.177295]}}, {"type": "Feature", "id": 968, "properties": {"Tier1Images": 820, "Tier2Images": 12, "S2Images": 543, "TideRange": "0.99", "WaveHeight": "1.43", "RelativeTideRange": "0.70", "pk": "968"}, "geometry": {"type": "Point", "coordinates": [-156.880382, 21.06163]}}, {"type": "Feature", "id": 969, "properties": {"Tier1Images": 813, "Tier2Images": 98, "S2Images": 1080, "TideRange": "1.08", "WaveHeight": "1.87", "RelativeTideRange": "0.58", "pk": "969"}, "geometry": {"type": "Point", "coordinates": [-156.103516, 20.840332]}}, {"type": "Feature", "id": 970, "properties": {"Tier1Images": 2351, "Tier2Images": 77, "S2Images": 544, "TideRange": "0.98", "WaveHeight": "1.58", "RelativeTideRange": "0.62", "pk": "970"}, "geometry": {"type": "Point", "coordinates": [-156.620903, 20.827693]}}, {"type": "Feature", "id": 971, "properties": {"Tier1Images": 812, "Tier2Images": 98, "S2Images": 537, "TideRange": "1.08", "WaveHeight": "1.87", "RelativeTideRange": "0.58", "pk": "971"}, "geometry": {"type": "Point", "coordinates": [-156.010385, 20.782058]}}, {"type": "Feature", "id": 972, "properties": {"Tier1Images": 744, "Tier2Images": 35, "S2Images": 1077, "TideRange": "0.81", "WaveHeight": "1.71", "RelativeTideRange": "0.48", "pk": "972"}, "geometry": {"type": "Point", "coordinates": [-160.220898, 21.897266]}}, {"type": "Feature", "id": 973, "properties": {"Tier1Images": 1493, "Tier2Images": 38, "S2Images": 1035, "TideRange": "0.98", "WaveHeight": "1.87", "RelativeTideRange": "0.53", "pk": "973"}, "geometry": {"type": "Point", "coordinates": [-157.82959, 21.471436]}}, {"type": "Feature", "id": 974, "properties": {"Tier1Images": 1530, "Tier2Images": 39, "S2Images": 542, "TideRange": "0.88", "WaveHeight": "1.82", "RelativeTideRange": "0.48", "pk": "974"}, "geometry": {"type": "Point", "coordinates": [-158.14431, 21.384317]}}, {"type": "Feature", "id": 975, "properties": {"Tier1Images": 813, "Tier2Images": 11, "S2Images": 1037, "TideRange": "0.97", "WaveHeight": "1.87", "RelativeTideRange": "0.52", "pk": "975"}, "geometry": {"type": "Point", "coordinates": [-157.716107, 21.432911]}}, {"type": "Feature", "id": 976, "properties": {"Tier1Images": 1198, "Tier2Images": 90, "S2Images": 520, "TideRange": "0.85", "WaveHeight": "2.10", "RelativeTideRange": "0.40", "pk": "976"}, "geometry": {"type": "Point", "coordinates": [-159.579199, 22.223145]}}, {"type": "Feature", "id": 977, "properties": {"Tier1Images": 1486, "Tier2Images": 61, "S2Images": 535, "TideRange": "0.89", "WaveHeight": "1.99", "RelativeTideRange": "0.45", "pk": "977"}, "geometry": {"type": "Point", "coordinates": [-159.335417, 22.020938]}}, {"type": "Feature", "id": 978, "properties": {"Tier1Images": 1592, "Tier2Images": 77, "S2Images": 544, "TideRange": "0.95", "WaveHeight": "1.43", "RelativeTideRange": "0.67", "pk": "978"}, "geometry": {"type": "Point", "coordinates": [-156.941797, 20.930029]}}, {"type": "Feature", "id": 979, "properties": {"Tier1Images": 337, "Tier2Images": 340, "S2Images": 731, "TideRange": "1.48", "WaveHeight": "2.41", "RelativeTideRange": "0.61", "pk": "979"}, "geometry": {"type": "Point", "coordinates": [179.181738, 51.469922]}}, {"type": "Feature", "id": 980, "properties": {"Tier1Images": 337, "Tier2Images": 340, "S2Images": 731, "TideRange": "1.75", "WaveHeight": "2.41", "RelativeTideRange": "0.73", "pk": "980"}, "geometry": {"type": "Point", "coordinates": [178.864442, 51.552815]}}, {"type": "Feature", "id": 981, "properties": {"Tier1Images": 337, "Tier2Images": 340, "S2Images": 731, "TideRange": "1.44", "WaveHeight": "2.36", "RelativeTideRange": "0.61", "pk": "981"}, "geometry": {"type": "Point", "coordinates": [179.264932, 51.433669]}}, {"type": "Feature", "id": 982, "properties": {"Tier1Images": 337, "Tier2Images": 338, "S2Images": 705, "TideRange": "1.74", "WaveHeight": "2.21", "RelativeTideRange": "0.79", "pk": "982"}, "geometry": {"type": "Point", "coordinates": [179.627148, 52.03042]}}, {"type": "Feature", "id": 983, "properties": {"Tier1Images": 292, "Tier2Images": 334, "S2Images": 713, "TideRange": "1.83", "WaveHeight": "2.43", "RelativeTideRange": "0.75", "pk": "983"}, "geometry": {"type": "Point", "coordinates": [177.56377, 52.110498]}}, {"type": "Feature", "id": 984, "properties": {"Tier1Images": 292, "Tier2Images": 334, "S2Images": 716, "TideRange": "1.63", "WaveHeight": "2.43", "RelativeTideRange": "0.67", "pk": "984"}, "geometry": {"type": "Point", "coordinates": [177.558609, 51.934693]}}, {"type": "Feature", "id": 985, "properties": {"Tier1Images": 527, "Tier2Images": 347, "S2Images": 744, "TideRange": "1.82", "WaveHeight": "2.34", "RelativeTideRange": "0.78", "pk": "985"}, "geometry": {"type": "Point", "coordinates": [173.657617, 52.504102]}}, {"type": "Feature", "id": 986, "properties": {"Tier1Images": 491, "Tier2Images": 337, "S2Images": 744, "TideRange": "1.81", "WaveHeight": "2.49", "RelativeTideRange": "0.73", "pk": "986"}, "geometry": {"type": "Point", "coordinates": [173.775745, 52.495142]}}, {"type": "Feature", "id": 987, "properties": {"Tier1Images": 398, "Tier2Images": 246, "S2Images": 410, "TideRange": "1.79", "WaveHeight": "2.17", "RelativeTideRange": "0.83", "pk": "987"}, "geometry": {"type": "Point", "coordinates": [173.436035, 52.852051]}}, {"type": "Feature", "id": 988, "properties": {"Tier1Images": 357, "Tier2Images": 218, "S2Images": 1586, "TideRange": "1.85", "WaveHeight": "2.48", "RelativeTideRange": "0.75", "pk": "988"}, "geometry": {"type": "Point", "coordinates": [172.634077, 52.990891]}}, {"type": "Feature", "id": 989, "properties": {"Tier1Images": 398, "Tier2Images": 246, "S2Images": 815, "TideRange": "1.73", "WaveHeight": "2.43", "RelativeTideRange": "0.71", "pk": "989"}, "geometry": {"type": "Point", "coordinates": [173.064014, 52.807471]}}, {"type": "Feature", "id": 990, "properties": {"Tier1Images": 1368, "Tier2Images": 551, "S2Images": 1534, "TideRange": "3.59", "WaveHeight": "1.11", "RelativeTideRange": "3.23", "pk": "990"}, "geometry": {"type": "Point", "coordinates": [-160.49292, 55.352344]}}, {"type": "Feature", "id": 991, "properties": {"Tier1Images": 1370, "Tier2Images": 550, "S2Images": 790, "TideRange": "3.59", "WaveHeight": "1.11", "RelativeTideRange": "3.23", "pk": "991"}, "geometry": {"type": "Point", "coordinates": [-160.583154, 55.307617]}}, {"type": "Feature", "id": 992, "properties": {"Tier1Images": 1303, "Tier2Images": 556, "S2Images": 788, "TideRange": "3.26", "WaveHeight": "1.80", "RelativeTideRange": "1.81", "pk": "992"}, "geometry": {"type": "Point", "coordinates": [-160.831415, 55.212702]}}, {"type": "Feature", "id": 993, "properties": {"Tier1Images": 1120, "Tier2Images": 435, "S2Images": 1574, "TideRange": "3.08", "WaveHeight": "1.10", "RelativeTideRange": "2.80", "pk": "993"}, "geometry": {"type": "Point", "coordinates": [-162.433887, 54.931543]}}, {"type": "Feature", "id": 994, "properties": {"Tier1Images": 927, "Tier2Images": 505, "S2Images": 786, "TideRange": "3.05", "WaveHeight": "1.92", "RelativeTideRange": "1.59", "pk": "994"}, "geometry": {"type": "Point", "coordinates": [-162.820557, 54.494531]}}, {"type": "Feature", "id": 995, "properties": {"Tier1Images": 1050, "Tier2Images": 471, "S2Images": 768, "TideRange": "3.19", "WaveHeight": "1.91", "RelativeTideRange": "1.67", "pk": "995"}, "geometry": {"type": "Point", "coordinates": [-159.461914, 55.058789]}}, {"type": "Feature", "id": 996, "properties": {"Tier1Images": 1089, "Tier2Images": 663, "S2Images": 767, "TideRange": "3.51", "WaveHeight": "1.85", "RelativeTideRange": "1.90", "pk": "996"}, "geometry": {"type": "Point", "coordinates": [-159.898242, 55.221289]}}, {"type": "Feature", "id": 997, "properties": {"Tier1Images": 1257, "Tier2Images": 348, "S2Images": 377, "TideRange": "3.25", "WaveHeight": "1.85", "RelativeTideRange": "1.76", "pk": "997"}, "geometry": {"type": "Point", "coordinates": [-160.223109, 54.924008]}}, {"type": "Feature", "id": 998, "properties": {"Tier1Images": 1060, "Tier2Images": 648, "S2Images": 767, "TideRange": "3.45", "WaveHeight": "1.91", "RelativeTideRange": "1.81", "pk": "998"}, "geometry": {"type": "Point", "coordinates": [-159.515137, 55.151855]}}, {"type": "Feature", "id": 999, "properties": {"Tier1Images": 455, "Tier2Images": 620, "S2Images": 757, "TideRange": "2.21", "WaveHeight": "2.19", "RelativeTideRange": "1.01", "pk": "999"}, "geometry": {"type": "Point", "coordinates": [-169.982568, 52.851025]}}, {"type": "Feature", "id": 1000, "properties": {"Tier1Images": 262, "Tier2Images": 718, "S2Images": 759, "TideRange": "1.80", "WaveHeight": "2.50", "RelativeTideRange": "0.72", "pk": "1000"}, "geometry": {"type": "Point", "coordinates": [-170.68208, 52.697559]}}, {"type": "Feature", "id": 1001, "properties": {"Tier1Images": 697, "Tier2Images": 618, "S2Images": 372, "TideRange": "1.81", "WaveHeight": "1.71", "RelativeTideRange": "1.06", "pk": "1001"}, "geometry": {"type": "Point", "coordinates": [-165.764453, 54.1521]}}, {"type": "Feature", "id": 1002, "properties": {"Tier1Images": 698, "Tier2Images": 623, "S2Images": 758, "TideRange": "2.52", "WaveHeight": "1.71", "RelativeTideRange": "1.48", "pk": "1002"}, "geometry": {"type": "Point", "coordinates": [-165.765501, 54.078321]}}, {"type": "Feature", "id": 1003, "properties": {"Tier1Images": 738, "Tier2Images": 471, "S2Images": 735, "TideRange": "1.56", "WaveHeight": "1.94", "RelativeTideRange": "0.80", "pk": "1003"}, "geometry": {"type": "Point", "coordinates": [-165.441748, 54.208008]}}, {"type": "Feature", "id": 1004, "properties": {"Tier1Images": 577, "Tier2Images": 556, "S2Images": 766, "TideRange": "1.74", "WaveHeight": "1.87", "RelativeTideRange": "0.93", "pk": "1004"}, "geometry": {"type": "Point", "coordinates": [-167.804687, 53.484961]}}, {"type": "Feature", "id": 1005, "properties": {"Tier1Images": 578, "Tier2Images": 571, "S2Images": 736, "TideRange": "1.76", "WaveHeight": "1.99", "RelativeTideRange": "0.89", "pk": "1005"}, "geometry": {"type": "Point", "coordinates": [-168.386572, 53.316197]}}, {"type": "Feature", "id": 1006, "properties": {"Tier1Images": 428, "Tier2Images": 539, "S2Images": 382, "TideRange": "1.88", "WaveHeight": "2.22", "RelativeTideRange": "0.85", "pk": "1006"}, "geometry": {"type": "Point", "coordinates": [-168.885658, 52.973244]}}, {"type": "Feature", "id": 1007, "properties": {"Tier1Images": 578, "Tier2Images": 571, "S2Images": 382, "TideRange": "2.57", "WaveHeight": "2.17", "RelativeTideRange": "1.18", "pk": "1007"}, "geometry": {"type": "Point", "coordinates": [-168.599931, 53.014802]}}, {"type": "Feature", "id": 1008, "properties": {"Tier1Images": 578, "Tier2Images": 556, "S2Images": 1456, "TideRange": "2.23", "WaveHeight": "1.87", "RelativeTideRange": "1.19", "pk": "1008"}, "geometry": {"type": "Point", "coordinates": [-167.935387, 53.357439]}}, {"type": "Feature", "id": 1009, "properties": {"Tier1Images": 628, "Tier2Images": 469, "S2Images": 769, "TideRange": "2.58", "WaveHeight": "1.50", "RelativeTideRange": "1.73", "pk": "1009"}, "geometry": {"type": "Point", "coordinates": [-166.522021, 53.609668]}}, {"type": "Feature", "id": 1010, "properties": {"Tier1Images": 866, "Tier2Images": 711, "S2Images": 767, "TideRange": "1.85", "WaveHeight": "1.50", "RelativeTideRange": "1.23", "pk": "1010"}, "geometry": {"type": "Point", "coordinates": [-166.324239, 53.871055]}}, {"type": "Feature", "id": 1011, "properties": {"Tier1Images": 869, "Tier2Images": 711, "S2Images": 768, "TideRange": "1.74", "WaveHeight": "1.50", "RelativeTideRange": "1.16", "pk": "1011"}, "geometry": {"type": "Point", "coordinates": [-166.627292, 53.994864]}}, {"type": "Feature", "id": 1012, "properties": {"Tier1Images": 717, "Tier2Images": 704, "S2Images": 767, "TideRange": "1.76", "WaveHeight": "1.73", "RelativeTideRange": "1.02", "pk": "1012"}, "geometry": {"type": "Point", "coordinates": [-166.922768, 53.763355]}}, {"type": "Feature", "id": 1013, "properties": {"Tier1Images": 581, "Tier2Images": 687, "S2Images": 767, "TideRange": "1.79", "WaveHeight": "1.84", "RelativeTideRange": "0.97", "pk": "1013"}, "geometry": {"type": "Point", "coordinates": [-167.128496, 53.545472]}}, {"type": "Feature", "id": 1014, "properties": {"Tier1Images": 577, "Tier2Images": 556, "S2Images": 765, "TideRange": "2.58", "WaveHeight": "1.87", "RelativeTideRange": "1.38", "pk": "1014"}, "geometry": {"type": "Point", "coordinates": [-167.737441, 53.284552]}}, {"type": "Feature", "id": 1015, "properties": {"Tier1Images": 482, "Tier2Images": 538, "S2Images": 764, "TideRange": "2.66", "WaveHeight": "1.84", "RelativeTideRange": "1.45", "pk": "1015"}, "geometry": {"type": "Point", "coordinates": [-166.941799, 53.448316]}}, {"type": "Feature", "id": 1016, "properties": {"Tier1Images": 777, "Tier2Images": 701, "S2Images": 744, "TideRange": "1.93", "WaveHeight": "1.71", "RelativeTideRange": "1.13", "pk": "1016"}, "geometry": {"type": "Point", "coordinates": [-166.234375, 53.78418]}}, {"type": "Feature", "id": 1017, "properties": {"Tier1Images": 306, "Tier2Images": 600, "S2Images": 1418, "TideRange": "1.67", "WaveHeight": "2.30", "RelativeTideRange": "0.73", "pk": "1017"}, "geometry": {"type": "Point", "coordinates": [-172.47041, 52.388037]}}, {"type": "Feature", "id": 1018, "properties": {"Tier1Images": 297, "Tier2Images": 324, "S2Images": 735, "TideRange": "1.78", "WaveHeight": "2.25", "RelativeTideRange": "0.79", "pk": "1018"}, "geometry": {"type": "Point", "coordinates": [-173.357227, 52.095654]}}, {"type": "Feature", "id": 1019, "properties": {"Tier1Images": 297, "Tier2Images": 324, "S2Images": 735, "TideRange": "1.99", "WaveHeight": "2.20", "RelativeTideRange": "0.91", "pk": "1019"}, "geometry": {"type": "Point", "coordinates": [-173.825404, 52.049113]}}, {"type": "Feature", "id": 1020, "properties": {"Tier1Images": 297, "Tier2Images": 324, "S2Images": 736, "TideRange": "1.63", "WaveHeight": "2.36", "RelativeTideRange": "0.69", "pk": "1020"}, "geometry": {"type": "Point", "coordinates": [-173.088225, 52.097613]}}, {"type": "Feature", "id": 1021, "properties": {"Tier1Images": 392, "Tier2Images": 474, "S2Images": 368, "TideRange": "1.72", "WaveHeight": "2.10", "RelativeTideRange": "0.82", "pk": "1021"}, "geometry": {"type": "Point", "coordinates": [-174.168896, 52.420166]}}, {"type": "Feature", "id": 1022, "properties": {"Tier1Images": 512, "Tier2Images": 339, "S2Images": 752, "TideRange": "1.82", "WaveHeight": "2.21", "RelativeTideRange": "0.82", "pk": "1022"}, "geometry": {"type": "Point", "coordinates": [-174.572772, 52.15906]}}, {"type": "Feature", "id": 1023, "properties": {"Tier1Images": 406, "Tier2Images": 266, "S2Images": 756, "TideRange": "2.03", "WaveHeight": "2.26", "RelativeTideRange": "0.90", "pk": "1023"}, "geometry": {"type": "Point", "coordinates": [-175.167902, 51.997421]}}, {"type": "Feature", "id": 1024, "properties": {"Tier1Images": 512, "Tier2Images": 339, "S2Images": 387, "TideRange": "1.96", "WaveHeight": "2.21", "RelativeTideRange": "0.89", "pk": "1024"}, "geometry": {"type": "Point", "coordinates": [-174.285377, 52.092778]}}, {"type": "Feature", "id": 1025, "properties": {"Tier1Images": 462, "Tier2Images": 265, "S2Images": 763, "TideRange": "1.73", "WaveHeight": "2.05", "RelativeTideRange": "0.84", "pk": "1025"}, "geometry": {"type": "Point", "coordinates": [-176.193652, 51.886279]}}, {"type": "Feature", "id": 1026, "properties": {"Tier1Images": 462, "Tier2Images": 265, "S2Images": 762, "TideRange": "1.71", "WaveHeight": "1.93", "RelativeTideRange": "0.89", "pk": "1026"}, "geometry": {"type": "Point", "coordinates": [-176.286719, 51.791992]}}, {"type": "Feature", "id": 1027, "properties": {"Tier1Images": 462, "Tier2Images": 265, "S2Images": 762, "TideRange": "1.81", "WaveHeight": "1.93", "RelativeTideRange": "0.94", "pk": "1027"}, "geometry": {"type": "Point", "coordinates": [-176.587939, 51.833203]}}, {"type": "Feature", "id": 1028, "properties": {"Tier1Images": 462, "Tier2Images": 216, "S2Images": 753, "TideRange": "1.96", "WaveHeight": "2.41", "RelativeTideRange": "0.81", "pk": "1028"}, "geometry": {"type": "Point", "coordinates": [-176.909359, 51.715712]}}, {"type": "Feature", "id": 1029, "properties": {"Tier1Images": 462, "Tier2Images": 265, "S2Images": 763, "TideRange": "1.90", "WaveHeight": "1.93", "RelativeTideRange": "0.99", "pk": "1029"}, "geometry": {"type": "Point", "coordinates": [-176.437371, 51.766278]}}, {"type": "Feature", "id": 1030, "properties": {"Tier1Images": 462, "Tier2Images": 264, "S2Images": 764, "TideRange": "1.75", "WaveHeight": "2.05", "RelativeTideRange": "0.85", "pk": "1030"}, "geometry": {"type": "Point", "coordinates": [-176.045068, 51.972998]}}, {"type": "Feature", "id": 1031, "properties": {"Tier1Images": 257, "Tier2Images": 145, "S2Images": 757, "TideRange": "1.76", "WaveHeight": "2.01", "RelativeTideRange": "0.88", "pk": "1031"}, "geometry": {"type": "Point", "coordinates": [-177.209766, 51.84126]}}, {"type": "Feature", "id": 1032, "properties": {"Tier1Images": 383, "Tier2Images": 230, "S2Images": 758, "TideRange": "1.82", "WaveHeight": "2.41", "RelativeTideRange": "0.75", "pk": "1032"}, "geometry": {"type": "Point", "coordinates": [-177.347652, 51.702266]}}, {"type": "Feature", "id": 1033, "properties": {"Tier1Images": 418, "Tier2Images": 240, "S2Images": 758, "TideRange": "1.73", "WaveHeight": "2.06", "RelativeTideRange": "0.84", "pk": "1033"}, "geometry": {"type": "Point", "coordinates": [-177.644482, 51.82627]}}, {"type": "Feature", "id": 1034, "properties": {"Tier1Images": 417, "Tier2Images": 240, "S2Images": 758, "TideRange": "2.06", "WaveHeight": "2.21", "RelativeTideRange": "0.93", "pk": "1034"}, "geometry": {"type": "Point", "coordinates": [-177.991037, 51.76718]}}, {"type": "Feature", "id": 1035, "properties": {"Tier1Images": 1754, "Tier2Images": 697, "S2Images": 1642, "TideRange": "3.85", "WaveHeight": "1.05", "RelativeTideRange": "3.68", "pk": "1035"}, "geometry": {"type": "Point", "coordinates": [-126.115283, 49.365039]}}, {"type": "Feature", "id": 1036, "properties": {"Tier1Images": 1078, "Tier2Images": 167, "S2Images": 1664, "TideRange": "4.96", "WaveHeight": "0.35", "RelativeTideRange": "14.27", "pk": "1036"}, "geometry": {"type": "Point", "coordinates": [-122.918018, 48.706982]}}, {"type": "Feature", "id": 1037, "properties": {"Tier1Images": 1246, "Tier2Images": 185, "S2Images": 855, "TideRange": "4.96", "WaveHeight": "0.35", "RelativeTideRange": "14.27", "pk": "1037"}, "geometry": {"type": "Point", "coordinates": [-122.868896, 48.548633]}}, {"type": "Feature", "id": 1038, "properties": {"Tier1Images": 1623, "Tier2Images": 226, "S2Images": 438, "TideRange": "4.95", "WaveHeight": "0.35", "RelativeTideRange": "14.24", "pk": "1038"}, "geometry": {"type": "Point", "coordinates": [-123.11416, 48.613281]}}, {"type": "Feature", "id": 1039, "properties": {"Tier1Images": 2864, "Tier2Images": 536, "S2Images": 797, "TideRange": "4.98", "WaveHeight": "0.10", "RelativeTideRange": "48.75", "pk": "1039"}, "geometry": {"type": "Point", "coordinates": [-122.603029, 48.203136]}}, {"type": "Feature", "id": 1040, "properties": {"Tier1Images": 2562, "Tier2Images": 363, "S2Images": 782, "TideRange": "3.97", "WaveHeight": "0.20", "RelativeTideRange": "19.60", "pk": "1040"}, "geometry": {"type": "Point", "coordinates": [-124.493945, 49.66748]}}, {"type": "Feature", "id": 1041, "properties": {"Tier1Images": 1927, "Tier2Images": 275, "S2Images": 782, "TideRange": "3.97", "WaveHeight": "0.20", "RelativeTideRange": "19.60", "pk": "1041"}, "geometry": {"type": "Point", "coordinates": [-124.441975, 49.733843]}}, {"type": "Feature", "id": 1042, "properties": {"Tier1Images": 1931, "Tier2Images": 260, "S2Images": 828, "TideRange": "4.92", "WaveHeight": "0.13", "RelativeTideRange": "36.63", "pk": "1042"}, "geometry": {"type": "Point", "coordinates": [-123.384814, 48.875195]}}, {"type": "Feature", "id": 1043, "properties": {"Tier1Images": 1931, "Tier2Images": 261, "S2Images": 828, "TideRange": "4.92", "WaveHeight": "0.13", "RelativeTideRange": "36.63", "pk": "1043"}, "geometry": {"type": "Point", "coordinates": [-123.418699, 48.890552]}}, {"type": "Feature", "id": 1044, "properties": {"Tier1Images": 1931, "Tier2Images": 261, "S2Images": 827, "TideRange": "4.92", "WaveHeight": "0.13", "RelativeTideRange": "36.63", "pk": "1044"}, "geometry": {"type": "Point", "coordinates": [-123.467871, 48.867383]}}, {"type": "Feature", "id": 1045, "properties": {"Tier1Images": 1638, "Tier2Images": 224, "S2Images": 425, "TideRange": "3.97", "WaveHeight": "0.09", "RelativeTideRange": "42.65", "pk": "1045"}, "geometry": {"type": "Point", "coordinates": [-124.977734, 50.02959]}}, {"type": "Feature", "id": 1046, "properties": {"Tier1Images": 1700, "Tier2Images": 305, "S2Images": 805, "TideRange": "3.94", "WaveHeight": "1.89", "RelativeTideRange": "2.09", "pk": "1046"}, "geometry": {"type": "Point", "coordinates": [-126.738135, 49.843652]}}, {"type": "Feature", "id": 1047, "properties": {"Tier1Images": 2185, "Tier2Images": 615, "S2Images": 805, "TideRange": "3.95", "WaveHeight": "1.89", "RelativeTideRange": "2.10", "pk": "1047"}, "geometry": {"type": "Point", "coordinates": [-126.628164, 49.674948]}}, {"type": "Feature", "id": 1048, "properties": {"Tier1Images": 1567, "Tier2Images": 217, "S2Images": 827, "TideRange": "3.95", "WaveHeight": "0.04", "RelativeTideRange": "89.52", "pk": "1048"}, "geometry": {"type": "Point", "coordinates": [-125.126465, 50.320264]}}, {"type": "Feature", "id": 1049, "properties": {"Tier1Images": 1626, "Tier2Images": 217, "S2Images": 425, "TideRange": "3.94", "WaveHeight": "0.09", "RelativeTideRange": "42.33", "pk": "1049"}, "geometry": {"type": "Point", "coordinates": [-125.191049, 50.063889]}}, {"type": "Feature", "id": 1050, "properties": {"Tier1Images": 1241, "Tier2Images": 350, "S2Images": 585, "TideRange": "2.44", "WaveHeight": "1.41", "RelativeTideRange": "1.74", "pk": "1050"}, "geometry": {"type": "Point", "coordinates": [-118.507471, 32.959912]}}, {"type": "Feature", "id": 1051, "properties": {"Tier1Images": 2181, "Tier2Images": 522, "S2Images": 576, "TideRange": "2.41", "WaveHeight": "2.09", "RelativeTideRange": "1.15", "pk": "1051"}, "geometry": {"type": "Point", "coordinates": [-120.251904, 34.013867]}}, {"type": "Feature", "id": 1052, "properties": {"Tier1Images": 1588, "Tier2Images": 88, "S2Images": 579, "TideRange": "2.43", "WaveHeight": "1.24", "RelativeTideRange": "1.96", "pk": "1052"}, "geometry": {"type": "Point", "coordinates": [-119.678857, 34.028467]}}, {"type": "Feature", "id": 1053, "properties": {"Tier1Images": 1236, "Tier2Images": 351, "S2Images": 1186, "TideRange": "2.47", "WaveHeight": "1.13", "RelativeTideRange": "2.19", "pk": "1053"}, "geometry": {"type": "Point", "coordinates": [-118.469336, 33.357129]}}, {"type": "Feature", "id": 1054, "properties": {"Tier1Images": 1266, "Tier2Images": 218, "S2Images": 390, "TideRange": "0.53", "WaveHeight": "1.06", "RelativeTideRange": "0.50", "pk": "1054"}, "geometry": {"type": "Point", "coordinates": [-82.244434, 9.334082]}}, {"type": "Feature", "id": 1055, "properties": {"Tier1Images": 1016, "Tier2Images": 175, "S2Images": 789, "TideRange": "3.65", "WaveHeight": "1.86", "RelativeTideRange": "1.96", "pk": "1055"}, "geometry": {"type": "Point", "coordinates": [-153.156836, 57.093945]}}, {"type": "Feature", "id": 1056, "properties": {"Tier1Images": 1018, "Tier2Images": 172, "S2Images": 787, "TideRange": "3.72", "WaveHeight": "1.62", "RelativeTideRange": "2.30", "pk": "1056"}, "geometry": {"type": "Point", "coordinates": [-153.367477, 57.080092]}}, {"type": "Feature", "id": 1057, "properties": {"Tier1Images": 1639, "Tier2Images": 512, "S2Images": 1040, "TideRange": "7.62", "WaveHeight": "0.43", "RelativeTideRange": "17.79", "pk": "1057"}, "geometry": {"type": "Point", "coordinates": [-151.959717, 60.50376]}}, {"type": "Feature", "id": 1058, "properties": {"Tier1Images": 1043, "Tier2Images": 433, "S2Images": 769, "TideRange": "5.17", "WaveHeight": "0.97", "RelativeTideRange": "5.35", "pk": "1058"}, "geometry": {"type": "Point", "coordinates": [-152.515527, 58.478613]}}, {"type": "Feature", "id": 1059, "properties": {"Tier1Images": 1559, "Tier2Images": 293, "S2Images": 785, "TideRange": "6.30", "WaveHeight": "0.45", "RelativeTideRange": "13.97", "pk": "1059"}, "geometry": {"type": "Point", "coordinates": [-153.240625, 57.850098]}}, {"type": "Feature", "id": 1060, "properties": {"Tier1Images": 811, "Tier2Images": 266, "S2Images": 1530, "TideRange": "4.07", "WaveHeight": "2.25", "RelativeTideRange": "1.81", "pk": "1060"}, "geometry": {"type": "Point", "coordinates": [-155.737354, 55.829785]}}, {"type": "Feature", "id": 1061, "properties": {"Tier1Images": 1228, "Tier2Images": 310, "S2Images": 1543, "TideRange": "5.24", "WaveHeight": "1.99", "RelativeTideRange": "2.63", "pk": "1061"}, "geometry": {"type": "Point", "coordinates": [-154.517529, 56.600537]}}, {"type": "Feature", "id": 1062, "properties": {"Tier1Images": 1128, "Tier2Images": 298, "S2Images": 756, "TideRange": "5.20", "WaveHeight": "1.99", "RelativeTideRange": "2.61", "pk": "1062"}, "geometry": {"type": "Point", "coordinates": [-154.447897, 56.577279]}}, {"type": "Feature", "id": 1063, "properties": {"Tier1Images": 1116, "Tier2Images": 292, "S2Images": 788, "TideRange": "4.81", "WaveHeight": "2.06", "RelativeTideRange": "2.34", "pk": "1063"}, "geometry": {"type": "Point", "coordinates": [-154.216748, 56.60874]}}, {"type": "Feature", "id": 1064, "properties": {"Tier1Images": 1261, "Tier2Images": 581, "S2Images": 1277, "TideRange": "5.08", "WaveHeight": "1.12", "RelativeTideRange": "4.55", "pk": "1064"}, "geometry": {"type": "Point", "coordinates": [-146.37168, 60.422168]}}, {"type": "Feature", "id": 1065, "properties": {"Tier1Images": 1246, "Tier2Images": 568, "S2Images": 639, "TideRange": "4.67", "WaveHeight": "1.12", "RelativeTideRange": "4.18", "pk": "1065"}, "geometry": {"type": "Point", "coordinates": [-146.477766, 60.306238]}}, {"type": "Feature", "id": 1066, "properties": {"Tier1Images": 862, "Tier2Images": 415, "S2Images": 1273, "TideRange": "4.51", "WaveHeight": "1.02", "RelativeTideRange": "4.40", "pk": "1066"}, "geometry": {"type": "Point", "coordinates": [-145.284277, 60.336816]}}, {"type": "Feature", "id": 1067, "properties": {"Tier1Images": 964, "Tier2Images": 413, "S2Images": 948, "TideRange": "4.37", "WaveHeight": "1.70", "RelativeTideRange": "2.58", "pk": "1067"}, "geometry": {"type": "Point", "coordinates": [-144.541553, 59.878223]}}, {"type": "Feature", "id": 1068, "properties": {"Tier1Images": 951, "Tier2Images": 409, "S2Images": 941, "TideRange": "4.41", "WaveHeight": "1.70", "RelativeTideRange": "2.60", "pk": "1068"}, "geometry": {"type": "Point", "coordinates": [-144.390243, 59.978045]}}, {"type": "Feature", "id": 1069, "properties": {"Tier1Images": 842, "Tier2Images": 368, "S2Images": 960, "TideRange": "4.92", "WaveHeight": "0.93", "RelativeTideRange": "5.31", "pk": "1069"}, "geometry": {"type": "Point", "coordinates": [-147.019873, 60.332227]}}, {"type": "Feature", "id": 1070, "properties": {"Tier1Images": 918, "Tier2Images": 406, "S2Images": 656, "TideRange": "4.96", "WaveHeight": "1.36", "RelativeTideRange": "3.66", "pk": "1070"}, "geometry": {"type": "Point", "coordinates": [-147.554095, 60.059185]}}, {"type": "Feature", "id": 1071, "properties": {"Tier1Images": 846, "Tier2Images": 388, "S2Images": 657, "TideRange": "4.45", "WaveHeight": "1.36", "RelativeTideRange": "3.29", "pk": "1071"}, "geometry": {"type": "Point", "coordinates": [-147.624492, 59.859315]}}, {"type": "Feature", "id": 1072, "properties": {"Tier1Images": 842, "Tier2Images": 368, "S2Images": 964, "TideRange": "4.70", "WaveHeight": "1.62", "RelativeTideRange": "2.89", "pk": "1072"}, "geometry": {"type": "Point", "coordinates": [-147.100399, 60.193098]}}, {"type": "Feature", "id": 1073, "properties": {"Tier1Images": 1333, "Tier2Images": 499, "S2Images": 656, "TideRange": "4.91", "WaveHeight": "1.23", "RelativeTideRange": "3.98", "pk": "1073"}, "geometry": {"type": "Point", "coordinates": [-147.914209, 60.092334]}}, {"type": "Feature", "id": 1074, "properties": {"Tier1Images": 1333, "Tier2Images": 499, "S2Images": 656, "TideRange": "4.91", "WaveHeight": "1.23", "RelativeTideRange": "3.98", "pk": "1074"}, "geometry": {"type": "Point", "coordinates": [-147.91801, 60.09138]}}, {"type": "Feature", "id": 1075, "properties": {"Tier1Images": 1333, "Tier2Images": 501, "S2Images": 1283, "TideRange": "5.02", "WaveHeight": "0.52", "RelativeTideRange": "9.61", "pk": "1075"}, "geometry": {"type": "Point", "coordinates": [-147.841699, 60.35127]}}, {"type": "Feature", "id": 1076, "properties": {"Tier1Images": 1336, "Tier2Images": 500, "S2Images": 1282, "TideRange": "5.08", "WaveHeight": "0.70", "RelativeTideRange": "7.28", "pk": "1076"}, "geometry": {"type": "Point", "coordinates": [-147.680083, 60.383529]}}, {"type": "Feature", "id": 1077, "properties": {"Tier1Images": 1713, "Tier2Images": 492, "S2Images": 625, "TideRange": "5.12", "WaveHeight": "0.52", "RelativeTideRange": "9.81", "pk": "1077"}, "geometry": {"type": "Point", "coordinates": [-147.930713, 60.826172]}}, {"type": "Feature", "id": 1078, "properties": {"Tier1Images": 1068, "Tier2Images": 294, "S2Images": 338, "TideRange": "5.20", "WaveHeight": "1.61", "RelativeTideRange": "3.24", "pk": "1078"}, "geometry": {"type": "Point", "coordinates": [-132.67666, 54.726221]}}, {"type": "Feature", "id": 1079, "properties": {"Tier1Images": 1416, "Tier2Images": 395, "S2Images": 647, "TideRange": "4.56", "WaveHeight": "1.39", "RelativeTideRange": "3.27", "pk": "1079"}, "geometry": {"type": "Point", "coordinates": [-132.98457, 55.046694]}}, {"type": "Feature", "id": 1080, "properties": {"Tier1Images": 1428, "Tier2Images": 390, "S2Images": 1359, "TideRange": "4.41", "WaveHeight": "2.13", "RelativeTideRange": "2.07", "pk": "1080"}, "geometry": {"type": "Point", "coordinates": [-133.423332, 55.218129]}}, {"type": "Feature", "id": 1081, "properties": {"Tier1Images": 960, "Tier2Images": 283, "S2Images": 704, "TideRange": "4.68", "WaveHeight": "1.39", "RelativeTideRange": "3.36", "pk": "1081"}, "geometry": {"type": "Point", "coordinates": [-132.956583, 54.814418]}}, {"type": "Feature", "id": 1082, "properties": {"Tier1Images": 1490, "Tier2Images": 401, "S2Images": 687, "TideRange": "5.60", "WaveHeight": "0.90", "RelativeTideRange": "6.25", "pk": "1082"}, "geometry": {"type": "Point", "coordinates": [-133.855273, 56.582178]}}, {"type": "Feature", "id": 1083, "properties": {"Tier1Images": 1329, "Tier2Images": 285, "S2Images": 701, "TideRange": "6.43", "WaveHeight": "0.43", "RelativeTideRange": "15.11", "pk": "1083"}, "geometry": {"type": "Point", "coordinates": [-134.112168, 56.920757]}}, {"type": "Feature", "id": 1084, "properties": {"Tier1Images": 1438, "Tier2Images": 405, "S2Images": 726, "TideRange": "5.48", "WaveHeight": "1.48", "RelativeTideRange": "3.69", "pk": "1084"}, "geometry": {"type": "Point", "coordinates": [-134.251244, 56.561472]}}, {"type": "Feature", "id": 1085, "properties": {"Tier1Images": 905, "Tier2Images": 266, "S2Images": 684, "TideRange": "4.92", "WaveHeight": "1.67", "RelativeTideRange": "2.95", "pk": "1085"}, "geometry": {"type": "Point", "coordinates": [-134.215097, 56.135069]}}, {"type": "Feature", "id": 1086, "properties": {"Tier1Images": 1093, "Tier2Images": 320, "S2Images": 684, "TideRange": "5.53", "WaveHeight": "0.90", "RelativeTideRange": "6.17", "pk": "1086"}, "geometry": {"type": "Point", "coordinates": [-133.87282, 56.372591]}}, {"type": "Feature", "id": 1087, "properties": {"Tier1Images": 1537, "Tier2Images": 395, "S2Images": 712, "TideRange": "4.56", "WaveHeight": "1.57", "RelativeTideRange": "2.90", "pk": "1087"}, "geometry": {"type": "Point", "coordinates": [-133.634229, 55.539258]}}, {"type": "Feature", "id": 1088, "properties": {"Tier1Images": 1566, "Tier2Images": 334, "S2Images": 714, "TideRange": "4.60", "WaveHeight": "1.57", "RelativeTideRange": "2.92", "pk": "1088"}, "geometry": {"type": "Point", "coordinates": [-133.432748, 55.41332]}}, {"type": "Feature", "id": 1089, "properties": {"Tier1Images": 1706, "Tier2Images": 327, "S2Images": 1346, "TideRange": "5.97", "WaveHeight": "0.91", "RelativeTideRange": "6.52", "pk": "1089"}, "geometry": {"type": "Point", "coordinates": [-131.431348, 54.996484]}}, {"type": "Feature", "id": 1090, "properties": {"Tier1Images": 1607, "Tier2Images": 325, "S2Images": 650, "TideRange": "6.16", "WaveHeight": "0.91", "RelativeTideRange": "6.74", "pk": "1090"}, "geometry": {"type": "Point", "coordinates": [-131.390206, 55.183678]}}, {"type": "Feature", "id": 1091, "properties": {"Tier1Images": 1832, "Tier2Images": 390, "S2Images": 637, "TideRange": "5.96", "WaveHeight": "0.18", "RelativeTideRange": "33.61", "pk": "1091"}, "geometry": {"type": "Point", "coordinates": [-132.906543, 56.637402]}}, {"type": "Feature", "id": 1092, "properties": {"Tier1Images": 1897, "Tier2Images": 311, "S2Images": 637, "TideRange": "6.56", "WaveHeight": "0.07", "RelativeTideRange": "94.97", "pk": "1092"}, "geometry": {"type": "Point", "coordinates": [-132.692186, 56.70616]}}, {"type": "Feature", "id": 1093, "properties": {"Tier1Images": 1627, "Tier2Images": 356, "S2Images": 638, "TideRange": "5.96", "WaveHeight": "0.07", "RelativeTideRange": "86.31", "pk": "1093"}, "geometry": {"type": "Point", "coordinates": [-132.379834, 56.498779]}}, {"type": "Feature", "id": 1094, "properties": {"Tier1Images": 1008, "Tier2Images": 251, "S2Images": 637, "TideRange": "6.94", "WaveHeight": "0.26", "RelativeTideRange": "26.37", "pk": "1094"}, "geometry": {"type": "Point", "coordinates": [-132.637356, 56.073512]}}, {"type": "Feature", "id": 1095, "properties": {"Tier1Images": 1028, "Tier2Images": 268, "S2Images": 636, "TideRange": "6.87", "WaveHeight": "0.34", "RelativeTideRange": "20.25", "pk": "1095"}, "geometry": {"type": "Point", "coordinates": [-132.118387, 56.060812]}}, {"type": "Feature", "id": 1096, "properties": {"Tier1Images": 1627, "Tier2Images": 356, "S2Images": 638, "TideRange": "5.96", "WaveHeight": "0.07", "RelativeTideRange": "86.31", "pk": "1096"}, "geometry": {"type": "Point", "coordinates": [-132.374218, 56.497779]}}, {"type": "Feature", "id": 1097, "properties": {"Tier1Images": 1312, "Tier2Images": 300, "S2Images": 639, "TideRange": "6.10", "WaveHeight": "0.18", "RelativeTideRange": "34.39", "pk": "1097"}, "geometry": {"type": "Point", "coordinates": [-132.935498, 56.441797]}}, {"type": "Feature", "id": 1098, "properties": {"Tier1Images": 1216, "Tier2Images": 286, "S2Images": 639, "TideRange": "5.84", "WaveHeight": "0.07", "RelativeTideRange": "84.50", "pk": "1098"}, "geometry": {"type": "Point", "coordinates": [-132.629853, 56.406319]}}, {"type": "Feature", "id": 1099, "properties": {"Tier1Images": 1201, "Tier2Images": 203, "S2Images": 775, "TideRange": "5.17", "WaveHeight": "0.94", "RelativeTideRange": "5.52", "pk": "1099"}, "geometry": {"type": "Point", "coordinates": [-129.215039, 52.803857]}}, {"type": "Feature", "id": 1100, "properties": {"Tier1Images": 1361, "Tier2Images": 249, "S2Images": 784, "TideRange": "4.81", "WaveHeight": "1.42", "RelativeTideRange": "3.39", "pk": "1100"}, "geometry": {"type": "Point", "coordinates": [-128.939569, 52.580777]}}, {"type": "Feature", "id": 1101, "properties": {"Tier1Images": 1403, "Tier2Images": 221, "S2Images": 700, "TideRange": "6.18", "WaveHeight": "1.02", "RelativeTideRange": "6.07", "pk": "1101"}, "geometry": {"type": "Point", "coordinates": [-130.921777, 54.614893]}}, {"type": "Feature", "id": 1102, "properties": {"Tier1Images": 942, "Tier2Images": 353, "S2Images": 810, "TideRange": "4.17", "WaveHeight": "2.30", "RelativeTideRange": "1.82", "pk": "1102"}, "geometry": {"type": "Point", "coordinates": [-131.107129, 52.136572]}}, {"type": "Feature", "id": 1103, "properties": {"Tier1Images": 1310, "Tier2Images": 205, "S2Images": 743, "TideRange": "6.77", "WaveHeight": "0.74", "RelativeTideRange": "9.15", "pk": "1103"}, "geometry": {"type": "Point", "coordinates": [-130.315869, 54.046924]}}, {"type": "Feature", "id": 1104, "properties": {"Tier1Images": 1911, "Tier2Images": 298, "S2Images": 392, "TideRange": "6.71", "WaveHeight": "0.74", "RelativeTideRange": "9.08", "pk": "1104"}, "geometry": {"type": "Point", "coordinates": [-130.603652, 53.940729]}}, {"type": "Feature", "id": 1105, "properties": {"Tier1Images": 1203, "Tier2Images": 201, "S2Images": 715, "TideRange": "5.74", "WaveHeight": "1.11", "RelativeTideRange": "5.15", "pk": "1105"}, "geometry": {"type": "Point", "coordinates": [-130.0354, 53.481104]}}, {"type": "Feature", "id": 1106, "properties": {"Tier1Images": 1273, "Tier2Images": 213, "S2Images": 744, "TideRange": "6.03", "WaveHeight": "1.18", "RelativeTideRange": "5.11", "pk": "1106"}, "geometry": {"type": "Point", "coordinates": [-130.34493, 53.438575]}}, {"type": "Feature", "id": 1107, "properties": {"Tier1Images": 1202, "Tier2Images": 194, "S2Images": 716, "TideRange": "5.38", "WaveHeight": "1.11", "RelativeTideRange": "4.83", "pk": "1107"}, "geometry": {"type": "Point", "coordinates": [-129.775044, 53.265209]}}, {"type": "Feature", "id": 1108, "properties": {"Tier1Images": 1034, "Tier2Images": 266, "S2Images": 724, "TideRange": "4.60", "WaveHeight": "1.73", "RelativeTideRange": "2.67", "pk": "1108"}, "geometry": {"type": "Point", "coordinates": [-127.93252, 51.605469]}}, {"type": "Feature", "id": 1109, "properties": {"Tier1Images": 900, "Tier2Images": 213, "S2Images": 725, "TideRange": "4.60", "WaveHeight": "1.73", "RelativeTideRange": "2.67", "pk": "1109"}, "geometry": {"type": "Point", "coordinates": [-127.916326, 51.534927]}}, {"type": "Feature", "id": 1110, "properties": {"Tier1Images": 1933, "Tier2Images": 340, "S2Images": 671, "TideRange": "4.74", "WaveHeight": "0.79", "RelativeTideRange": "5.98", "pk": "1110"}, "geometry": {"type": "Point", "coordinates": [-128.298145, 52.548242]}}, {"type": "Feature", "id": 1111, "properties": {"Tier1Images": 1934, "Tier2Images": 340, "S2Images": 671, "TideRange": "4.74", "WaveHeight": "0.79", "RelativeTideRange": "5.98", "pk": "1111"}, "geometry": {"type": "Point", "coordinates": [-128.435409, 52.557202]}}, {"type": "Feature", "id": 1112, "properties": {"Tier1Images": 1199, "Tier2Images": 203, "S2Images": 1490, "TideRange": "5.26", "WaveHeight": "1.08", "RelativeTideRange": "4.88", "pk": "1112"}, "geometry": {"type": "Point", "coordinates": [-129.471436, 53.183008]}}, {"type": "Feature", "id": 1113, "properties": {"Tier1Images": 1201, "Tier2Images": 203, "S2Images": 774, "TideRange": "5.24", "WaveHeight": "0.94", "RelativeTideRange": "5.60", "pk": "1113"}, "geometry": {"type": "Point", "coordinates": [-129.167725, 53.117871]}}, {"type": "Feature", "id": 1114, "properties": {"Tier1Images": 679, "Tier2Images": 187, "S2Images": 1774, "TideRange": "2.40", "WaveHeight": "0.94", "RelativeTideRange": "2.54", "pk": "1114"}, "geometry": {"type": "Point", "coordinates": [-80.223682, -2.753125]}}, {"type": "Feature", "id": 1115, "properties": {"Tier1Images": 740, "Tier2Images": 205, "S2Images": 967, "TideRange": "2.82", "WaveHeight": "1.06", "RelativeTideRange": "2.67", "pk": "1115"}, "geometry": {"type": "Point", "coordinates": [-80.019644, -2.672493]}}, {"type": "Feature", "id": 1116, "properties": {"Tier1Images": 940, "Tier2Images": 713, "S2Images": 466, "TideRange": "3.14", "WaveHeight": "0.67", "RelativeTideRange": "4.69", "pk": "1116"}, "geometry": {"type": "Point", "coordinates": [-78.991699, 1.293213]}}, {"type": "Feature", "id": 1117, "properties": {"Tier1Images": 613, "Tier2Images": 246, "S2Images": 798, "TideRange": "3.36", "WaveHeight": "0.26", "RelativeTideRange": "12.72", "pk": "1117"}, "geometry": {"type": "Point", "coordinates": [-78.178418, 2.646338]}}, {"type": "Feature", "id": 1118, "properties": {"Tier1Images": 1002, "Tier2Images": 231, "S2Images": 1091, "TideRange": "2.10", "WaveHeight": "0.85", "RelativeTideRange": "2.47", "pk": "1118"}, "geometry": {"type": "Point", "coordinates": [-90.269385, -0.484668]}}, {"type": "Feature", "id": 1119, "properties": {"Tier1Images": 1260, "Tier2Images": 367, "S2Images": 555, "TideRange": "2.10", "WaveHeight": "1.19", "RelativeTideRange": "1.77", "pk": "1119"}, "geometry": {"type": "Point", "coordinates": [-90.186899, -0.569339]}}, {"type": "Feature", "id": 1120, "properties": {"Tier1Images": 721, "Tier2Images": 317, "S2Images": 548, "TideRange": "2.15", "WaveHeight": "1.16", "RelativeTideRange": "1.84", "pk": "1120"}, "geometry": {"type": "Point", "coordinates": [-89.423145, -0.722266]}}, {"type": "Feature", "id": 1121, "properties": {"Tier1Images": 721, "Tier2Images": 317, "S2Images": 548, "TideRange": "2.16", "WaveHeight": "1.16", "RelativeTideRange": "1.85", "pk": "1121"}, "geometry": {"type": "Point", "coordinates": [-89.402951, -0.714132]}}, {"type": "Feature", "id": 1122, "properties": {"Tier1Images": 657, "Tier2Images": 63, "S2Images": 416, "TideRange": "3.37", "WaveHeight": "1.05", "RelativeTideRange": "3.20", "pk": "1122"}, "geometry": {"type": "Point", "coordinates": [-81.710449, 7.485547]}}, {"type": "Feature", "id": 1123, "properties": {"Tier1Images": 657, "Tier2Images": 63, "S2Images": 416, "TideRange": "3.37", "WaveHeight": "1.05", "RelativeTideRange": "3.20", "pk": "1123"}, "geometry": {"type": "Point", "coordinates": [-81.708723, 7.4789]}}, {"type": "Feature", "id": 1124, "properties": {"Tier1Images": 542, "Tier2Images": 102, "S2Images": 575, "TideRange": "1.62", "WaveHeight": "1.19", "RelativeTideRange": "1.35", "pk": "1124"}, "geometry": {"type": "Point", "coordinates": [-91.399365, -0.322461]}}, {"type": "Feature", "id": 1125, "properties": {"Tier1Images": 595, "Tier2Images": 130, "S2Images": 555, "TideRange": "1.70", "WaveHeight": "1.34", "RelativeTideRange": "1.27", "pk": "1125"}, "geometry": {"type": "Point", "coordinates": [-90.477197, -1.220996]}}, {"type": "Feature", "id": 1126, "properties": {"Tier1Images": 834, "Tier2Images": 125, "S2Images": 570, "TideRange": "1.92", "WaveHeight": "0.76", "RelativeTideRange": "2.53", "pk": "1126"}, "geometry": {"type": "Point", "coordinates": [-90.958936, -0.595312]}}, {"type": "Feature", "id": 1127, "properties": {"Tier1Images": 542, "Tier2Images": 103, "S2Images": 542, "TideRange": "1.84", "WaveHeight": "1.19", "RelativeTideRange": "1.54", "pk": "1127"}, "geometry": {"type": "Point", "coordinates": [-91.381973, 0.122549]}}, {"type": "Feature", "id": 1128, "properties": {"Tier1Images": 542, "Tier2Images": 102, "S2Images": 576, "TideRange": "1.61", "WaveHeight": "0.76", "RelativeTideRange": "2.12", "pk": "1128"}, "geometry": {"type": "Point", "coordinates": [-91.241871, -0.391586]}}, {"type": "Feature", "id": 1129, "properties": {"Tier1Images": 487, "Tier2Images": 72, "S2Images": 566, "TideRange": "1.60", "WaveHeight": "1.66", "RelativeTideRange": "0.96", "pk": "1129"}, "geometry": {"type": "Point", "coordinates": [-91.396034, -1.006517]}}, {"type": "Feature", "id": 1130, "properties": {"Tier1Images": 838, "Tier2Images": 129, "S2Images": 571, "TideRange": "1.90", "WaveHeight": "0.76", "RelativeTideRange": "2.51", "pk": "1130"}, "geometry": {"type": "Point", "coordinates": [-90.922022, -0.624597]}}, {"type": "Feature", "id": 1131, "properties": {"Tier1Images": 542, "Tier2Images": 55, "S2Images": 546, "TideRange": "2.01", "WaveHeight": "0.76", "RelativeTideRange": "2.63", "pk": "1131"}, "geometry": {"type": "Point", "coordinates": [-90.667529, -0.189844]}}, {"type": "Feature", "id": 1132, "properties": {"Tier1Images": 949, "Tier2Images": 27, "S2Images": 1014, "TideRange": "1.81", "WaveHeight": "1.28", "RelativeTideRange": "1.41", "pk": "1132"}, "geometry": {"type": "Point", "coordinates": [-106.523828, 21.652344]}}, {"type": "Feature", "id": 1133, "properties": {"Tier1Images": 2277, "Tier2Images": 20, "S2Images": 530, "TideRange": "1.64", "WaveHeight": "0.47", "RelativeTideRange": "3.53", "pk": "1133"}, "geometry": {"type": "Point", "coordinates": [-110.703418, 25.046631]}}, {"type": "Feature", "id": 1134, "properties": {"Tier1Images": 993, "Tier2Images": 15, "S2Images": 1060, "TideRange": "1.77", "WaveHeight": "0.57", "RelativeTideRange": "3.12", "pk": "1134"}, "geometry": {"type": "Point", "coordinates": [-109.890332, 24.344824]}}, {"type": "Feature", "id": 1135, "properties": {"Tier1Images": 1204, "Tier2Images": 21, "S2Images": 1085, "TideRange": "3.71", "WaveHeight": "0.49", "RelativeTideRange": "7.56", "pk": "1135"}, "geometry": {"type": "Point", "coordinates": [-113.202148, 29.301855]}}, {"type": "Feature", "id": 1136, "properties": {"Tier1Images": 1172, "Tier2Images": 13, "S2Images": 542, "TideRange": "3.68", "WaveHeight": "0.37", "RelativeTideRange": "9.89", "pk": "1136"}, "geometry": {"type": "Point", "coordinates": [-113.491761, 29.303453]}}, {"type": "Feature", "id": 1137, "properties": {"Tier1Images": 1407, "Tier2Images": 254, "S2Images": 2335, "TideRange": "7.15", "WaveHeight": "0.40", "RelativeTideRange": "18.01", "pk": "1137"}, "geometry": {"type": "Point", "coordinates": [-114.789209, 31.747412]}}, {"type": "Feature", "id": 1138, "properties": {"Tier1Images": 1161, "Tier2Images": 38, "S2Images": 529, "TideRange": "2.47", "WaveHeight": "1.50", "RelativeTideRange": "1.64", "pk": "1138"}, "geometry": {"type": "Point", "coordinates": [-115.233545, 28.368359]}}, {"type": "Feature", "id": 1139, "properties": {"Tier1Images": 1166, "Tier2Images": 37, "S2Images": 529, "TideRange": "2.50", "WaveHeight": "1.50", "RelativeTideRange": "1.66", "pk": "1139"}, "geometry": {"type": "Point", "coordinates": [-115.212738, 28.345332]}}, {"type": "Feature", "id": 1140, "properties": {"Tier1Images": 997, "Tier2Images": 5, "S2Images": 1077, "TideRange": "2.27", "WaveHeight": "1.45", "RelativeTideRange": "1.57", "pk": "1140"}, "geometry": {"type": "Point", "coordinates": [-111.856836, 24.537988]}}, {"type": "Feature", "id": 1141, "properties": {"Tier1Images": 1063, "Tier2Images": 16, "S2Images": 1074, "TideRange": "1.48", "WaveHeight": "0.49", "RelativeTideRange": "3.00", "pk": "1141"}, "geometry": {"type": "Point", "coordinates": [-111.090869, 26.075684]}}, {"type": "Feature", "id": 1142, "properties": {"Tier1Images": 1184, "Tier2Images": 9, "S2Images": 545, "TideRange": "2.34", "WaveHeight": "0.43", "RelativeTideRange": "5.47", "pk": "1142"}, "geometry": {"type": "Point", "coordinates": [-112.203076, 29.005322]}}, {"type": "Feature", "id": 1143, "properties": {"Tier1Images": 1180, "Tier2Images": 9, "S2Images": 1078, "TideRange": "2.52", "WaveHeight": "0.43", "RelativeTideRange": "5.90", "pk": "1143"}, "geometry": {"type": "Point", "coordinates": [-112.481339, 28.832266]}}, {"type": "Feature", "id": 1144, "properties": {"Tier1Images": 1221, "Tier2Images": 29, "S2Images": 539, "TideRange": "2.31", "WaveHeight": "1.19", "RelativeTideRange": "1.94", "pk": "1144"}, "geometry": {"type": "Point", "coordinates": [-112.16377, 24.799658]}}, {"type": "Feature", "id": 1145, "properties": {"Tier1Images": 1861, "Tier2Images": 75, "S2Images": 539, "TideRange": "2.35", "WaveHeight": "1.19", "RelativeTideRange": "1.98", "pk": "1145"}, "geometry": {"type": "Point", "coordinates": [-112.217392, 24.977339]}}, {"type": "Feature", "id": 1146, "properties": {"Tier1Images": 1147, "Tier2Images": 23, "S2Images": 539, "TideRange": "2.30", "WaveHeight": "1.19", "RelativeTideRange": "1.94", "pk": "1146"}, "geometry": {"type": "Point", "coordinates": [-112.149852, 24.770592]}}, {"type": "Feature", "id": 1147, "properties": {"Tier1Images": 1616, "Tier2Images": 531, "S2Images": 487, "TideRange": "1.99", "WaveHeight": "2.88", "RelativeTideRange": "0.69", "pk": "1147"}, "geometry": {"type": "Point", "coordinates": [166.892676, -45.240527]}}, {"type": "Feature", "id": 1148, "properties": {"Tier1Images": 573, "Tier2Images": 39, "S2Images": 797, "TideRange": "2.71", "WaveHeight": "0.28", "RelativeTideRange": "9.61", "pk": "1148"}, "geometry": {"type": "Point", "coordinates": [124.334668, 10.706689]}}, {"type": "Feature", "id": 1149, "properties": {"Tier1Images": 1005, "Tier2Images": 51, "S2Images": 397, "TideRange": "1.86", "WaveHeight": "0.47", "RelativeTideRange": "3.96", "pk": "1149"}, "geometry": {"type": "Point", "coordinates": [125.230957, 10.115674]}}, {"type": "Feature", "id": 1150, "properties": {"Tier1Images": 531, "Tier2Images": 33, "S2Images": 826, "TideRange": "2.18", "WaveHeight": "0.28", "RelativeTideRange": "7.93", "pk": "1150"}, "geometry": {"type": "Point", "coordinates": [125.783398, 7.130664]}}, {"type": "Feature", "id": 1151, "properties": {"Tier1Images": 436, "Tier2Images": 37, "S2Images": 403, "TideRange": "1.94", "WaveHeight": "0.98", "RelativeTideRange": "1.98", "pk": "1151"}, "geometry": {"type": "Point", "coordinates": [125.967773, 9.759082]}}, {"type": "Feature", "id": 1152, "properties": {"Tier1Images": 555, "Tier2Images": 44, "S2Images": 611, "TideRange": "2.94", "WaveHeight": "0.41", "RelativeTideRange": "7.14", "pk": "1152"}, "geometry": {"type": "Point", "coordinates": [124.564941, 11.639697]}}, {"type": "Feature", "id": 1153, "properties": {"Tier1Images": 556, "Tier2Images": 19, "S2Images": 780, "TideRange": "3.07", "WaveHeight": "0.19", "RelativeTideRange": "15.74", "pk": "1153"}, "geometry": {"type": "Point", "coordinates": [124.788379, 11.683105]}}, {"type": "Feature", "id": 1154, "properties": {"Tier1Images": 883, "Tier2Images": 386, "S2Images": 821, "TideRange": "2.95", "WaveHeight": "1.32", "RelativeTideRange": "2.24", "pk": "1154"}, "geometry": {"type": "Point", "coordinates": [129.706836, 31.718262]}}, {"type": "Feature", "id": 1155, "properties": {"Tier1Images": 1660, "Tier2Images": 225, "S2Images": 386, "TideRange": "6.72", "WaveHeight": "0.94", "RelativeTideRange": "7.18", "pk": "1155"}, "geometry": {"type": "Point", "coordinates": [121.205469, 28.204395]}}, {"type": "Feature", "id": 1156, "properties": {"Tier1Images": 1126, "Tier2Images": 134, "S2Images": 795, "TideRange": "6.75", "WaveHeight": "0.88", "RelativeTideRange": "7.64", "pk": "1156"}, "geometry": {"type": "Point", "coordinates": [-157.348775, 58.234572]}}, {"type": "Feature", "id": 1157, "properties": {"Tier1Images": 1543, "Tier2Images": 202, "S2Images": 807, "TideRange": "6.16", "WaveHeight": "0.88", "RelativeTideRange": "6.97", "pk": "1157"}, "geometry": {"type": "Point", "coordinates": [-157.638669, 57.853161]}}, {"type": "Feature", "id": 1158, "properties": {"Tier1Images": 1099, "Tier2Images": 142, "S2Images": 763, "TideRange": "5.99", "WaveHeight": "0.90", "RelativeTideRange": "6.68", "pk": "1158"}, "geometry": {"type": "Point", "coordinates": [-157.585453, 57.489978]}}, {"type": "Feature", "id": 1159, "properties": {"Tier1Images": 1026, "Tier2Images": 143, "S2Images": 759, "TideRange": "5.29", "WaveHeight": "1.24", "RelativeTideRange": "4.27", "pk": "1159"}, "geometry": {"type": "Point", "coordinates": [-158.273933, 57.319736]}}, {"type": "Feature", "id": 1160, "properties": {"Tier1Images": 1220, "Tier2Images": 183, "S2Images": 761, "TideRange": "4.82", "WaveHeight": "1.19", "RelativeTideRange": "4.05", "pk": "1160"}, "geometry": {"type": "Point", "coordinates": [-158.682143, 56.904105]}}, {"type": "Feature", "id": 1161, "properties": {"Tier1Images": 1783, "Tier2Images": 801, "S2Images": 1679, "TideRange": "4.56", "WaveHeight": "1.19", "RelativeTideRange": "3.83", "pk": "1161"}, "geometry": {"type": "Point", "coordinates": [-159.175422, 56.759314]}}, {"type": "Feature", "id": 1162, "properties": {"Tier1Images": 1286, "Tier2Images": 801, "S2Images": 783, "TideRange": "4.16", "WaveHeight": "1.12", "RelativeTideRange": "3.73", "pk": "1162"}, "geometry": {"type": "Point", "coordinates": [-159.920043, 56.497272]}}, {"type": "Feature", "id": 1163, "properties": {"Tier1Images": 1003, "Tier2Images": 558, "S2Images": 1561, "TideRange": "4.02", "WaveHeight": "0.89", "RelativeTideRange": "4.50", "pk": "1163"}, "geometry": {"type": "Point", "coordinates": [-160.474229, 56.118032]}}, {"type": "Feature", "id": 1164, "properties": {"Tier1Images": 1001, "Tier2Images": 425, "S2Images": 1531, "TideRange": "4.16", "WaveHeight": "0.89", "RelativeTideRange": "4.66", "pk": "1164"}, "geometry": {"type": "Point", "coordinates": [-160.485383, 55.833542]}}, {"type": "Feature", "id": 1165, "properties": {"Tier1Images": 997, "Tier2Images": 421, "S2Images": 1565, "TideRange": "4.03", "WaveHeight": "1.24", "RelativeTideRange": "3.24", "pk": "1165"}, "geometry": {"type": "Point", "coordinates": [-160.9977, 55.914706]}}, {"type": "Feature", "id": 1166, "properties": {"Tier1Images": 1023, "Tier2Images": 480, "S2Images": 780, "TideRange": "3.76", "WaveHeight": "1.24", "RelativeTideRange": "3.03", "pk": "1166"}, "geometry": {"type": "Point", "coordinates": [-161.408524, 55.97574]}}, {"type": "Feature", "id": 1167, "properties": {"Tier1Images": 903, "Tier2Images": 464, "S2Images": 795, "TideRange": "3.49", "WaveHeight": "1.51", "RelativeTideRange": "2.31", "pk": "1167"}, "geometry": {"type": "Point", "coordinates": [-162.167123, 55.71296]}}, {"type": "Feature", "id": 1168, "properties": {"Tier1Images": 1354, "Tier2Images": 708, "S2Images": 770, "TideRange": "3.36", "WaveHeight": "1.43", "RelativeTideRange": "2.36", "pk": "1168"}, "geometry": {"type": "Point", "coordinates": [-162.731715, 55.320091]}}, {"type": "Feature", "id": 1169, "properties": {"Tier1Images": 1439, "Tier2Images": 959, "S2Images": 3046, "TideRange": "2.82", "WaveHeight": "1.38", "RelativeTideRange": "2.04", "pk": "1169"}, "geometry": {"type": "Point", "coordinates": [-163.291794, 55.024593]}}, {"type": "Feature", "id": 1170, "properties": {"Tier1Images": 1126, "Tier2Images": 729, "S2Images": 770, "TideRange": "3.12", "WaveHeight": "1.20", "RelativeTideRange": "2.59", "pk": "1170"}, "geometry": {"type": "Point", "coordinates": [-163.075919, 55.058264]}}, {"type": "Feature", "id": 1171, "properties": {"Tier1Images": 1346, "Tier2Images": 689, "S2Images": 393, "TideRange": "3.36", "WaveHeight": "1.10", "RelativeTideRange": "3.05", "pk": "1171"}, "geometry": {"type": "Point", "coordinates": [-162.642955, 55.212203]}}, {"type": "Feature", "id": 1172, "properties": {"Tier1Images": 1454, "Tier2Images": 528, "S2Images": 793, "TideRange": "3.19", "WaveHeight": "1.32", "RelativeTideRange": "2.43", "pk": "1172"}, "geometry": {"type": "Point", "coordinates": [-162.141602, 55.142551]}}, {"type": "Feature", "id": 1173, "properties": {"Tier1Images": 967, "Tier2Images": 795, "S2Images": 787, "TideRange": "3.48", "WaveHeight": "0.83", "RelativeTideRange": "4.19", "pk": "1173"}, "geometry": {"type": "Point", "coordinates": [-161.672204, 55.542905]}}, {"type": "Feature", "id": 1174, "properties": {"Tier1Images": 1712, "Tier2Images": 631, "S2Images": 788, "TideRange": "3.49", "WaveHeight": "0.83", "RelativeTideRange": "4.20", "pk": "1174"}, "geometry": {"type": "Point", "coordinates": [-161.458659, 55.491439]}}, {"type": "Feature", "id": 1175, "properties": {"Tier1Images": 999, "Tier2Images": 423, "S2Images": 786, "TideRange": "3.45", "WaveHeight": "0.97", "RelativeTideRange": "3.56", "pk": "1175"}, "geometry": {"type": "Point", "coordinates": [-160.856517, 55.504017]}}, {"type": "Feature", "id": 1176, "properties": {"Tier1Images": 1033, "Tier2Images": 577, "S2Images": 745, "TideRange": "3.56", "WaveHeight": "1.25", "RelativeTideRange": "2.85", "pk": "1176"}, "geometry": {"type": "Point", "coordinates": [-160.1533, 55.707346]}}, {"type": "Feature", "id": 1177, "properties": {"Tier1Images": 1073, "Tier2Images": 530, "S2Images": 766, "TideRange": "3.52", "WaveHeight": "1.42", "RelativeTideRange": "2.48", "pk": "1177"}, "geometry": {"type": "Point", "coordinates": [-159.666863, 55.638893]}}, {"type": "Feature", "id": 1178, "properties": {"Tier1Images": 1037, "Tier2Images": 524, "S2Images": 1562, "TideRange": "3.50", "WaveHeight": "1.39", "RelativeTideRange": "2.53", "pk": "1178"}, "geometry": {"type": "Point", "coordinates": [-159.057863, 55.926558]}}, {"type": "Feature", "id": 1179, "properties": {"Tier1Images": 1041, "Tier2Images": 349, "S2Images": 777, "TideRange": "3.62", "WaveHeight": "1.39", "RelativeTideRange": "2.61", "pk": "1179"}, "geometry": {"type": "Point", "coordinates": [-158.527716, 56.093845]}}, {"type": "Feature", "id": 1180, "properties": {"Tier1Images": 1243, "Tier2Images": 381, "S2Images": 776, "TideRange": "3.98", "WaveHeight": "1.18", "RelativeTideRange": "3.38", "pk": "1180"}, "geometry": {"type": "Point", "coordinates": [-158.506793, 56.360457]}}, {"type": "Feature", "id": 1181, "properties": {"Tier1Images": 1585, "Tier2Images": 432, "S2Images": 777, "TideRange": "4.11", "WaveHeight": "1.18", "RelativeTideRange": "3.50", "pk": "1181"}, "geometry": {"type": "Point", "coordinates": [-158.054258, 56.57118]}}, {"type": "Feature", "id": 1182, "properties": {"Tier1Images": 1521, "Tier2Images": 232, "S2Images": 1539, "TideRange": "4.44", "WaveHeight": "1.47", "RelativeTideRange": "3.01", "pk": "1182"}, "geometry": {"type": "Point", "coordinates": [-157.40477, 56.80419]}}, {"type": "Feature", "id": 1183, "properties": {"Tier1Images": 1098, "Tier2Images": 109, "S2Images": 783, "TideRange": "4.77", "WaveHeight": "1.53", "RelativeTideRange": "3.11", "pk": "1183"}, "geometry": {"type": "Point", "coordinates": [-156.659343, 57.012175]}}, {"type": "Feature", "id": 1184, "properties": {"Tier1Images": 1100, "Tier2Images": 113, "S2Images": 1185, "TideRange": "5.24", "WaveHeight": "1.20", "RelativeTideRange": "4.38", "pk": "1184"}, "geometry": {"type": "Point", "coordinates": [-156.360397, 57.394774]}}, {"type": "Feature", "id": 1185, "properties": {"Tier1Images": 1631, "Tier2Images": 185, "S2Images": 1543, "TideRange": "5.39", "WaveHeight": "1.34", "RelativeTideRange": "4.03", "pk": "1185"}, "geometry": {"type": "Point", "coordinates": [-155.729759, 57.625654]}}, {"type": "Feature", "id": 1186, "properties": {"Tier1Images": 1653, "Tier2Images": 560, "S2Images": 798, "TideRange": "5.72", "WaveHeight": "0.88", "RelativeTideRange": "6.51", "pk": "1186"}, "geometry": {"type": "Point", "coordinates": [-155.084263, 57.930037]}}, {"type": "Feature", "id": 1187, "properties": {"Tier1Images": 1649, "Tier2Images": 577, "S2Images": 787, "TideRange": "5.95", "WaveHeight": "0.88", "RelativeTideRange": "6.75", "pk": "1187"}, "geometry": {"type": "Point", "coordinates": [-154.410913, 58.147009]}}, {"type": "Feature", "id": 1188, "properties": {"Tier1Images": 1165, "Tier2Images": 551, "S2Images": 761, "TideRange": "6.08", "WaveHeight": "0.70", "RelativeTideRange": "8.63", "pk": "1188"}, "geometry": {"type": "Point", "coordinates": [-154.062069, 58.43922]}}, {"type": "Feature", "id": 1189, "properties": {"Tier1Images": 1545, "Tier2Images": 491, "S2Images": 708, "TideRange": "6.05", "WaveHeight": "0.98", "RelativeTideRange": "6.15", "pk": "1189"}, "geometry": {"type": "Point", "coordinates": [-153.435559, 58.756676]}}, {"type": "Feature", "id": 1190, "properties": {"Tier1Images": 1134, "Tier2Images": 377, "S2Images": 704, "TideRange": "6.48", "WaveHeight": "0.98", "RelativeTideRange": "6.60", "pk": "1190"}, "geometry": {"type": "Point", "coordinates": [-153.812584, 59.070152]}}, {"type": "Feature", "id": 1191, "properties": {"Tier1Images": 1677, "Tier2Images": 640, "S2Images": 696, "TideRange": "6.56", "WaveHeight": "0.77", "RelativeTideRange": "8.53", "pk": "1191"}, "geometry": {"type": "Point", "coordinates": [-154.046192, 59.38028]}}, {"type": "Feature", "id": 1192, "properties": {"Tier1Images": 1163, "Tier2Images": 606, "S2Images": 699, "TideRange": "6.42", "WaveHeight": "0.97", "RelativeTideRange": "6.64", "pk": "1192"}, "geometry": {"type": "Point", "coordinates": [-153.537732, 59.696987]}}, {"type": "Feature", "id": 1193, "properties": {"Tier1Images": 1421, "Tier2Images": 512, "S2Images": 698, "TideRange": "6.43", "WaveHeight": "1.07", "RelativeTideRange": "5.99", "pk": "1193"}, "geometry": {"type": "Point", "coordinates": [-153.064176, 59.815036]}}, {"type": "Feature", "id": 1194, "properties": {"Tier1Images": 1620, "Tier2Images": 561, "S2Images": 698, "TideRange": "6.89", "WaveHeight": "0.72", "RelativeTideRange": "9.60", "pk": "1194"}, "geometry": {"type": "Point", "coordinates": [-152.635362, 60.031658]}}, {"type": "Feature", "id": 1195, "properties": {"Tier1Images": 1319, "Tier2Images": 496, "S2Images": 1369, "TideRange": "7.06", "WaveHeight": "0.38", "RelativeTideRange": "18.43", "pk": "1195"}, "geometry": {"type": "Point", "coordinates": [-152.849657, 60.266026]}}, {"type": "Feature", "id": 1196, "properties": {"Tier1Images": 1955, "Tier2Images": 668, "S2Images": 705, "TideRange": "7.14", "WaveHeight": "0.38", "RelativeTideRange": "18.63", "pk": "1196"}, "geometry": {"type": "Point", "coordinates": [-152.301689, 60.479861]}}, {"type": "Feature", "id": 1197, "properties": {"Tier1Images": 1637, "Tier2Images": 451, "S2Images": 1030, "TideRange": "8.52", "WaveHeight": "0.48", "RelativeTideRange": "17.64", "pk": "1197"}, "geometry": {"type": "Point", "coordinates": [-151.3389, 60.614184]}}, {"type": "Feature", "id": 1198, "properties": {"Tier1Images": 1123, "Tier2Images": 330, "S2Images": 692, "TideRange": "8.63", "WaveHeight": "0.61", "RelativeTideRange": "14.19", "pk": "1198"}, "geometry": {"type": "Point", "coordinates": [-151.477967, 60.184389]}}, {"type": "Feature", "id": 1199, "properties": {"Tier1Images": 1116, "Tier2Images": 508, "S2Images": 703, "TideRange": "8.05", "WaveHeight": "0.68", "RelativeTideRange": "11.90", "pk": "1199"}, "geometry": {"type": "Point", "coordinates": [-151.852874, 59.781493]}}, {"type": "Feature", "id": 1200, "properties": {"Tier1Images": 1565, "Tier2Images": 437, "S2Images": 1423, "TideRange": "7.89", "WaveHeight": "0.61", "RelativeTideRange": "12.98", "pk": "1200"}, "geometry": {"type": "Point", "coordinates": [-151.152353, 59.76399]}}, {"type": "Feature", "id": 1201, "properties": {"Tier1Images": 1921, "Tier2Images": 633, "S2Images": 1430, "TideRange": "7.84", "WaveHeight": "1.69", "RelativeTideRange": "4.64", "pk": "1201"}, "geometry": {"type": "Point", "coordinates": [-151.51973, 59.481913]}}, {"type": "Feature", "id": 1202, "properties": {"Tier1Images": 1906, "Tier2Images": 483, "S2Images": 725, "TideRange": "6.27", "WaveHeight": "1.52", "RelativeTideRange": "4.14", "pk": "1202"}, "geometry": {"type": "Point", "coordinates": [-151.770816, 59.202569]}}, {"type": "Feature", "id": 1203, "properties": {"Tier1Images": 1396, "Tier2Images": 381, "S2Images": 1418, "TideRange": "5.34", "WaveHeight": "1.87", "RelativeTideRange": "2.86", "pk": "1203"}, "geometry": {"type": "Point", "coordinates": [-151.075484, 59.280653]}}, {"type": "Feature", "id": 1204, "properties": {"Tier1Images": 1459, "Tier2Images": 535, "S2Images": 718, "TideRange": "5.04", "WaveHeight": "1.57", "RelativeTideRange": "3.20", "pk": "1204"}, "geometry": {"type": "Point", "coordinates": [-150.59827, 59.563809]}}, {"type": "Feature", "id": 1205, "properties": {"Tier1Images": 1326, "Tier2Images": 460, "S2Images": 1051, "TideRange": "4.82", "WaveHeight": "1.50", "RelativeTideRange": "3.22", "pk": "1205"}, "geometry": {"type": "Point", "coordinates": [-149.984477, 59.740905]}}, {"type": "Feature", "id": 1206, "properties": {"Tier1Images": 1457, "Tier2Images": 402, "S2Images": 1045, "TideRange": "4.74", "WaveHeight": "1.71", "RelativeTideRange": "2.76", "pk": "1206"}, "geometry": {"type": "Point", "coordinates": [-149.654032, 59.83376]}}, {"type": "Feature", "id": 1207, "properties": {"Tier1Images": 1453, "Tier2Images": 401, "S2Images": 1037, "TideRange": "4.71", "WaveHeight": "1.71", "RelativeTideRange": "2.74", "pk": "1207"}, "geometry": {"type": "Point", "coordinates": [-149.383748, 60.094036]}}, {"type": "Feature", "id": 1208, "properties": {"Tier1Images": 959, "Tier2Images": 339, "S2Images": 1343, "TideRange": "4.67", "WaveHeight": "1.25", "RelativeTideRange": "3.73", "pk": "1208"}, "geometry": {"type": "Point", "coordinates": [-148.667873, 59.954781]}}, {"type": "Feature", "id": 1209, "properties": {"Tier1Images": 1122, "Tier2Images": 386, "S2Images": 656, "TideRange": "4.67", "WaveHeight": "1.23", "RelativeTideRange": "3.78", "pk": "1209"}, "geometry": {"type": "Point", "coordinates": [-148.214559, 60.248267]}}, {"type": "Feature", "id": 1210, "properties": {"Tier1Images": 1415, "Tier2Images": 413, "S2Images": 630, "TideRange": "5.11", "WaveHeight": "0.52", "RelativeTideRange": "9.80", "pk": "1210"}, "geometry": {"type": "Point", "coordinates": [-148.149143, 60.563201]}}, {"type": "Feature", "id": 1211, "properties": {"Tier1Images": 1191, "Tier2Images": 453, "S2Images": 629, "TideRange": "5.11", "WaveHeight": "0.52", "RelativeTideRange": "9.79", "pk": "1211"}, "geometry": {"type": "Point", "coordinates": [-148.348547, 60.57]}}, {"type": "Feature", "id": 1212, "properties": {"Tier1Images": 1699, "Tier2Images": 548, "S2Images": 628, "TideRange": "5.11", "WaveHeight": "0.35", "RelativeTideRange": "14.65", "pk": "1212"}, "geometry": {"type": "Point", "coordinates": [-148.375641, 60.839724]}}, {"type": "Feature", "id": 1213, "properties": {"Tier1Images": 1651, "Tier2Images": 544, "S2Images": 961, "TideRange": "5.08", "WaveHeight": "1.12", "RelativeTideRange": "4.55", "pk": "1213"}, "geometry": {"type": "Point", "coordinates": [-146.435983, 60.716848]}}, {"type": "Feature", "id": 1214, "properties": {"Tier1Images": 1552, "Tier2Images": 527, "S2Images": 644, "TideRange": "4.60", "WaveHeight": "1.02", "RelativeTideRange": "4.50", "pk": "1214"}, "geometry": {"type": "Point", "coordinates": [-145.679613, 60.651218]}}, {"type": "Feature", "id": 1215, "properties": {"Tier1Images": 841, "Tier2Images": 407, "S2Images": 1271, "TideRange": "4.53", "WaveHeight": "1.02", "RelativeTideRange": "4.43", "pk": "1215"}, "geometry": {"type": "Point", "coordinates": [-145.456467, 60.410059]}}, {"type": "Feature", "id": 1216, "properties": {"Tier1Images": 1815, "Tier2Images": 652, "S2Images": 695, "TideRange": "4.42", "WaveHeight": "1.83", "RelativeTideRange": "2.41", "pk": "1216"}, "geometry": {"type": "Point", "coordinates": [-144.801173, 60.628558]}}, {"type": "Feature", "id": 1217, "properties": {"Tier1Images": 1329, "Tier2Images": 583, "S2Images": 601, "TideRange": "4.42", "WaveHeight": "1.83", "RelativeTideRange": "2.42", "pk": "1217"}, "geometry": {"type": "Point", "coordinates": [-144.879234, 60.317049]}}, {"type": "Feature", "id": 1218, "properties": {"Tier1Images": 952, "Tier2Images": 409, "S2Images": 641, "TideRange": "4.46", "WaveHeight": "1.70", "RelativeTideRange": "2.63", "pk": "1218"}, "geometry": {"type": "Point", "coordinates": [-144.127496, 60.111029]}}, {"type": "Feature", "id": 1219, "properties": {"Tier1Images": 1492, "Tier2Images": 575, "S2Images": 641, "TideRange": "4.28", "WaveHeight": "2.17", "RelativeTideRange": "1.97", "pk": "1219"}, "geometry": {"type": "Point", "coordinates": [-143.514455, 60.053853]}}, {"type": "Feature", "id": 1220, "properties": {"Tier1Images": 1076, "Tier2Images": 376, "S2Images": 1325, "TideRange": "4.26", "WaveHeight": "2.15", "RelativeTideRange": "1.98", "pk": "1220"}, "geometry": {"type": "Point", "coordinates": [-142.623206, 60.088091]}}, {"type": "Feature", "id": 1221, "properties": {"Tier1Images": 1632, "Tier2Images": 598, "S2Images": 809, "TideRange": "4.29", "WaveHeight": "2.13", "RelativeTideRange": "2.02", "pk": "1221"}, "geometry": {"type": "Point", "coordinates": [-141.752036, 59.981877]}}, {"type": "Feature", "id": 1222, "properties": {"Tier1Images": 1135, "Tier2Images": 424, "S2Images": 727, "TideRange": "4.34", "WaveHeight": "2.09", "RelativeTideRange": "2.08", "pk": "1222"}, "geometry": {"type": "Point", "coordinates": [-141.314793, 59.96634]}}, {"type": "Feature", "id": 1223, "properties": {"Tier1Images": 1613, "Tier2Images": 475, "S2Images": 731, "TideRange": "4.35", "WaveHeight": "1.93", "RelativeTideRange": "2.26", "pk": "1223"}, "geometry": {"type": "Point", "coordinates": [-140.749223, 59.736492]}}, {"type": "Feature", "id": 1224, "properties": {"Tier1Images": 1358, "Tier2Images": 328, "S2Images": 1076, "TideRange": "4.47", "WaveHeight": "1.79", "RelativeTideRange": "2.49", "pk": "1224"}, "geometry": {"type": "Point", "coordinates": [-139.900539, 59.811808]}}, {"type": "Feature", "id": 1225, "properties": {"Tier1Images": 2083, "Tier2Images": 470, "S2Images": 704, "TideRange": "4.41", "WaveHeight": "1.85", "RelativeTideRange": "2.38", "pk": "1225"}, "geometry": {"type": "Point", "coordinates": [-139.265974, 59.661213]}}, {"type": "Feature", "id": 1226, "properties": {"Tier1Images": 1365, "Tier2Images": 328, "S2Images": 1074, "TideRange": "4.48", "WaveHeight": "1.85", "RelativeTideRange": "2.41", "pk": "1226"}, "geometry": {"type": "Point", "coordinates": [-139.572491, 59.824536]}}, {"type": "Feature", "id": 1227, "properties": {"Tier1Images": 1684, "Tier2Images": 561, "S2Images": 2009, "TideRange": "4.41", "WaveHeight": "1.85", "RelativeTideRange": "2.38", "pk": "1227"}, "geometry": {"type": "Point", "coordinates": [-139.640485, 59.481658]}}, {"type": "Feature", "id": 1228, "properties": {"Tier1Images": 1197, "Tier2Images": 525, "S2Images": 711, "TideRange": "4.43", "WaveHeight": "2.05", "RelativeTideRange": "2.16", "pk": "1228"}, "geometry": {"type": "Point", "coordinates": [-138.882372, 59.236379]}}, {"type": "Feature", "id": 1229, "properties": {"Tier1Images": 911, "Tier2Images": 476, "S2Images": 737, "TideRange": "4.44", "WaveHeight": "1.96", "RelativeTideRange": "2.27", "pk": "1229"}, "geometry": {"type": "Point", "coordinates": [-138.205987, 59.02973]}}, {"type": "Feature", "id": 1230, "properties": {"Tier1Images": 1046, "Tier2Images": 462, "S2Images": 790, "TideRange": "4.40", "WaveHeight": "2.04", "RelativeTideRange": "2.16", "pk": "1230"}, "geometry": {"type": "Point", "coordinates": [-137.668028, 58.663598]}}, {"type": "Feature", "id": 1231, "properties": {"Tier1Images": 1168, "Tier2Images": 472, "S2Images": 706, "TideRange": "4.38", "WaveHeight": "2.16", "RelativeTideRange": "2.03", "pk": "1231"}, "geometry": {"type": "Point", "coordinates": [-136.995227, 58.371955]}}, {"type": "Feature", "id": 1232, "properties": {"Tier1Images": 1124, "Tier2Images": 374, "S2Images": 635, "TideRange": "4.83", "WaveHeight": "0.99", "RelativeTideRange": "4.89", "pk": "1232"}, "geometry": {"type": "Point", "coordinates": [-136.247973, 58.342422]}}, {"type": "Feature", "id": 1233, "properties": {"Tier1Images": 1616, "Tier2Images": 564, "S2Images": 1301, "TideRange": "4.36", "WaveHeight": "1.06", "RelativeTideRange": "4.11", "pk": "1233"}, "geometry": {"type": "Point", "coordinates": [-136.432078, 58.619816]}}, {"type": "Feature", "id": 1234, "properties": {"Tier1Images": 1047, "Tier2Images": 449, "S2Images": 778, "TideRange": "4.36", "WaveHeight": "1.06", "RelativeTideRange": "4.11", "pk": "1234"}, "geometry": {"type": "Point", "coordinates": [-136.936524, 58.882913]}}, {"type": "Feature", "id": 1235, "properties": {"Tier1Images": 1252, "Tier2Images": 484, "S2Images": 1446, "TideRange": "4.40", "WaveHeight": "1.06", "RelativeTideRange": "4.15", "pk": "1235"}, "geometry": {"type": "Point", "coordinates": [-136.635042, 58.952082]}}, {"type": "Feature", "id": 1236, "properties": {"Tier1Images": 1126, "Tier2Images": 378, "S2Images": 672, "TideRange": "4.22", "WaveHeight": "0.99", "RelativeTideRange": "4.27", "pk": "1236"}, "geometry": {"type": "Point", "coordinates": [-135.910293, 58.644883]}}, {"type": "Feature", "id": 1237, "properties": {"Tier1Images": 1189, "Tier2Images": 398, "S2Images": 957, "TideRange": "7.82", "WaveHeight": "0.46", "RelativeTideRange": "16.87", "pk": "1237"}, "geometry": {"type": "Point", "coordinates": [-135.494638, 58.389309]}}, {"type": "Feature", "id": 1238, "properties": {"Tier1Images": 1169, "Tier2Images": 250, "S2Images": 1023, "TideRange": "7.20", "WaveHeight": "0.22", "RelativeTideRange": "32.85", "pk": "1238"}, "geometry": {"type": "Point", "coordinates": [-133.549714, 57.56279]}}, {"type": "Feature", "id": 1239, "properties": {"Tier1Images": 1175, "Tier2Images": 247, "S2Images": 1399, "TideRange": "7.07", "WaveHeight": "0.22", "RelativeTideRange": "32.27", "pk": "1239"}, "geometry": {"type": "Point", "coordinates": [-133.320023, 57.139286]}}, {"type": "Feature", "id": 1240, "properties": {"Tier1Images": 2060, "Tier2Images": 343, "S2Images": 731, "TideRange": "6.58", "WaveHeight": "0.18", "RelativeTideRange": "37.10", "pk": "1240"}, "geometry": {"type": "Point", "coordinates": [-132.763984, 56.867393]}}, {"type": "Feature", "id": 1241, "properties": {"Tier1Images": 1625, "Tier2Images": 357, "S2Images": 638, "TideRange": "6.06", "WaveHeight": "0.07", "RelativeTideRange": "87.70", "pk": "1241"}, "geometry": {"type": "Point", "coordinates": [-132.297121, 56.514982]}}, {"type": "Feature", "id": 1242, "properties": {"Tier1Images": 1611, "Tier2Images": 401, "S2Images": 671, "TideRange": "6.87", "WaveHeight": "0.43", "RelativeTideRange": "15.93", "pk": "1242"}, "geometry": {"type": "Point", "coordinates": [-131.665368, 56.215684]}}, {"type": "Feature", "id": 1243, "properties": {"Tier1Images": 1195, "Tier2Images": 307, "S2Images": 1138, "TideRange": "6.87", "WaveHeight": "0.34", "RelativeTideRange": "20.27", "pk": "1243"}, "geometry": {"type": "Point", "coordinates": [-132.105756, 55.826359]}}, {"type": "Feature", "id": 1244, "properties": {"Tier1Images": 1191, "Tier2Images": 315, "S2Images": 655, "TideRange": "6.44", "WaveHeight": "0.34", "RelativeTideRange": "19.00", "pk": "1244"}, "geometry": {"type": "Point", "coordinates": [-131.868778, 55.648774]}}, {"type": "Feature", "id": 1245, "properties": {"Tier1Images": 1131, "Tier2Images": 304, "S2Images": 650, "TideRange": "6.16", "WaveHeight": "0.68", "RelativeTideRange": "9.10", "pk": "1245"}, "geometry": {"type": "Point", "coordinates": [-130.875213, 55.568845]}}, {"type": "Feature", "id": 1246, "properties": {"Tier1Images": 1795, "Tier2Images": 411, "S2Images": 650, "TideRange": "6.16", "WaveHeight": "0.68", "RelativeTideRange": "9.10", "pk": "1246"}, "geometry": {"type": "Point", "coordinates": [-131.030396, 55.1957]}}, {"type": "Feature", "id": 1247, "properties": {"Tier1Images": 1299, "Tier2Images": 200, "S2Images": 699, "TideRange": "6.22", "WaveHeight": "0.66", "RelativeTideRange": "9.36", "pk": "1247"}, "geometry": {"type": "Point", "coordinates": [-130.664542, 54.794399]}}, {"type": "Feature", "id": 1248, "properties": {"Tier1Images": 1299, "Tier2Images": 209, "S2Images": 374, "TideRange": "6.25", "WaveHeight": "0.66", "RelativeTideRange": "9.41", "pk": "1248"}, "geometry": {"type": "Point", "coordinates": [-130.128832, 54.846859]}}, {"type": "Feature", "id": 1249, "properties": {"Tier1Images": 1299, "Tier2Images": 202, "S2Images": 742, "TideRange": "6.54", "WaveHeight": "0.66", "RelativeTideRange": "9.84", "pk": "1249"}, "geometry": {"type": "Point", "coordinates": [-130.410811, 54.380724]}}, {"type": "Feature", "id": 1250, "properties": {"Tier1Images": 1488, "Tier2Images": 237, "S2Images": 748, "TideRange": "6.73", "WaveHeight": "1.11", "RelativeTideRange": "6.05", "pk": "1250"}, "geometry": {"type": "Point", "coordinates": [-129.685464, 54.232335]}}, {"type": "Feature", "id": 1251, "properties": {"Tier1Images": 1858, "Tier2Images": 284, "S2Images": 716, "TideRange": "6.65", "WaveHeight": "0.74", "RelativeTideRange": "9.00", "pk": "1251"}, "geometry": {"type": "Point", "coordinates": [-130.153951, 53.925659]}}, {"type": "Feature", "id": 1252, "properties": {"Tier1Images": 1390, "Tier2Images": 240, "S2Images": 715, "TideRange": "5.74", "WaveHeight": "1.11", "RelativeTideRange": "5.15", "pk": "1252"}, "geometry": {"type": "Point", "coordinates": [-129.938003, 53.555272]}}, {"type": "Feature", "id": 1253, "properties": {"Tier1Images": 1199, "Tier2Images": 203, "S2Images": 715, "TideRange": "5.35", "WaveHeight": "1.08", "RelativeTideRange": "4.96", "pk": "1253"}, "geometry": {"type": "Point", "coordinates": [-129.406956, 53.361088]}}, {"type": "Feature", "id": 1254, "properties": {"Tier1Images": 1670, "Tier2Images": 287, "S2Images": 717, "TideRange": "5.24", "WaveHeight": "0.26", "RelativeTideRange": "20.30", "pk": "1254"}, "geometry": {"type": "Point", "coordinates": [-129.010055, 53.800614]}}, {"type": "Feature", "id": 1255, "properties": {"Tier1Images": 1308, "Tier2Images": 226, "S2Images": 393, "TideRange": "5.24", "WaveHeight": "0.26", "RelativeTideRange": "20.30", "pk": "1255"}, "geometry": {"type": "Point", "coordinates": [-128.438529, 53.476929]}}, {"type": "Feature", "id": 1256, "properties": {"Tier1Images": 1830, "Tier2Images": 303, "S2Images": 1458, "TideRange": "5.24", "WaveHeight": "0.26", "RelativeTideRange": "20.30", "pk": "1256"}, "geometry": {"type": "Point", "coordinates": [-128.865473, 53.705971]}}, {"type": "Feature", "id": 1257, "properties": {"Tier1Images": 1202, "Tier2Images": 203, "S2Images": 1455, "TideRange": "5.24", "WaveHeight": "0.26", "RelativeTideRange": "20.30", "pk": "1257"}, "geometry": {"type": "Point", "coordinates": [-128.963585, 53.345654]}}, {"type": "Feature", "id": 1258, "properties": {"Tier1Images": 1287, "Tier2Images": 208, "S2Images": 354, "TideRange": "4.79", "WaveHeight": "0.79", "RelativeTideRange": "6.04", "pk": "1258"}, "geometry": {"type": "Point", "coordinates": [-128.471112, 52.946306]}}, {"type": "Feature", "id": 1259, "properties": {"Tier1Images": 1287, "Tier2Images": 206, "S2Images": 671, "TideRange": "4.74", "WaveHeight": "0.79", "RelativeTideRange": "5.98", "pk": "1259"}, "geometry": {"type": "Point", "coordinates": [-128.158186, 52.73275]}}, {"type": "Feature", "id": 1260, "properties": {"Tier1Images": 1932, "Tier2Images": 338, "S2Images": 671, "TideRange": "4.74", "WaveHeight": "0.79", "RelativeTideRange": "5.98", "pk": "1260"}, "geometry": {"type": "Point", "coordinates": [-128.090449, 52.48704]}}, {"type": "Feature", "id": 1261, "properties": {"Tier1Images": 1722, "Tier2Images": 431, "S2Images": 717, "TideRange": "4.70", "WaveHeight": "1.64", "RelativeTideRange": "2.86", "pk": "1261"}, "geometry": {"type": "Point", "coordinates": [-128.258409, 52.20831]}}, {"type": "Feature", "id": 1262, "properties": {"Tier1Images": 1152, "Tier2Images": 315, "S2Images": 725, "TideRange": "4.62", "WaveHeight": "1.03", "RelativeTideRange": "4.51", "pk": "1262"}, "geometry": {"type": "Point", "coordinates": [-128.060179, 51.852329]}}, {"type": "Feature", "id": 1263, "properties": {"Tier1Images": 1640, "Tier2Images": 300, "S2Images": 1393, "TideRange": "4.70", "WaveHeight": "1.03", "RelativeTideRange": "4.59", "pk": "1263"}, "geometry": {"type": "Point", "coordinates": [-127.66993, 52.32552]}}, {"type": "Feature", "id": 1264, "properties": {"Tier1Images": 2153, "Tier2Images": 316, "S2Images": 1568, "TideRange": "4.64", "WaveHeight": "0.70", "RelativeTideRange": "6.62", "pk": "1264"}, "geometry": {"type": "Point", "coordinates": [-127.10332, 52.304413]}}, {"type": "Feature", "id": 1265, "properties": {"Tier1Images": 1729, "Tier2Images": 420, "S2Images": 718, "TideRange": "4.70", "WaveHeight": "1.03", "RelativeTideRange": "4.59", "pk": "1265"}, "geometry": {"type": "Point", "coordinates": [-127.801421, 52.177817]}}, {"type": "Feature", "id": 1266, "properties": {"Tier1Images": 1015, "Tier2Images": 253, "S2Images": 724, "TideRange": "4.64", "WaveHeight": "1.73", "RelativeTideRange": "2.69", "pk": "1266"}, "geometry": {"type": "Point", "coordinates": [-127.861099, 51.731157]}}, {"type": "Feature", "id": 1267, "properties": {"Tier1Images": 1460, "Tier2Images": 208, "S2Images": 1471, "TideRange": "4.64", "WaveHeight": "0.70", "RelativeTideRange": "6.62", "pk": "1267"}, "geometry": {"type": "Point", "coordinates": [-127.423499, 51.68421]}}, {"type": "Feature", "id": 1268, "properties": {"Tier1Images": 1456, "Tier2Images": 209, "S2Images": 372, "TideRange": "5.23", "WaveHeight": "0.70", "RelativeTideRange": "7.46", "pk": "1268"}, "geometry": {"type": "Point", "coordinates": [-126.84422, 51.682011]}}, {"type": "Feature", "id": 1269, "properties": {"Tier1Images": 1462, "Tier2Images": 211, "S2Images": 725, "TideRange": "4.64", "WaveHeight": "0.70", "RelativeTideRange": "6.62", "pk": "1269"}, "geometry": {"type": "Point", "coordinates": [-127.596919, 51.457718]}}, {"type": "Feature", "id": 1270, "properties": {"Tier1Images": 1873, "Tier2Images": 362, "S2Images": 730, "TideRange": "5.04", "WaveHeight": "0.70", "RelativeTideRange": "7.19", "pk": "1270"}, "geometry": {"type": "Point", "coordinates": [-127.431442, 50.984324]}}, {"type": "Feature", "id": 1271, "properties": {"Tier1Images": 1783, "Tier2Images": 251, "S2Images": 783, "TideRange": "5.25", "WaveHeight": "0.70", "RelativeTideRange": "7.49", "pk": "1271"}, "geometry": {"type": "Point", "coordinates": [-126.608875, 50.931884]}}, {"type": "Feature", "id": 1272, "properties": {"Tier1Images": 1421, "Tier2Images": 243, "S2Images": 782, "TideRange": "5.27", "WaveHeight": "0.04", "RelativeTideRange": "119.61", "pk": "1272"}, "geometry": {"type": "Point", "coordinates": [-126.497326, 50.743458]}}, {"type": "Feature", "id": 1273, "properties": {"Tier1Images": 1471, "Tier2Images": 240, "S2Images": 1588, "TideRange": "5.27", "WaveHeight": "0.04", "RelativeTideRange": "119.61", "pk": "1273"}, "geometry": {"type": "Point", "coordinates": [-126.033182, 50.668336]}}, {"type": "Feature", "id": 1274, "properties": {"Tier1Images": 1470, "Tier2Images": 239, "S2Images": 3215, "TideRange": "5.28", "WaveHeight": "0.04", "RelativeTideRange": "119.89", "pk": "1274"}, "geometry": {"type": "Point", "coordinates": [-126.067405, 50.49727]}}, {"type": "Feature", "id": 1275, "properties": {"Tier1Images": 1473, "Tier2Images": 238, "S2Images": 816, "TideRange": "5.28", "WaveHeight": "0.04", "RelativeTideRange": "119.89", "pk": "1275"}, "geometry": {"type": "Point", "coordinates": [-125.530256, 50.570913]}}, {"type": "Feature", "id": 1276, "properties": {"Tier1Images": 1622, "Tier2Images": 239, "S2Images": 1515, "TideRange": "3.96", "WaveHeight": "0.04", "RelativeTideRange": "89.73", "pk": "1276"}, "geometry": {"type": "Point", "coordinates": [-125.056181, 50.41652]}}, {"type": "Feature", "id": 1277, "properties": {"Tier1Images": 1639, "Tier2Images": 243, "S2Images": 414, "TideRange": "3.97", "WaveHeight": "0.09", "RelativeTideRange": "42.65", "pk": "1277"}, "geometry": {"type": "Point", "coordinates": [-124.663429, 49.93118]}}, {"type": "Feature", "id": 1278, "properties": {"Tier1Images": 2168, "Tier2Images": 308, "S2Images": 1625, "TideRange": "4.22", "WaveHeight": "0.18", "RelativeTideRange": "23.30", "pk": "1278"}, "geometry": {"type": "Point", "coordinates": [-123.999671, 49.578301]}}, {"type": "Feature", "id": 1279, "properties": {"Tier1Images": 2171, "Tier2Images": 455, "S2Images": 1653, "TideRange": "4.97", "WaveHeight": "0.10", "RelativeTideRange": "48.31", "pk": "1279"}, "geometry": {"type": "Point", "coordinates": [-122.998433, 47.163476]}}, {"type": "Feature", "id": 1280, "properties": {"Tier1Images": 2172, "Tier2Images": 449, "S2Images": 853, "TideRange": "4.97", "WaveHeight": "0.10", "RelativeTideRange": "48.34", "pk": "1280"}, "geometry": {"type": "Point", "coordinates": [-122.833465, 47.648503]}}, {"type": "Feature", "id": 1281, "properties": {"Tier1Images": 2114, "Tier2Images": 454, "S2Images": 432, "TideRange": "4.96", "WaveHeight": "0.10", "RelativeTideRange": "48.23", "pk": "1281"}, "geometry": {"type": "Point", "coordinates": [-123.138564, 47.380562]}}, {"type": "Feature", "id": 1282, "properties": {"Tier1Images": 2171, "Tier2Images": 441, "S2Images": 1649, "TideRange": "4.97", "WaveHeight": "0.10", "RelativeTideRange": "48.70", "pk": "1282"}, "geometry": {"type": "Point", "coordinates": [-122.73571, 47.788527]}}, {"type": "Feature", "id": 1283, "properties": {"Tier1Images": 2189, "Tier2Images": 538, "S2Images": 434, "TideRange": "4.96", "WaveHeight": "0.35", "RelativeTideRange": "14.28", "pk": "1283"}, "geometry": {"type": "Point", "coordinates": [-123.062878, 48.108355]}}, {"type": "Feature", "id": 1284, "properties": {"Tier1Images": 2512, "Tier2Images": 396, "S2Images": 860, "TideRange": "4.57", "WaveHeight": "0.26", "RelativeTideRange": "17.34", "pk": "1284"}, "geometry": {"type": "Point", "coordinates": [-123.918748, 48.164363]}}, {"type": "Feature", "id": 1285, "properties": {"Tier1Images": 1150, "Tier2Images": 651, "S2Images": 846, "TideRange": "3.98", "WaveHeight": "1.43", "RelativeTideRange": "2.79", "pk": "1285"}, "geometry": {"type": "Point", "coordinates": [-124.703413, 48.359751]}}, {"type": "Feature", "id": 1286, "properties": {"Tier1Images": 1799, "Tier2Images": 624, "S2Images": 1699, "TideRange": "3.76", "WaveHeight": "1.66", "RelativeTideRange": "2.26", "pk": "1286"}, "geometry": {"type": "Point", "coordinates": [-124.484857, 47.802714]}}, {"type": "Feature", "id": 1287, "properties": {"Tier1Images": 1814, "Tier2Images": 624, "S2Images": 1688, "TideRange": "3.77", "WaveHeight": "2.18", "RelativeTideRange": "1.73", "pk": "1287"}, "geometry": {"type": "Point", "coordinates": [-124.210474, 47.22925]}}, {"type": "Feature", "id": 1288, "properties": {"Tier1Images": 1800, "Tier2Images": 409, "S2Images": 861, "TideRange": "3.75", "WaveHeight": "2.03", "RelativeTideRange": "1.85", "pk": "1288"}, "geometry": {"type": "Point", "coordinates": [-123.898718, 46.942389]}}, {"type": "Feature", "id": 1289, "properties": {"Tier1Images": 1128, "Tier2Images": 569, "S2Images": 427, "TideRange": "3.71", "WaveHeight": "2.03", "RelativeTideRange": "1.83", "pk": "1289"}, "geometry": {"type": "Point", "coordinates": [-123.927995, 46.486798]}}, {"type": "Feature", "id": 1290, "properties": {"Tier1Images": 966, "Tier2Images": 541, "S2Images": 425, "TideRange": "3.78", "WaveHeight": "2.03", "RelativeTideRange": "1.87", "pk": "1290"}, "geometry": {"type": "Point", "coordinates": [-124.002585, 46.292665]}}, {"type": "Feature", "id": 1291, "properties": {"Tier1Images": 2027, "Tier2Images": 550, "S2Images": 816, "TideRange": "3.82", "WaveHeight": "1.96", "RelativeTideRange": "1.95", "pk": "1291"}, "geometry": {"type": "Point", "coordinates": [-123.230371, 46.152683]}}, {"type": "Feature", "id": 1292, "properties": {"Tier1Images": 934, "Tier2Images": 490, "S2Images": 425, "TideRange": "3.76", "WaveHeight": "1.96", "RelativeTideRange": "1.91", "pk": "1292"}, "geometry": {"type": "Point", "coordinates": [-123.976528, 46.182072]}}, {"type": "Feature", "id": 1293, "properties": {"Tier1Images": 1359, "Tier2Images": 768, "S2Images": 438, "TideRange": "3.66", "WaveHeight": "2.21", "RelativeTideRange": "1.65", "pk": "1293"}, "geometry": {"type": "Point", "coordinates": [-123.93469, 45.560988]}}, {"type": "Feature", "id": 1294, "properties": {"Tier1Images": 1739, "Tier2Images": 605, "S2Images": 443, "TideRange": "3.60", "WaveHeight": "2.08", "RelativeTideRange": "1.73", "pk": "1294"}, "geometry": {"type": "Point", "coordinates": [-124.031713, 44.93312]}}, {"type": "Feature", "id": 1295, "properties": {"Tier1Images": 1984, "Tier2Images": 633, "S2Images": 441, "TideRange": "3.55", "WaveHeight": "2.28", "RelativeTideRange": "1.55", "pk": "1295"}, "geometry": {"type": "Point", "coordinates": [-124.102756, 44.302191]}}, {"type": "Feature", "id": 1296, "properties": {"Tier1Images": 2320, "Tier2Images": 628, "S2Images": 1747, "TideRange": "3.41", "WaveHeight": "2.23", "RelativeTideRange": "1.53", "pk": "1296"}, "geometry": {"type": "Point", "coordinates": [-124.176459, 43.66049]}}, {"type": "Feature", "id": 1297, "properties": {"Tier1Images": 2091, "Tier2Images": 673, "S2Images": 905, "TideRange": "3.35", "WaveHeight": "2.18", "RelativeTideRange": "1.54", "pk": "1297"}, "geometry": {"type": "Point", "coordinates": [-124.400027, 43.178707]}}, {"type": "Feature", "id": 1298, "properties": {"Tier1Images": 3267, "Tier2Images": 1025, "S2Images": 914, "TideRange": "3.24", "WaveHeight": "2.18", "RelativeTideRange": "1.49", "pk": "1298"}, "geometry": {"type": "Point", "coordinates": [-124.40827, 42.553832]}}, {"type": "Feature", "id": 1299, "properties": {"Tier1Images": 1720, "Tier2Images": 640, "S2Images": 917, "TideRange": "3.13", "WaveHeight": "2.39", "RelativeTideRange": "1.31", "pk": "1299"}, "geometry": {"type": "Point", "coordinates": [-124.209941, 41.92796]}}, {"type": "Feature", "id": 1300, "properties": {"Tier1Images": 1198, "Tier2Images": 741, "S2Images": 1861, "TideRange": "3.03", "WaveHeight": "2.06", "RelativeTideRange": "1.47", "pk": "1300"}, "geometry": {"type": "Point", "coordinates": [-124.097282, 41.292447]}}, {"type": "Feature", "id": 1301, "properties": {"Tier1Images": 1144, "Tier2Images": 619, "S2Images": 915, "TideRange": "2.97", "WaveHeight": "2.39", "RelativeTideRange": "1.24", "pk": "1301"}, "geometry": {"type": "Point", "coordinates": [-124.24424, 40.722344]}}, {"type": "Feature", "id": 1302, "properties": {"Tier1Images": 1220, "Tier2Images": 440, "S2Images": 491, "TideRange": "2.77", "WaveHeight": "2.04", "RelativeTideRange": "1.36", "pk": "1302"}, "geometry": {"type": "Point", "coordinates": [-124.176487, 40.144232]}}, {"type": "Feature", "id": 1303, "properties": {"Tier1Images": 3001, "Tier2Images": 908, "S2Images": 502, "TideRange": "2.72", "WaveHeight": "2.20", "RelativeTideRange": "1.24", "pk": "1303"}, "geometry": {"type": "Point", "coordinates": [-123.779408, 39.544475]}}, {"type": "Feature", "id": 1304, "properties": {"Tier1Images": 1697, "Tier2Images": 643, "S2Images": 504, "TideRange": "2.62", "WaveHeight": "2.42", "RelativeTideRange": "1.08", "pk": "1304"}, "geometry": {"type": "Point", "coordinates": [-123.661097, 38.873768]}}, {"type": "Feature", "id": 1305, "properties": {"Tier1Images": 1940, "Tier2Images": 808, "S2Images": 1041, "TideRange": "2.58", "WaveHeight": "2.17", "RelativeTideRange": "1.19", "pk": "1305"}, "geometry": {"type": "Point", "coordinates": [-123.073011, 38.356707]}}, {"type": "Feature", "id": 1306, "properties": {"Tier1Images": 3021, "Tier2Images": 918, "S2Images": 2072, "TideRange": "2.57", "WaveHeight": "2.17", "RelativeTideRange": "1.19", "pk": "1306"}, "geometry": {"type": "Point", "coordinates": [-122.963061, 38.024376]}}, {"type": "Feature", "id": 1307, "properties": {"Tier1Images": 3376, "Tier2Images": 722, "S2Images": 540, "TideRange": "2.88", "WaveHeight": "1.58", "RelativeTideRange": "1.82", "pk": "1307"}, "geometry": {"type": "Point", "coordinates": [-122.487312, 38.060684]}}, {"type": "Feature", "id": 1308, "properties": {"Tier1Images": 2554, "Tier2Images": 387, "S2Images": 546, "TideRange": "2.87", "WaveHeight": "1.58", "RelativeTideRange": "1.81", "pk": "1308"}, "geometry": {"type": "Point", "coordinates": [-121.718664, 38.077913]}}, {"type": "Feature", "id": 1309, "properties": {"Tier1Images": 1322, "Tier2Images": 345, "S2Images": 540, "TideRange": "2.87", "WaveHeight": "1.58", "RelativeTideRange": "1.81", "pk": "1309"}, "geometry": {"type": "Point", "coordinates": [-122.213524, 38.040867]}}, {"type": "Feature", "id": 1310, "properties": {"Tier1Images": 1316, "Tier2Images": 330, "S2Images": 576, "TideRange": "2.92", "WaveHeight": "1.80", "RelativeTideRange": "1.62", "pk": "1310"}, "geometry": {"type": "Point", "coordinates": [-122.070835, 37.478774]}}, {"type": "Feature", "id": 1311, "properties": {"Tier1Images": 1780, "Tier2Images": 401, "S2Images": 573, "TideRange": "2.60", "WaveHeight": "1.80", "RelativeTideRange": "1.45", "pk": "1311"}, "geometry": {"type": "Point", "coordinates": [-122.499982, 37.61153]}}, {"type": "Feature", "id": 1312, "properties": {"Tier1Images": 1330, "Tier2Images": 325, "S2Images": 1140, "TideRange": "2.42", "WaveHeight": "2.04", "RelativeTideRange": "1.19", "pk": "1312"}, "geometry": {"type": "Point", "coordinates": [-122.147232, 36.987851]}}, {"type": "Feature", "id": 1313, "properties": {"Tier1Images": 2513, "Tier2Images": 322, "S2Images": 513, "TideRange": "2.43", "WaveHeight": "1.93", "RelativeTideRange": "1.26", "pk": "1313"}, "geometry": {"type": "Point", "coordinates": [-121.913437, 36.486783]}}, {"type": "Feature", "id": 1314, "properties": {"Tier1Images": 1695, "Tier2Images": 284, "S2Images": 1106, "TideRange": "2.41", "WaveHeight": "2.11", "RelativeTideRange": "1.14", "pk": "1314"}, "geometry": {"type": "Point", "coordinates": [-121.445207, 35.887183]}}, {"type": "Feature", "id": 1315, "properties": {"Tier1Images": 2555, "Tier2Images": 566, "S2Images": 583, "TideRange": "2.42", "WaveHeight": "1.71", "RelativeTideRange": "1.42", "pk": "1315"}, "geometry": {"type": "Point", "coordinates": [-120.860808, 35.363569]}}, {"type": "Feature", "id": 1316, "properties": {"Tier1Images": 2519, "Tier2Images": 346, "S2Images": 592, "TideRange": "2.43", "WaveHeight": "1.94", "RelativeTideRange": "1.25", "pk": "1316"}, "geometry": {"type": "Point", "coordinates": [-120.636577, 34.741827]}}, {"type": "Feature", "id": 1317, "properties": {"Tier1Images": 1366, "Tier2Images": 69, "S2Images": 600, "TideRange": "2.45", "WaveHeight": "1.66", "RelativeTideRange": "1.48", "pk": "1317"}, "geometry": {"type": "Point", "coordinates": [-119.999302, 34.45388]}}, {"type": "Feature", "id": 1318, "properties": {"Tier1Images": 2991, "Tier2Images": 109, "S2Images": 1143, "TideRange": "2.51", "WaveHeight": "1.08", "RelativeTideRange": "2.33", "pk": "1318"}, "geometry": {"type": "Point", "coordinates": [-119.239625, 34.175212]}}, {"type": "Feature", "id": 1319, "properties": {"Tier1Images": 2607, "Tier2Images": 615, "S2Images": 604, "TideRange": "2.50", "WaveHeight": "0.92", "RelativeTideRange": "2.72", "pk": "1319"}, "geometry": {"type": "Point", "coordinates": [-118.447272, 33.934629]}}, {"type": "Feature", "id": 1320, "properties": {"Tier1Images": 2551, "Tier2Images": 364, "S2Images": 614, "TideRange": "2.49", "WaveHeight": "0.96", "RelativeTideRange": "2.58", "pk": "1320"}, "geometry": {"type": "Point", "coordinates": [-117.866191, 33.577018]}}, {"type": "Feature", "id": 1321, "properties": {"Tier1Images": 1367, "Tier2Images": 936, "S2Images": 1151, "TideRange": "2.47", "WaveHeight": "1.12", "RelativeTideRange": "2.22", "pk": "1321"}, "geometry": {"type": "Point", "coordinates": [-117.290924, 33.019513]}}, {"type": "Feature", "id": 1322, "properties": {"Tier1Images": 2586, "Tier2Images": 1207, "S2Images": 1109, "TideRange": "2.46", "WaveHeight": "1.56", "RelativeTideRange": "1.58", "pk": "1322"}, "geometry": {"type": "Point", "coordinates": [-117.072153, 32.369899]}}, {"type": "Feature", "id": 1323, "properties": {"Tier1Images": 2556, "Tier2Images": 536, "S2Images": 587, "TideRange": "2.45", "WaveHeight": "1.44", "RelativeTideRange": "1.70", "pk": "1323"}, "geometry": {"type": "Point", "coordinates": [-116.623856, 31.758654]}}, {"type": "Feature", "id": 1324, "properties": {"Tier1Images": 1744, "Tier2Images": 707, "S2Images": 579, "TideRange": "2.43", "WaveHeight": "1.64", "RelativeTideRange": "1.48", "pk": "1324"}, "geometry": {"type": "Point", "coordinates": [-116.32594, 31.178972]}}, {"type": "Feature", "id": 1325, "properties": {"Tier1Images": 1200, "Tier2Images": 62, "S2Images": 491, "TideRange": "2.41", "WaveHeight": "1.46", "RelativeTideRange": "1.65", "pk": "1325"}, "geometry": {"type": "Point", "coordinates": [-116.015843, 30.505702]}}, {"type": "Feature", "id": 1326, "properties": {"Tier1Images": 2700, "Tier2Images": 80, "S2Images": 528, "TideRange": "2.41", "WaveHeight": "1.52", "RelativeTideRange": "1.58", "pk": "1326"}, "geometry": {"type": "Point", "coordinates": [-115.714943, 29.854947]}}, {"type": "Feature", "id": 1327, "properties": {"Tier1Images": 1153, "Tier2Images": 26, "S2Images": 541, "TideRange": "2.45", "WaveHeight": "1.47", "RelativeTideRange": "1.67", "pk": "1327"}, "geometry": {"type": "Point", "coordinates": [-115.02648, 29.392594]}}, {"type": "Feature", "id": 1328, "properties": {"Tier1Images": 2266, "Tier2Images": 34, "S2Images": 1085, "TideRange": "2.59", "WaveHeight": "1.31", "RelativeTideRange": "1.98", "pk": "1328"}, "geometry": {"type": "Point", "coordinates": [-114.406978, 28.830528]}}, {"type": "Feature", "id": 1329, "properties": {"Tier1Images": 2236, "Tier2Images": 26, "S2Images": 534, "TideRange": "2.67", "WaveHeight": "1.02", "RelativeTideRange": "2.63", "pk": "1329"}, "geometry": {"type": "Point", "coordinates": [-114.118847, 28.162642]}}, {"type": "Feature", "id": 1330, "properties": {"Tier1Images": 1090, "Tier2Images": 13, "S2Images": 538, "TideRange": "2.68", "WaveHeight": "1.22", "RelativeTideRange": "2.19", "pk": "1330"}, "geometry": {"type": "Point", "coordinates": [-114.213276, 27.708635]}}, {"type": "Feature", "id": 1331, "properties": {"Tier1Images": 1632, "Tier2Images": 30, "S2Images": 1068, "TideRange": "2.56", "WaveHeight": "1.42", "RelativeTideRange": "1.80", "pk": "1331"}, "geometry": {"type": "Point", "coordinates": [-114.939783, 27.836436]}}, {"type": "Feature", "id": 1332, "properties": {"Tier1Images": 1087, "Tier2Images": 13, "S2Images": 538, "TideRange": "2.36", "WaveHeight": "1.67", "RelativeTideRange": "1.41", "pk": "1332"}, "geometry": {"type": "Point", "coordinates": [-114.493399, 27.35187]}}, {"type": "Feature", "id": 1333, "properties": {"Tier1Images": 1094, "Tier2Images": 12, "S2Images": 1047, "TideRange": "2.36", "WaveHeight": "1.70", "RelativeTideRange": "1.39", "pk": "1333"}, "geometry": {"type": "Point", "coordinates": [-113.813871, 26.935777]}}, {"type": "Feature", "id": 1334, "properties": {"Tier1Images": 1838, "Tier2Images": 14, "S2Images": 543, "TideRange": "2.45", "WaveHeight": "1.35", "RelativeTideRange": "1.82", "pk": "1334"}, "geometry": {"type": "Point", "coordinates": [-113.154592, 26.931347]}}, {"type": "Feature", "id": 1335, "properties": {"Tier1Images": 1025, "Tier2Images": 10, "S2Images": 543, "TideRange": "2.47", "WaveHeight": "1.33", "RelativeTideRange": "1.86", "pk": "1335"}, "geometry": {"type": "Point", "coordinates": [-112.649796, 26.313936]}}, {"type": "Feature", "id": 1336, "properties": {"Tier1Images": 2040, "Tier2Images": 22, "S2Images": 548, "TideRange": "2.45", "WaveHeight": "1.22", "RelativeTideRange": "2.01", "pk": "1336"}, "geometry": {"type": "Point", "coordinates": [-112.118324, 25.727636]}}, {"type": "Feature", "id": 1337, "properties": {"Tier1Images": 1168, "Tier2Images": 25, "S2Images": 539, "TideRange": "2.34", "WaveHeight": "1.19", "RelativeTideRange": "1.98", "pk": "1337"}, "geometry": {"type": "Point", "coordinates": [-112.119054, 24.934164]}}, {"type": "Feature", "id": 1338, "properties": {"Tier1Images": 994, "Tier2Images": 6, "S2Images": 2137, "TideRange": "2.22", "WaveHeight": "0.93", "RelativeTideRange": "2.40", "pk": "1338"}, "geometry": {"type": "Point", "coordinates": [-111.531047, 24.409176]}}, {"type": "Feature", "id": 1339, "properties": {"Tier1Images": 2169, "Tier2Images": 24, "S2Images": 530, "TideRange": "2.16", "WaveHeight": "1.36", "RelativeTideRange": "1.59", "pk": "1339"}, "geometry": {"type": "Point", "coordinates": [-110.817565, 23.914605]}}, {"type": "Feature", "id": 1340, "properties": {"Tier1Images": 899, "Tier2Images": 11, "S2Images": 530, "TideRange": "2.06", "WaveHeight": "1.49", "RelativeTideRange": "1.38", "pk": "1340"}, "geometry": {"type": "Point", "coordinates": [-110.191635, 23.35379]}}, {"type": "Feature", "id": 1341, "properties": {"Tier1Images": 1763, "Tier2Images": 35, "S2Images": 1064, "TideRange": "1.93", "WaveHeight": "1.12", "RelativeTideRange": "1.72", "pk": "1341"}, "geometry": {"type": "Point", "coordinates": [-109.690422, 23.019405]}}, {"type": "Feature", "id": 1342, "properties": {"Tier1Images": 2476, "Tier2Images": 45, "S2Images": 528, "TideRange": "1.83", "WaveHeight": "0.82", "RelativeTideRange": "2.24", "pk": "1342"}, "geometry": {"type": "Point", "coordinates": [-109.631415, 23.644356]}}, {"type": "Feature", "id": 1343, "properties": {"Tier1Images": 995, "Tier2Images": 15, "S2Images": 536, "TideRange": "1.74", "WaveHeight": "0.57", "RelativeTideRange": "3.06", "pk": "1343"}, "geometry": {"type": "Point", "coordinates": [-110.161496, 24.272797]}}, {"type": "Feature", "id": 1344, "properties": {"Tier1Images": 1019, "Tier2Images": 14, "S2Images": 1067, "TideRange": "1.71", "WaveHeight": "0.44", "RelativeTideRange": "3.92", "pk": "1344"}, "geometry": {"type": "Point", "coordinates": [-110.660032, 24.34379]}}, {"type": "Feature", "id": 1345, "properties": {"Tier1Images": 2930, "Tier2Images": 28, "S2Images": 531, "TideRange": "1.62", "WaveHeight": "0.47", "RelativeTideRange": "3.48", "pk": "1345"}, "geometry": {"type": "Point", "coordinates": [-110.851682, 25.098517]}}, {"type": "Feature", "id": 1346, "properties": {"Tier1Images": 1065, "Tier2Images": 16, "S2Images": 1075, "TideRange": "1.51", "WaveHeight": "0.49", "RelativeTideRange": "3.07", "pk": "1346"}, "geometry": {"type": "Point", "coordinates": [-111.282796, 25.776342]}}, {"type": "Feature", "id": 1347, "properties": {"Tier1Images": 1075, "Tier2Images": 14, "S2Images": 531, "TideRange": "1.35", "WaveHeight": "0.42", "RelativeTideRange": "3.21", "pk": "1347"}, "geometry": {"type": "Point", "coordinates": [-111.504457, 26.5395]}}, {"type": "Feature", "id": 1348, "properties": {"Tier1Images": 2005, "Tier2Images": 24, "S2Images": 531, "TideRange": "1.28", "WaveHeight": "0.42", "RelativeTideRange": "3.04", "pk": "1348"}, "geometry": {"type": "Point", "coordinates": [-111.712242, 26.572101]}}, {"type": "Feature", "id": 1349, "properties": {"Tier1Images": 1167, "Tier2Images": 11, "S2Images": 541, "TideRange": "1.22", "WaveHeight": "0.52", "RelativeTideRange": "2.37", "pk": "1349"}, "geometry": {"type": "Point", "coordinates": [-112.165353, 27.17528]}}, {"type": "Feature", "id": 1350, "properties": {"Tier1Images": 1128, "Tier2Images": 10, "S2Images": 544, "TideRange": "1.29", "WaveHeight": "0.45", "RelativeTideRange": "2.84", "pk": "1350"}, "geometry": {"type": "Point", "coordinates": [-112.687896, 27.783143]}}, {"type": "Feature", "id": 1351, "properties": {"Tier1Images": 2292, "Tier2Images": 22, "S2Images": 2137, "TideRange": "2.57", "WaveHeight": "0.36", "RelativeTideRange": "7.12", "pk": "1351"}, "geometry": {"type": "Point", "coordinates": [-112.976048, 28.460083]}}, {"type": "Feature", "id": 1352, "properties": {"Tier1Images": 1170, "Tier2Images": 14, "S2Images": 540, "TideRange": "3.34", "WaveHeight": "0.40", "RelativeTideRange": "8.34", "pk": "1352"}, "geometry": {"type": "Point", "coordinates": [-113.5028, 28.934426]}}, {"type": "Feature", "id": 1353, "properties": {"Tier1Images": 2478, "Tier2Images": 28, "S2Images": 548, "TideRange": "4.71", "WaveHeight": "0.34", "RelativeTideRange": "13.99", "pk": "1353"}, "geometry": {"type": "Point", "coordinates": [-113.999778, 29.564188]}}, {"type": "Feature", "id": 1354, "properties": {"Tier1Images": 1255, "Tier2Images": 33, "S2Images": 552, "TideRange": "5.19", "WaveHeight": "0.45", "RelativeTideRange": "11.46", "pk": "1354"}, "geometry": {"type": "Point", "coordinates": [-114.606319, 30.11648]}}, {"type": "Feature", "id": 1355, "properties": {"Tier1Images": 1278, "Tier2Images": 36, "S2Images": 1118, "TideRange": "6.31", "WaveHeight": "0.45", "RelativeTideRange": "13.89", "pk": "1355"}, "geometry": {"type": "Point", "coordinates": [-114.73586, 30.874289]}}, {"type": "Feature", "id": 1356, "properties": {"Tier1Images": 1407, "Tier2Images": 258, "S2Images": 4683, "TideRange": "7.15", "WaveHeight": "0.40", "RelativeTideRange": "18.01", "pk": "1356"}, "geometry": {"type": "Point", "coordinates": [-114.81021, 31.609054]}}, {"type": "Feature", "id": 1357, "properties": {"Tier1Images": 1406, "Tier2Images": 254, "S2Images": 1160, "TideRange": "7.11", "WaveHeight": "0.40", "RelativeTideRange": "17.91", "pk": "1357"}, "geometry": {"type": "Point", "coordinates": [-114.487343, 31.694976]}}, {"type": "Feature", "id": 1358, "properties": {"Tier1Images": 2731, "Tier2Images": 47, "S2Images": 1129, "TideRange": "6.51", "WaveHeight": "0.45", "RelativeTideRange": "14.56", "pk": "1358"}, "geometry": {"type": "Point", "coordinates": [-113.755871, 31.555708]}}, {"type": "Feature", "id": 1359, "properties": {"Tier1Images": 1415, "Tier2Images": 35, "S2Images": 1155, "TideRange": "6.06", "WaveHeight": "0.53", "RelativeTideRange": "11.42", "pk": "1359"}, "geometry": {"type": "Point", "coordinates": [-113.062493, 31.191177]}}, {"type": "Feature", "id": 1360, "properties": {"Tier1Images": 1274, "Tier2Images": 32, "S2Images": 535, "TideRange": "5.09", "WaveHeight": "0.53", "RelativeTideRange": "9.63", "pk": "1360"}, "geometry": {"type": "Point", "coordinates": [-112.961402, 30.522859]}}, {"type": "Feature", "id": 1361, "properties": {"Tier1Images": 2817, "Tier2Images": 46, "S2Images": 2165, "TideRange": "4.01", "WaveHeight": "0.44", "RelativeTideRange": "9.10", "pk": "1361"}, "geometry": {"type": "Point", "coordinates": [-112.621498, 29.810749]}}, {"type": "Feature", "id": 1362, "properties": {"Tier1Images": 1181, "Tier2Images": 9, "S2Images": 543, "TideRange": "2.95", "WaveHeight": "0.43", "RelativeTideRange": "6.90", "pk": "1362"}, "geometry": {"type": "Point", "coordinates": [-112.202234, 29.167107]}}, {"type": "Feature", "id": 1363, "properties": {"Tier1Images": 1846, "Tier2Images": 16, "S2Images": 544, "TideRange": "1.63", "WaveHeight": "0.47", "RelativeTideRange": "3.49", "pk": "1363"}, "geometry": {"type": "Point", "coordinates": [-111.71902, 28.524746]}}, {"type": "Feature", "id": 1364, "properties": {"Tier1Images": 1120, "Tier2Images": 21, "S2Images": 1071, "TideRange": "1.39", "WaveHeight": "0.51", "RelativeTideRange": "2.72", "pk": "1364"}, "geometry": {"type": "Point", "coordinates": [-111.116023, 27.965367]}}, {"type": "Feature", "id": 1365, "properties": {"Tier1Images": 1109, "Tier2Images": 15, "S2Images": 1058, "TideRange": "1.41", "WaveHeight": "0.47", "RelativeTideRange": "3.01", "pk": "1365"}, "geometry": {"type": "Point", "coordinates": [-110.611112, 27.632932]}}, {"type": "Feature", "id": 1366, "properties": {"Tier1Images": 1658, "Tier2Images": 20, "S2Images": 1072, "TideRange": "1.52", "WaveHeight": "0.55", "RelativeTideRange": "2.74", "pk": "1366"}, "geometry": {"type": "Point", "coordinates": [-110.034601, 27.101887]}}, {"type": "Feature", "id": 1367, "properties": {"Tier1Images": 2146, "Tier2Images": 44, "S2Images": 532, "TideRange": "1.61", "WaveHeight": "0.54", "RelativeTideRange": "2.97", "pk": "1367"}, "geometry": {"type": "Point", "coordinates": [-109.439754, 26.673553]}}, {"type": "Feature", "id": 1368, "properties": {"Tier1Images": 1056, "Tier2Images": 30, "S2Images": 1060, "TideRange": "1.63", "WaveHeight": "0.65", "RelativeTideRange": "2.52", "pk": "1368"}, "geometry": {"type": "Point", "coordinates": [-109.329762, 26.16905]}}, {"type": "Feature", "id": 1369, "properties": {"Tier1Images": 2124, "Tier2Images": 44, "S2Images": 1043, "TideRange": "1.74", "WaveHeight": "0.74", "RelativeTideRange": "2.36", "pk": "1369"}, "geometry": {"type": "Point", "coordinates": [-109.069769, 25.620134]}}, {"type": "Feature", "id": 1370, "properties": {"Tier1Images": 1135, "Tier2Images": 23, "S2Images": 1039, "TideRange": "1.80", "WaveHeight": "0.88", "RelativeTideRange": "2.05", "pk": "1370"}, "geometry": {"type": "Point", "coordinates": [-108.778385, 25.510216]}}, {"type": "Feature", "id": 1371, "properties": {"Tier1Images": 1341, "Tier2Images": 51, "S2Images": 527, "TideRange": "1.84", "WaveHeight": "0.87", "RelativeTideRange": "2.11", "pk": "1371"}, "geometry": {"type": "Point", "coordinates": [-108.058722, 25.071685]}}, {"type": "Feature", "id": 1372, "properties": {"Tier1Images": 1782, "Tier2Images": 65, "S2Images": 1058, "TideRange": "1.85", "WaveHeight": "1.05", "RelativeTideRange": "1.76", "pk": "1372"}, "geometry": {"type": "Point", "coordinates": [-107.975597, 24.648246]}}, {"type": "Feature", "id": 1373, "properties": {"Tier1Images": 2046, "Tier2Images": 66, "S2Images": 526, "TideRange": "1.90", "WaveHeight": "0.80", "RelativeTideRange": "2.36", "pk": "1373"}, "geometry": {"type": "Point", "coordinates": [-107.703086, 24.458729]}}, {"type": "Feature", "id": 1374, "properties": {"Tier1Images": 1081, "Tier2Images": 25, "S2Images": 527, "TideRange": "1.92", "WaveHeight": "0.90", "RelativeTideRange": "2.14", "pk": "1374"}, "geometry": {"type": "Point", "coordinates": [-107.092938, 24.021535]}}, {"type": "Feature", "id": 1375, "properties": {"Tier1Images": 1915, "Tier2Images": 94, "S2Images": 554, "TideRange": "1.88", "WaveHeight": "1.02", "RelativeTideRange": "1.85", "pk": "1375"}, "geometry": {"type": "Point", "coordinates": [-106.524937, 23.385269]}}, {"type": "Feature", "id": 1376, "properties": {"Tier1Images": 1044, "Tier2Images": 18, "S2Images": 1054, "TideRange": "1.90", "WaveHeight": "0.95", "RelativeTideRange": "2.00", "pk": "1376"}, "geometry": {"type": "Point", "coordinates": [-105.935116, 22.768875]}}, {"type": "Feature", "id": 1377, "properties": {"Tier1Images": 988, "Tier2Images": 26, "S2Images": 518, "TideRange": "1.89", "WaveHeight": "1.07", "RelativeTideRange": "1.76", "pk": "1377"}, "geometry": {"type": "Point", "coordinates": [-105.648827, 22.015694]}}, {"type": "Feature", "id": 1378, "properties": {"Tier1Images": 1087, "Tier2Images": 25, "S2Images": 515, "TideRange": "1.77", "WaveHeight": "0.95", "RelativeTideRange": "1.86", "pk": "1378"}, "geometry": {"type": "Point", "coordinates": [-105.231265, 21.34896]}}, {"type": "Feature", "id": 1379, "properties": {"Tier1Images": 909, "Tier2Images": 18, "S2Images": 1034, "TideRange": "1.66", "WaveHeight": "1.17", "RelativeTideRange": "1.42", "pk": "1379"}, "geometry": {"type": "Point", "coordinates": [-105.318988, 20.74387]}}, {"type": "Feature", "id": 1380, "properties": {"Tier1Images": 1012, "Tier2Images": 41, "S2Images": 515, "TideRange": "1.60", "WaveHeight": "1.49", "RelativeTideRange": "1.07", "pk": "1380"}, "geometry": {"type": "Point", "coordinates": [-105.566125, 20.210643]}}, {"type": "Feature", "id": 1381, "properties": {"Tier1Images": 1671, "Tier2Images": 49, "S2Images": 540, "TideRange": "1.41", "WaveHeight": "1.62", "RelativeTideRange": "0.87", "pk": "1381"}, "geometry": {"type": "Point", "coordinates": [-105.083491, 19.516173]}}, {"type": "Feature", "id": 1382, "properties": {"Tier1Images": 1618, "Tier2Images": 92, "S2Images": 521, "TideRange": "1.21", "WaveHeight": "1.41", "RelativeTideRange": "0.86", "pk": "1382"}, "geometry": {"type": "Point", "coordinates": [-104.360414, 19.063199]}}, {"type": "Feature", "id": 1383, "properties": {"Tier1Images": 888, "Tier2Images": 66, "S2Images": 520, "TideRange": "1.06", "WaveHeight": "1.39", "RelativeTideRange": "0.76", "pk": "1383"}, "geometry": {"type": "Point", "coordinates": [-103.6449, 18.56532]}}, {"type": "Feature", "id": 1384, "properties": {"Tier1Images": 1678, "Tier2Images": 126, "S2Images": 523, "TideRange": "0.92", "WaveHeight": "1.48", "RelativeTideRange": "0.62", "pk": "1384"}, "geometry": {"type": "Point", "coordinates": [-102.900227, 18.140882]}}, {"type": "Feature", "id": 1385, "properties": {"Tier1Images": 1646, "Tier2Images": 77, "S2Images": 512, "TideRange": "0.84", "WaveHeight": "1.29", "RelativeTideRange": "0.65", "pk": "1385"}, "geometry": {"type": "Point", "coordinates": [-102.03145, 17.970221]}}, {"type": "Feature", "id": 1386, "properties": {"Tier1Images": 881, "Tier2Images": 25, "S2Images": 531, "TideRange": "0.85", "WaveHeight": "1.35", "RelativeTideRange": "0.63", "pk": "1386"}, "geometry": {"type": "Point", "coordinates": [-101.331376, 17.486638]}}, {"type": "Feature", "id": 1387, "properties": {"Tier1Images": 945, "Tier2Images": 24, "S2Images": 1049, "TideRange": "0.89", "WaveHeight": "1.40", "RelativeTideRange": "0.64", "pk": "1387"}, "geometry": {"type": "Point", "coordinates": [-100.537951, 17.098863]}}, {"type": "Feature", "id": 1388, "properties": {"Tier1Images": 1273, "Tier2Images": 22, "S2Images": 518, "TideRange": "0.95", "WaveHeight": "1.37", "RelativeTideRange": "0.69", "pk": "1388"}, "geometry": {"type": "Point", "coordinates": [-99.726296, 16.741074]}}, {"type": "Feature", "id": 1389, "properties": {"Tier1Images": 2448, "Tier2Images": 63, "S2Images": 538, "TideRange": "1.02", "WaveHeight": "1.29", "RelativeTideRange": "0.79", "pk": "1389"}, "geometry": {"type": "Point", "coordinates": [-98.857294, 16.541169]}}, {"type": "Feature", "id": 1390, "properties": {"Tier1Images": 837, "Tier2Images": 8, "S2Images": 502, "TideRange": "1.11", "WaveHeight": "1.39", "RelativeTideRange": "0.80", "pk": "1390"}, "geometry": {"type": "Point", "coordinates": [-98.081196, 16.170311]}}, {"type": "Feature", "id": 1391, "properties": {"Tier1Images": 944, "Tier2Images": 18, "S2Images": 506, "TideRange": "1.22", "WaveHeight": "1.45", "RelativeTideRange": "0.84", "pk": "1391"}, "geometry": {"type": "Point", "coordinates": [-97.247585, 15.915631]}}, {"type": "Feature", "id": 1392, "properties": {"Tier1Images": 872, "Tier2Images": 17, "S2Images": 526, "TideRange": "1.33", "WaveHeight": "1.48", "RelativeTideRange": "0.90", "pk": "1392"}, "geometry": {"type": "Point", "coordinates": [-96.40904, 15.682984]}}, {"type": "Feature", "id": 1393, "properties": {"Tier1Images": 849, "Tier2Images": 23, "S2Images": 494, "TideRange": "1.42", "WaveHeight": "1.45", "RelativeTideRange": "0.98", "pk": "1393"}, "geometry": {"type": "Point", "coordinates": [-95.563352, 15.946732]}}, {"type": "Feature", "id": 1394, "properties": {"Tier1Images": 859, "Tier2Images": 23, "S2Images": 1998, "TideRange": "1.51", "WaveHeight": "1.63", "RelativeTideRange": "0.93", "pk": "1394"}, "geometry": {"type": "Point", "coordinates": [-94.826116, 16.240801]}}, {"type": "Feature", "id": 1395, "properties": {"Tier1Images": 856, "Tier2Images": 23, "S2Images": 517, "TideRange": "1.53", "WaveHeight": "1.44", "RelativeTideRange": "1.07", "pk": "1395"}, "geometry": {"type": "Point", "coordinates": [-94.626575, 16.279499]}}, {"type": "Feature", "id": 1396, "properties": {"Tier1Images": 861, "Tier2Images": 12, "S2Images": 494, "TideRange": "1.59", "WaveHeight": "1.28", "RelativeTideRange": "1.24", "pk": "1396"}, "geometry": {"type": "Point", "coordinates": [-94.066479, 16.081375]}}, {"type": "Feature", "id": 1397, "properties": {"Tier1Images": 861, "Tier2Images": 12, "S2Images": 495, "TideRange": "1.60", "WaveHeight": "1.28", "RelativeTideRange": "1.25", "pk": "1397"}, "geometry": {"type": "Point", "coordinates": [-94.016094, 16.109881]}}, {"type": "Feature", "id": 1398, "properties": {"Tier1Images": 863, "Tier2Images": 13, "S2Images": 543, "TideRange": "1.66", "WaveHeight": "1.34", "RelativeTideRange": "1.24", "pk": "1398"}, "geometry": {"type": "Point", "coordinates": [-93.315985, 15.568541]}}, {"type": "Feature", "id": 1399, "properties": {"Tier1Images": 820, "Tier2Images": 288, "S2Images": 536, "TideRange": "1.73", "WaveHeight": "1.32", "RelativeTideRange": "1.30", "pk": "1399"}, "geometry": {"type": "Point", "coordinates": [-92.658841, 14.977222]}}, {"type": "Feature", "id": 1400, "properties": {"Tier1Images": 834, "Tier2Images": 282, "S2Images": 1021, "TideRange": "1.81", "WaveHeight": "1.06", "RelativeTideRange": "1.70", "pk": "1400"}, "geometry": {"type": "Point", "coordinates": [-92.011201, 14.374734]}}, {"type": "Feature", "id": 1401, "properties": {"Tier1Images": 900, "Tier2Images": 279, "S2Images": 497, "TideRange": "1.97", "WaveHeight": "1.25", "RelativeTideRange": "1.57", "pk": "1401"}, "geometry": {"type": "Point", "coordinates": [-91.234234, 13.950218]}}, {"type": "Feature", "id": 1402, "properties": {"Tier1Images": 1873, "Tier2Images": 308, "S2Images": 512, "TideRange": "2.04", "WaveHeight": "1.35", "RelativeTideRange": "1.51", "pk": "1402"}, "geometry": {"type": "Point", "coordinates": [-90.354131, 13.84742]}}, {"type": "Feature", "id": 1403, "properties": {"Tier1Images": 902, "Tier2Images": 52, "S2Images": 990, "TideRange": "2.17", "WaveHeight": "1.24", "RelativeTideRange": "1.75", "pk": "1403"}, "geometry": {"type": "Point", "coordinates": [-89.537783, 13.511769]}}, {"type": "Feature", "id": 1404, "properties": {"Tier1Images": 1709, "Tier2Images": 98, "S2Images": 514, "TideRange": "2.32", "WaveHeight": "1.22", "RelativeTideRange": "1.90", "pk": "1404"}, "geometry": {"type": "Point", "coordinates": [-88.694339, 13.234945]}}, {"type": "Feature", "id": 1405, "properties": {"Tier1Images": 872, "Tier2Images": 61, "S2Images": 514, "TideRange": "2.42", "WaveHeight": "1.13", "RelativeTideRange": "2.14", "pk": "1405"}, "geometry": {"type": "Point", "coordinates": [-88.247488, 13.178006]}}, {"type": "Feature", "id": 1406, "properties": {"Tier1Images": 867, "Tier2Images": 256, "S2Images": 510, "TideRange": "2.77", "WaveHeight": "0.72", "RelativeTideRange": "3.85", "pk": "1406"}, "geometry": {"type": "Point", "coordinates": [-87.534468, 13.366026]}}, {"type": "Feature", "id": 1407, "properties": {"Tier1Images": 867, "Tier2Images": 100, "S2Images": 513, "TideRange": "2.67", "WaveHeight": "0.72", "RelativeTideRange": "3.72", "pk": "1407"}, "geometry": {"type": "Point", "coordinates": [-87.629338, 13.002921]}}, {"type": "Feature", "id": 1408, "properties": {"Tier1Images": 1572, "Tier2Images": 347, "S2Images": 511, "TideRange": "2.41", "WaveHeight": "1.26", "RelativeTideRange": "1.92", "pk": "1408"}, "geometry": {"type": "Point", "coordinates": [-87.081066, 12.404147]}}, {"type": "Feature", "id": 1409, "properties": {"Tier1Images": 746, "Tier2Images": 142, "S2Images": 995, "TideRange": "2.44", "WaveHeight": "1.43", "RelativeTideRange": "1.71", "pk": "1409"}, "geometry": {"type": "Point", "coordinates": [-86.485794, 11.760317]}}, {"type": "Feature", "id": 1410, "properties": {"Tier1Images": 765, "Tier2Images": 100, "S2Images": 508, "TideRange": "2.48", "WaveHeight": "1.38", "RelativeTideRange": "1.80", "pk": "1410"}, "geometry": {"type": "Point", "coordinates": [-85.812236, 11.177205]}}, {"type": "Feature", "id": 1411, "properties": {"Tier1Images": 709, "Tier2Images": 47, "S2Images": 552, "TideRange": "2.48", "WaveHeight": "1.39", "RelativeTideRange": "1.79", "pk": "1411"}, "geometry": {"type": "Point", "coordinates": [-85.713484, 10.550046]}}, {"type": "Feature", "id": 1412, "properties": {"Tier1Images": 713, "Tier2Images": 48, "S2Images": 964, "TideRange": "2.55", "WaveHeight": "1.35", "RelativeTideRange": "1.90", "pk": "1412"}, "geometry": {"type": "Point", "coordinates": [-85.493503, 9.863711]}}, {"type": "Feature", "id": 1413, "properties": {"Tier1Images": 1373, "Tier2Images": 252, "S2Images": 1877, "TideRange": "2.75", "WaveHeight": "0.55", "RelativeTideRange": "5.03", "pk": "1413"}, "geometry": {"type": "Point", "coordinates": [-84.905782, 9.877119]}}, {"type": "Feature", "id": 1414, "properties": {"Tier1Images": 1010, "Tier2Images": 237, "S2Images": 493, "TideRange": "2.17", "WaveHeight": "0.55", "RelativeTideRange": "3.96", "pk": "1414"}, "geometry": {"type": "Point", "coordinates": [-84.985842, 10.088383]}}, {"type": "Feature", "id": 1415, "properties": {"Tier1Images": 1272, "Tier2Images": 275, "S2Images": 459, "TideRange": "2.69", "WaveHeight": "1.25", "RelativeTideRange": "2.15", "pk": "1415"}, "geometry": {"type": "Point", "coordinates": [-84.417107, 9.510137]}}, {"type": "Feature", "id": 1416, "properties": {"Tier1Images": 911, "Tier2Images": 89, "S2Images": 485, "TideRange": "2.75", "WaveHeight": "1.26", "RelativeTideRange": "2.18", "pk": "1416"}, "geometry": {"type": "Point", "coordinates": [-83.661579, 9.063408]}}, {"type": "Feature", "id": 1417, "properties": {"Tier1Images": 710, "Tier2Images": 50, "S2Images": 432, "TideRange": "2.93", "WaveHeight": "1.14", "RelativeTideRange": "2.56", "pk": "1417"}, "geometry": {"type": "Point", "coordinates": [-83.405589, 8.423914]}}, {"type": "Feature", "id": 1418, "properties": {"Tier1Images": 709, "Tier2Images": 49, "S2Images": 432, "TideRange": "2.94", "WaveHeight": "1.04", "RelativeTideRange": "2.83", "pk": "1418"}, "geometry": {"type": "Point", "coordinates": [-83.136849, 8.523771]}}, {"type": "Feature", "id": 1419, "properties": {"Tier1Images": 706, "Tier2Images": 50, "S2Images": 900, "TideRange": "3.08", "WaveHeight": "1.04", "RelativeTideRange": "2.97", "pk": "1419"}, "geometry": {"type": "Point", "coordinates": [-82.722917, 8.314094]}}, {"type": "Feature", "id": 1420, "properties": {"Tier1Images": 997, "Tier2Images": 69, "S2Images": 447, "TideRange": "3.37", "WaveHeight": "0.99", "RelativeTideRange": "3.41", "pk": "1420"}, "geometry": {"type": "Point", "coordinates": [-81.925263, 8.19399]}}, {"type": "Feature", "id": 1421, "properties": {"Tier1Images": 660, "Tier2Images": 61, "S2Images": 420, "TideRange": "3.39", "WaveHeight": "1.05", "RelativeTideRange": "3.22", "pk": "1421"}, "geometry": {"type": "Point", "coordinates": [-81.302507, 7.642275]}}, {"type": "Feature", "id": 1422, "properties": {"Tier1Images": 920, "Tier2Images": 94, "S2Images": 818, "TideRange": "3.41", "WaveHeight": "0.96", "RelativeTideRange": "3.54", "pk": "1422"}, "geometry": {"type": "Point", "coordinates": [-80.927131, 7.465864]}}, {"type": "Feature", "id": 1423, "properties": {"Tier1Images": 652, "Tier2Images": 78, "S2Images": 398, "TideRange": "3.45", "WaveHeight": "1.12", "RelativeTideRange": "3.10", "pk": "1423"}, "geometry": {"type": "Point", "coordinates": [-80.293315, 7.421695]}}, {"type": "Feature", "id": 1424, "properties": {"Tier1Images": 1388, "Tier2Images": 121, "S2Images": 793, "TideRange": "4.41", "WaveHeight": "0.35", "RelativeTideRange": "12.58", "pk": "1424"}, "geometry": {"type": "Point", "coordinates": [-80.348735, 7.974449]}}, {"type": "Feature", "id": 1425, "properties": {"Tier1Images": 1159, "Tier2Images": 338, "S2Images": 351, "TideRange": "3.48", "WaveHeight": "1.09", "RelativeTideRange": "3.18", "pk": "1425"}, "geometry": {"type": "Point", "coordinates": [-77.762887, 7.078447]}}, {"type": "Feature", "id": 1426, "properties": {"Tier1Images": 420, "Tier2Images": 245, "S2Images": 386, "TideRange": "3.45", "WaveHeight": "0.90", "RelativeTideRange": "3.84", "pk": "1426"}, "geometry": {"type": "Point", "coordinates": [-77.384022, 6.360043]}}, {"type": "Feature", "id": 1427, "properties": {"Tier1Images": 414, "Tier2Images": 242, "S2Images": 305, "TideRange": "3.40", "WaveHeight": "0.91", "RelativeTideRange": "3.76", "pk": "1427"}, "geometry": {"type": "Point", "coordinates": [-77.359403, 5.652665]}}, {"type": "Feature", "id": 1428, "properties": {"Tier1Images": 441, "Tier2Images": 445, "S2Images": 313, "TideRange": "3.38", "WaveHeight": "0.91", "RelativeTideRange": "3.73", "pk": "1428"}, "geometry": {"type": "Point", "coordinates": [-77.347878, 4.91201]}}, {"type": "Feature", "id": 1429, "properties": {"Tier1Images": 290, "Tier2Images": 384, "S2Images": 346, "TideRange": "3.35", "WaveHeight": "0.79", "RelativeTideRange": "4.23", "pk": "1429"}, "geometry": {"type": "Point", "coordinates": [-77.42134, 4.24382]}}, {"type": "Feature", "id": 1430, "properties": {"Tier1Images": 331, "Tier2Images": 383, "S2Images": 347, "TideRange": "3.28", "WaveHeight": "0.40", "RelativeTideRange": "8.21", "pk": "1430"}, "geometry": {"type": "Point", "coordinates": [-77.087689, 3.891782]}}, {"type": "Feature", "id": 1431, "properties": {"Tier1Images": 619, "Tier2Images": 287, "S2Images": 445, "TideRange": "3.40", "WaveHeight": "0.80", "RelativeTideRange": "4.23", "pk": "1431"}, "geometry": {"type": "Point", "coordinates": [-77.528771, 3.141807]}}, {"type": "Feature", "id": 1432, "properties": {"Tier1Images": 614, "Tier2Images": 242, "S2Images": 419, "TideRange": "3.44", "WaveHeight": "0.26", "RelativeTideRange": "13.05", "pk": "1432"}, "geometry": {"type": "Point", "coordinates": [-78.023237, 2.547253]}}, {"type": "Feature", "id": 1433, "properties": {"Tier1Images": 775, "Tier2Images": 365, "S2Images": 418, "TideRange": "3.20", "WaveHeight": "0.93", "RelativeTideRange": "3.43", "pk": "1433"}, "geometry": {"type": "Point", "coordinates": [-78.62557, 2.122139]}}, {"type": "Feature", "id": 1434, "properties": {"Tier1Images": 784, "Tier2Images": 705, "S2Images": 462, "TideRange": "3.10", "WaveHeight": "0.67", "RelativeTideRange": "4.63", "pk": "1434"}, "geometry": {"type": "Point", "coordinates": [-79.008807, 1.655222]}}, {"type": "Feature", "id": 1435, "properties": {"Tier1Images": 219, "Tier2Images": 584, "S2Images": 921, "TideRange": "3.15", "WaveHeight": "0.46", "RelativeTideRange": "6.82", "pk": "1435"}, "geometry": {"type": "Point", "coordinates": [-79.227661, 1.105019]}}, {"type": "Feature", "id": 1436, "properties": {"Tier1Images": 475, "Tier2Images": 861, "S2Images": 1708, "TideRange": "2.97", "WaveHeight": "1.10", "RelativeTideRange": "2.70", "pk": "1436"}, "geometry": {"type": "Point", "coordinates": [-80.048979, 0.822162]}}, {"type": "Feature", "id": 1437, "properties": {"Tier1Images": 302, "Tier2Images": 358, "S2Images": 443, "TideRange": "2.89", "WaveHeight": "1.12", "RelativeTideRange": "2.57", "pk": "1437"}, "geometry": {"type": "Point", "coordinates": [-80.154415, -0.027765]}}, {"type": "Feature", "id": 1438, "properties": {"Tier1Images": 800, "Tier2Images": 498, "S2Images": 406, "TideRange": "2.71", "WaveHeight": "1.17", "RelativeTideRange": "2.31", "pk": "1438"}, "geometry": {"type": "Point", "coordinates": [-80.358913, -0.624888]}}, {"type": "Feature", "id": 1439, "properties": {"Tier1Images": 499, "Tier2Images": 194, "S2Images": 419, "TideRange": "2.50", "WaveHeight": "1.31", "RelativeTideRange": "1.91", "pk": "1439"}, "geometry": {"type": "Point", "coordinates": [-80.873518, -1.151445]}}, {"type": "Feature", "id": 1440, "properties": {"Tier1Images": 809, "Tier2Images": 238, "S2Images": 448, "TideRange": "2.32", "WaveHeight": "1.35", "RelativeTideRange": "1.72", "pk": "1440"}, "geometry": {"type": "Point", "coordinates": [-80.766982, -2.027487]}}, {"type": "Feature", "id": 1441, "properties": {"Tier1Images": 666, "Tier2Images": 185, "S2Images": 451, "TideRange": "2.28", "WaveHeight": "1.06", "RelativeTideRange": "2.16", "pk": "1441"}, "geometry": {"type": "Point", "coordinates": [-80.500711, -2.576588]}}, {"type": "Feature", "id": 1442, "properties": {"Tier1Images": 692, "Tier2Images": 192, "S2Images": 1703, "TideRange": "2.82", "WaveHeight": "1.06", "RelativeTideRange": "2.66", "pk": "1442"}, "geometry": {"type": "Point", "coordinates": [-80.02803, -2.538236]}}, {"type": "Feature", "id": 1443, "properties": {"Tier1Images": 1888, "Tier2Images": 544, "S2Images": 450, "TideRange": "2.79", "WaveHeight": "1.06", "RelativeTideRange": "2.64", "pk": "1443"}, "geometry": {"type": "Point", "coordinates": [-79.825053, -2.3278]}}, {"type": "Feature", "id": 1444, "properties": {"Tier1Images": 1396, "Tier2Images": 356, "S2Images": 515, "TideRange": "2.69", "WaveHeight": "0.94", "RelativeTideRange": "2.85", "pk": "1444"}, "geometry": {"type": "Point", "coordinates": [-79.964766, -3.159312]}}, {"type": "Feature", "id": 1445, "properties": {"Tier1Images": 1511, "Tier2Images": 236, "S2Images": 1025, "TideRange": "2.10", "WaveHeight": "1.28", "RelativeTideRange": "1.64", "pk": "1445"}, "geometry": {"type": "Point", "coordinates": [-80.695158, -3.665198]}}, {"type": "Feature", "id": 1446, "properties": {"Tier1Images": 846, "Tier2Images": 54, "S2Images": 544, "TideRange": "1.87", "WaveHeight": "1.65", "RelativeTideRange": "1.13", "pk": "1446"}, "geometry": {"type": "Point", "coordinates": [-81.284563, -4.331106]}}, {"type": "Feature", "id": 1447, "properties": {"Tier1Images": 1173, "Tier2Images": 127, "S2Images": 546, "TideRange": "1.73", "WaveHeight": "1.62", "RelativeTideRange": "1.06", "pk": "1447"}, "geometry": {"type": "Point", "coordinates": [-81.162543, -5.147329]}}, {"type": "Feature", "id": 1448, "properties": {"Tier1Images": 688, "Tier2Images": 93, "S2Images": 509, "TideRange": "1.66", "WaveHeight": "1.49", "RelativeTideRange": "1.12", "pk": "1448"}, "geometry": {"type": "Point", "coordinates": [-81.031034, -5.84186]}}, {"type": "Feature", "id": 1449, "properties": {"Tier1Images": 2331, "Tier2Images": 235, "S2Images": 993, "TideRange": "1.52", "WaveHeight": "1.37", "RelativeTideRange": "1.11", "pk": "1449"}, "geometry": {"type": "Point", "coordinates": [-80.683655, -6.349276]}}, {"type": "Feature", "id": 1450, "properties": {"Tier1Images": 822, "Tier2Images": 76, "S2Images": 546, "TideRange": "1.51", "WaveHeight": "1.43", "RelativeTideRange": "1.06", "pk": "1450"}, "geometry": {"type": "Point", "coordinates": [-79.947121, -6.839288]}}, {"type": "Feature", "id": 1451, "properties": {"Tier1Images": 1356, "Tier2Images": 100, "S2Images": 525, "TideRange": "1.42", "WaveHeight": "1.31", "RelativeTideRange": "1.08", "pk": "1451"}, "geometry": {"type": "Point", "coordinates": [-79.495354, -7.603088]}}, {"type": "Feature", "id": 1452, "properties": {"Tier1Images": 1053, "Tier2Images": 66, "S2Images": 932, "TideRange": "1.37", "WaveHeight": "1.56", "RelativeTideRange": "0.88", "pk": "1452"}, "geometry": {"type": "Point", "coordinates": [-78.967114, -8.311212]}}, {"type": "Feature", "id": 1453, "properties": {"Tier1Images": 1065, "Tier2Images": 69, "S2Images": 1024, "TideRange": "1.26", "WaveHeight": "1.74", "RelativeTideRange": "0.72", "pk": "1453"}, "geometry": {"type": "Point", "coordinates": [-78.601086, -9.110612]}}, {"type": "Feature", "id": 1454, "properties": {"Tier1Images": 1664, "Tier2Images": 127, "S2Images": 1029, "TideRange": "1.16", "WaveHeight": "1.46", "RelativeTideRange": "0.80", "pk": "1454"}, "geometry": {"type": "Point", "coordinates": [-78.239776, -9.921287]}}, {"type": "Feature", "id": 1455, "properties": {"Tier1Images": 1512, "Tier2Images": 64, "S2Images": 540, "TideRange": "1.09", "WaveHeight": "1.57", "RelativeTideRange": "0.69", "pk": "1455"}, "geometry": {"type": "Point", "coordinates": [-77.819509, -10.703088]}}, {"type": "Feature", "id": 1456, "properties": {"Tier1Images": 1065, "Tier2Images": 86, "S2Images": 539, "TideRange": "1.07", "WaveHeight": "1.77", "RelativeTideRange": "0.61", "pk": "1456"}, "geometry": {"type": "Point", "coordinates": [-77.420922, -11.448446]}}, {"type": "Feature", "id": 1457, "properties": {"Tier1Images": 2501, "Tier2Images": 170, "S2Images": 575, "TideRange": "1.04", "WaveHeight": "1.55", "RelativeTideRange": "0.67", "pk": "1457"}, "geometry": {"type": "Point", "coordinates": [-77.028114, -12.183331]}}, {"type": "Feature", "id": 1458, "properties": {"Tier1Images": 1227, "Tier2Images": 88, "S2Images": 554, "TideRange": "1.03", "WaveHeight": "1.93", "RelativeTideRange": "0.53", "pk": "1458"}, "geometry": {"type": "Point", "coordinates": [-76.530942, -12.89708]}}, {"type": "Feature", "id": 1459, "properties": {"Tier1Images": 1810, "Tier2Images": 140, "S2Images": 523, "TideRange": "1.04", "WaveHeight": "1.70", "RelativeTideRange": "0.61", "pk": "1459"}, "geometry": {"type": "Point", "coordinates": [-76.225712, -13.674853]}}, {"type": "Feature", "id": 1460, "properties": {"Tier1Images": 2000, "Tier2Images": 156, "S2Images": 524, "TideRange": "1.04", "WaveHeight": "1.83", "RelativeTideRange": "0.57", "pk": "1460"}, "geometry": {"type": "Point", "coordinates": [-76.096023, -14.374859]}}, {"type": "Feature", "id": 1461, "properties": {"Tier1Images": 1221, "Tier2Images": 70, "S2Images": 1044, "TideRange": "1.09", "WaveHeight": "1.83", "RelativeTideRange": "0.59", "pk": "1461"}, "geometry": {"type": "Point", "coordinates": [-75.476845, -14.979772]}}, {"type": "Feature", "id": 1462, "properties": {"Tier1Images": 1908, "Tier2Images": 115, "S2Images": 555, "TideRange": "1.13", "WaveHeight": "1.86", "RelativeTideRange": "0.61", "pk": "1462"}, "geometry": {"type": "Point", "coordinates": [-74.8316, -15.554456]}}, {"type": "Feature", "id": 1463, "properties": {"Tier1Images": 1157, "Tier2Images": 53, "S2Images": 1115, "TideRange": "1.18", "WaveHeight": "1.91", "RelativeTideRange": "0.62", "pk": "1463"}, "geometry": {"type": "Point", "coordinates": [-74.0562, -15.980327]}}, {"type": "Feature", "id": 1464, "properties": {"Tier1Images": 1483, "Tier2Images": 50, "S2Images": 1012, "TideRange": "1.22", "WaveHeight": "1.86", "RelativeTideRange": "0.66", "pk": "1464"}, "geometry": {"type": "Point", "coordinates": [-73.27188, -16.38356]}}, {"type": "Feature", "id": 1465, "properties": {"Tier1Images": 2061, "Tier2Images": 102, "S2Images": 589, "TideRange": "1.26", "WaveHeight": "1.80", "RelativeTideRange": "0.70", "pk": "1465"}, "geometry": {"type": "Point", "coordinates": [-72.448881, -16.720061]}}, {"type": "Feature", "id": 1466, "properties": {"Tier1Images": 1226, "Tier2Images": 71, "S2Images": 1120, "TideRange": "1.29", "WaveHeight": "1.73", "RelativeTideRange": "0.75", "pk": "1466"}, "geometry": {"type": "Point", "coordinates": [-71.727199, -17.217467]}}, {"type": "Feature", "id": 1467, "properties": {"Tier1Images": 1223, "Tier2Images": 69, "S2Images": 553, "TideRange": "1.31", "WaveHeight": "1.76", "RelativeTideRange": "0.74", "pk": "1467"}, "geometry": {"type": "Point", "coordinates": [-71.161028, -17.803756]}}, {"type": "Feature", "id": 1468, "properties": {"Tier1Images": 1289, "Tier2Images": 91, "S2Images": 572, "TideRange": "1.32", "WaveHeight": "1.69", "RelativeTideRange": "0.79", "pk": "1468"}, "geometry": {"type": "Point", "coordinates": [-70.44737, -18.318671]}}, {"type": "Feature", "id": 1469, "properties": {"Tier1Images": 1293, "Tier2Images": 90, "S2Images": 580, "TideRange": "1.33", "WaveHeight": "1.69", "RelativeTideRange": "0.79", "pk": "1469"}, "geometry": {"type": "Point", "coordinates": [-70.293469, -19.135967]}}, {"type": "Feature", "id": 1470, "properties": {"Tier1Images": 1288, "Tier2Images": 90, "S2Images": 1146, "TideRange": "1.35", "WaveHeight": "1.42", "RelativeTideRange": "0.95", "pk": "1470"}, "geometry": {"type": "Point", "coordinates": [-70.147881, -19.969197]}}, {"type": "Feature", "id": 1471, "properties": {"Tier1Images": 1588, "Tier2Images": 125, "S2Images": 1141, "TideRange": "1.37", "WaveHeight": "1.49", "RelativeTideRange": "0.92", "pk": "1471"}, "geometry": {"type": "Point", "coordinates": [-70.179335, -20.811449]}}, {"type": "Feature", "id": 1472, "properties": {"Tier1Images": 2459, "Tier2Images": 130, "S2Images": 573, "TideRange": "1.38", "WaveHeight": "1.39", "RelativeTideRange": "0.99", "pk": "1472"}, "geometry": {"type": "Point", "coordinates": [-70.129342, -21.639949]}}, {"type": "Feature", "id": 1473, "properties": {"Tier1Images": 3495, "Tier2Images": 166, "S2Images": 573, "TideRange": "1.40", "WaveHeight": "1.70", "RelativeTideRange": "0.82", "pk": "1473"}, "geometry": {"type": "Point", "coordinates": [-70.251981, -22.46789]}}, {"type": "Feature", "id": 1474, "properties": {"Tier1Images": 2259, "Tier2Images": 114, "S2Images": 573, "TideRange": "1.42", "WaveHeight": "1.59", "RelativeTideRange": "0.90", "pk": "1474"}, "geometry": {"type": "Point", "coordinates": [-70.569531, -23.175629]}}, {"type": "Feature", "id": 1475, "properties": {"Tier1Images": 2294, "Tier2Images": 275, "S2Images": 575, "TideRange": "1.44", "WaveHeight": "1.63", "RelativeTideRange": "0.88", "pk": "1475"}, "geometry": {"type": "Point", "coordinates": [-70.509632, -23.900216]}}, {"type": "Feature", "id": 1476, "properties": {"Tier1Images": 1216, "Tier2Images": 63, "S2Images": 562, "TideRange": "1.47", "WaveHeight": "1.77", "RelativeTideRange": "0.83", "pk": "1476"}, "geometry": {"type": "Point", "coordinates": [-70.565649, -24.717796]}}, {"type": "Feature", "id": 1477, "properties": {"Tier1Images": 1214, "Tier2Images": 67, "S2Images": 887, "TideRange": "1.49", "WaveHeight": "1.68", "RelativeTideRange": "0.89", "pk": "1477"}, "geometry": {"type": "Point", "coordinates": [-70.580754, -25.490284]}}, {"type": "Feature", "id": 1478, "properties": {"Tier1Images": 1215, "Tier2Images": 67, "S2Images": 2266, "TideRange": "1.51", "WaveHeight": "1.93", "RelativeTideRange": "0.78", "pk": "1478"}, "geometry": {"type": "Point", "coordinates": [-70.657093, -26.259658]}}, {"type": "Feature", "id": 1479, "properties": {"Tier1Images": 1210, "Tier2Images": 63, "S2Images": 1128, "TideRange": "1.52", "WaveHeight": "1.80", "RelativeTideRange": "0.84", "pk": "1479"}, "geometry": {"type": "Point", "coordinates": [-70.844532, -27.039082]}}, {"type": "Feature", "id": 1480, "properties": {"Tier1Images": 1209, "Tier2Images": 63, "S2Images": 829, "TideRange": "1.54", "WaveHeight": "1.69", "RelativeTideRange": "0.91", "pk": "1480"}, "geometry": {"type": "Point", "coordinates": [-71.075811, -27.786923]}}, {"type": "Feature", "id": 1481, "properties": {"Tier1Images": 1198, "Tier2Images": 65, "S2Images": 1108, "TideRange": "1.56", "WaveHeight": "2.03", "RelativeTideRange": "0.77", "pk": "1481"}, "geometry": {"type": "Point", "coordinates": [-71.277992, -28.55363]}}, {"type": "Feature", "id": 1482, "properties": {"Tier1Images": 1198, "Tier2Images": 65, "S2Images": 1093, "TideRange": "1.59", "WaveHeight": "2.01", "RelativeTideRange": "0.79", "pk": "1482"}, "geometry": {"type": "Point", "coordinates": [-71.436314, -29.255109]}}, {"type": "Feature", "id": 1483, "properties": {"Tier1Images": 1185, "Tier2Images": 98, "S2Images": 1008, "TideRange": "1.60", "WaveHeight": "1.82", "RelativeTideRange": "0.88", "pk": "1483"}, "geometry": {"type": "Point", "coordinates": [-71.366974, -30.009104]}}, {"type": "Feature", "id": 1484, "properties": {"Tier1Images": 1182, "Tier2Images": 98, "S2Images": 1025, "TideRange": "1.61", "WaveHeight": "2.32", "RelativeTideRange": "0.69", "pk": "1484"}, "geometry": {"type": "Point", "coordinates": [-71.70786, -30.671196]}}, {"type": "Feature", "id": 1485, "properties": {"Tier1Images": 1134, "Tier2Images": 107, "S2Images": 1070, "TideRange": "1.63", "WaveHeight": "2.34", "RelativeTideRange": "0.70", "pk": "1485"}, "geometry": {"type": "Point", "coordinates": [-71.593576, -31.433623]}}, {"type": "Feature", "id": 1486, "properties": {"Tier1Images": 1980, "Tier2Images": 150, "S2Images": 565, "TideRange": "1.64", "WaveHeight": "1.82", "RelativeTideRange": "0.90", "pk": "1486"}, "geometry": {"type": "Point", "coordinates": [-71.513421, -32.195902]}}, {"type": "Feature", "id": 1487, "properties": {"Tier1Images": 2016, "Tier2Images": 249, "S2Images": 539, "TideRange": "1.65", "WaveHeight": "1.73", "RelativeTideRange": "0.96", "pk": "1487"}, "geometry": {"type": "Point", "coordinates": [-71.568889, -32.918273]}}, {"type": "Feature", "id": 1488, "properties": {"Tier1Images": 2110, "Tier2Images": 261, "S2Images": 518, "TideRange": "1.67", "WaveHeight": "1.80", "RelativeTideRange": "0.93", "pk": "1488"}, "geometry": {"type": "Point", "coordinates": [-71.652606, -33.596836]}}, {"type": "Feature", "id": 1489, "properties": {"Tier1Images": 1848, "Tier2Images": 258, "S2Images": 478, "TideRange": "1.68", "WaveHeight": "1.71", "RelativeTideRange": "0.98", "pk": "1489"}, "geometry": {"type": "Point", "coordinates": [-71.993675, -34.264894]}}, {"type": "Feature", "id": 1490, "properties": {"Tier1Images": 1848, "Tier2Images": 247, "S2Images": 477, "TideRange": "1.69", "WaveHeight": "1.98", "RelativeTideRange": "0.85", "pk": "1490"}, "geometry": {"type": "Point", "coordinates": [-72.197344, -34.983753]}}, {"type": "Feature", "id": 1491, "properties": {"Tier1Images": 878, "Tier2Images": 157, "S2Images": 481, "TideRange": "1.72", "WaveHeight": "1.69", "RelativeTideRange": "1.02", "pk": "1491"}, "geometry": {"type": "Point", "coordinates": [-72.618376, -35.612157]}}, {"type": "Feature", "id": 1492, "properties": {"Tier1Images": 848, "Tier2Images": 152, "S2Images": 646, "TideRange": "1.73", "WaveHeight": "1.76", "RelativeTideRange": "0.98", "pk": "1492"}, "geometry": {"type": "Point", "coordinates": [-72.849968, -36.285274]}}, {"type": "Feature", "id": 1493, "properties": {"Tier1Images": 1103, "Tier2Images": 373, "S2Images": 996, "TideRange": "1.73", "WaveHeight": "2.09", "RelativeTideRange": "0.83", "pk": "1493"}, "geometry": {"type": "Point", "coordinates": [-73.157494, -36.927359]}}, {"type": "Feature", "id": 1494, "properties": {"Tier1Images": 832, "Tier2Images": 139, "S2Images": 975, "TideRange": "1.72", "WaveHeight": "2.09", "RelativeTideRange": "0.82", "pk": "1494"}, "geometry": {"type": "Point", "coordinates": [-73.657168, -37.325454]}}, {"type": "Feature", "id": 1495, "properties": {"Tier1Images": 845, "Tier2Images": 144, "S2Images": 1929, "TideRange": "1.75", "WaveHeight": "2.14", "RelativeTideRange": "0.81", "pk": "1495"}, "geometry": {"type": "Point", "coordinates": [-73.485749, -37.988014]}}, {"type": "Feature", "id": 1496, "properties": {"Tier1Images": 1369, "Tier2Images": 262, "S2Images": 482, "TideRange": "1.78", "WaveHeight": "2.14", "RelativeTideRange": "0.83", "pk": "1496"}, "geometry": {"type": "Point", "coordinates": [-73.456901, -38.680575]}}, {"type": "Feature", "id": 1497, "properties": {"Tier1Images": 1813, "Tier2Images": 312, "S2Images": 473, "TideRange": "1.80", "WaveHeight": "2.28", "RelativeTideRange": "0.79", "pk": "1497"}, "geometry": {"type": "Point", "coordinates": [-73.241547, -39.351861]}}, {"type": "Feature", "id": 1498, "properties": {"Tier1Images": 1414, "Tier2Images": 359, "S2Images": 458, "TideRange": "1.79", "WaveHeight": "2.52", "RelativeTideRange": "0.71", "pk": "1498"}, "geometry": {"type": "Point", "coordinates": [-73.638767, -39.944606]}}, {"type": "Feature", "id": 1499, "properties": {"Tier1Images": 1414, "Tier2Images": 351, "S2Images": 494, "TideRange": "1.79", "WaveHeight": "2.44", "RelativeTideRange": "0.74", "pk": "1499"}, "geometry": {"type": "Point", "coordinates": [-73.830069, -40.604909]}}, {"type": "Feature", "id": 1500, "properties": {"Tier1Images": 1574, "Tier2Images": 383, "S2Images": 491, "TideRange": "1.81", "WaveHeight": "2.36", "RelativeTideRange": "0.77", "pk": "1500"}, "geometry": {"type": "Point", "coordinates": [-73.903357, -41.25846]}}, {"type": "Feature", "id": 1501, "properties": {"Tier1Images": 1326, "Tier2Images": 322, "S2Images": 467, "TideRange": "2.68", "WaveHeight": "2.09", "RelativeTideRange": "1.28", "pk": "1501"}, "geometry": {"type": "Point", "coordinates": [-73.673077, -41.759884]}}, {"type": "Feature", "id": 1502, "properties": {"Tier1Images": 972, "Tier2Images": 155, "S2Images": 909, "TideRange": "5.66", "WaveHeight": "0.46", "RelativeTideRange": "12.30", "pk": "1502"}, "geometry": {"type": "Point", "coordinates": [-72.96166, -41.51888]}}, {"type": "Feature", "id": 1503, "properties": {"Tier1Images": 1645, "Tier2Images": 198, "S2Images": 1873, "TideRange": "5.65", "WaveHeight": "0.40", "RelativeTideRange": "14.03", "pk": "1503"}, "geometry": {"type": "Point", "coordinates": [-72.324146, -41.520004]}}, {"type": "Feature", "id": 1504, "properties": {"Tier1Images": 1640, "Tier2Images": 199, "S2Images": 901, "TideRange": "5.46", "WaveHeight": "0.46", "RelativeTideRange": "11.86", "pk": "1504"}, "geometry": {"type": "Point", "coordinates": [-72.762845, -41.974533]}}, {"type": "Feature", "id": 1505, "properties": {"Tier1Images": 2485, "Tier2Images": 288, "S2Images": 1805, "TideRange": "5.43", "WaveHeight": "0.31", "RelativeTideRange": "17.76", "pk": "1505"}, "geometry": {"type": "Point", "coordinates": [-72.429097, -42.430886]}}, {"type": "Feature", "id": 1506, "properties": {"Tier1Images": 2145, "Tier2Images": 300, "S2Images": 1786, "TideRange": "5.12", "WaveHeight": "0.31", "RelativeTideRange": "16.74", "pk": "1506"}, "geometry": {"type": "Point", "coordinates": [-72.647854, -42.490866]}}, {"type": "Feature", "id": 1507, "properties": {"Tier1Images": 1498, "Tier2Images": 266, "S2Images": 883, "TideRange": "4.48", "WaveHeight": "0.56", "RelativeTideRange": "7.98", "pk": "1507"}, "geometry": {"type": "Point", "coordinates": [-72.756523, -43.013275]}}, {"type": "Feature", "id": 1508, "properties": {"Tier1Images": 1495, "Tier2Images": 268, "S2Images": 842, "TideRange": "3.43", "WaveHeight": "1.06", "RelativeTideRange": "3.23", "pk": "1508"}, "geometry": {"type": "Point", "coordinates": [-73.05224, -43.537578]}}, {"type": "Feature", "id": 1509, "properties": {"Tier1Images": 1770, "Tier2Images": 429, "S2Images": 841, "TideRange": "3.31", "WaveHeight": "0.47", "RelativeTideRange": "7.02", "pk": "1509"}, "geometry": {"type": "Point", "coordinates": [-73.246648, -44.090769]}}, {"type": "Feature", "id": 1510, "properties": {"Tier1Images": 797, "Tier2Images": 122, "S2Images": 381, "TideRange": "3.62", "WaveHeight": "0.47", "RelativeTideRange": "7.69", "pk": "1510"}, "geometry": {"type": "Point", "coordinates": [-72.669293, -44.489197]}}, {"type": "Feature", "id": 1511, "properties": {"Tier1Images": 1336, "Tier2Images": 320, "S2Images": 781, "TideRange": "3.91", "WaveHeight": "0.26", "RelativeTideRange": "15.19", "pk": "1511"}, "geometry": {"type": "Point", "coordinates": [-73.190591, -44.945939]}}, {"type": "Feature", "id": 1512, "properties": {"Tier1Images": 1583, "Tier2Images": 253, "S2Images": 779, "TideRange": "4.07", "WaveHeight": "0.21", "RelativeTideRange": "19.54", "pk": "1512"}, "geometry": {"type": "Point", "coordinates": [-73.134648, -45.314233]}}, {"type": "Feature", "id": 1513, "properties": {"Tier1Images": 1772, "Tier2Images": 544, "S2Images": 778, "TideRange": "3.68", "WaveHeight": "0.21", "RelativeTideRange": "17.69", "pk": "1513"}, "geometry": {"type": "Point", "coordinates": [-73.460427, -45.43108]}}, {"type": "Feature", "id": 1514, "properties": {"Tier1Images": 1207, "Tier2Images": 334, "S2Images": 1591, "TideRange": "3.56", "WaveHeight": "0.05", "RelativeTideRange": "69.84", "pk": "1514"}, "geometry": {"type": "Point", "coordinates": [-73.593228, -45.831278]}}, {"type": "Feature", "id": 1515, "properties": {"Tier1Images": 1207, "Tier2Images": 338, "S2Images": 729, "TideRange": "1.84", "WaveHeight": "0.05", "RelativeTideRange": "35.98", "pk": "1515"}, "geometry": {"type": "Point", "coordinates": [-73.733035, -46.441571]}}, {"type": "Feature", "id": 1516, "properties": {"Tier1Images": 1207, "Tier2Images": 334, "S2Images": 729, "TideRange": "1.91", "WaveHeight": "0.05", "RelativeTideRange": "37.42", "pk": "1516"}, "geometry": {"type": "Point", "coordinates": [-73.751212, -46.199513]}}, {"type": "Feature", "id": 1517, "properties": {"Tier1Images": 1202, "Tier2Images": 336, "S2Images": 804, "TideRange": "1.91", "WaveHeight": "0.05", "RelativeTideRange": "37.42", "pk": "1517"}, "geometry": {"type": "Point", "coordinates": [-73.907698, -45.963533]}}, {"type": "Feature", "id": 1518, "properties": {"Tier1Images": 1199, "Tier2Images": 336, "S2Images": 728, "TideRange": "1.91", "WaveHeight": "1.71", "RelativeTideRange": "1.12", "pk": "1518"}, "geometry": {"type": "Point", "coordinates": [-74.271679, -46.187706]}}, {"type": "Feature", "id": 1519, "properties": {"Tier1Images": 1200, "Tier2Images": 335, "S2Images": 821, "TideRange": "1.91", "WaveHeight": "0.22", "RelativeTideRange": "8.55", "pk": "1519"}, "geometry": {"type": "Point", "coordinates": [-73.917153, -45.68834]}}, {"type": "Feature", "id": 1520, "properties": {"Tier1Images": 1199, "Tier2Images": 336, "S2Images": 821, "TideRange": "1.90", "WaveHeight": "0.22", "RelativeTideRange": "8.52", "pk": "1520"}, "geometry": {"type": "Point", "coordinates": [-74.095334, -45.613123]}}, {"type": "Feature", "id": 1521, "properties": {"Tier1Images": 497, "Tier2Images": 273, "S2Images": 394, "TideRange": "1.83", "WaveHeight": "2.47", "RelativeTideRange": "0.74", "pk": "1521"}, "geometry": {"type": "Point", "coordinates": [-74.786204, -45.827531]}}, {"type": "Feature", "id": 1522, "properties": {"Tier1Images": 547, "Tier2Images": 409, "S2Images": 385, "TideRange": "1.77", "WaveHeight": "2.47", "RelativeTideRange": "0.72", "pk": "1522"}, "geometry": {"type": "Point", "coordinates": [-75.049728, -46.222064]}}, {"type": "Feature", "id": 1523, "properties": {"Tier1Images": 1071, "Tier2Images": 860, "S2Images": 384, "TideRange": "1.70", "WaveHeight": "2.95", "RelativeTideRange": "0.58", "pk": "1523"}, "geometry": {"type": "Point", "coordinates": [-75.679272, -46.653394]}}, {"type": "Feature", "id": 1524, "properties": {"Tier1Images": 1066, "Tier2Images": 859, "S2Images": 384, "TideRange": "1.71", "WaveHeight": "2.95", "RelativeTideRange": "0.58", "pk": "1524"}, "geometry": {"type": "Point", "coordinates": [-75.480758, -46.748909]}}, {"type": "Feature", "id": 1525, "properties": {"Tier1Images": 496, "Tier2Images": 270, "S2Images": 726, "TideRange": "1.83", "WaveHeight": "2.08", "RelativeTideRange": "0.88", "pk": "1525"}, "geometry": {"type": "Point", "coordinates": [-75.026359, -46.583662]}}, {"type": "Feature", "id": 1526, "properties": {"Tier1Images": 1599, "Tier2Images": 572, "S2Images": 732, "TideRange": "1.85", "WaveHeight": "1.36", "RelativeTideRange": "1.36", "pk": "1526"}, "geometry": {"type": "Point", "coordinates": [-74.487621, -46.836881]}}, {"type": "Feature", "id": 1527, "properties": {"Tier1Images": 1137, "Tier2Images": 343, "S2Images": 706, "TideRange": "1.82", "WaveHeight": "1.36", "RelativeTideRange": "1.34", "pk": "1527"}, "geometry": {"type": "Point", "coordinates": [-74.159345, -47.182967]}}, {"type": "Feature", "id": 1528, "properties": {"Tier1Images": 1138, "Tier2Images": 342, "S2Images": 705, "TideRange": "1.78", "WaveHeight": "1.26", "RelativeTideRange": "1.41", "pk": "1528"}, "geometry": {"type": "Point", "coordinates": [-74.155514, -47.582366]}}, {"type": "Feature", "id": 1529, "properties": {"Tier1Images": 1133, "Tier2Images": 343, "S2Images": 705, "TideRange": "1.77", "WaveHeight": "0.23", "RelativeTideRange": "7.54", "pk": "1529"}, "geometry": {"type": "Point", "coordinates": [-74.591113, -47.764706]}}, {"type": "Feature", "id": 1530, "properties": {"Tier1Images": 897, "Tier2Images": 142, "S2Images": 700, "TideRange": "1.78", "WaveHeight": "0.13", "RelativeTideRange": "13.88", "pk": "1530"}, "geometry": {"type": "Point", "coordinates": [-73.897045, -47.90037]}}, {"type": "Feature", "id": 1531, "properties": {"Tier1Images": 2461, "Tier2Images": 242, "S2Images": 788, "TideRange": "1.82", "WaveHeight": "0.13", "RelativeTideRange": "14.22", "pk": "1531"}, "geometry": {"type": "Point", "coordinates": [-73.61969, -47.966955]}}, {"type": "Feature", "id": 1532, "properties": {"Tier1Images": 1854, "Tier2Images": 270, "S2Images": 337, "TideRange": "1.78", "WaveHeight": "0.13", "RelativeTideRange": "13.88", "pk": "1532"}, "geometry": {"type": "Point", "coordinates": [-73.800865, -48.067592]}}, {"type": "Feature", "id": 1533, "properties": {"Tier1Images": 1591, "Tier2Images": 620, "S2Images": 658, "TideRange": "1.77", "WaveHeight": "0.23", "RelativeTideRange": "7.53", "pk": "1533"}, "geometry": {"type": "Point", "coordinates": [-74.587004, -48.061929]}}, {"type": "Feature", "id": 1534, "properties": {"Tier1Images": 497, "Tier2Images": 323, "S2Images": 563, "TideRange": "1.77", "WaveHeight": "0.13", "RelativeTideRange": "13.80", "pk": "1534"}, "geometry": {"type": "Point", "coordinates": [-74.231824, -48.444054]}}, {"type": "Feature", "id": 1535, "properties": {"Tier1Images": 531, "Tier2Images": 336, "S2Images": 1255, "TideRange": "3.89", "WaveHeight": "0.23", "RelativeTideRange": "16.58", "pk": "1535"}, "geometry": {"type": "Point", "coordinates": [-74.3742, -48.755539]}}, {"type": "Feature", "id": 1536, "properties": {"Tier1Images": 1862, "Tier2Images": 416, "S2Images": 312, "TideRange": "3.89", "WaveHeight": "1.95", "RelativeTideRange": "1.99", "pk": "1536"}, "geometry": {"type": "Point", "coordinates": [-74.358592, -49.345294]}}, {"type": "Feature", "id": 1537, "properties": {"Tier1Images": 1313, "Tier2Images": 367, "S2Images": 314, "TideRange": "3.89", "WaveHeight": "0.13", "RelativeTideRange": "30.35", "pk": "1537"}, "geometry": {"type": "Point", "coordinates": [-74.064384, -49.129878]}}, {"type": "Feature", "id": 1538, "properties": {"Tier1Images": 2135, "Tier2Images": 424, "S2Images": 312, "TideRange": "3.89", "WaveHeight": "1.95", "RelativeTideRange": "1.99", "pk": "1538"}, "geometry": {"type": "Point", "coordinates": [-74.090975, -49.408237]}}, {"type": "Feature", "id": 1539, "properties": {"Tier1Images": 1654, "Tier2Images": 642, "S2Images": 312, "TideRange": "3.89", "WaveHeight": "1.95", "RelativeTideRange": "1.99", "pk": "1539"}, "geometry": {"type": "Point", "coordinates": [-74.265856, -49.593859]}}, {"type": "Feature", "id": 1540, "properties": {"Tier1Images": 1204, "Tier2Images": 356, "S2Images": 608, "TideRange": "3.79", "WaveHeight": "1.95", "RelativeTideRange": "1.94", "pk": "1540"}, "geometry": {"type": "Point", "coordinates": [-73.993899, -50.010993]}}, {"type": "Feature", "id": 1541, "properties": {"Tier1Images": 1197, "Tier2Images": 357, "S2Images": 313, "TideRange": "3.22", "WaveHeight": "1.95", "RelativeTideRange": "1.65", "pk": "1541"}, "geometry": {"type": "Point", "coordinates": [-74.564671, -50.235113]}}, {"type": "Feature", "id": 1542, "properties": {"Tier1Images": 1206, "Tier2Images": 356, "S2Images": 607, "TideRange": "3.72", "WaveHeight": "1.95", "RelativeTideRange": "1.91", "pk": "1542"}, "geometry": {"type": "Point", "coordinates": [-74.076495, -50.497038]}}, {"type": "Feature", "id": 1543, "properties": {"Tier1Images": 1213, "Tier2Images": 365, "S2Images": 633, "TideRange": "2.87", "WaveHeight": "2.78", "RelativeTideRange": "1.03", "pk": "1543"}, "geometry": {"type": "Point", "coordinates": [-73.865928, -50.73885]}}, {"type": "Feature", "id": 1544, "properties": {"Tier1Images": 1206, "Tier2Images": 363, "S2Images": 632, "TideRange": "2.80", "WaveHeight": "2.78", "RelativeTideRange": "1.01", "pk": "1544"}, "geometry": {"type": "Point", "coordinates": [-73.740016, -50.696364]}}, {"type": "Feature", "id": 1545, "properties": {"Tier1Images": 1439, "Tier2Images": 381, "S2Images": 633, "TideRange": "2.87", "WaveHeight": "2.78", "RelativeTideRange": "1.03", "pk": "1545"}, "geometry": {"type": "Point", "coordinates": [-74.200213, -50.762553]}}, {"type": "Feature", "id": 1546, "properties": {"Tier1Images": 1195, "Tier2Images": 358, "S2Images": 312, "TideRange": "2.52", "WaveHeight": "1.95", "RelativeTideRange": "1.29", "pk": "1546"}, "geometry": {"type": "Point", "coordinates": [-74.709329, -50.40089]}}, {"type": "Feature", "id": 1547, "properties": {"Tier1Images": 844, "Tier2Images": 394, "S2Images": 445, "TideRange": "2.06", "WaveHeight": "2.78", "RelativeTideRange": "0.74", "pk": "1547"}, "geometry": {"type": "Point", "coordinates": [-75.091321, -50.690154]}}, {"type": "Feature", "id": 1548, "properties": {"Tier1Images": 1281, "Tier2Images": 712, "S2Images": 632, "TideRange": "2.73", "WaveHeight": "2.78", "RelativeTideRange": "0.98", "pk": "1548"}, "geometry": {"type": "Point", "coordinates": [-74.596822, -51.126408]}}, {"type": "Feature", "id": 1549, "properties": {"Tier1Images": 890, "Tier2Images": 295, "S2Images": 630, "TideRange": "2.80", "WaveHeight": "2.78", "RelativeTideRange": "1.01", "pk": "1549"}, "geometry": {"type": "Point", "coordinates": [-73.900994, -51.374629]}}, {"type": "Feature", "id": 1550, "properties": {"Tier1Images": 933, "Tier2Images": 363, "S2Images": 660, "TideRange": "2.64", "WaveHeight": "3.31", "RelativeTideRange": "0.80", "pk": "1550"}, "geometry": {"type": "Point", "coordinates": [-74.08369, -51.738339]}}, {"type": "Feature", "id": 1551, "properties": {"Tier1Images": 1381, "Tier2Images": 222, "S2Images": 1425, "TideRange": "1.80", "WaveHeight": "2.11", "RelativeTideRange": "0.85", "pk": "1551"}, "geometry": {"type": "Point", "coordinates": [-73.486061, -52.047919]}}, {"type": "Feature", "id": 1552, "properties": {"Tier1Images": 1390, "Tier2Images": 217, "S2Images": 404, "TideRange": "1.80", "WaveHeight": "2.11", "RelativeTideRange": "0.85", "pk": "1552"}, "geometry": {"type": "Point", "coordinates": [-72.716857, -51.820741]}}, {"type": "Feature", "id": 1553, "properties": {"Tier1Images": 1383, "Tier2Images": 218, "S2Images": 1624, "TideRange": "2.80", "WaveHeight": "3.31", "RelativeTideRange": "0.85", "pk": "1553"}, "geometry": {"type": "Point", "coordinates": [-73.130031, -51.50173]}}, {"type": "Feature", "id": 1554, "properties": {"Tier1Images": 1358, "Tier2Images": 205, "S2Images": 405, "TideRange": "1.90", "WaveHeight": "2.11", "RelativeTideRange": "0.90", "pk": "1554"}, "geometry": {"type": "Point", "coordinates": [-72.545977, -51.70406]}}, {"type": "Feature", "id": 1555, "properties": {"Tier1Images": 2246, "Tier2Images": 201, "S2Images": 809, "TideRange": "1.94", "WaveHeight": "2.11", "RelativeTideRange": "0.92", "pk": "1555"}, "geometry": {"type": "Point", "coordinates": [-72.520491, -52.205799]}}, {"type": "Feature", "id": 1556, "properties": {"Tier1Images": 1680, "Tier2Images": 215, "S2Images": 813, "TideRange": "1.90", "WaveHeight": "2.11", "RelativeTideRange": "0.90", "pk": "1556"}, "geometry": {"type": "Point", "coordinates": [-72.645975, -52.102537]}}, {"type": "Feature", "id": 1557, "properties": {"Tier1Images": 1387, "Tier2Images": 221, "S2Images": 763, "TideRange": "1.80", "WaveHeight": "2.11", "RelativeTideRange": "0.85", "pk": "1557"}, "geometry": {"type": "Point", "coordinates": [-73.248225, -52.15502]}}, {"type": "Feature", "id": 1558, "properties": {"Tier1Images": 1933, "Tier2Images": 347, "S2Images": 662, "TideRange": "2.08", "WaveHeight": "3.31", "RelativeTideRange": "0.63", "pk": "1558"}, "geometry": {"type": "Point", "coordinates": [-73.886273, -52.215164]}}, {"type": "Feature", "id": 1559, "properties": {"Tier1Images": 1506, "Tier2Images": 553, "S2Images": 1339, "TideRange": "1.73", "WaveHeight": "3.60", "RelativeTideRange": "0.48", "pk": "1559"}, "geometry": {"type": "Point", "coordinates": [-74.156715, -52.367588]}}, {"type": "Feature", "id": 1560, "properties": {"Tier1Images": 899, "Tier2Images": 391, "S2Images": 657, "TideRange": "1.89", "WaveHeight": "2.11", "RelativeTideRange": "0.90", "pk": "1560"}, "geometry": {"type": "Point", "coordinates": [-73.703477, -52.662949]}}, {"type": "Feature", "id": 1561, "properties": {"Tier1Images": 1508, "Tier2Images": 532, "S2Images": 410, "TideRange": "1.90", "WaveHeight": "2.11", "RelativeTideRange": "0.90", "pk": "1561"}, "geometry": {"type": "Point", "coordinates": [-73.083544, -52.525459]}}, {"type": "Feature", "id": 1562, "properties": {"Tier1Images": 897, "Tier2Images": 389, "S2Images": 656, "TideRange": "1.91", "WaveHeight": "2.11", "RelativeTideRange": "0.91", "pk": "1562"}, "geometry": {"type": "Point", "coordinates": [-73.574133, -52.871356]}}, {"type": "Feature", "id": 1563, "properties": {"Tier1Images": 1122, "Tier2Images": 333, "S2Images": 826, "TideRange": "1.95", "WaveHeight": "2.11", "RelativeTideRange": "0.92", "pk": "1563"}, "geometry": {"type": "Point", "coordinates": [-73.018561, -52.926959]}}, {"type": "Feature", "id": 1564, "properties": {"Tier1Images": 1586, "Tier2Images": 221, "S2Images": 796, "TideRange": "1.94", "WaveHeight": "2.11", "RelativeTideRange": "0.92", "pk": "1564"}, "geometry": {"type": "Point", "coordinates": [-72.574554, -52.544595]}}, {"type": "Feature", "id": 1565, "properties": {"Tier1Images": 1542, "Tier2Images": 206, "S2Images": 1636, "TideRange": "1.94", "WaveHeight": "0.81", "RelativeTideRange": "2.41", "pk": "1565"}, "geometry": {"type": "Point", "coordinates": [-72.016557, -52.647146]}}, {"type": "Feature", "id": 1566, "properties": {"Tier1Images": 1282, "Tier2Images": 205, "S2Images": 845, "TideRange": "1.94", "WaveHeight": "2.11", "RelativeTideRange": "0.92", "pk": "1566"}, "geometry": {"type": "Point", "coordinates": [-72.730585, -52.763898]}}, {"type": "Feature", "id": 1567, "properties": {"Tier1Images": 1280, "Tier2Images": 218, "S2Images": 1501, "TideRange": "1.95", "WaveHeight": "2.11", "RelativeTideRange": "0.93", "pk": "1567"}, "geometry": {"type": "Point", "coordinates": [-73.050333, -53.240541]}}, {"type": "Feature", "id": 1568, "properties": {"Tier1Images": 1257, "Tier2Images": 194, "S2Images": 1513, "TideRange": "2.60", "WaveHeight": "1.26", "RelativeTideRange": "2.06", "pk": "1568"}, "geometry": {"type": "Point", "coordinates": [-72.501088, -53.308679]}}, {"type": "Feature", "id": 1569, "properties": {"Tier1Images": 1545, "Tier2Images": 228, "S2Images": 809, "TideRange": "2.61", "WaveHeight": "0.81", "RelativeTideRange": "3.23", "pk": "1569"}, "geometry": {"type": "Point", "coordinates": [-71.776352, -53.41001]}}, {"type": "Feature", "id": 1570, "properties": {"Tier1Images": 1260, "Tier2Images": 193, "S2Images": 1519, "TideRange": "2.57", "WaveHeight": "0.81", "RelativeTideRange": "3.18", "pk": "1570"}, "geometry": {"type": "Point", "coordinates": [-72.126431, -53.248817]}}, {"type": "Feature", "id": 1571, "properties": {"Tier1Images": 1368, "Tier2Images": 282, "S2Images": 671, "TideRange": "2.61", "WaveHeight": "0.81", "RelativeTideRange": "3.24", "pk": "1571"}, "geometry": {"type": "Point", "coordinates": [-72.186215, -53.622946]}}, {"type": "Feature", "id": 1572, "properties": {"Tier1Images": 1510, "Tier2Images": 486, "S2Images": 442, "TideRange": "2.62", "WaveHeight": "0.81", "RelativeTideRange": "3.24", "pk": "1572"}, "geometry": {"type": "Point", "coordinates": [-71.393791, -53.855487]}}, {"type": "Feature", "id": 1573, "properties": {"Tier1Images": 1395, "Tier2Images": 97, "S2Images": 449, "TideRange": "0.54", "WaveHeight": "0.51", "RelativeTideRange": "1.07", "pk": "1573"}, "geometry": {"type": "Point", "coordinates": [-81.914957, 8.953697]}}, {"type": "Feature", "id": 1574, "properties": {"Tier1Images": 1261, "Tier2Images": 262, "S2Images": 390, "TideRange": "0.53", "WaveHeight": "0.90", "RelativeTideRange": "0.59", "pk": "1574"}, "geometry": {"type": "Point", "coordinates": [-82.364307, 9.388813]}}, {"type": "Feature", "id": 1575, "properties": {"Tier1Images": 567, "Tier2Images": 212, "S2Images": 428, "TideRange": "0.53", "WaveHeight": "1.11", "RelativeTideRange": "0.48", "pk": "1575"}, "geometry": {"type": "Point", "coordinates": [-83.005564, 9.960096]}}, {"type": "Feature", "id": 1576, "properties": {"Tier1Images": 380, "Tier2Images": 65, "S2Images": 845, "TideRange": "0.83", "WaveHeight": "0.85", "RelativeTideRange": "0.98", "pk": "1576"}, "geometry": {"type": "Point", "coordinates": [157.623242, -8.73457]}}, {"type": "Feature", "id": 1577, "properties": {"Tier1Images": 795, "Tier2Images": 94, "S2Images": 510, "TideRange": "1.51", "WaveHeight": "1.01", "RelativeTideRange": "1.49", "pk": "1577"}, "geometry": {"type": "Point", "coordinates": [180.0, -16.540039]}}, {"type": "Feature", "id": 1578, "properties": {"Tier1Images": 772, "Tier2Images": 60, "S2Images": 500, "TideRange": "1.65", "WaveHeight": "1.22", "RelativeTideRange": "1.35", "pk": "1578"}, "geometry": {"type": "Point", "coordinates": [180.0, -16.15293]}}, {"type": "Feature", "id": 1579, "properties": {"Tier1Images": 918, "Tier2Images": 139, "S2Images": 434, "TideRange": "2.19", "WaveHeight": "1.10", "RelativeTideRange": "2.00", "pk": "1579"}, "geometry": {"type": "Point", "coordinates": [116.688485, 23.260502]}}, {"type": "Feature", "id": 1580, "properties": {"Tier1Images": 1154, "Tier2Images": 168, "S2Images": 864, "TideRange": "2.95", "WaveHeight": "0.70", "RelativeTideRange": "4.21", "pk": "1580"}, "geometry": {"type": "Point", "coordinates": [117.178027, 23.617539]}}, {"type": "Feature", "id": 1581, "properties": {"Tier1Images": 2540, "Tier2Images": 581, "S2Images": 446, "TideRange": "4.43", "WaveHeight": "1.21", "RelativeTideRange": "3.65", "pk": "1581"}, "geometry": {"type": "Point", "coordinates": [117.651512, 23.89696]}}, {"type": "Feature", "id": 1582, "properties": {"Tier1Images": 1784, "Tier2Images": 258, "S2Images": 865, "TideRange": "5.19", "WaveHeight": "1.21", "RelativeTideRange": "4.27", "pk": "1582"}, "geometry": {"type": "Point", "coordinates": [117.874767, 24.400937]}}, {"type": "Feature", "id": 1583, "properties": {"Tier1Images": 912, "Tier2Images": 163, "S2Images": 430, "TideRange": "5.87", "WaveHeight": "1.07", "RelativeTideRange": "5.48", "pk": "1583"}, "geometry": {"type": "Point", "coordinates": [118.521372, 24.585722]}}, {"type": "Feature", "id": 1584, "properties": {"Tier1Images": 959, "Tier2Images": 167, "S2Images": 429, "TideRange": "6.82", "WaveHeight": "1.03", "RelativeTideRange": "6.64", "pk": "1584"}, "geometry": {"type": "Point", "coordinates": [118.933317, 25.070969]}}, {"type": "Feature", "id": 1585, "properties": {"Tier1Images": 1648, "Tier2Images": 223, "S2Images": 389, "TideRange": "7.18", "WaveHeight": "0.79", "RelativeTideRange": "9.14", "pk": "1585"}, "geometry": {"type": "Point", "coordinates": [119.277615, 25.464104]}}, {"type": "Feature", "id": 1586, "properties": {"Tier1Images": 1746, "Tier2Images": 257, "S2Images": 389, "TideRange": "6.85", "WaveHeight": "0.79", "RelativeTideRange": "8.71", "pk": "1586"}, "geometry": {"type": "Point", "coordinates": [119.617586, 25.825014]}}, {"type": "Feature", "id": 1587, "properties": {"Tier1Images": 932, "Tier2Images": 108, "S2Images": 388, "TideRange": "6.85", "WaveHeight": "0.79", "RelativeTideRange": "8.72", "pk": "1587"}, "geometry": {"type": "Point", "coordinates": [119.242107, 26.099238]}}, {"type": "Feature", "id": 1588, "properties": {"Tier1Images": 1972, "Tier2Images": 267, "S2Images": 384, "TideRange": "6.82", "WaveHeight": "0.66", "RelativeTideRange": "10.34", "pk": "1588"}, "geometry": {"type": "Point", "coordinates": [119.831241, 26.449846]}}, {"type": "Feature", "id": 1589, "properties": {"Tier1Images": 2561, "Tier2Images": 372, "S2Images": 390, "TideRange": "7.49", "WaveHeight": "0.66", "RelativeTideRange": "11.36", "pk": "1589"}, "geometry": {"type": "Point", "coordinates": [119.81807, 26.768676]}}, {"type": "Feature", "id": 1590, "properties": {"Tier1Images": 890, "Tier2Images": 150, "S2Images": 755, "TideRange": "6.42", "WaveHeight": "0.76", "RelativeTideRange": "8.40", "pk": "1590"}, "geometry": {"type": "Point", "coordinates": [120.240098, 27.038989]}}, {"type": "Feature", "id": 1591, "properties": {"Tier1Images": 859, "Tier2Images": 156, "S2Images": 745, "TideRange": "6.47", "WaveHeight": "0.95", "RelativeTideRange": "6.79", "pk": "1591"}, "geometry": {"type": "Point", "coordinates": [120.662764, 27.668114]}}, {"type": "Feature", "id": 1592, "properties": {"Tier1Images": 1764, "Tier2Images": 243, "S2Images": 1495, "TideRange": "6.57", "WaveHeight": "0.94", "RelativeTideRange": "7.03", "pk": "1592"}, "geometry": {"type": "Point", "coordinates": [121.048655, 28.185227]}}, {"type": "Feature", "id": 1593, "properties": {"Tier1Images": 1684, "Tier2Images": 329, "S2Images": 387, "TideRange": "5.50", "WaveHeight": "0.94", "RelativeTideRange": "5.87", "pk": "1593"}, "geometry": {"type": "Point", "coordinates": [121.595302, 28.382913]}}, {"type": "Feature", "id": 1594, "properties": {"Tier1Images": 1144, "Tier2Images": 163, "S2Images": 764, "TideRange": "5.59", "WaveHeight": "0.64", "RelativeTideRange": "8.76", "pk": "1594"}, "geometry": {"type": "Point", "coordinates": [121.643244, 28.918062]}}, {"type": "Feature", "id": 1595, "properties": {"Tier1Images": 1710, "Tier2Images": 283, "S2Images": 376, "TideRange": "5.66", "WaveHeight": "0.64", "RelativeTideRange": "8.87", "pk": "1595"}, "geometry": {"type": "Point", "coordinates": [121.837933, 29.152968]}}, {"type": "Feature", "id": 1596, "properties": {"Tier1Images": 1868, "Tier2Images": 215, "S2Images": 378, "TideRange": "5.03", "WaveHeight": "0.51", "RelativeTideRange": "9.79", "pk": "1596"}, "geometry": {"type": "Point", "coordinates": [121.72218, 29.533616]}}, {"type": "Feature", "id": 1597, "properties": {"Tier1Images": 1906, "Tier2Images": 305, "S2Images": 746, "TideRange": "2.89", "WaveHeight": "0.39", "RelativeTideRange": "7.35", "pk": "1597"}, "geometry": {"type": "Point", "coordinates": [122.029888, 29.84323]}}, {"type": "Feature", "id": 1598, "properties": {"Tier1Images": 928, "Tier2Images": 110, "S2Images": 749, "TideRange": "5.19", "WaveHeight": "0.43", "RelativeTideRange": "12.16", "pk": "1598"}, "geometry": {"type": "Point", "coordinates": [121.405321, 30.243236]}}, {"type": "Feature", "id": 1599, "properties": {"Tier1Images": 895, "Tier2Images": 167, "S2Images": 861, "TideRange": "2.92", "WaveHeight": "0.64", "RelativeTideRange": "4.57", "pk": "1599"}, "geometry": {"type": "Point", "coordinates": [121.748666, 31.209573]}}, {"type": "Feature", "id": 1600, "properties": {"Tier1Images": 708, "Tier2Images": 122, "S2Images": 760, "TideRange": "2.65", "WaveHeight": "1.40", "RelativeTideRange": "1.89", "pk": "1600"}, "geometry": {"type": "Point", "coordinates": [156.498743, 51.543792]}}, {"type": "Feature", "id": 1601, "properties": {"Tier1Images": 1080, "Tier2Images": 558, "S2Images": 769, "TideRange": "2.39", "WaveHeight": "1.48", "RelativeTideRange": "1.61", "pk": "1601"}, "geometry": {"type": "Point", "coordinates": [156.732878, 51.018671]}}, {"type": "Feature", "id": 1602, "properties": {"Tier1Images": 902, "Tier2Images": 159, "S2Images": 1478, "TideRange": "2.10", "WaveHeight": "1.40", "RelativeTideRange": "1.50", "pk": "1602"}, "geometry": {"type": "Point", "coordinates": [157.351039, 51.314352]}}, {"type": "Feature", "id": 1603, "properties": {"Tier1Images": 730, "Tier2Images": 124, "S2Images": 391, "TideRange": "2.05", "WaveHeight": "1.82", "RelativeTideRange": "1.12", "pk": "1603"}, "geometry": {"type": "Point", "coordinates": [157.963294, 51.707525]}}, {"type": "Feature", "id": 1604, "properties": {"Tier1Images": 486, "Tier2Images": 103, "S2Images": 764, "TideRange": "2.01", "WaveHeight": "1.82", "RelativeTideRange": "1.11", "pk": "1604"}, "geometry": {"type": "Point", "coordinates": [158.39287, 52.19044]}}, {"type": "Feature", "id": 1605, "properties": {"Tier1Images": 775, "Tier2Images": 109, "S2Images": 396, "TideRange": "2.02", "WaveHeight": "1.57", "RelativeTideRange": "1.29", "pk": "1605"}, "geometry": {"type": "Point", "coordinates": [158.546403, 52.719833]}}, {"type": "Feature", "id": 1606, "properties": {"Tier1Images": 795, "Tier2Images": 110, "S2Images": 396, "TideRange": "2.05", "WaveHeight": "0.65", "RelativeTideRange": "3.14", "pk": "1606"}, "geometry": {"type": "Point", "coordinates": [158.665054, 52.96894]}}, {"type": "Feature", "id": 1607, "properties": {"Tier1Images": 869, "Tier2Images": 159, "S2Images": 1574, "TideRange": "2.06", "WaveHeight": "1.78", "RelativeTideRange": "1.16", "pk": "1607"}, "geometry": {"type": "Point", "coordinates": [159.353277, 53.17538]}}, {"type": "Feature", "id": 1608, "properties": {"Tier1Images": 862, "Tier2Images": 161, "S2Images": 1573, "TideRange": "2.02", "WaveHeight": "1.93", "RelativeTideRange": "1.05", "pk": "1608"}, "geometry": {"type": "Point", "coordinates": [160.012639, 53.208536]}}, {"type": "Feature", "id": 1609, "properties": {"Tier1Images": 1347, "Tier2Images": 375, "S2Images": 795, "TideRange": "2.01", "WaveHeight": "1.57", "RelativeTideRange": "1.29", "pk": "1609"}, "geometry": {"type": "Point", "coordinates": [159.861495, 53.711132]}}, {"type": "Feature", "id": 1610, "properties": {"Tier1Images": 945, "Tier2Images": 469, "S2Images": 811, "TideRange": "2.01", "WaveHeight": "1.60", "RelativeTideRange": "1.25", "pk": "1610"}, "geometry": {"type": "Point", "coordinates": [160.107194, 54.204319]}}, {"type": "Feature", "id": 1611, "properties": {"Tier1Images": 981, "Tier2Images": 292, "S2Images": 822, "TideRange": "2.01", "WaveHeight": "1.50", "RelativeTideRange": "1.34", "pk": "1611"}, "geometry": {"type": "Point", "coordinates": [160.786038, 54.544399]}}, {"type": "Feature", "id": 1612, "properties": {"Tier1Images": 761, "Tier2Images": 332, "S2Images": 826, "TideRange": "2.02", "WaveHeight": "1.74", "RelativeTideRange": "1.16", "pk": "1612"}, "geometry": {"type": "Point", "coordinates": [161.622723, 54.516287]}}, {"type": "Feature", "id": 1613, "properties": {"Tier1Images": 759, "Tier2Images": 156, "S2Images": 553, "TideRange": "2.01", "WaveHeight": "1.87", "RelativeTideRange": "1.08", "pk": "1613"}, "geometry": {"type": "Point", "coordinates": [162.072168, 54.896918]}}, {"type": "Feature", "id": 1614, "properties": {"Tier1Images": 1105, "Tier2Images": 410, "S2Images": 824, "TideRange": "2.01", "WaveHeight": "1.65", "RelativeTideRange": "1.22", "pk": "1614"}, "geometry": {"type": "Point", "coordinates": [161.729135, 55.364563]}}, {"type": "Feature", "id": 1615, "properties": {"Tier1Images": 803, "Tier2Images": 318, "S2Images": 1549, "TideRange": "2.01", "WaveHeight": "1.65", "RelativeTideRange": "1.22", "pk": "1615"}, "geometry": {"type": "Point", "coordinates": [161.931218, 55.851559]}}, {"type": "Feature", "id": 1616, "properties": {"Tier1Images": 795, "Tier2Images": 320, "S2Images": 779, "TideRange": "2.02", "WaveHeight": "1.40", "RelativeTideRange": "1.44", "pk": "1616"}, "geometry": {"type": "Point", "coordinates": [162.448833, 56.230877]}}, {"type": "Feature", "id": 1617, "properties": {"Tier1Images": 1198, "Tier2Images": 168, "S2Images": 794, "TideRange": "2.06", "WaveHeight": "1.39", "RelativeTideRange": "1.49", "pk": "1617"}, "geometry": {"type": "Point", "coordinates": [162.952443, 56.509274]}}, {"type": "Feature", "id": 1618, "properties": {"Tier1Images": 791, "Tier2Images": 117, "S2Images": 696, "TideRange": "2.02", "WaveHeight": "1.40", "RelativeTideRange": "1.44", "pk": "1618"}, "geometry": {"type": "Point", "coordinates": [162.701748, 56.17454]}}, {"type": "Feature", "id": 1619, "properties": {"Tier1Images": 925, "Tier2Images": 137, "S2Images": 793, "TideRange": "2.06", "WaveHeight": "2.03", "RelativeTideRange": "1.02", "pk": "1619"}, "geometry": {"type": "Point", "coordinates": [163.331827, 56.229575]}}, {"type": "Feature", "id": 1620, "properties": {"Tier1Images": 1017, "Tier2Images": 242, "S2Images": 793, "TideRange": "2.07", "WaveHeight": "2.03", "RelativeTideRange": "1.02", "pk": "1620"}, "geometry": {"type": "Point", "coordinates": [163.208111, 56.707949]}}, {"type": "Feature", "id": 1621, "properties": {"Tier1Images": 706, "Tier2Images": 178, "S2Images": 763, "TideRange": "2.07", "WaveHeight": "1.39", "RelativeTideRange": "1.49", "pk": "1621"}, "geometry": {"type": "Point", "coordinates": [162.814772, 57.022939]}}, {"type": "Feature", "id": 1622, "properties": {"Tier1Images": 709, "Tier2Images": 181, "S2Images": 763, "TideRange": "2.04", "WaveHeight": "1.66", "RelativeTideRange": "1.22", "pk": "1622"}, "geometry": {"type": "Point", "coordinates": [162.952032, 57.474124]}}, {"type": "Feature", "id": 1623, "properties": {"Tier1Images": 974, "Tier2Images": 237, "S2Images": 760, "TideRange": "2.06", "WaveHeight": "1.38", "RelativeTideRange": "1.49", "pk": "1623"}, "geometry": {"type": "Point", "coordinates": [163.052768, 57.860855]}}, {"type": "Feature", "id": 1624, "properties": {"Tier1Images": 1393, "Tier2Images": 208, "S2Images": 768, "TideRange": "2.27", "WaveHeight": "1.66", "RelativeTideRange": "1.36", "pk": "1624"}, "geometry": {"type": "Point", "coordinates": [162.439704, 57.748538]}}, {"type": "Feature", "id": 1625, "properties": {"Tier1Images": 1370, "Tier2Images": 225, "S2Images": 758, "TideRange": "2.29", "WaveHeight": "1.38", "RelativeTideRange": "1.66", "pk": "1625"}, "geometry": {"type": "Point", "coordinates": [161.975864, 58.040736]}}, {"type": "Feature", "id": 1626, "properties": {"Tier1Images": 874, "Tier2Images": 124, "S2Images": 737, "TideRange": "2.30", "WaveHeight": "1.15", "RelativeTideRange": "2.00", "pk": "1626"}, "geometry": {"type": "Point", "coordinates": [162.195553, 58.492799]}}, {"type": "Feature", "id": 1627, "properties": {"Tier1Images": 877, "Tier2Images": 127, "S2Images": 717, "TideRange": "2.37", "WaveHeight": "1.15", "RelativeTideRange": "2.06", "pk": "1627"}, "geometry": {"type": "Point", "coordinates": [162.735298, 58.862805]}}, {"type": "Feature", "id": 1628, "properties": {"Tier1Images": 1326, "Tier2Images": 186, "S2Images": 709, "TideRange": "2.47", "WaveHeight": "1.15", "RelativeTideRange": "2.15", "pk": "1628"}, "geometry": {"type": "Point", "coordinates": [163.138952, 59.180741]}}, {"type": "Feature", "id": 1629, "properties": {"Tier1Images": 1049, "Tier2Images": 184, "S2Images": 1423, "TideRange": "2.52", "WaveHeight": "1.47", "RelativeTideRange": "1.71", "pk": "1629"}, "geometry": {"type": "Point", "coordinates": [163.297097, 59.619885]}}, {"type": "Feature", "id": 1630, "properties": {"Tier1Images": 959, "Tier2Images": 146, "S2Images": 694, "TideRange": "2.56", "WaveHeight": "1.26", "RelativeTideRange": "2.03", "pk": "1630"}, "geometry": {"type": "Point", "coordinates": [163.71514, 60.00157]}}, {"type": "Feature", "id": 1631, "properties": {"Tier1Images": 1163, "Tier2Images": 227, "S2Images": 694, "TideRange": "2.44", "WaveHeight": "1.26", "RelativeTideRange": "1.94", "pk": "1631"}, "geometry": {"type": "Point", "coordinates": [164.271924, 59.98749]}}, {"type": "Feature", "id": 1632, "properties": {"Tier1Images": 763, "Tier2Images": 181, "S2Images": 1036, "TideRange": "2.21", "WaveHeight": "1.57", "RelativeTideRange": "1.41", "pk": "1632"}, "geometry": {"type": "Point", "coordinates": [164.857388, 59.841049]}}, {"type": "Feature", "id": 1633, "properties": {"Tier1Images": 817, "Tier2Images": 184, "S2Images": 997, "TideRange": "2.18", "WaveHeight": "1.21", "RelativeTideRange": "1.79", "pk": "1633"}, "geometry": {"type": "Point", "coordinates": [165.305566, 60.145853]}}, {"type": "Feature", "id": 1634, "properties": {"Tier1Images": 1303, "Tier2Images": 297, "S2Images": 1357, "TideRange": "2.21", "WaveHeight": "1.22", "RelativeTideRange": "1.81", "pk": "1634"}, "geometry": {"type": "Point", "coordinates": [166.027659, 60.401353]}}, {"type": "Feature", "id": 1635, "properties": {"Tier1Images": 761, "Tier2Images": 197, "S2Images": 683, "TideRange": "2.21", "WaveHeight": "1.36", "RelativeTideRange": "1.62", "pk": "1635"}, "geometry": {"type": "Point", "coordinates": [166.252851, 60.240146]}}, {"type": "Feature", "id": 1636, "properties": {"Tier1Images": 719, "Tier2Images": 187, "S2Images": 684, "TideRange": "2.03", "WaveHeight": "1.36", "RelativeTideRange": "1.49", "pk": "1636"}, "geometry": {"type": "Point", "coordinates": [166.281262, 59.858509]}}, {"type": "Feature", "id": 1637, "properties": {"Tier1Images": 755, "Tier2Images": 191, "S2Images": 1335, "TideRange": "2.00", "WaveHeight": "1.59", "RelativeTideRange": "1.26", "pk": "1637"}, "geometry": {"type": "Point", "coordinates": [166.828016, 60.211667]}}, {"type": "Feature", "id": 1638, "properties": {"Tier1Images": 1032, "Tier2Images": 286, "S2Images": 797, "TideRange": "1.74", "WaveHeight": "1.34", "RelativeTideRange": "1.30", "pk": "1638"}, "geometry": {"type": "Point", "coordinates": [145.943555, 43.426465]}}, {"type": "Feature", "id": 1639, "properties": {"Tier1Images": 1257, "Tier2Images": 276, "S2Images": 796, "TideRange": "1.69", "WaveHeight": "1.62", "RelativeTideRange": "1.04", "pk": "1639"}, "geometry": {"type": "Point", "coordinates": [146.333301, 43.647461]}}, {"type": "Feature", "id": 1640, "properties": {"Tier1Images": 1032, "Tier2Images": 256, "S2Images": 796, "TideRange": "1.79", "WaveHeight": "1.34", "RelativeTideRange": "1.33", "pk": "1640"}, "geometry": {"type": "Point", "coordinates": [146.088574, 43.449023]}}, {"type": "Feature", "id": 1641, "properties": {"Tier1Images": 2216, "Tier2Images": 192, "S2Images": 1041, "TideRange": "0.95", "WaveHeight": "0.80", "RelativeTideRange": "1.19", "pk": "1641"}, "geometry": {"type": "Point", "coordinates": [-81.322314, 24.685059]}}, {"type": "Feature", "id": 1642, "properties": {"Tier1Images": 1288, "Tier2Images": 278, "S2Images": 519, "TideRange": "0.42", "WaveHeight": "0.57", "RelativeTideRange": "0.74", "pk": "1642"}, "geometry": {"type": "Point", "coordinates": [-80.799414, 24.846289]}}, {"type": "Feature", "id": 1643, "properties": {"Tier1Images": 1287, "Tier2Images": 270, "S2Images": 518, "TideRange": "0.32", "WaveHeight": "0.67", "RelativeTideRange": "0.48", "pk": "1643"}, "geometry": {"type": "Point", "coordinates": [-80.625684, 24.941113]}}, {"type": "Feature", "id": 1644, "properties": {"Tier1Images": 915, "Tier2Images": 191, "S2Images": 412, "TideRange": "1.75", "WaveHeight": "1.23", "RelativeTideRange": "1.43", "pk": "1644"}, "geometry": {"type": "Point", "coordinates": [-57.791797, -51.636133]}}, {"type": "Feature", "id": 1645, "properties": {"Tier1Images": 932, "Tier2Images": 192, "S2Images": 755, "TideRange": "2.35", "WaveHeight": "1.23", "RelativeTideRange": "1.91", "pk": "1645"}, "geometry": {"type": "Point", "coordinates": [-58.203337, -51.404413]}}, {"type": "Feature", "id": 1646, "properties": {"Tier1Images": 790, "Tier2Images": 136, "S2Images": 1564, "TideRange": "2.45", "WaveHeight": "0.82", "RelativeTideRange": "3.00", "pk": "1646"}, "geometry": {"type": "Point", "coordinates": [-58.395432, -51.400086]}}, {"type": "Feature", "id": 1647, "properties": {"Tier1Images": 1283, "Tier2Images": 183, "S2Images": 1604, "TideRange": "2.54", "WaveHeight": "1.82", "RelativeTideRange": "1.40", "pk": "1647"}, "geometry": {"type": "Point", "coordinates": [-58.953725, -51.400587]}}, {"type": "Feature", "id": 1648, "properties": {"Tier1Images": 1283, "Tier2Images": 183, "S2Images": 832, "TideRange": "2.06", "WaveHeight": "0.59", "RelativeTideRange": "3.47", "pk": "1648"}, "geometry": {"type": "Point", "coordinates": [-59.360554, -51.80916]}}, {"type": "Feature", "id": 1649, "properties": {"Tier1Images": 1717, "Tier2Images": 408, "S2Images": 833, "TideRange": "0.57", "WaveHeight": "2.23", "RelativeTideRange": "0.26", "pk": "1649"}, "geometry": {"type": "Point", "coordinates": [-59.506491, -52.249924]}}, {"type": "Feature", "id": 1650, "properties": {"Tier1Images": 1283, "Tier2Images": 183, "S2Images": 833, "TideRange": "1.33", "WaveHeight": "2.29", "RelativeTideRange": "0.58", "pk": "1650"}, "geometry": {"type": "Point", "coordinates": [-59.190263, -52.024477]}}, {"type": "Feature", "id": 1651, "properties": {"Tier1Images": 866, "Tier2Images": 147, "S2Images": 832, "TideRange": "1.42", "WaveHeight": "1.65", "RelativeTideRange": "0.86", "pk": "1651"}, "geometry": {"type": "Point", "coordinates": [-58.640926, -51.92736]}}, {"type": "Feature", "id": 1652, "properties": {"Tier1Images": 915, "Tier2Images": 191, "S2Images": 414, "TideRange": "1.58", "WaveHeight": "1.23", "RelativeTideRange": "1.29", "pk": "1652"}, "geometry": {"type": "Point", "coordinates": [-57.837982, -51.708473]}}, {"type": "Feature", "id": 1653, "properties": {"Tier1Images": 1283, "Tier2Images": 183, "S2Images": 834, "TideRange": "1.97", "WaveHeight": "0.59", "RelativeTideRange": "3.31", "pk": "1653"}, "geometry": {"type": "Point", "coordinates": [-59.573193, -51.680859]}}, {"type": "Feature", "id": 1654, "properties": {"Tier1Images": 1283, "Tier2Images": 183, "S2Images": 1604, "TideRange": "2.67", "WaveHeight": "0.59", "RelativeTideRange": "4.50", "pk": "1654"}, "geometry": {"type": "Point", "coordinates": [-59.554629, -51.407936]}}, {"type": "Feature", "id": 1655, "properties": {"Tier1Images": 1161, "Tier2Images": 245, "S2Images": 1669, "TideRange": "2.96", "WaveHeight": "1.27", "RelativeTideRange": "2.34", "pk": "1655"}, "geometry": {"type": "Point", "coordinates": [-60.345219, -51.43877]}}, {"type": "Feature", "id": 1656, "properties": {"Tier1Images": 1162, "Tier2Images": 245, "S2Images": 414, "TideRange": "2.94", "WaveHeight": "1.27", "RelativeTideRange": "2.33", "pk": "1656"}, "geometry": {"type": "Point", "coordinates": [-60.27657, -51.653948]}}, {"type": "Feature", "id": 1657, "properties": {"Tier1Images": 1161, "Tier2Images": 245, "S2Images": 415, "TideRange": "3.04", "WaveHeight": "1.32", "RelativeTideRange": "2.30", "pk": "1657"}, "geometry": {"type": "Point", "coordinates": [-60.319833, -51.827318]}}, {"type": "Feature", "id": 1658, "properties": {"Tier1Images": 1161, "Tier2Images": 248, "S2Images": 816, "TideRange": "1.50", "WaveHeight": "1.88", "RelativeTideRange": "0.80", "pk": "1658"}, "geometry": {"type": "Point", "coordinates": [-60.877171, -52.108407]}}, {"type": "Feature", "id": 1659, "properties": {"Tier1Images": 1092, "Tier2Images": 196, "S2Images": 416, "TideRange": "0.74", "WaveHeight": "1.32", "RelativeTideRange": "0.56", "pk": "1659"}, "geometry": {"type": "Point", "coordinates": [-60.222524, -51.984745]}}, {"type": "Feature", "id": 1660, "properties": {"Tier1Images": 1702, "Tier2Images": 163, "S2Images": 810, "TideRange": "2.21", "WaveHeight": "0.94", "RelativeTideRange": "2.36", "pk": "1660"}, "geometry": {"type": "Point", "coordinates": [-63.884912, 49.657715]}}, {"type": "Feature", "id": 1661, "properties": {"Tier1Images": 1369, "Tier2Images": 217, "S2Images": 812, "TideRange": "1.73", "WaveHeight": "1.00", "RelativeTideRange": "1.72", "pk": "1661"}, "geometry": {"type": "Point", "coordinates": [-63.227047, 49.28672]}}, {"type": "Feature", "id": 1662, "properties": {"Tier1Images": 798, "Tier2Images": 211, "S2Images": 403, "TideRange": "1.33", "WaveHeight": "1.24", "RelativeTideRange": "1.07", "pk": "1662"}, "geometry": {"type": "Point", "coordinates": [-62.376181, 49.108159]}}, {"type": "Feature", "id": 1663, "properties": {"Tier1Images": 1178, "Tier2Images": 313, "S2Images": 772, "TideRange": "1.47", "WaveHeight": "1.27", "RelativeTideRange": "1.15", "pk": "1663"}, "geometry": {"type": "Point", "coordinates": [-61.780727, 49.247828]}}, {"type": "Feature", "id": 1664, "properties": {"Tier1Images": 1992, "Tier2Images": 236, "S2Images": 1094, "TideRange": "1.54", "WaveHeight": "0.86", "RelativeTideRange": "1.78", "pk": "1664"}, "geometry": {"type": "Point", "coordinates": [-62.516449, 49.573316]}}, {"type": "Feature", "id": 1665, "properties": {"Tier1Images": 1708, "Tier2Images": 166, "S2Images": 810, "TideRange": "1.65", "WaveHeight": "1.00", "RelativeTideRange": "1.65", "pk": "1665"}, "geometry": {"type": "Point", "coordinates": [-63.324511, 49.820904]}}, {"type": "Feature", "id": 1666, "properties": {"Tier1Images": 1464, "Tier2Images": 146, "S2Images": 394, "TideRange": "2.30", "WaveHeight": "0.80", "RelativeTideRange": "2.87", "pk": "1666"}, "geometry": {"type": "Point", "coordinates": [-64.20077, 49.943338]}}, {"type": "Feature", "id": 1667, "properties": {"Tier1Images": 2016, "Tier2Images": 202, "S2Images": 810, "TideRange": "2.26", "WaveHeight": "0.94", "RelativeTideRange": "2.42", "pk": "1667"}, "geometry": {"type": "Point", "coordinates": [-63.993955, 49.691159]}}, {"type": "Feature", "id": 1668, "properties": {"Tier1Images": 1287, "Tier2Images": 253, "S2Images": 1539, "TideRange": "1.45", "WaveHeight": "1.64", "RelativeTideRange": "0.88", "pk": "1668"}, "geometry": {"type": "Point", "coordinates": [-59.842187, 45.941553]}}, {"type": "Feature", "id": 1669, "properties": {"Tier1Images": 1093, "Tier2Images": 175, "S2Images": 774, "TideRange": "1.24", "WaveHeight": "1.34", "RelativeTideRange": "0.93", "pk": "1669"}, "geometry": {"type": "Point", "coordinates": [-60.25399, 46.277827]}}, {"type": "Feature", "id": 1670, "properties": {"Tier1Images": 749, "Tier2Images": 85, "S2Images": 744, "TideRange": "1.54", "WaveHeight": "1.40", "RelativeTideRange": "1.10", "pk": "1670"}, "geometry": {"type": "Point", "coordinates": [-60.628185, 45.94415]}}, {"type": "Feature", "id": 1671, "properties": {"Tier1Images": 1420, "Tier2Images": 146, "S2Images": 378, "TideRange": "1.62", "WaveHeight": "1.03", "RelativeTideRange": "1.57", "pk": "1671"}, "geometry": {"type": "Point", "coordinates": [-61.029852, 45.713428]}}, {"type": "Feature", "id": 1672, "properties": {"Tier1Images": 1450, "Tier2Images": 148, "S2Images": 377, "TideRange": "1.22", "WaveHeight": "1.03", "RelativeTideRange": "1.18", "pk": "1672"}, "geometry": {"type": "Point", "coordinates": [-61.098449, 45.948211]}}, {"type": "Feature", "id": 1673, "properties": {"Tier1Images": 747, "Tier2Images": 84, "S2Images": 368, "TideRange": "1.23", "WaveHeight": "1.34", "RelativeTideRange": "0.91", "pk": "1673"}, "geometry": {"type": "Point", "coordinates": [-60.497065, 46.349779]}}, {"type": "Feature", "id": 1674, "properties": {"Tier1Images": 855, "Tier2Images": 193, "S2Images": 376, "TideRange": "1.10", "WaveHeight": "1.17", "RelativeTideRange": "0.94", "pk": "1674"}, "geometry": {"type": "Point", "coordinates": [-60.427732, 46.938623]}}, {"type": "Feature", "id": 1675, "properties": {"Tier1Images": 2004, "Tier2Images": 330, "S2Images": 366, "TideRange": "1.10", "WaveHeight": "1.15", "RelativeTideRange": "0.96", "pk": "1675"}, "geometry": {"type": "Point", "coordinates": [-60.971019, 46.668466]}}, {"type": "Feature", "id": 1676, "properties": {"Tier1Images": 1450, "Tier2Images": 147, "S2Images": 367, "TideRange": "1.26", "WaveHeight": "1.02", "RelativeTideRange": "1.23", "pk": "1676"}, "geometry": {"type": "Point", "coordinates": [-61.42887, 46.139302]}}, {"type": "Feature", "id": 1677, "properties": {"Tier1Images": 1456, "Tier2Images": 147, "S2Images": 395, "TideRange": "1.64", "WaveHeight": "1.03", "RelativeTideRange": "1.59", "pk": "1677"}, "geometry": {"type": "Point", "coordinates": [-61.270341, 45.573492]}}, {"type": "Feature", "id": 1678, "properties": {"Tier1Images": 1417, "Tier2Images": 323, "S2Images": 1521, "TideRange": "1.54", "WaveHeight": "1.40", "RelativeTideRange": "1.10", "pk": "1678"}, "geometry": {"type": "Point", "coordinates": [-60.39787, 45.652018]}}, {"type": "Feature", "id": 1679, "properties": {"Tier1Images": 1469, "Tier2Images": 248, "S2Images": 530, "TideRange": "0.42", "WaveHeight": "0.93", "RelativeTideRange": "0.45", "pk": "1679"}, "geometry": {"type": "Point", "coordinates": [-76.349854, 18.151855]}}, {"type": "Feature", "id": 1680, "properties": {"Tier1Images": 952, "Tier2Images": 52, "S2Images": 522, "TideRange": "0.42", "WaveHeight": "0.78", "RelativeTideRange": "0.54", "pk": "1680"}, "geometry": {"type": "Point", "coordinates": [-77.182874, 18.434255]}}, {"type": "Feature", "id": 1681, "properties": {"Tier1Images": 947, "Tier2Images": 58, "S2Images": 983, "TideRange": "0.40", "WaveHeight": "0.87", "RelativeTideRange": "0.46", "pk": "1681"}, "geometry": {"type": "Point", "coordinates": [-78.05638, 18.452365]}}, {"type": "Feature", "id": 1682, "properties": {"Tier1Images": 1715, "Tier2Images": 110, "S2Images": 2092, "TideRange": "0.41", "WaveHeight": "0.82", "RelativeTideRange": "0.50", "pk": "1682"}, "geometry": {"type": "Point", "coordinates": [-77.94243, 18.040383]}}, {"type": "Feature", "id": 1683, "properties": {"Tier1Images": 900, "Tier2Images": 79, "S2Images": 524, "TideRange": "0.39", "WaveHeight": "1.32", "RelativeTideRange": "0.29", "pk": "1683"}, "geometry": {"type": "Point", "coordinates": [-77.19349, 17.747049]}}, {"type": "Feature", "id": 1684, "properties": {"Tier1Images": 757, "Tier2Images": 98, "S2Images": 533, "TideRange": "0.39", "WaveHeight": "1.36", "RelativeTideRange": "0.28", "pk": "1684"}, "geometry": {"type": "Point", "coordinates": [-76.558844, 17.878022]}}, {"type": "Feature", "id": 1685, "properties": {"Tier1Images": 473, "Tier2Images": 12, "S2Images": 530, "TideRange": "0.64", "WaveHeight": "1.29", "RelativeTideRange": "0.49", "pk": "1685"}, "geometry": {"type": "Point", "coordinates": [-65.628809, 18.381396]}}, {"type": "Feature", "id": 1686, "properties": {"Tier1Images": 501, "Tier2Images": 9, "S2Images": 557, "TideRange": "0.68", "WaveHeight": "1.28", "RelativeTideRange": "0.53", "pk": "1686"}, "geometry": {"type": "Point", "coordinates": [-66.423158, 18.482074]}}, {"type": "Feature", "id": 1687, "properties": {"Tier1Images": 500, "Tier2Images": 10, "S2Images": 588, "TideRange": "0.57", "WaveHeight": "1.23", "RelativeTideRange": "0.46", "pk": "1687"}, "geometry": {"type": "Point", "coordinates": [-67.238157, 18.379425]}}, {"type": "Feature", "id": 1688, "properties": {"Tier1Images": 1016, "Tier2Images": 52, "S2Images": 583, "TideRange": "0.31", "WaveHeight": "0.86", "RelativeTideRange": "0.36", "pk": "1688"}, "geometry": {"type": "Point", "coordinates": [-66.762905, 17.986097]}}, {"type": "Feature", "id": 1689, "properties": {"Tier1Images": 580, "Tier2Images": 25, "S2Images": 1176, "TideRange": "0.33", "WaveHeight": "0.84", "RelativeTideRange": "0.39", "pk": "1689"}, "geometry": {"type": "Point", "coordinates": [-65.892632, 18.021818]}}, {"type": "Feature", "id": 1690, "properties": {"Tier1Images": 1193, "Tier2Images": 156, "S2Images": 770, "TideRange": "1.15", "WaveHeight": "1.06", "RelativeTideRange": "1.09", "pk": "1690"}, "geometry": {"type": "Point", "coordinates": [-62.163574, 46.487207]}}, {"type": "Feature", "id": 1691, "properties": {"Tier1Images": 1457, "Tier2Images": 144, "S2Images": 408, "TideRange": "1.17", "WaveHeight": "0.80", "RelativeTideRange": "1.45", "pk": "1691"}, "geometry": {"type": "Point", "coordinates": [-63.05515, 46.424694]}}, {"type": "Feature", "id": 1692, "properties": {"Tier1Images": 1810, "Tier2Images": 146, "S2Images": 404, "TideRange": "1.22", "WaveHeight": "0.63", "RelativeTideRange": "1.95", "pk": "1692"}, "geometry": {"type": "Point", "coordinates": [-63.804234, 46.465039]}}, {"type": "Feature", "id": 1693, "properties": {"Tier1Images": 1582, "Tier2Images": 250, "S2Images": 806, "TideRange": "1.26", "WaveHeight": "0.87", "RelativeTideRange": "1.44", "pk": "1693"}, "geometry": {"type": "Point", "coordinates": [-63.991679, 46.957394]}}, {"type": "Feature", "id": 1694, "properties": {"Tier1Images": 2328, "Tier2Images": 195, "S2Images": 804, "TideRange": "1.03", "WaveHeight": "0.87", "RelativeTideRange": "1.18", "pk": "1694"}, "geometry": {"type": "Point", "coordinates": [-64.390932, 46.650606]}}, {"type": "Feature", "id": 1695, "properties": {"Tier1Images": 1144, "Tier2Images": 101, "S2Images": 405, "TideRange": "1.98", "WaveHeight": "0.63", "RelativeTideRange": "3.17", "pk": "1695"}, "geometry": {"type": "Point", "coordinates": [-63.757451, 46.395662]}}, {"type": "Feature", "id": 1696, "properties": {"Tier1Images": 1456, "Tier2Images": 134, "S2Images": 405, "TideRange": "2.40", "WaveHeight": "0.80", "RelativeTideRange": "2.99", "pk": "1696"}, "geometry": {"type": "Point", "coordinates": [-63.196623, 46.192665]}}, {"type": "Feature", "id": 1697, "properties": {"Tier1Images": 1452, "Tier2Images": 142, "S2Images": 1467, "TideRange": "2.35", "WaveHeight": "0.80", "RelativeTideRange": "2.92", "pk": "1697"}, "geometry": {"type": "Point", "coordinates": [-62.94785, 46.099769]}}, {"type": "Feature", "id": 1698, "properties": {"Tier1Images": 1453, "Tier2Images": 141, "S2Images": 767, "TideRange": "1.65", "WaveHeight": "0.92", "RelativeTideRange": "1.80", "pk": "1698"}, "geometry": {"type": "Point", "coordinates": [-62.5398, 46.087854]}}, {"type": "Feature", "id": 1699, "properties": {"Tier1Images": 1009, "Tier2Images": 124, "S2Images": 770, "TideRange": "1.17", "WaveHeight": "1.06", "RelativeTideRange": "1.11", "pk": "1699"}, "geometry": {"type": "Point", "coordinates": [-62.119925, 46.476707]}}, {"type": "Feature", "id": 1700, "properties": {"Tier1Images": 2307, "Tier2Images": 465, "S2Images": 907, "TideRange": "1.33", "WaveHeight": "1.08", "RelativeTideRange": "1.23", "pk": "1700"}, "geometry": {"type": "Point", "coordinates": [-72.101904, 41.015039]}}, {"type": "Feature", "id": 1701, "properties": {"Tier1Images": 3057, "Tier2Images": 536, "S2Images": 488, "TideRange": "2.00", "WaveHeight": "0.76", "RelativeTideRange": "2.63", "pk": "1701"}, "geometry": {"type": "Point", "coordinates": [-72.333606, 41.108613]}}, {"type": "Feature", "id": 1702, "properties": {"Tier1Images": 2141, "Tier2Images": 373, "S2Images": 487, "TideRange": "2.96", "WaveHeight": "0.60", "RelativeTideRange": "4.96", "pk": "1702"}, "geometry": {"type": "Point", "coordinates": [-73.024308, 40.966249]}}, {"type": "Feature", "id": 1703, "properties": {"Tier1Images": 2597, "Tier2Images": 274, "S2Images": 1879, "TideRange": "3.42", "WaveHeight": "0.60", "RelativeTideRange": "5.73", "pk": "1703"}, "geometry": {"type": "Point", "coordinates": [-73.800167, 40.8189]}}, {"type": "Feature", "id": 1704, "properties": {"Tier1Images": 2147, "Tier2Images": 247, "S2Images": 1892, "TideRange": "1.81", "WaveHeight": "1.10", "RelativeTideRange": "1.64", "pk": "1704"}, "geometry": {"type": "Point", "coordinates": [-73.826375, 40.582751]}}, {"type": "Feature", "id": 1705, "properties": {"Tier1Images": 1217, "Tier2Images": 281, "S2Images": 486, "TideRange": "1.52", "WaveHeight": "1.13", "RelativeTideRange": "1.35", "pk": "1705"}, "geometry": {"type": "Point", "coordinates": [-72.959034, 40.721641]}}, {"type": "Feature", "id": 1706, "properties": {"Tier1Images": 3042, "Tier2Images": 529, "S2Images": 908, "TideRange": "1.27", "WaveHeight": "1.08", "RelativeTideRange": "1.18", "pk": "1706"}, "geometry": {"type": "Point", "coordinates": [-72.128718, 40.974556]}}, {"type": "Feature", "id": 1707, "properties": {"Tier1Images": 1030, "Tier2Images": 366, "S2Images": 666, "TideRange": "4.95", "WaveHeight": "1.73", "RelativeTideRange": "2.87", "pk": "1707"}, "geometry": {"type": "Point", "coordinates": [-65.74707, -54.653418]}}, {"type": "Feature", "id": 1708, "properties": {"Tier1Images": 1184, "Tier2Images": 232, "S2Images": 345, "TideRange": "5.87", "WaveHeight": "1.21", "RelativeTideRange": "4.85", "pk": "1708"}, "geometry": {"type": "Point", "coordinates": [-66.524819, -54.402586]}}, {"type": "Feature", "id": 1709, "properties": {"Tier1Images": 1328, "Tier2Images": 250, "S2Images": 734, "TideRange": "7.01", "WaveHeight": "1.29", "RelativeTideRange": "5.43", "pk": "1709"}, "geometry": {"type": "Point", "coordinates": [-67.228125, -54.078727]}}, {"type": "Feature", "id": 1710, "properties": {"Tier1Images": 1878, "Tier2Images": 344, "S2Images": 759, "TideRange": "7.90", "WaveHeight": "1.20", "RelativeTideRange": "6.58", "pk": "1710"}, "geometry": {"type": "Point", "coordinates": [-67.827213, -53.685358]}}, {"type": "Feature", "id": 1711, "properties": {"Tier1Images": 1278, "Tier2Images": 288, "S2Images": 1083, "TideRange": "8.95", "WaveHeight": "1.20", "RelativeTideRange": "7.46", "pk": "1711"}, "geometry": {"type": "Point", "coordinates": [-68.325707, -53.298271]}}, {"type": "Feature", "id": 1712, "properties": {"Tier1Images": 1293, "Tier2Images": 292, "S2Images": 387, "TideRange": "8.99", "WaveHeight": "1.33", "RelativeTideRange": "6.77", "pk": "1712"}, "geometry": {"type": "Point", "coordinates": [-68.262406, -53.024648]}}, {"type": "Feature", "id": 1713, "properties": {"Tier1Images": 2139, "Tier2Images": 225, "S2Images": 798, "TideRange": "9.74", "WaveHeight": "0.89", "RelativeTideRange": "11.00", "pk": "1713"}, "geometry": {"type": "Point", "coordinates": [-68.760369, -52.581566]}}, {"type": "Feature", "id": 1714, "properties": {"Tier1Images": 2171, "Tier2Images": 225, "S2Images": 794, "TideRange": "8.30", "WaveHeight": "0.80", "RelativeTideRange": "10.31", "pk": "1714"}, "geometry": {"type": "Point", "coordinates": [-69.475483, -52.49]}}, {"type": "Feature", "id": 1715, "properties": {"Tier1Images": 1408, "Tier2Images": 142, "S2Images": 787, "TideRange": "5.16", "WaveHeight": "0.80", "RelativeTideRange": "6.41", "pk": "1715"}, "geometry": {"type": "Point", "coordinates": [-70.077527, -52.774521]}}, {"type": "Feature", "id": 1716, "properties": {"Tier1Images": 1402, "Tier2Images": 141, "S2Images": 834, "TideRange": "2.37", "WaveHeight": "0.80", "RelativeTideRange": "2.95", "pk": "1716"}, "geometry": {"type": "Point", "coordinates": [-70.236822, -52.999579]}}, {"type": "Feature", "id": 1717, "properties": {"Tier1Images": 1674, "Tier2Images": 180, "S2Images": 827, "TideRange": "2.74", "WaveHeight": "0.41", "RelativeTideRange": "6.71", "pk": "1717"}, "geometry": {"type": "Point", "coordinates": [-70.242521, -53.40471]}}, {"type": "Feature", "id": 1718, "properties": {"Tier1Images": 1425, "Tier2Images": 163, "S2Images": 846, "TideRange": "2.86", "WaveHeight": "0.80", "RelativeTideRange": "3.55", "pk": "1718"}, "geometry": {"type": "Point", "coordinates": [-69.391907, -53.375318]}}, {"type": "Feature", "id": 1719, "properties": {"Tier1Images": 2090, "Tier2Images": 259, "S2Images": 801, "TideRange": "2.80", "WaveHeight": "0.41", "RelativeTideRange": "6.86", "pk": "1719"}, "geometry": {"type": "Point", "coordinates": [-69.978684, -53.681873]}}, {"type": "Feature", "id": 1720, "properties": {"Tier1Images": 1906, "Tier2Images": 290, "S2Images": 783, "TideRange": "2.65", "WaveHeight": "1.05", "RelativeTideRange": "2.52", "pk": "1720"}, "geometry": {"type": "Point", "coordinates": [-70.663013, -53.696762]}}, {"type": "Feature", "id": 1721, "properties": {"Tier1Images": 1415, "Tier2Images": 352, "S2Images": 1278, "TideRange": "1.91", "WaveHeight": "1.15", "RelativeTideRange": "1.66", "pk": "1721"}, "geometry": {"type": "Point", "coordinates": [-66.45757, -55.021292]}}, {"type": "Feature", "id": 1722, "properties": {"Tier1Images": 1024, "Tier2Images": 368, "S2Images": 652, "TideRange": "1.93", "WaveHeight": "2.04", "RelativeTideRange": "0.94", "pk": "1722"}, "geometry": {"type": "Point", "coordinates": [-65.603023, -54.928095]}}, {"type": "Feature", "id": 1723, "properties": {"Tier1Images": 1024, "Tier2Images": 365, "S2Images": 662, "TideRange": "4.22", "WaveHeight": "1.73", "RelativeTideRange": "2.45", "pk": "1723"}, "geometry": {"type": "Point", "coordinates": [-65.389478, -54.633267]}}, {"type": "Feature", "id": 1724, "properties": {"Tier1Images": 618, "Tier2Images": 75, "S2Images": 531, "TideRange": "0.86", "WaveHeight": "1.07", "RelativeTideRange": "0.80", "pk": "1724"}, "geometry": {"type": "Point", "coordinates": [-74.513135, 20.38457]}}, {"type": "Feature", "id": 1725, "properties": {"Tier1Images": 891, "Tier2Images": 69, "S2Images": 534, "TideRange": "0.92", "WaveHeight": "0.92", "RelativeTideRange": "1.00", "pk": "1725"}, "geometry": {"type": "Point", "coordinates": [-75.30462, 20.704901]}}, {"type": "Feature", "id": 1726, "properties": {"Tier1Images": 1785, "Tier2Images": 121, "S2Images": 540, "TideRange": "0.93", "WaveHeight": "0.92", "RelativeTideRange": "1.01", "pk": "1726"}, "geometry": {"type": "Point", "coordinates": [-75.60252, 20.987253]}}, {"type": "Feature", "id": 1727, "properties": {"Tier1Images": 1120, "Tier2Images": 53, "S2Images": 533, "TideRange": "0.93", "WaveHeight": "0.91", "RelativeTideRange": "1.03", "pk": "1727"}, "geometry": {"type": "Point", "coordinates": [-76.395858, 21.259636]}}, {"type": "Feature", "id": 1728, "properties": {"Tier1Images": 964, "Tier2Images": 48, "S2Images": 2064, "TideRange": "0.93", "WaveHeight": "0.83", "RelativeTideRange": "1.12", "pk": "1728"}, "geometry": {"type": "Point", "coordinates": [-77.074678, 21.570758]}}, {"type": "Feature", "id": 1729, "properties": {"Tier1Images": 1102, "Tier2Images": 68, "S2Images": 537, "TideRange": "0.92", "WaveHeight": "0.83", "RelativeTideRange": "1.11", "pk": "1729"}, "geometry": {"type": "Point", "coordinates": [-77.336742, 21.749828]}}, {"type": "Feature", "id": 1730, "properties": {"Tier1Images": 945, "Tier2Images": 52, "S2Images": 538, "TideRange": "0.64", "WaveHeight": "0.83", "RelativeTideRange": "0.77", "pk": "1730"}, "geometry": {"type": "Point", "coordinates": [-77.916453, 21.93539]}}, {"type": "Feature", "id": 1731, "properties": {"Tier1Images": 1500, "Tier2Images": 104, "S2Images": 535, "TideRange": "0.63", "WaveHeight": "0.64", "RelativeTideRange": "0.98", "pk": "1731"}, "geometry": {"type": "Point", "coordinates": [-78.681894, 22.364678]}}, {"type": "Feature", "id": 1732, "properties": {"Tier1Images": 940, "Tier2Images": 262, "S2Images": 2105, "TideRange": "0.77", "WaveHeight": "0.68", "RelativeTideRange": "1.12", "pk": "1732"}, "geometry": {"type": "Point", "coordinates": [-79.520838, 22.556998]}}, {"type": "Feature", "id": 1733, "properties": {"Tier1Images": 1277, "Tier2Images": 284, "S2Images": 532, "TideRange": "0.78", "WaveHeight": "0.68", "RelativeTideRange": "1.14", "pk": "1733"}, "geometry": {"type": "Point", "coordinates": [-80.172753, 22.948616]}}, {"type": "Feature", "id": 1734, "properties": {"Tier1Images": 1046, "Tier2Images": 62, "S2Images": 536, "TideRange": "0.76", "WaveHeight": "0.39", "RelativeTideRange": "1.95", "pk": "1734"}, "geometry": {"type": "Point", "coordinates": [-81.013892, 23.088257]}}, {"type": "Feature", "id": 1735, "properties": {"Tier1Images": 2040, "Tier2Images": 94, "S2Images": 1053, "TideRange": "0.70", "WaveHeight": "0.83", "RelativeTideRange": "0.84", "pk": "1735"}, "geometry": {"type": "Point", "coordinates": [-81.8303, 23.161767]}}, {"type": "Feature", "id": 1736, "properties": {"Tier1Images": 1034, "Tier2Images": 38, "S2Images": 526, "TideRange": "0.65", "WaveHeight": "0.51", "RelativeTideRange": "1.26", "pk": "1736"}, "geometry": {"type": "Point", "coordinates": [-82.70127, 23.039359]}}, {"type": "Feature", "id": 1737, "properties": {"Tier1Images": 1837, "Tier2Images": 79, "S2Images": 528, "TideRange": "0.62", "WaveHeight": "0.69", "RelativeTideRange": "0.91", "pk": "1737"}, "geometry": {"type": "Point", "coordinates": [-83.568514, 22.848621]}}, {"type": "Feature", "id": 1738, "properties": {"Tier1Images": 1595, "Tier2Images": 99, "S2Images": 1060, "TideRange": "0.58", "WaveHeight": "0.75", "RelativeTideRange": "0.78", "pk": "1738"}, "geometry": {"type": "Point", "coordinates": [-84.323027, 22.424528]}}, {"type": "Feature", "id": 1739, "properties": {"Tier1Images": 760, "Tier2Images": 72, "S2Images": 1052, "TideRange": "0.49", "WaveHeight": "0.96", "RelativeTideRange": "0.51", "pk": "1739"}, "geometry": {"type": "Point", "coordinates": [-84.785158, 21.93078]}}, {"type": "Feature", "id": 1740, "properties": {"Tier1Images": 765, "Tier2Images": 58, "S2Images": 514, "TideRange": "0.36", "WaveHeight": "0.78", "RelativeTideRange": "0.46", "pk": "1740"}, "geometry": {"type": "Point", "coordinates": [-84.348249, 21.843212]}}, {"type": "Feature", "id": 1741, "properties": {"Tier1Images": 2302, "Tier2Images": 124, "S2Images": 525, "TideRange": "0.32", "WaveHeight": "0.70", "RelativeTideRange": "0.45", "pk": "1741"}, "geometry": {"type": "Point", "coordinates": [-83.628492, 22.195901]}}, {"type": "Feature", "id": 1742, "properties": {"Tier1Images": 1045, "Tier2Images": 41, "S2Images": 2085, "TideRange": "0.13", "WaveHeight": "0.51", "RelativeTideRange": "0.26", "pk": "1742"}, "geometry": {"type": "Point", "coordinates": [-82.88376, 22.58279]}}, {"type": "Feature", "id": 1743, "properties": {"Tier1Images": 2348, "Tier2Images": 101, "S2Images": 1038, "TideRange": "0.39", "WaveHeight": "0.44", "RelativeTideRange": "0.89", "pk": "1743"}, "geometry": {"type": "Point", "coordinates": [-82.025842, 22.680508]}}, {"type": "Feature", "id": 1744, "properties": {"Tier1Images": 2720, "Tier2Images": 120, "S2Images": 1043, "TideRange": "0.16", "WaveHeight": "0.44", "RelativeTideRange": "0.37", "pk": "1744"}, "geometry": {"type": "Point", "coordinates": [-82.046701, 22.359119]}}, {"type": "Feature", "id": 1745, "properties": {"Tier1Images": 895, "Tier2Images": 48, "S2Images": 530, "TideRange": "0.35", "WaveHeight": "0.60", "RelativeTideRange": "0.58", "pk": "1745"}, "geometry": {"type": "Point", "coordinates": [-81.248478, 22.12883]}}, {"type": "Feature", "id": 1746, "properties": {"Tier1Images": 1734, "Tier2Images": 89, "S2Images": 531, "TideRange": "0.36", "WaveHeight": "0.50", "RelativeTideRange": "0.72", "pk": "1746"}, "geometry": {"type": "Point", "coordinates": [-80.576955, 22.061734]}}, {"type": "Feature", "id": 1747, "properties": {"Tier1Images": 880, "Tier2Images": 48, "S2Images": 523, "TideRange": "0.37", "WaveHeight": "0.66", "RelativeTideRange": "0.56", "pk": "1747"}, "geometry": {"type": "Point", "coordinates": [-79.881068, 21.734259]}}, {"type": "Feature", "id": 1748, "properties": {"Tier1Images": 1725, "Tier2Images": 92, "S2Images": 1083, "TideRange": "0.44", "WaveHeight": "0.49", "RelativeTideRange": "0.91", "pk": "1748"}, "geometry": {"type": "Point", "coordinates": [-79.013805, 21.584498]}}, {"type": "Feature", "id": 1749, "properties": {"Tier1Images": 1249, "Tier2Images": 78, "S2Images": 539, "TideRange": "0.50", "WaveHeight": "0.55", "RelativeTideRange": "0.90", "pk": "1749"}, "geometry": {"type": "Point", "coordinates": [-78.497251, 21.087623]}}, {"type": "Feature", "id": 1750, "properties": {"Tier1Images": 2132, "Tier2Images": 120, "S2Images": 1043, "TideRange": "0.48", "WaveHeight": "0.62", "RelativeTideRange": "0.78", "pk": "1750"}, "geometry": {"type": "Point", "coordinates": [-77.754969, 20.704543]}}, {"type": "Feature", "id": 1751, "properties": {"Tier1Images": 962, "Tier2Images": 48, "S2Images": 544, "TideRange": "0.56", "WaveHeight": "0.27", "RelativeTideRange": "2.11", "pk": "1751"}, "geometry": {"type": "Point", "coordinates": [-77.142256, 20.356725]}}, {"type": "Feature", "id": 1752, "properties": {"Tier1Images": 964, "Tier2Images": 52, "S2Images": 2064, "TideRange": "0.42", "WaveHeight": "0.57", "RelativeTideRange": "0.74", "pk": "1752"}, "geometry": {"type": "Point", "coordinates": [-77.610552, 19.857921]}}, {"type": "Feature", "id": 1753, "properties": {"Tier1Images": 1047, "Tier2Images": 56, "S2Images": 529, "TideRange": "0.44", "WaveHeight": "0.92", "RelativeTideRange": "0.48", "pk": "1753"}, "geometry": {"type": "Point", "coordinates": [-76.7206, 19.943881]}}, {"type": "Feature", "id": 1754, "properties": {"Tier1Images": 895, "Tier2Images": 68, "S2Images": 534, "TideRange": "0.48", "WaveHeight": "0.76", "RelativeTideRange": "0.62", "pk": "1754"}, "geometry": {"type": "Point", "coordinates": [-75.825775, 19.964925]}}, {"type": "Feature", "id": 1755, "properties": {"Tier1Images": 1181, "Tier2Images": 100, "S2Images": 1061, "TideRange": "0.52", "WaveHeight": "0.94", "RelativeTideRange": "0.55", "pk": "1755"}, "geometry": {"type": "Point", "coordinates": [-75.081335, 19.909825]}}, {"type": "Feature", "id": 1756, "properties": {"Tier1Images": 607, "Tier2Images": 67, "S2Images": 537, "TideRange": "0.65", "WaveHeight": "1.03", "RelativeTideRange": "0.64", "pk": "1756"}, "geometry": {"type": "Point", "coordinates": [-74.226587, 20.107454]}}, {"type": "Feature", "id": 1757, "properties": {"Tier1Images": 505, "Tier2Images": 15, "S2Images": 1060, "TideRange": "0.71", "WaveHeight": "1.30", "RelativeTideRange": "0.55", "pk": "1757"}, "geometry": {"type": "Point", "coordinates": [-68.684766, 18.904785]}}, {"type": "Feature", "id": 1758, "properties": {"Tier1Images": 578, "Tier2Images": 46, "S2Images": 527, "TideRange": "0.75", "WaveHeight": "1.27", "RelativeTideRange": "0.59", "pk": "1758"}, "geometry": {"type": "Point", "coordinates": [-69.551873, 19.11147]}}, {"type": "Feature", "id": 1759, "properties": {"Tier1Images": 579, "Tier2Images": 46, "S2Images": 531, "TideRange": "0.76", "WaveHeight": "1.27", "RelativeTideRange": "0.60", "pk": "1759"}, "geometry": {"type": "Point", "coordinates": [-69.538924, 19.313013]}}, {"type": "Feature", "id": 1760, "properties": {"Tier1Images": 1405, "Tier2Images": 115, "S2Images": 1049, "TideRange": "0.81", "WaveHeight": "1.42", "RelativeTideRange": "0.57", "pk": "1760"}, "geometry": {"type": "Point", "coordinates": [-70.180528, 19.637643]}}, {"type": "Feature", "id": 1761, "properties": {"Tier1Images": 584, "Tier2Images": 46, "S2Images": 525, "TideRange": "0.82", "WaveHeight": "1.34", "RelativeTideRange": "0.61", "pk": "1761"}, "geometry": {"type": "Point", "coordinates": [-70.999371, 19.905654]}}, {"type": "Feature", "id": 1762, "properties": {"Tier1Images": 1474, "Tier2Images": 100, "S2Images": 543, "TideRange": "0.81", "WaveHeight": "1.15", "RelativeTideRange": "0.70", "pk": "1762"}, "geometry": {"type": "Point", "coordinates": [-71.795686, 19.711812]}}, {"type": "Feature", "id": 1763, "properties": {"Tier1Images": 572, "Tier2Images": 56, "S2Images": 1058, "TideRange": "0.79", "WaveHeight": "1.12", "RelativeTideRange": "0.71", "pk": "1763"}, "geometry": {"type": "Point", "coordinates": [-72.654858, 19.902906]}}, {"type": "Feature", "id": 1764, "properties": {"Tier1Images": 1776, "Tier2Images": 149, "S2Images": 542, "TideRange": "0.58", "WaveHeight": "0.63", "RelativeTideRange": "0.92", "pk": "1764"}, "geometry": {"type": "Point", "coordinates": [-73.421643, 19.696873]}}, {"type": "Feature", "id": 1765, "properties": {"Tier1Images": 627, "Tier2Images": 64, "S2Images": 1070, "TideRange": "0.56", "WaveHeight": "0.37", "RelativeTideRange": "1.50", "pk": "1765"}, "geometry": {"type": "Point", "coordinates": [-72.74117, 19.343459]}}, {"type": "Feature", "id": 1766, "properties": {"Tier1Images": 629, "Tier2Images": 66, "S2Images": 537, "TideRange": "0.56", "WaveHeight": "0.34", "RelativeTideRange": "1.64", "pk": "1766"}, "geometry": {"type": "Point", "coordinates": [-72.39266, 18.701213]}}, {"type": "Feature", "id": 1767, "properties": {"Tier1Images": 626, "Tier2Images": 62, "S2Images": 1081, "TideRange": "0.54", "WaveHeight": "1.02", "RelativeTideRange": "0.53", "pk": "1767"}, "geometry": {"type": "Point", "coordinates": [-73.054913, 18.469318]}}, {"type": "Feature", "id": 1768, "properties": {"Tier1Images": 588, "Tier2Images": 80, "S2Images": 540, "TideRange": "0.50", "WaveHeight": "0.69", "RelativeTideRange": "0.73", "pk": "1768"}, "geometry": {"type": "Point", "coordinates": [-73.937796, 18.592676]}}, {"type": "Feature", "id": 1769, "properties": {"Tier1Images": 573, "Tier2Images": 75, "S2Images": 535, "TideRange": "0.38", "WaveHeight": "0.89", "RelativeTideRange": "0.42", "pk": "1769"}, "geometry": {"type": "Point", "coordinates": [-74.322618, 18.31311]}}, {"type": "Feature", "id": 1770, "properties": {"Tier1Images": 1575, "Tier2Images": 190, "S2Images": 533, "TideRange": "0.36", "WaveHeight": "1.06", "RelativeTideRange": "0.34", "pk": "1770"}, "geometry": {"type": "Point", "coordinates": [-73.609079, 18.233466]}}, {"type": "Feature", "id": 1771, "properties": {"Tier1Images": 637, "Tier2Images": 69, "S2Images": 533, "TideRange": "0.36", "WaveHeight": "0.94", "RelativeTideRange": "0.39", "pk": "1771"}, "geometry": {"type": "Point", "coordinates": [-72.723073, 18.161451]}}, {"type": "Feature", "id": 1772, "properties": {"Tier1Images": 1235, "Tier2Images": 128, "S2Images": 538, "TideRange": "0.37", "WaveHeight": "0.80", "RelativeTideRange": "0.46", "pk": "1772"}, "geometry": {"type": "Point", "coordinates": [-71.864421, 18.127399]}}, {"type": "Feature", "id": 1773, "properties": {"Tier1Images": 613, "Tier2Images": 66, "S2Images": 530, "TideRange": "0.34", "WaveHeight": "1.30", "RelativeTideRange": "0.26", "pk": "1773"}, "geometry": {"type": "Point", "coordinates": [-71.319093, 17.76113]}}, {"type": "Feature", "id": 1774, "properties": {"Tier1Images": 1321, "Tier2Images": 113, "S2Images": 546, "TideRange": "0.33", "WaveHeight": "0.49", "RelativeTideRange": "0.67", "pk": "1774"}, "geometry": {"type": "Point", "coordinates": [-70.771, 18.341702]}}, {"type": "Feature", "id": 1775, "properties": {"Tier1Images": 578, "Tier2Images": 52, "S2Images": 533, "TideRange": "0.33", "WaveHeight": "1.07", "RelativeTideRange": "0.30", "pk": "1775"}, "geometry": {"type": "Point", "coordinates": [-69.966563, 18.392348]}}, {"type": "Feature", "id": 1776, "properties": {"Tier1Images": 1082, "Tier2Images": 52, "S2Images": 533, "TideRange": "0.33", "WaveHeight": "0.64", "RelativeTideRange": "0.52", "pk": "1776"}, "geometry": {"type": "Point", "coordinates": [-69.084072, 18.401591]}}, {"type": "Feature", "id": 1777, "properties": {"Tier1Images": 506, "Tier2Images": 13, "S2Images": 537, "TideRange": "0.48", "WaveHeight": "0.96", "RelativeTideRange": "0.50", "pk": "1777"}, "geometry": {"type": "Point", "coordinates": [-68.401092, 18.479265]}}, {"type": "Feature", "id": 1778, "properties": {"Tier1Images": 1588, "Tier2Images": 359, "S2Images": 480, "TideRange": "4.22", "WaveHeight": "0.67", "RelativeTideRange": "6.32", "pk": "1778"}, "geometry": {"type": "Point", "coordinates": [-48.379687, -0.352832]}}, {"type": "Feature", "id": 1779, "properties": {"Tier1Images": 821, "Tier2Images": 230, "S2Images": 471, "TideRange": "4.44", "WaveHeight": "0.50", "RelativeTideRange": "8.90", "pk": "1779"}, "geometry": {"type": "Point", "coordinates": [-49.218113, -0.158971]}}, {"type": "Feature", "id": 1780, "properties": {"Tier1Images": 1277, "Tier2Images": 345, "S2Images": 957, "TideRange": "2.79", "WaveHeight": "0.16", "RelativeTideRange": "17.73", "pk": "1780"}, "geometry": {"type": "Point", "coordinates": [-50.095575, -0.144199]}}, {"type": "Feature", "id": 1781, "properties": {"Tier1Images": 912, "Tier2Images": 257, "S2Images": 482, "TideRange": "2.22", "WaveHeight": "0.16", "RelativeTideRange": "14.00", "pk": "1781"}, "geometry": {"type": "Point", "coordinates": [-50.714772, -0.566621]}}, {"type": "Feature", "id": 1782, "properties": {"Tier1Images": 883, "Tier2Images": 269, "S2Images": 495, "TideRange": "2.47", "WaveHeight": "0.16", "RelativeTideRange": "15.63", "pk": "1782"}, "geometry": {"type": "Point", "coordinates": [-50.725691, -1.126994]}}, {"type": "Feature", "id": 1783, "properties": {"Tier1Images": 1848, "Tier2Images": 381, "S2Images": 497, "TideRange": "1.40", "WaveHeight": "0.16", "RelativeTideRange": "8.86", "pk": "1783"}, "geometry": {"type": "Point", "coordinates": [-50.351574, -1.761555]}}, {"type": "Feature", "id": 1784, "properties": {"Tier1Images": 1016, "Tier2Images": 127, "S2Images": 477, "TideRange": "1.48", "WaveHeight": "0.13", "RelativeTideRange": "11.05", "pk": "1784"}, "geometry": {"type": "Point", "coordinates": [-49.53847, -1.64731]}}, {"type": "Feature", "id": 1785, "properties": {"Tier1Images": 1019, "Tier2Images": 131, "S2Images": 490, "TideRange": "2.44", "WaveHeight": "0.13", "RelativeTideRange": "18.21", "pk": "1785"}, "geometry": {"type": "Point", "coordinates": [-48.951768, -1.491289]}}, {"type": "Feature", "id": 1786, "properties": {"Tier1Images": 2725, "Tier2Images": 484, "S2Images": 483, "TideRange": "4.04", "WaveHeight": "0.18", "RelativeTideRange": "22.63", "pk": "1786"}, "geometry": {"type": "Point", "coordinates": [-48.547866, -0.765668]}}, {"type": "Feature", "id": 1787, "properties": {"Tier1Images": 473, "Tier2Images": 12, "S2Images": 1144, "TideRange": "0.55", "WaveHeight": "1.33", "RelativeTideRange": "0.41", "pk": "1787"}, "geometry": {"type": "Point", "coordinates": [-64.84502, 18.330078]}}, {"type": "Feature", "id": 1788, "properties": {"Tier1Images": 758, "Tier2Images": 96, "S2Images": 506, "TideRange": "0.41", "WaveHeight": "1.32", "RelativeTideRange": "0.31", "pk": "1788"}, "geometry": {"type": "Point", "coordinates": [-69.973145, 12.567627]}}, {"type": "Feature", "id": 1789, "properties": {"Tier1Images": 999, "Tier2Images": 108, "S2Images": 519, "TideRange": "0.47", "WaveHeight": "1.04", "RelativeTideRange": "0.45", "pk": "1789"}, "geometry": {"type": "Point", "coordinates": [-65.383203, 10.973828]}}, {"type": "Feature", "id": 1790, "properties": {"Tier1Images": 626, "Tier2Images": 64, "S2Images": 1077, "TideRange": "0.55", "WaveHeight": "0.34", "RelativeTideRange": "1.60", "pk": "1790"}, "geometry": {"type": "Point", "coordinates": [-73.170605, 18.967285]}}, {"type": "Feature", "id": 1791, "properties": {"Tier1Images": 626, "Tier2Images": 62, "S2Images": 1051, "TideRange": "0.56", "WaveHeight": "0.34", "RelativeTideRange": "1.63", "pk": "1791"}, "geometry": {"type": "Point", "coordinates": [-72.923193, 18.863337]}}, {"type": "Feature", "id": 1792, "properties": {"Tier1Images": 377, "Tier2Images": 688, "S2Images": 381, "TideRange": "1.29", "WaveHeight": "1.97", "RelativeTideRange": "0.66", "pk": "1792"}, "geometry": {"type": "Point", "coordinates": [-59.866357, 43.947168]}}, {"type": "Feature", "id": 1793, "properties": {"Tier1Images": 2279, "Tier2Images": 350, "S2Images": 482, "TideRange": "0.79", "WaveHeight": "0.96", "RelativeTideRange": "0.83", "pk": "1793"}, "geometry": {"type": "Point", "coordinates": [-96.839746, 28.088818]}}, {"type": "Feature", "id": 1794, "properties": {"Tier1Images": 2409, "Tier2Images": 339, "S2Images": 531, "TideRange": "0.63", "WaveHeight": "0.75", "RelativeTideRange": "0.84", "pk": "1794"}, "geometry": {"type": "Point", "coordinates": [-88.941113, 29.680225]}}, {"type": "Feature", "id": 1795, "properties": {"Tier1Images": 1256, "Tier2Images": 193, "S2Images": 518, "TideRange": "0.73", "WaveHeight": "0.68", "RelativeTideRange": "1.08", "pk": "1795"}, "geometry": {"type": "Point", "coordinates": [-88.722852, 30.264258]}}, {"type": "Feature", "id": 1796, "properties": {"Tier1Images": 1988, "Tier2Images": 262, "S2Images": 517, "TideRange": "0.69", "WaveHeight": "0.75", "RelativeTideRange": "0.93", "pk": "1796"}, "geometry": {"type": "Point", "coordinates": [-88.109375, 30.27373]}}, {"type": "Feature", "id": 1797, "properties": {"Tier1Images": 762, "Tier2Images": 62, "S2Images": 573, "TideRange": "0.39", "WaveHeight": "1.38", "RelativeTideRange": "0.29", "pk": "1797"}, "geometry": {"type": "Point", "coordinates": [-63.11499, 18.090723]}}, {"type": "Feature", "id": 1798, "properties": {"Tier1Images": 948, "Tier2Images": 25, "S2Images": 584, "TideRange": "0.39", "WaveHeight": "1.08", "RelativeTideRange": "0.36", "pk": "1798"}, "geometry": {"type": "Point", "coordinates": [-65.572217, 18.137305]}}, {"type": "Feature", "id": 1799, "properties": {"Tier1Images": 475, "Tier2Images": 58, "S2Images": 1166, "TideRange": "0.34", "WaveHeight": "1.30", "RelativeTideRange": "0.26", "pk": "1799"}, "geometry": {"type": "Point", "coordinates": [-62.624902, 17.12959]}}, {"type": "Feature", "id": 1800, "properties": {"Tier1Images": 927, "Tier2Images": 19, "S2Images": 569, "TideRange": "0.56", "WaveHeight": "1.35", "RelativeTideRange": "0.41", "pk": "1800"}, "geometry": {"type": "Point", "coordinates": [-64.426074, 18.513086]}}, {"type": "Feature", "id": 1801, "properties": {"Tier1Images": 477, "Tier2Images": 12, "S2Images": 573, "TideRange": "0.57", "WaveHeight": "1.33", "RelativeTideRange": "0.42", "pk": "1801"}, "geometry": {"type": "Point", "coordinates": [-64.787695, 18.341113]}}, {"type": "Feature", "id": 1802, "properties": {"Tier1Images": 536, "Tier2Images": 13, "S2Images": 571, "TideRange": "0.60", "WaveHeight": "1.35", "RelativeTideRange": "0.45", "pk": "1802"}, "geometry": {"type": "Point", "coordinates": [-64.650977, 18.442529]}}, {"type": "Feature", "id": 1803, "properties": {"Tier1Images": 478, "Tier2Images": 13, "S2Images": 581, "TideRange": "0.32", "WaveHeight": "1.18", "RelativeTideRange": "0.27", "pk": "1803"}, "geometry": {"type": "Point", "coordinates": [-64.889111, 17.701709]}}, {"type": "Feature", "id": 1804, "properties": {"Tier1Images": 1065, "Tier2Images": 37, "S2Images": 511, "TideRange": "1.11", "WaveHeight": "0.80", "RelativeTideRange": "1.39", "pk": "1804"}, "geometry": {"type": "Point", "coordinates": [-77.45127, 25.080713]}}, {"type": "Feature", "id": 1805, "properties": {"Tier1Images": 1291, "Tier2Images": 269, "S2Images": 516, "TideRange": "0.75", "WaveHeight": "0.81", "RelativeTideRange": "0.93", "pk": "1805"}, "geometry": {"type": "Point", "coordinates": [-81.085254, 24.73418]}}, {"type": "Feature", "id": 1806, "properties": {"Tier1Images": 1165, "Tier2Images": 128, "S2Images": 453, "TideRange": "1.56", "WaveHeight": "1.20", "RelativeTideRange": "1.30", "pk": "1806"}, "geometry": {"type": "Point", "coordinates": [-76.622266, 34.694531]}}, {"type": "Feature", "id": 1807, "properties": {"Tier1Images": 950, "Tier2Images": 193, "S2Images": 834, "TideRange": "1.42", "WaveHeight": "1.65", "RelativeTideRange": "0.86", "pk": "1807"}, "geometry": {"type": "Point", "coordinates": [-58.49707, -51.999414]}}, {"type": "Feature", "id": 1808, "properties": {"Tier1Images": 1296, "Tier2Images": 189, "S2Images": 514, "TideRange": "0.30", "WaveHeight": "0.98", "RelativeTideRange": "0.31", "pk": "1808"}, "geometry": {"type": "Point", "coordinates": [-86.337842, 16.439209]}}, {"type": "Feature", "id": 1809, "properties": {"Tier1Images": 1163, "Tier2Images": 245, "S2Images": 427, "TideRange": "2.98", "WaveHeight": "0.64", "RelativeTideRange": "4.67", "pk": "1809"}, "geometry": {"type": "Point", "coordinates": [-60.248828, -51.395996]}}, {"type": "Feature", "id": 1810, "properties": {"Tier1Images": 660, "Tier2Images": 447, "S2Images": 639, "TideRange": "2.84", "WaveHeight": "2.18", "RelativeTideRange": "1.31", "pk": "1810"}, "geometry": {"type": "Point", "coordinates": [-64.054932, -54.729883]}}, {"type": "Feature", "id": 1811, "properties": {"Tier1Images": 1176, "Tier2Images": 590, "S2Images": 666, "TideRange": "1.90", "WaveHeight": "2.36", "RelativeTideRange": "0.81", "pk": "1811"}, "geometry": {"type": "Point", "coordinates": [-64.714952, -54.869924]}}, {"type": "Feature", "id": 1812, "properties": {"Tier1Images": 660, "Tier2Images": 447, "S2Images": 642, "TideRange": "2.00", "WaveHeight": "2.46", "RelativeTideRange": "0.81", "pk": "1812"}, "geometry": {"type": "Point", "coordinates": [-63.911299, -54.792204]}}, {"type": "Feature", "id": 1813, "properties": {"Tier1Images": 1249, "Tier2Images": 117, "S2Images": 903, "TideRange": "2.72", "WaveHeight": "0.69", "RelativeTideRange": "3.96", "pk": "1813"}, "geometry": {"type": "Point", "coordinates": [-61.96665, -39.112207]}}, {"type": "Feature", "id": 1814, "properties": {"Tier1Images": 1482, "Tier2Images": 235, "S2Images": 834, "TideRange": "0.74", "WaveHeight": "2.25", "RelativeTideRange": "0.33", "pk": "1814"}, "geometry": {"type": "Point", "coordinates": [-59.753223, -52.141406]}}, {"type": "Feature", "id": 1815, "properties": {"Tier1Images": 1162, "Tier2Images": 246, "S2Images": 822, "TideRange": "2.82", "WaveHeight": "1.88", "RelativeTideRange": "1.50", "pk": "1815"}, "geometry": {"type": "Point", "coordinates": [-60.875977, -51.794238]}}, {"type": "Feature", "id": 1816, "properties": {"Tier1Images": 1276, "Tier2Images": 143, "S2Images": 395, "TideRange": "1.62", "WaveHeight": "1.03", "RelativeTideRange": "1.57", "pk": "1816"}, "geometry": {"type": "Point", "coordinates": [-61.025977, 45.577344]}}, {"type": "Feature", "id": 1817, "properties": {"Tier1Images": 638, "Tier2Images": 211, "S2Images": 750, "TideRange": "0.91", "WaveHeight": "1.28", "RelativeTideRange": "0.71", "pk": "1817"}, "geometry": {"type": "Point", "coordinates": [-61.475537, 47.563965]}}, {"type": "Feature", "id": 1818, "properties": {"Tier1Images": 1121, "Tier2Images": 353, "S2Images": 784, "TideRange": "0.66", "WaveHeight": "1.26", "RelativeTideRange": "0.52", "pk": "1818"}, "geometry": {"type": "Point", "coordinates": [-61.958998, 47.346934]}}, {"type": "Feature", "id": 1819, "properties": {"Tier1Images": 713, "Tier2Images": 234, "S2Images": 785, "TideRange": "0.99", "WaveHeight": "1.28", "RelativeTideRange": "0.77", "pk": "1819"}, "geometry": {"type": "Point", "coordinates": [-61.733353, 47.44864]}}, {"type": "Feature", "id": 1820, "properties": {"Tier1Images": 840, "Tier2Images": 77, "S2Images": 819, "TideRange": "1.57", "WaveHeight": "0.83", "RelativeTideRange": "1.90", "pk": "1820"}, "geometry": {"type": "Point", "coordinates": [-64.564844, 47.86626]}}, {"type": "Feature", "id": 1821, "properties": {"Tier1Images": 957, "Tier2Images": 94, "S2Images": 819, "TideRange": "1.72", "WaveHeight": "0.83", "RelativeTideRange": "2.09", "pk": "1821"}, "geometry": {"type": "Point", "coordinates": [-64.591309, 47.907227]}}, {"type": "Feature", "id": 1822, "properties": {"Tier1Images": 1717, "Tier2Images": 272, "S2Images": 412, "TideRange": "5.25", "WaveHeight": "1.19", "RelativeTideRange": "4.43", "pk": "1822"}, "geometry": {"type": "Point", "coordinates": [-66.324121, 44.257324]}}, {"type": "Feature", "id": 1823, "properties": {"Tier1Images": 1565, "Tier2Images": 216, "S2Images": 869, "TideRange": "3.73", "WaveHeight": "1.22", "RelativeTideRange": "3.04", "pk": "1823"}, "geometry": {"type": "Point", "coordinates": [-68.690771, 44.24873]}}, {"type": "Feature", "id": 1824, "properties": {"Tier1Images": 1724, "Tier2Images": 281, "S2Images": 405, "TideRange": "5.40", "WaveHeight": "1.16", "RelativeTideRange": "4.66", "pk": "1824"}, "geometry": {"type": "Point", "coordinates": [-66.89707, 44.628906]}}, {"type": "Feature", "id": 1825, "properties": {"Tier1Images": 1917, "Tier2Images": 326, "S2Images": 812, "TideRange": "3.97", "WaveHeight": "0.78", "RelativeTideRange": "5.09", "pk": "1825"}, "geometry": {"type": "Point", "coordinates": [-68.299414, 44.456494]}}, {"type": "Feature", "id": 1826, "properties": {"Tier1Images": 1988, "Tier2Images": 183, "S2Images": 474, "TideRange": "1.28", "WaveHeight": "0.86", "RelativeTideRange": "1.48", "pk": "1826"}, "geometry": {"type": "Point", "coordinates": [-44.22041, -23.08291]}}, {"type": "Feature", "id": 1827, "properties": {"Tier1Images": 902, "Tier2Images": 190, "S2Images": 846, "TideRange": "1.43", "WaveHeight": "0.81", "RelativeTideRange": "1.77", "pk": "1827"}, "geometry": {"type": "Point", "coordinates": [-48.497607, -26.21875]}}, {"type": "Feature", "id": 1828, "properties": {"Tier1Images": 1600, "Tier2Images": 322, "S2Images": 431, "TideRange": "0.95", "WaveHeight": "1.31", "RelativeTideRange": "0.73", "pk": "1828"}, "geometry": {"type": "Point", "coordinates": [-48.542187, -27.574805]}}, {"type": "Feature", "id": 1829, "properties": {"Tier1Images": 1599, "Tier2Images": 322, "S2Images": 432, "TideRange": "1.10", "WaveHeight": "1.10", "RelativeTideRange": "1.00", "pk": "1829"}, "geometry": {"type": "Point", "coordinates": [-48.480861, -27.459921]}}, {"type": "Feature", "id": 1830, "properties": {"Tier1Images": 1833, "Tier2Images": 332, "S2Images": 485, "TideRange": "1.29", "WaveHeight": "1.55", "RelativeTideRange": "0.84", "pk": "1830"}, "geometry": {"type": "Point", "coordinates": [-45.233105, -23.825391]}}, {"type": "Feature", "id": 1831, "properties": {"Tier1Images": 1072, "Tier2Images": 260, "S2Images": 0, "TideRange": "1.38", "WaveHeight": "0.89", "RelativeTideRange": "1.55", "pk": "1831"}, "geometry": {"type": "Point", "coordinates": [-71.393066, 41.466748]}}, {"type": "Feature", "id": 1832, "properties": {"Tier1Images": 3157, "Tier2Images": 566, "S2Images": 0, "TideRange": "1.66", "WaveHeight": "1.06", "RelativeTideRange": "1.57", "pk": "1832"}, "geometry": {"type": "Point", "coordinates": [-74.250488, 39.529395]}}, {"type": "Feature", "id": 1833, "properties": {"Tier1Images": 2151, "Tier2Images": 252, "S2Images": 0, "TideRange": "1.86", "WaveHeight": "1.10", "RelativeTideRange": "1.69", "pk": "1833"}, "geometry": {"type": "Point", "coordinates": [-74.188184, 40.6146]}}, {"type": "Feature", "id": 1834, "properties": {"Tier1Images": 2043, "Tier2Images": 334, "S2Images": 0, "TideRange": "1.01", "WaveHeight": "1.04", "RelativeTideRange": "0.98", "pk": "1834"}, "geometry": {"type": "Point", "coordinates": [-70.67373, 41.448535]}}, {"type": "Feature", "id": 1835, "properties": {"Tier1Images": 1074, "Tier2Images": 262, "S2Images": 0, "TideRange": "1.38", "WaveHeight": "0.89", "RelativeTideRange": "1.55", "pk": "1835"}, "geometry": {"type": "Point", "coordinates": [-71.34624, 41.469385]}}, {"type": "Feature", "id": 1836, "properties": {"Tier1Images": 1002, "Tier2Images": 321, "S2Images": 0, "TideRange": "0.96", "WaveHeight": "1.14", "RelativeTideRange": "0.84", "pk": "1836"}, "geometry": {"type": "Point", "coordinates": [-70.062695, 41.328467]}}, {"type": "Feature", "id": 1837, "properties": {"Tier1Images": 2993, "Tier2Images": 703, "S2Images": 0, "TideRange": "0.24", "WaveHeight": "1.09", "RelativeTideRange": "0.23", "pk": "1837"}, "geometry": {"type": "Point", "coordinates": [-75.781934, 35.190186]}}, {"type": "Feature", "id": 1838, "properties": {"Tier1Images": 2037, "Tier2Images": 475, "S2Images": 0, "TideRange": "1.34", "WaveHeight": "1.08", "RelativeTideRange": "1.25", "pk": "1838"}, "geometry": {"type": "Point", "coordinates": [-75.650781, 35.835596]}}, {"type": "Feature", "id": 1839, "properties": {"Tier1Images": 2337, "Tier2Images": 876, "S2Images": 0, "TideRange": "1.46", "WaveHeight": "1.07", "RelativeTideRange": "1.37", "pk": "1839"}, "geometry": {"type": "Point", "coordinates": [-75.225977, 38.072314]}}, {"type": "Feature", "id": 1840, "properties": {"Tier1Images": 1970, "Tier2Images": 1192, "S2Images": 0, "TideRange": "1.47", "WaveHeight": "0.79", "RelativeTideRange": "1.88", "pk": "1840"}, "geometry": {"type": "Point", "coordinates": [-75.102789, 38.283111]}}, {"type": "Feature", "id": 1841, "properties": {"Tier1Images": 2037, "Tier2Images": 480, "S2Images": 0, "TideRange": "1.39", "WaveHeight": "1.08", "RelativeTideRange": "1.29", "pk": "1841"}, "geometry": {"type": "Point", "coordinates": [-75.503516, 35.769141]}}, {"type": "Feature", "id": 1842, "properties": {"Tier1Images": 3001, "Tier2Images": 721, "S2Images": 0, "TideRange": "1.34", "WaveHeight": "1.49", "RelativeTideRange": "0.90", "pk": "1842"}, "geometry": {"type": "Point", "coordinates": [-75.574017, 35.23402]}}, {"type": "Feature", "id": 1843, "properties": {"Tier1Images": 1169, "Tier2Images": 132, "S2Images": 0, "TideRange": "1.40", "WaveHeight": "0.66", "RelativeTideRange": "2.12", "pk": "1843"}, "geometry": {"type": "Point", "coordinates": [-76.437012, 34.756348]}}, {"type": "Feature", "id": 1844, "properties": {"Tier1Images": 1168, "Tier2Images": 133, "S2Images": 0, "TideRange": "1.38", "WaveHeight": "0.66", "RelativeTideRange": "2.09", "pk": "1844"}, "geometry": {"type": "Point", "coordinates": [-76.372901, 34.81253]}}, {"type": "Feature", "id": 1845, "properties": {"Tier1Images": 1174, "Tier2Images": 168, "S2Images": 0, "TideRange": "0.79", "WaveHeight": "0.96", "RelativeTideRange": "0.82", "pk": "1845"}, "geometry": {"type": "Point", "coordinates": [-96.519336, 28.333447]}}, {"type": "Feature", "id": 1846, "properties": {"Tier1Images": 1199, "Tier2Images": 208, "S2Images": 0, "TideRange": "0.79", "WaveHeight": "0.96", "RelativeTideRange": "0.83", "pk": "1846"}, "geometry": {"type": "Point", "coordinates": [-96.437709, 28.356562]}}, {"type": "Feature", "id": 1847, "properties": {"Tier1Images": 1143, "Tier2Images": 189, "S2Images": 0, "TideRange": "0.80", "WaveHeight": "0.96", "RelativeTideRange": "0.83", "pk": "1847"}, "geometry": {"type": "Point", "coordinates": [-97.29502, 27.523096]}}, {"type": "Feature", "id": 1848, "properties": {"Tier1Images": 1141, "Tier2Images": 225, "S2Images": 0, "TideRange": "0.79", "WaveHeight": "0.96", "RelativeTideRange": "0.83", "pk": "1848"}, "geometry": {"type": "Point", "coordinates": [-97.143231, 27.700122]}}, {"type": "Feature", "id": 1849, "properties": {"Tier1Images": 1136, "Tier2Images": 218, "S2Images": 0, "TideRange": "0.89", "WaveHeight": "0.89", "RelativeTideRange": "0.99", "pk": "1849"}, "geometry": {"type": "Point", "coordinates": [-95.089648, 29.136328]}}, {"type": "Feature", "id": 1850, "properties": {"Tier1Images": 1143, "Tier2Images": 162, "S2Images": 0, "TideRange": "0.80", "WaveHeight": "1.06", "RelativeTideRange": "0.75", "pk": "1850"}, "geometry": {"type": "Point", "coordinates": [-97.385986, 27.196484]}}, {"type": "Feature", "id": 1851, "properties": {"Tier1Images": 1173, "Tier2Images": 99, "S2Images": 0, "TideRange": "0.79", "WaveHeight": "0.64", "RelativeTideRange": "1.24", "pk": "1851"}, "geometry": {"type": "Point", "coordinates": [-97.287878, 26.404729]}}, {"type": "Feature", "id": 1852, "properties": {"Tier1Images": 1468, "Tier2Images": 126, "S2Images": 0, "TideRange": "0.79", "WaveHeight": "0.64", "RelativeTideRange": "1.25", "pk": "1852"}, "geometry": {"type": "Point", "coordinates": [-97.291578, 26.60089]}}, {"type": "Feature", "id": 1853, "properties": {"Tier1Images": 3510, "Tier2Images": 543, "S2Images": 0, "TideRange": "0.73", "WaveHeight": "0.71", "RelativeTideRange": "1.02", "pk": "1853"}, "geometry": {"type": "Point", "coordinates": [-85.049316, 29.637793]}}, {"type": "Feature", "id": 1854, "properties": {"Tier1Images": 2775, "Tier2Images": 437, "S2Images": 0, "TideRange": "2.32", "WaveHeight": "0.57", "RelativeTideRange": "4.07", "pk": "1854"}, "geometry": {"type": "Point", "coordinates": [-81.463477, 30.727783]}}, {"type": "Feature", "id": 1855, "properties": {"Tier1Images": 2385, "Tier2Images": 173, "S2Images": 0, "TideRange": "0.60", "WaveHeight": "0.59", "RelativeTideRange": "1.03", "pk": "1855"}, "geometry": {"type": "Point", "coordinates": [-89.184668, 30.168652]}}, {"type": "Feature", "id": 1856, "properties": {"Tier1Images": 2435, "Tier2Images": 194, "S2Images": 0, "TideRange": "0.61", "WaveHeight": "0.60", "RelativeTideRange": "1.01", "pk": "1856"}, "geometry": {"type": "Point", "coordinates": [-91.796484, 29.596973]}}, {"type": "Feature", "id": 1857, "properties": {"Tier1Images": 1258, "Tier2Images": 126, "S2Images": 0, "TideRange": "0.65", "WaveHeight": "0.59", "RelativeTideRange": "1.11", "pk": "1857"}, "geometry": {"type": "Point", "coordinates": [-88.827979, 29.928369]}}, {"type": "Feature", "id": 1858, "properties": {"Tier1Images": 1096, "Tier2Images": 246, "S2Images": 0, "TideRange": "1.29", "WaveHeight": "0.76", "RelativeTideRange": "1.70", "pk": "1858"}, "geometry": {"type": "Point", "coordinates": [-77.531885, 23.939404]}}, {"type": "Feature", "id": 1859, "properties": {"Tier1Images": 1069, "Tier2Images": 230, "S2Images": 0, "TideRange": "0.40", "WaveHeight": "0.65", "RelativeTideRange": "0.62", "pk": "1859"}, "geometry": {"type": "Point", "coordinates": [-77.85479, 24.255134]}}, {"type": "Feature", "id": 1860, "properties": {"Tier1Images": 2064, "Tier2Images": 95, "S2Images": 0, "TideRange": "1.36", "WaveHeight": "0.88", "RelativeTideRange": "1.54", "pk": "1860"}, "geometry": {"type": "Point", "coordinates": [-77.616587, 23.742063]}}, {"type": "Feature", "id": 1861, "properties": {"Tier1Images": 1037, "Tier2Images": 56, "S2Images": 0, "TideRange": "0.90", "WaveHeight": "0.83", "RelativeTideRange": "1.09", "pk": "1861"}, "geometry": {"type": "Point", "coordinates": [-77.774414, 22.082959]}}, {"type": "Feature", "id": 1862, "properties": {"Tier1Images": 1875, "Tier2Images": 109, "S2Images": 0, "TideRange": "0.83", "WaveHeight": "0.83", "RelativeTideRange": "1.00", "pk": "1862"}, "geometry": {"type": "Point", "coordinates": [-78.0271, 22.285156]}}, {"type": "Feature", "id": 1863, "properties": {"Tier1Images": 1932, "Tier2Images": 108, "S2Images": 0, "TideRange": "0.78", "WaveHeight": "0.64", "RelativeTideRange": "1.22", "pk": "1863"}, "geometry": {"type": "Point", "coordinates": [-78.283887, 22.455469]}}, {"type": "Feature", "id": 1864, "properties": {"Tier1Images": 1933, "Tier2Images": 108, "S2Images": 0, "TideRange": "0.78", "WaveHeight": "0.64", "RelativeTideRange": "1.22", "pk": "1864"}, "geometry": {"type": "Point", "coordinates": [-78.288093, 22.454732]}}, {"type": "Feature", "id": 1865, "properties": {"Tier1Images": 1998, "Tier2Images": 114, "S2Images": 0, "TideRange": "1.18", "WaveHeight": "1.10", "RelativeTideRange": "1.07", "pk": "1865"}, "geometry": {"type": "Point", "coordinates": [-77.510596, 26.845996]}}, {"type": "Feature", "id": 1866, "properties": {"Tier1Images": 1048, "Tier2Images": 36, "S2Images": 0, "TideRange": "1.16", "WaveHeight": "0.87", "RelativeTideRange": "1.33", "pk": "1866"}, "geometry": {"type": "Point", "coordinates": [-77.253199, 26.148066]}}, {"type": "Feature", "id": 1867, "properties": {"Tier1Images": 1051, "Tier2Images": 36, "S2Images": 0, "TideRange": "1.12", "WaveHeight": "1.16", "RelativeTideRange": "0.96", "pk": "1867"}, "geometry": {"type": "Point", "coordinates": [-77.113159, 26.279409]}}, {"type": "Feature", "id": 1868, "properties": {"Tier1Images": 1433, "Tier2Images": 90, "S2Images": 0, "TideRange": "1.18", "WaveHeight": "1.10", "RelativeTideRange": "1.07", "pk": "1868"}, "geometry": {"type": "Point", "coordinates": [-77.484189, 26.864009]}}, {"type": "Feature", "id": 1869, "properties": {"Tier1Images": 1992, "Tier2Images": 115, "S2Images": 0, "TideRange": "1.26", "WaveHeight": "1.10", "RelativeTideRange": "1.14", "pk": "1869"}, "geometry": {"type": "Point", "coordinates": [-77.540381, 26.851766]}}, {"type": "Feature", "id": 1870, "properties": {"Tier1Images": 1441, "Tier2Images": 61, "S2Images": 0, "TideRange": "0.99", "WaveHeight": "1.06", "RelativeTideRange": "0.93", "pk": "1870"}, "geometry": {"type": "Point", "coordinates": [-74.242236, 22.715088]}}, {"type": "Feature", "id": 1871, "properties": {"Tier1Images": 815, "Tier2Images": 79, "S2Images": 0, "TideRange": "1.04", "WaveHeight": "1.38", "RelativeTideRange": "0.76", "pk": "1871"}, "geometry": {"type": "Point", "coordinates": [-74.429443, 24.068066]}}, {"type": "Feature", "id": 1872, "properties": {"Tier1Images": 1114, "Tier2Images": 88, "S2Images": 0, "TideRange": "0.83", "WaveHeight": "1.08", "RelativeTideRange": "0.77", "pk": "1872"}, "geometry": {"type": "Point", "coordinates": [-73.661035, 20.937402]}}, {"type": "Feature", "id": 1873, "properties": {"Tier1Images": 1022, "Tier2Images": 56, "S2Images": 0, "TideRange": "0.83", "WaveHeight": "1.14", "RelativeTideRange": "0.73", "pk": "1873"}, "geometry": {"type": "Point", "coordinates": [-73.027214, 21.304115]}}, {"type": "Feature", "id": 1874, "properties": {"Tier1Images": 1111, "Tier2Images": 85, "S2Images": 0, "TideRange": "0.83", "WaveHeight": "1.08", "RelativeTideRange": "0.77", "pk": "1874"}, "geometry": {"type": "Point", "coordinates": [-73.683882, 20.991753]}}, {"type": "Feature", "id": 1875, "properties": {"Tier1Images": 831, "Tier2Images": 19, "S2Images": 0, "TideRange": "1.00", "WaveHeight": "1.06", "RelativeTideRange": "0.94", "pk": "1875"}, "geometry": {"type": "Point", "coordinates": [-73.914551, 22.568018]}}, {"type": "Feature", "id": 1876, "properties": {"Tier1Images": 848, "Tier2Images": 34, "S2Images": 0, "TideRange": "0.95", "WaveHeight": "1.06", "RelativeTideRange": "0.90", "pk": "1876"}, "geometry": {"type": "Point", "coordinates": [-74.016564, 22.341705]}}, {"type": "Feature", "id": 1877, "properties": {"Tier1Images": 1961, "Tier2Images": 178, "S2Images": 0, "TideRange": "1.21", "WaveHeight": "1.07", "RelativeTideRange": "1.13", "pk": "1877"}, "geometry": {"type": "Point", "coordinates": [-76.343799, 25.332031]}}, {"type": "Feature", "id": 1878, "properties": {"Tier1Images": 2920, "Tier2Images": 211, "S2Images": 0, "TideRange": "1.20", "WaveHeight": "1.07", "RelativeTideRange": "1.12", "pk": "1878"}, "geometry": {"type": "Point", "coordinates": [-76.539092, 25.370786]}}, {"type": "Feature", "id": 1879, "properties": {"Tier1Images": 1067, "Tier2Images": 30, "S2Images": 0, "TideRange": "1.15", "WaveHeight": "0.87", "RelativeTideRange": "1.32", "pk": "1879"}, "geometry": {"type": "Point", "coordinates": [-76.289194, 24.819063]}}, {"type": "Feature", "id": 1880, "properties": {"Tier1Images": 1381, "Tier2Images": 50, "S2Images": 0, "TideRange": "1.10", "WaveHeight": "1.12", "RelativeTideRange": "0.99", "pk": "1880"}, "geometry": {"type": "Point", "coordinates": [-76.187033, 25.187006]}}, {"type": "Feature", "id": 1881, "properties": {"Tier1Images": 1364, "Tier2Images": 51, "S2Images": 0, "TideRange": "1.08", "WaveHeight": "0.92", "RelativeTideRange": "1.18", "pk": "1881"}, "geometry": {"type": "Point", "coordinates": [-75.948633, 23.647412]}}, {"type": "Feature", "id": 1882, "properties": {"Tier1Images": 1377, "Tier2Images": 53, "S2Images": 0, "TideRange": "1.07", "WaveHeight": "0.92", "RelativeTideRange": "1.17", "pk": "1882"}, "geometry": {"type": "Point", "coordinates": [-75.925283, 23.630063]}}, {"type": "Feature", "id": 1883, "properties": {"Tier1Images": 965, "Tier2Images": 47, "S2Images": 0, "TideRange": "1.03", "WaveHeight": "1.16", "RelativeTideRange": "0.89", "pk": "1883"}, "geometry": {"type": "Point", "coordinates": [-75.130566, 23.26792]}}, {"type": "Feature", "id": 1884, "properties": {"Tier1Images": 961, "Tier2Images": 47, "S2Images": 0, "TideRange": "1.01", "WaveHeight": "1.02", "RelativeTideRange": "0.99", "pk": "1884"}, "geometry": {"type": "Point", "coordinates": [-74.890147, 23.042859]}}, {"type": "Feature", "id": 1885, "properties": {"Tier1Images": 1046, "Tier2Images": 53, "S2Images": 0, "TideRange": "1.04", "WaveHeight": "0.95", "RelativeTideRange": "1.10", "pk": "1885"}, "geometry": {"type": "Point", "coordinates": [-75.31149, 23.611238]}}, {"type": "Feature", "id": 1886, "properties": {"Tier1Images": 1853, "Tier2Images": 102, "S2Images": 0, "TideRange": "1.06", "WaveHeight": "1.05", "RelativeTideRange": "1.02", "pk": "1886"}, "geometry": {"type": "Point", "coordinates": [-75.526465, 24.449512]}}, {"type": "Feature", "id": 1887, "properties": {"Tier1Images": 1858, "Tier2Images": 105, "S2Images": 0, "TideRange": "1.09", "WaveHeight": "1.05", "RelativeTideRange": "1.04", "pk": "1887"}, "geometry": {"type": "Point", "coordinates": [-75.45339, 24.299602]}}, {"type": "Feature", "id": 1888, "properties": {"Tier1Images": 948, "Tier2Images": 54, "S2Images": 0, "TideRange": "0.90", "WaveHeight": "0.83", "RelativeTideRange": "1.08", "pk": "1888"}, "geometry": {"type": "Point", "coordinates": [-77.879395, 22.127539]}}, {"type": "Feature", "id": 1889, "properties": {"Tier1Images": 1343, "Tier2Images": 88, "S2Images": 0, "TideRange": "1.04", "WaveHeight": "0.38", "RelativeTideRange": "2.72", "pk": "1889"}, "geometry": {"type": "Point", "coordinates": [-82.201367, 26.548047]}}, {"type": "Feature", "id": 1890, "properties": {"Tier1Images": 1976, "Tier2Images": 339, "S2Images": 0, "TideRange": "0.92", "WaveHeight": "0.64", "RelativeTideRange": "1.43", "pk": "1890"}, "geometry": {"type": "Point", "coordinates": [-78.366504, 24.544189]}}, {"type": "Feature", "id": 1891, "properties": {"Tier1Images": 1070, "Tier2Images": 229, "S2Images": 0, "TideRange": "1.16", "WaveHeight": "0.76", "RelativeTideRange": "1.52", "pk": "1891"}, "geometry": {"type": "Point", "coordinates": [-77.73787, 24.486931]}}, {"type": "Feature", "id": 1892, "properties": {"Tier1Images": 2552, "Tier2Images": 370, "S2Images": 0, "TideRange": "0.89", "WaveHeight": "0.76", "RelativeTideRange": "1.17", "pk": "1892"}, "geometry": {"type": "Point", "coordinates": [-78.103509, 25.175231]}}, {"type": "Feature", "id": 1893, "properties": {"Tier1Images": 1975, "Tier2Images": 338, "S2Images": 0, "TideRange": "0.62", "WaveHeight": "0.64", "RelativeTideRange": "0.97", "pk": "1893"}, "geometry": {"type": "Point", "coordinates": [-78.328171, 24.614102]}}, {"type": "Feature", "id": 1894, "properties": {"Tier1Images": 2449, "Tier2Images": 222, "S2Images": 0, "TideRange": "1.66", "WaveHeight": "0.80", "RelativeTideRange": "2.09", "pk": "1894"}, "geometry": {"type": "Point", "coordinates": [-81.562305, 24.68916]}}, {"type": "Feature", "id": 1895, "properties": {"Tier1Images": 1311, "Tier2Images": 283, "S2Images": 0, "TideRange": "1.33", "WaveHeight": "1.05", "RelativeTideRange": "1.27", "pk": "1895"}, "geometry": {"type": "Point", "coordinates": [-80.262451, 27.375586]}}, {"type": "Feature", "id": 1896, "properties": {"Tier1Images": 1319, "Tier2Images": 262, "S2Images": 0, "TideRange": "1.42", "WaveHeight": "0.75", "RelativeTideRange": "1.89", "pk": "1896"}, "geometry": {"type": "Point", "coordinates": [-80.39176, 27.783036]}}, {"type": "Feature", "id": 1897, "properties": {"Tier1Images": 897, "Tier2Images": 39, "S2Images": 0, "TideRange": "0.19", "WaveHeight": "0.57", "RelativeTideRange": "0.33", "pk": "1897"}, "geometry": {"type": "Point", "coordinates": [-82.681836, 21.821143]}}, {"type": "Feature", "id": 1898, "properties": {"Tier1Images": 893, "Tier2Images": 39, "S2Images": 0, "TideRange": "0.37", "WaveHeight": "0.89", "RelativeTideRange": "0.42", "pk": "1898"}, "geometry": {"type": "Point", "coordinates": [-83.062334, 21.552529]}}, {"type": "Feature", "id": 1899, "properties": {"Tier1Images": 923, "Tier2Images": 40, "S2Images": 0, "TideRange": "0.25", "WaveHeight": "0.86", "RelativeTideRange": "0.29", "pk": "1899"}, "geometry": {"type": "Point", "coordinates": [-82.562488, 21.577644]}}, {"type": "Feature", "id": 1900, "properties": {"Tier1Images": 1332, "Tier2Images": 76, "S2Images": 0, "TideRange": "1.12", "WaveHeight": "0.38", "RelativeTideRange": "2.91", "pk": "1900"}, "geometry": {"type": "Point", "coordinates": [-82.085205, 26.493604]}}, {"type": "Feature", "id": 1901, "properties": {"Tier1Images": 936, "Tier2Images": 260, "S2Images": 0, "TideRange": "0.80", "WaveHeight": "0.68", "RelativeTideRange": "1.18", "pk": "1901"}, "geometry": {"type": "Point", "coordinates": [-79.382178, 22.681348]}}, {"type": "Feature", "id": 1902, "properties": {"Tier1Images": 2261, "Tier2Images": 357, "S2Images": 0, "TideRange": "1.13", "WaveHeight": "0.76", "RelativeTideRange": "1.50", "pk": "1902"}, "geometry": {"type": "Point", "coordinates": [-78.233887, 26.637354]}}, {"type": "Feature", "id": 1903, "properties": {"Tier1Images": 2062, "Tier2Images": 544, "S2Images": 0, "TideRange": "1.21", "WaveHeight": "0.80", "RelativeTideRange": "1.52", "pk": "1903"}, "geometry": {"type": "Point", "coordinates": [-78.426535, 26.712022]}}, {"type": "Feature", "id": 1904, "properties": {"Tier1Images": 1348, "Tier2Images": 482, "S2Images": 0, "TideRange": "1.11", "WaveHeight": "0.85", "RelativeTideRange": "1.30", "pk": "1904"}, "geometry": {"type": "Point", "coordinates": [-78.900343, 26.615847]}}, {"type": "Feature", "id": 1905, "properties": {"Tier1Images": 1668, "Tier2Images": 459, "S2Images": 0, "TideRange": "0.89", "WaveHeight": "0.73", "RelativeTideRange": "1.22", "pk": "1905"}, "geometry": {"type": "Point", "coordinates": [-80.25708, 25.347607]}}, {"type": "Feature", "id": 1906, "properties": {"Tier1Images": 2593, "Tier2Images": 498, "S2Images": 0, "TideRange": "0.89", "WaveHeight": "0.67", "RelativeTideRange": "1.33", "pk": "1906"}, "geometry": {"type": "Point", "coordinates": [-80.360586, 25.177283]}}, {"type": "Feature", "id": 1907, "properties": {"Tier1Images": 1880, "Tier2Images": 245, "S2Images": 0, "TideRange": "0.26", "WaveHeight": "0.78", "RelativeTideRange": "0.33", "pk": "1907"}, "geometry": {"type": "Point", "coordinates": [-87.848535, 18.140381]}}, {"type": "Feature", "id": 1908, "properties": {"Tier1Images": 1693, "Tier2Images": 228, "S2Images": 0, "TideRange": "0.27", "WaveHeight": "0.78", "RelativeTideRange": "0.34", "pk": "1908"}, "geometry": {"type": "Point", "coordinates": [-87.902832, 17.426465]}}, {"type": "Feature", "id": 1909, "properties": {"Tier1Images": 904, "Tier2Images": 55, "S2Images": 0, "TideRange": "1.06", "WaveHeight": "0.48", "RelativeTideRange": "2.19", "pk": "1909"}, "geometry": {"type": "Point", "coordinates": [-91.816113, 18.675879]}}, {"type": "Feature", "id": 1910, "properties": {"Tier1Images": 1274, "Tier2Images": 220, "S2Images": 0, "TideRange": "0.53", "WaveHeight": "1.06", "RelativeTideRange": "0.50", "pk": "1910"}, "geometry": {"type": "Point", "coordinates": [-82.244434, 9.334082]}}, {"type": "Feature", "id": 1911, "properties": {"Tier1Images": 1946, "Tier2Images": 362, "S2Images": 0, "TideRange": "0.37", "WaveHeight": "1.08", "RelativeTideRange": "0.34", "pk": "1911"}, "geometry": {"type": "Point", "coordinates": [-81.284814, 19.362549]}}, {"type": "Feature", "id": 1912, "properties": {"Tier1Images": 1151, "Tier2Images": 123, "S2Images": 0, "TideRange": "0.26", "WaveHeight": "0.73", "RelativeTideRange": "0.36", "pk": "1912"}, "geometry": {"type": "Point", "coordinates": [-86.927832, 20.551514]}}, {"type": "Feature", "id": 1913, "properties": {"Tier1Images": 1124, "Tier2Images": 120, "S2Images": 0, "TideRange": "0.26", "WaveHeight": "0.73", "RelativeTideRange": "0.36", "pk": "1913"}, "geometry": {"type": "Point", "coordinates": [-86.920324, 20.552064]}}, {"type": "Feature", "id": 1914, "properties": {"Tier1Images": 480, "Tier2Images": 59, "S2Images": 0, "TideRange": "0.34", "WaveHeight": "1.37", "RelativeTideRange": "0.25", "pk": "1914"}, "geometry": {"type": "Point", "coordinates": [-62.713721, 17.353271]}}, {"type": "Feature", "id": 1915, "properties": {"Tier1Images": 625, "Tier2Images": 70, "S2Images": 0, "TideRange": "0.62", "WaveHeight": "1.29", "RelativeTideRange": "0.48", "pk": "1915"}, "geometry": {"type": "Point", "coordinates": [-60.908105, 14.093359]}}, {"type": "Feature", "id": 1916, "properties": {"Tier1Images": 649, "Tier2Images": 78, "S2Images": 0, "TideRange": "0.66", "WaveHeight": "1.29", "RelativeTideRange": "0.52", "pk": "1916"}, "geometry": {"type": "Point", "coordinates": [-60.905362, 14.082791]}}, {"type": "Feature", "id": 1917, "properties": {"Tier1Images": 454, "Tier2Images": 13, "S2Images": 0, "TideRange": "0.62", "WaveHeight": "1.24", "RelativeTideRange": "0.50", "pk": "1917"}, "geometry": {"type": "Point", "coordinates": [-60.933691, 14.686182]}}, {"type": "Feature", "id": 1918, "properties": {"Tier1Images": 454, "Tier2Images": 13, "S2Images": 0, "TideRange": "0.54", "WaveHeight": "1.24", "RelativeTideRange": "0.43", "pk": "1918"}, "geometry": {"type": "Point", "coordinates": [-61.089241, 14.514709]}}, {"type": "Feature", "id": 1919, "properties": {"Tier1Images": 1060, "Tier2Images": 167, "S2Images": 0, "TideRange": "1.07", "WaveHeight": "1.21", "RelativeTideRange": "0.89", "pk": "1919"}, "geometry": {"type": "Point", "coordinates": [-60.917627, 10.840234]}}, {"type": "Feature", "id": 1920, "properties": {"Tier1Images": 1910, "Tier2Images": 280, "S2Images": 0, "TideRange": "1.03", "WaveHeight": "0.48", "RelativeTideRange": "2.15", "pk": "1920"}, "geometry": {"type": "Point", "coordinates": [-61.523157, 10.653657]}}, {"type": "Feature", "id": 1921, "properties": {"Tier1Images": 779, "Tier2Images": 144, "S2Images": 0, "TideRange": "1.66", "WaveHeight": "0.37", "RelativeTideRange": "4.45", "pk": "1921"}, "geometry": {"type": "Point", "coordinates": [-61.891056, 10.070923]}}, {"type": "Feature", "id": 1922, "properties": {"Tier1Images": 620, "Tier2Images": 113, "S2Images": 0, "TideRange": "1.56", "WaveHeight": "1.15", "RelativeTideRange": "1.36", "pk": "1922"}, "geometry": {"type": "Point", "coordinates": [-61.010397, 10.141491]}}, {"type": "Feature", "id": 1923, "properties": {"Tier1Images": 1113, "Tier2Images": 235, "S2Images": 0, "TideRange": "0.41", "WaveHeight": "1.36", "RelativeTideRange": "0.30", "pk": "1923"}, "geometry": {"type": "Point", "coordinates": [-68.369238, 12.301953]}}, {"type": "Feature", "id": 1924, "properties": {"Tier1Images": 438, "Tier2Images": 52, "S2Images": 0, "TideRange": "0.99", "WaveHeight": "1.55", "RelativeTideRange": "0.64", "pk": "1924"}, "geometry": {"type": "Point", "coordinates": [-60.708936, 11.277246]}}, {"type": "Feature", "id": 1925, "properties": {"Tier1Images": 483, "Tier2Images": 103, "S2Images": 0, "TideRange": "0.37", "WaveHeight": "1.32", "RelativeTideRange": "0.28", "pk": "1925"}, "geometry": {"type": "Point", "coordinates": [-62.175781, 16.80957]}}, {"type": "Feature", "id": 1926, "properties": {"Tier1Images": 450, "Tier2Images": 40, "S2Images": 0, "TideRange": "0.87", "WaveHeight": "1.70", "RelativeTideRange": "0.51", "pk": "1926"}, "geometry": {"type": "Point", "coordinates": [-59.591602, 13.317676]}}, {"type": "Feature", "id": 1927, "properties": {"Tier1Images": 639, "Tier2Images": 83, "S2Images": 0, "TideRange": "0.51", "WaveHeight": "0.95", "RelativeTideRange": "0.53", "pk": "1927"}, "geometry": {"type": "Point", "coordinates": [-64.007324, 11.068457]}}, {"type": "Feature", "id": 1928, "properties": {"Tier1Images": 1441, "Tier2Images": 166, "S2Images": 0, "TideRange": "0.52", "WaveHeight": "0.95", "RelativeTideRange": "0.55", "pk": "1928"}, "geometry": {"type": "Point", "coordinates": [-64.056955, 10.88516]}}, {"type": "Feature", "id": 1929, "properties": {"Tier1Images": 581, "Tier2Images": 53, "S2Images": 0, "TideRange": "0.41", "WaveHeight": "1.38", "RelativeTideRange": "0.30", "pk": "1929"}, "geometry": {"type": "Point", "coordinates": [-63.16001, 18.171387]}}, {"type": "Feature", "id": 1930, "properties": {"Tier1Images": 1080, "Tier2Images": 105, "S2Images": 0, "TideRange": "0.59", "WaveHeight": "1.40", "RelativeTideRange": "0.42", "pk": "1930"}, "geometry": {"type": "Point", "coordinates": [-61.660449, 12.237305]}}, {"type": "Feature", "id": 1931, "properties": {"Tier1Images": 512, "Tier2Images": 4, "S2Images": 0, "TideRange": "0.37", "WaveHeight": "1.44", "RelativeTideRange": "0.25", "pk": "1931"}, "geometry": {"type": "Point", "coordinates": [-61.762012, 17.548682]}}, {"type": "Feature", "id": 1932, "properties": {"Tier1Images": 456, "Tier2Images": 14, "S2Images": 0, "TideRange": "0.54", "WaveHeight": "1.10", "RelativeTideRange": "0.49", "pk": "1932"}, "geometry": {"type": "Point", "coordinates": [-61.25, 16.006299]}}, {"type": "Feature", "id": 1933, "properties": {"Tier1Images": 543, "Tier2Images": 9, "S2Images": 0, "TideRange": "0.38", "WaveHeight": "1.32", "RelativeTideRange": "0.29", "pk": "1933"}, "geometry": {"type": "Point", "coordinates": [-61.859668, 17.01333]}}, {"type": "Feature", "id": 1934, "properties": {"Tier1Images": 455, "Tier2Images": 14, "S2Images": 0, "TideRange": "0.55", "WaveHeight": "1.14", "RelativeTideRange": "0.48", "pk": "1934"}, "geometry": {"type": "Point", "coordinates": [-61.251074, 15.373145]}}, {"type": "Feature", "id": 1935, "properties": {"Tier1Images": 909, "Tier2Images": 26, "S2Images": 0, "TideRange": "0.52", "WaveHeight": "1.23", "RelativeTideRange": "0.43", "pk": "1935"}, "geometry": {"type": "Point", "coordinates": [-61.301673, 15.24439]}}, {"type": "Feature", "id": 1936, "properties": {"Tier1Images": 456, "Tier2Images": 14, "S2Images": 0, "TideRange": "0.51", "WaveHeight": "1.60", "RelativeTideRange": "0.32", "pk": "1936"}, "geometry": {"type": "Point", "coordinates": [-61.172607, 16.256104]}}, {"type": "Feature", "id": 1937, "properties": {"Tier1Images": 456, "Tier2Images": 14, "S2Images": 0, "TideRange": "0.52", "WaveHeight": "1.10", "RelativeTideRange": "0.47", "pk": "1937"}, "geometry": {"type": "Point", "coordinates": [-61.36864, 16.226495]}}, {"type": "Feature", "id": 1938, "properties": {"Tier1Images": 475, "Tier2Images": 19, "S2Images": 0, "TideRange": "0.40", "WaveHeight": "1.28", "RelativeTideRange": "0.31", "pk": "1938"}, "geometry": {"type": "Point", "coordinates": [-61.641504, 16.325977]}}, {"type": "Feature", "id": 1939, "properties": {"Tier1Images": 456, "Tier2Images": 14, "S2Images": 0, "TideRange": "0.51", "WaveHeight": "1.10", "RelativeTideRange": "0.46", "pk": "1939"}, "geometry": {"type": "Point", "coordinates": [-61.574554, 16.21922]}}, {"type": "Feature", "id": 1940, "properties": {"Tier1Images": 569, "Tier2Images": 55, "S2Images": 0, "TideRange": "0.75", "WaveHeight": "1.43", "RelativeTideRange": "0.52", "pk": "1940"}, "geometry": {"type": "Point", "coordinates": [-61.134521, 13.202881]}}, {"type": "Feature", "id": 1941, "properties": {"Tier1Images": 1220, "Tier2Images": 51, "S2Images": 0, "TideRange": "0.94", "WaveHeight": "1.32", "RelativeTideRange": "0.71", "pk": "1941"}, "geometry": {"type": "Point", "coordinates": [-72.981055, 22.369238]}}, {"type": "Feature", "id": 1942, "properties": {"Tier1Images": 1073, "Tier2Images": 42, "S2Images": 0, "TideRange": "0.94", "WaveHeight": "1.32", "RelativeTideRange": "0.71", "pk": "1942"}, "geometry": {"type": "Point", "coordinates": [-73.040983, 22.368468]}}, {"type": "Feature", "id": 1943, "properties": {"Tier1Images": 2207, "Tier2Images": 193, "S2Images": 0, "TideRange": "0.42", "WaveHeight": "1.18", "RelativeTideRange": "0.35", "pk": "1943"}, "geometry": {"type": "Point", "coordinates": [-68.827393, 12.158545]}}, {"type": "Feature", "id": 1944, "properties": {"Tier1Images": 1874, "Tier2Images": 152, "S2Images": 0, "TideRange": "0.42", "WaveHeight": "1.18", "RelativeTideRange": "0.36", "pk": "1944"}, "geometry": {"type": "Point", "coordinates": [-68.845996, 12.066909]}}, {"type": "Feature", "id": 1945, "properties": {"Tier1Images": 520, "Tier2Images": 39, "S2Images": 0, "TideRange": "0.93", "WaveHeight": "1.46", "RelativeTideRange": "0.64", "pk": "1945"}, "geometry": {"type": "Point", "coordinates": [-71.721777, 21.790234]}}, {"type": "Feature", "id": 1946, "properties": {"Tier1Images": 1021, "Tier2Images": 55, "S2Images": 0, "TideRange": "0.86", "WaveHeight": "1.14", "RelativeTideRange": "0.76", "pk": "1946"}, "geometry": {"type": "Point", "coordinates": [-72.916113, 21.506689]}}, {"type": "Feature", "id": 1947, "properties": {"Tier1Images": 519, "Tier2Images": 39, "S2Images": 0, "TideRange": "0.87", "WaveHeight": "1.29", "RelativeTideRange": "0.68", "pk": "1947"}, "geometry": {"type": "Point", "coordinates": [-71.955469, 21.864404]}}, {"type": "Feature", "id": 1948, "properties": {"Tier1Images": 519, "Tier2Images": 39, "S2Images": 0, "TideRange": "0.86", "WaveHeight": "1.29", "RelativeTideRange": "0.67", "pk": "1948"}, "geometry": {"type": "Point", "coordinates": [-72.190674, 21.769775]}}, {"type": "Feature", "id": 1949, "properties": {"Tier1Images": 641, "Tier2Images": 160, "S2Images": 0, "TideRange": "1.69", "WaveHeight": "0.51", "RelativeTideRange": "3.29", "pk": "1949"}, "geometry": {"type": "Point", "coordinates": [-60.9979, 8.867334]}}, {"type": "Feature", "id": 1950, "properties": {"Tier1Images": 1155, "Tier2Images": 301, "S2Images": 0, "TideRange": "2.97", "WaveHeight": "0.16", "RelativeTideRange": "18.77", "pk": "1950"}, "geometry": {"type": "Point", "coordinates": [-51.254004, -0.541406]}}, {"type": "Feature", "id": 1951, "properties": {"Tier1Images": 1639, "Tier2Images": 604, "S2Images": 0, "TideRange": "3.19", "WaveHeight": "0.16", "RelativeTideRange": "20.16", "pk": "1951"}, "geometry": {"type": "Point", "coordinates": [-51.757031, -1.159591]}}, {"type": "Feature", "id": 1952, "properties": {"Tier1Images": 872, "Tier2Images": 273, "S2Images": 0, "TideRange": "3.19", "WaveHeight": "0.16", "RelativeTideRange": "20.16", "pk": "1952"}, "geometry": {"type": "Point", "coordinates": [-51.45605, -1.200155]}}, {"type": "Feature", "id": 1953, "properties": {"Tier1Images": 643, "Tier2Images": 160, "S2Images": 0, "TideRange": "1.45", "WaveHeight": "0.51", "RelativeTideRange": "2.82", "pk": "1953"}, "geometry": {"type": "Point", "coordinates": [-60.790381, 9.177197]}}, {"type": "Feature", "id": 1954, "properties": {"Tier1Images": 1191, "Tier2Images": 168, "S2Images": 0, "TideRange": "4.75", "WaveHeight": "0.45", "RelativeTideRange": "10.51", "pk": "1954"}, "geometry": {"type": "Point", "coordinates": [-44.481445, -2.717578]}}, {"type": "Feature", "id": 1955, "properties": {"Tier1Images": 1984, "Tier2Images": 185, "S2Images": 0, "TideRange": "2.50", "WaveHeight": "1.07", "RelativeTideRange": "2.33", "pk": "1955"}, "geometry": {"type": "Point", "coordinates": [-38.668115, -12.880176]}}, {"type": "Feature", "id": 1956, "properties": {"Tier1Images": 2101, "Tier2Images": 201, "S2Images": 0, "TideRange": "2.14", "WaveHeight": "1.11", "RelativeTideRange": "1.92", "pk": "1956"}, "geometry": {"type": "Point", "coordinates": [-39.006592, -13.415527]}}, {"type": "Feature", "id": 1957, "properties": {"Tier1Images": 861, "Tier2Images": 192, "S2Images": 0, "TideRange": "4.92", "WaveHeight": "0.57", "RelativeTideRange": "8.63", "pk": "1957"}, "geometry": {"type": "Point", "coordinates": [-44.978662, -1.267285]}}, {"type": "Feature", "id": 1958, "properties": {"Tier1Images": 908, "Tier2Images": 258, "S2Images": 0, "TideRange": "5.07", "WaveHeight": "0.16", "RelativeTideRange": "32.16", "pk": "1958"}, "geometry": {"type": "Point", "coordinates": [-50.127979, 0.226514]}}, {"type": "Feature", "id": 1959, "properties": {"Tier1Images": 1640, "Tier2Images": 446, "S2Images": 0, "TideRange": "5.09", "WaveHeight": "0.16", "RelativeTideRange": "32.28", "pk": "1959"}, "geometry": {"type": "Point", "coordinates": [-49.82898, 0.021618]}}, {"type": "Feature", "id": 1960, "properties": {"Tier1Images": 1354, "Tier2Images": 680, "S2Images": 0, "TideRange": "8.92", "WaveHeight": "1.26", "RelativeTideRange": "7.10", "pk": "1960"}, "geometry": {"type": "Point", "coordinates": [-50.491016, 2.128613]}}, {"type": "Feature", "id": 1961, "properties": {"Tier1Images": 902, "Tier2Images": 253, "S2Images": 0, "TideRange": "1.25", "WaveHeight": "0.16", "RelativeTideRange": "7.92", "pk": "1961"}, "geometry": {"type": "Point", "coordinates": [-50.652881, -0.131641]}}, {"type": "Feature", "id": 1962, "properties": {"Tier1Images": 903, "Tier2Images": 253, "S2Images": 0, "TideRange": "1.56", "WaveHeight": "0.16", "RelativeTideRange": "9.83", "pk": "1962"}, "geometry": {"type": "Point", "coordinates": [-50.764499, -0.211513]}}, {"type": "Feature", "id": 1963, "properties": {"Tier1Images": 823, "Tier2Images": 232, "S2Images": 0, "TideRange": "3.92", "WaveHeight": "0.36", "RelativeTideRange": "10.74", "pk": "1963"}, "geometry": {"type": "Point", "coordinates": [-49.708838, -0.14375]}}, {"type": "Feature", "id": 1964, "properties": {"Tier1Images": 1224, "Tier2Images": 352, "S2Images": 0, "TideRange": "5.06", "WaveHeight": "0.16", "RelativeTideRange": "32.13", "pk": "1964"}, "geometry": {"type": "Point", "coordinates": [-49.793284, -0.044887]}}, {"type": "Feature", "id": 1965, "properties": {"Tier1Images": 906, "Tier2Images": 254, "S2Images": 0, "TideRange": "2.47", "WaveHeight": "0.17", "RelativeTideRange": "14.86", "pk": "1965"}, "geometry": {"type": "Point", "coordinates": [-50.342529, 0.381592]}}, {"type": "Feature", "id": 1966, "properties": {"Tier1Images": 902, "Tier2Images": 254, "S2Images": 0, "TideRange": "2.47", "WaveHeight": "0.16", "RelativeTideRange": "15.63", "pk": "1966"}, "geometry": {"type": "Point", "coordinates": [-50.597729, 0.045361]}}, {"type": "Feature", "id": 1967, "properties": {"Tier1Images": 905, "Tier2Images": 252, "S2Images": 0, "TideRange": "2.47", "WaveHeight": "0.17", "RelativeTideRange": "14.86", "pk": "1967"}, "geometry": {"type": "Point", "coordinates": [-50.261328, 0.35918]}}, {"type": "Feature", "id": 1968, "properties": {"Tier1Images": 2050, "Tier2Images": 259, "S2Images": 0, "TideRange": "2.57", "WaveHeight": "0.81", "RelativeTideRange": "3.18", "pk": "1968"}, "geometry": {"type": "Point", "coordinates": [-71.854846, -52.53535]}}, {"type": "Feature", "id": 1969, "properties": {"Tier1Images": 1270, "Tier2Images": 191, "S2Images": 0, "TideRange": "2.61", "WaveHeight": "0.81", "RelativeTideRange": "3.23", "pk": "1969"}, "geometry": {"type": "Point", "coordinates": [-71.712664, -52.915589]}}, {"type": "Feature", "id": 1970, "properties": {"Tier1Images": 1443, "Tier2Images": 141, "S2Images": 0, "TideRange": "2.50", "WaveHeight": "0.81", "RelativeTideRange": "3.09", "pk": "1970"}, "geometry": {"type": "Point", "coordinates": [-71.226007, -52.968197]}}, {"type": "Feature", "id": 1971, "properties": {"Tier1Images": 1637, "Tier2Images": 181, "S2Images": 0, "TideRange": "2.63", "WaveHeight": "1.05", "RelativeTideRange": "2.50", "pk": "1971"}, "geometry": {"type": "Point", "coordinates": [-70.949852, -53.579325]}}, {"type": "Feature", "id": 1972, "properties": {"Tier1Images": 1417, "Tier2Images": 140, "S2Images": 0, "TideRange": "2.40", "WaveHeight": "1.05", "RelativeTideRange": "2.28", "pk": "1972"}, "geometry": {"type": "Point", "coordinates": [-70.865365, -53.05234]}}, {"type": "Feature", "id": 1973, "properties": {"Tier1Images": 1693, "Tier2Images": 150, "S2Images": 0, "TideRange": "2.22", "WaveHeight": "0.80", "RelativeTideRange": "2.76", "pk": "1973"}, "geometry": {"type": "Point", "coordinates": [-70.428616, -52.663598]}}, {"type": "Feature", "id": 1974, "properties": {"Tier1Images": 2193, "Tier2Images": 232, "S2Images": 0, "TideRange": "7.73", "WaveHeight": "0.80", "RelativeTideRange": "9.61", "pk": "1974"}, "geometry": {"type": "Point", "coordinates": [-69.609194, -52.456713]}}, {"type": "Feature", "id": 1975, "properties": {"Tier1Images": 2092, "Tier2Images": 343, "S2Images": 0, "TideRange": "9.25", "WaveHeight": "0.89", "RelativeTideRange": "10.44", "pk": "1975"}, "geometry": {"type": "Point", "coordinates": [-68.949521, -52.272319]}}, {"type": "Feature", "id": 1976, "properties": {"Tier1Images": 1373, "Tier2Images": 264, "S2Images": 0, "TideRange": "9.32", "WaveHeight": "1.12", "RelativeTideRange": "8.31", "pk": "1976"}, "geometry": {"type": "Point", "coordinates": [-68.534457, -52.159336]}}, {"type": "Feature", "id": 1977, "properties": {"Tier1Images": 1373, "Tier2Images": 251, "S2Images": 0, "TideRange": "10.16", "WaveHeight": "0.88", "RelativeTideRange": "11.60", "pk": "1977"}, "geometry": {"type": "Point", "coordinates": [-68.968351, -51.675311]}}, {"type": "Feature", "id": 1978, "properties": {"Tier1Images": 1403, "Tier2Images": 253, "S2Images": 0, "TideRange": "10.60", "WaveHeight": "0.88", "RelativeTideRange": "12.11", "pk": "1978"}, "geometry": {"type": "Point", "coordinates": [-69.150923, -51.555321]}}, {"type": "Feature", "id": 1979, "properties": {"Tier1Images": 1890, "Tier2Images": 161, "S2Images": 0, "TideRange": "10.22", "WaveHeight": "1.20", "RelativeTideRange": "8.50", "pk": "1979"}, "geometry": {"type": "Point", "coordinates": [-69.167126, -51.054573]}}, {"type": "Feature", "id": 1980, "properties": {"Tier1Images": 1577, "Tier2Images": 127, "S2Images": 0, "TideRange": "10.13", "WaveHeight": "0.94", "RelativeTideRange": "10.77", "pk": "1980"}, "geometry": {"type": "Point", "coordinates": [-69.125719, -50.700712]}}, {"type": "Feature", "id": 1981, "properties": {"Tier1Images": 1202, "Tier2Images": 152, "S2Images": 0, "TideRange": "9.97", "WaveHeight": "1.15", "RelativeTideRange": "8.70", "pk": "1981"}, "geometry": {"type": "Point", "coordinates": [-68.650846, -50.246642]}}, {"type": "Feature", "id": 1982, "properties": {"Tier1Images": 1574, "Tier2Images": 121, "S2Images": 0, "TideRange": "9.22", "WaveHeight": "0.94", "RelativeTideRange": "9.80", "pk": "1982"}, "geometry": {"type": "Point", "coordinates": [-68.919823, -49.998989]}}, {"type": "Feature", "id": 1983, "properties": {"Tier1Images": 954, "Tier2Images": 106, "S2Images": 0, "TideRange": "9.11", "WaveHeight": "1.21", "RelativeTideRange": "7.50", "pk": "1983"}, "geometry": {"type": "Point", "coordinates": [-68.568009, -49.868736]}}, {"type": "Feature", "id": 1984, "properties": {"Tier1Images": 1477, "Tier2Images": 190, "S2Images": 0, "TideRange": "8.94", "WaveHeight": "1.21", "RelativeTideRange": "7.36", "pk": "1984"}, "geometry": {"type": "Point", "coordinates": [-67.909891, -49.981472]}}, {"type": "Feature", "id": 1985, "properties": {"Tier1Images": 2323, "Tier2Images": 250, "S2Images": 0, "TideRange": "7.98", "WaveHeight": "1.33", "RelativeTideRange": "6.00", "pk": "1985"}, "geometry": {"type": "Point", "coordinates": [-67.682587, -49.430257]}}, {"type": "Feature", "id": 1986, "properties": {"Tier1Images": 1617, "Tier2Images": 123, "S2Images": 0, "TideRange": "7.61", "WaveHeight": "1.19", "RelativeTideRange": "6.40", "pk": "1986"}, "geometry": {"type": "Point", "coordinates": [-67.391101, -48.900856]}}, {"type": "Feature", "id": 1987, "properties": {"Tier1Images": 1818, "Tier2Images": 121, "S2Images": 0, "TideRange": "6.98", "WaveHeight": "1.34", "RelativeTideRange": "5.22", "pk": "1987"}, "geometry": {"type": "Point", "coordinates": [-66.741914, -48.500291]}}, {"type": "Feature", "id": 1988, "properties": {"Tier1Images": 2121, "Tier2Images": 393, "S2Images": 0, "TideRange": "5.80", "WaveHeight": "1.26", "RelativeTideRange": "4.62", "pk": "1988"}, "geometry": {"type": "Point", "coordinates": [-66.061882, -48.115013]}}, {"type": "Feature", "id": 1989, "properties": {"Tier1Images": 922, "Tier2Images": 83, "S2Images": 0, "TideRange": "5.88", "WaveHeight": "1.26", "RelativeTideRange": "4.68", "pk": "1989"}, "geometry": {"type": "Point", "coordinates": [-66.218909, -47.830456]}}, {"type": "Feature", "id": 1990, "properties": {"Tier1Images": 1326, "Tier2Images": 372, "S2Images": 0, "TideRange": "4.53", "WaveHeight": "1.44", "RelativeTideRange": "3.14", "pk": "1990"}, "geometry": {"type": "Point", "coordinates": [-65.745061, -47.386772]}}, {"type": "Feature", "id": 1991, "properties": {"Tier1Images": 1696, "Tier2Images": 121, "S2Images": 0, "TideRange": "5.05", "WaveHeight": "1.11", "RelativeTideRange": "4.56", "pk": "1991"}, "geometry": {"type": "Point", "coordinates": [-66.358309, -47.067022]}}, {"type": "Feature", "id": 1992, "properties": {"Tier1Images": 2385, "Tier2Images": 158, "S2Images": 0, "TideRange": "5.26", "WaveHeight": "1.13", "RelativeTideRange": "4.63", "pk": "1992"}, "geometry": {"type": "Point", "coordinates": [-67.093255, -46.771773]}}, {"type": "Feature", "id": 1993, "properties": {"Tier1Images": 1697, "Tier2Images": 107, "S2Images": 0, "TideRange": "5.41", "WaveHeight": "0.96", "RelativeTideRange": "5.65", "pk": "1993"}, "geometry": {"type": "Point", "coordinates": [-67.586473, -46.267782]}}, {"type": "Feature", "id": 1994, "properties": {"Tier1Images": 1697, "Tier2Images": 106, "S2Images": 0, "TideRange": "5.41", "WaveHeight": "0.97", "RelativeTideRange": "5.58", "pk": "1994"}, "geometry": {"type": "Point", "coordinates": [-67.333557, -45.688573]}}, {"type": "Feature", "id": 1995, "properties": {"Tier1Images": 1243, "Tier2Images": 65, "S2Images": 0, "TideRange": "5.35", "WaveHeight": "0.91", "RelativeTideRange": "5.85", "pk": "1995"}, "geometry": {"type": "Point", "coordinates": [-66.788055, -45.213442]}}, {"type": "Feature", "id": 1996, "properties": {"Tier1Images": 1719, "Tier2Images": 122, "S2Images": 0, "TideRange": "5.21", "WaveHeight": "0.97", "RelativeTideRange": "5.37", "pk": "1996"}, "geometry": {"type": "Point", "coordinates": [-66.00619, -44.982779]}}, {"type": "Feature", "id": 1997, "properties": {"Tier1Images": 1723, "Tier2Images": 115, "S2Images": 0, "TideRange": "4.49", "WaveHeight": "1.21", "RelativeTideRange": "3.72", "pk": "1997"}, "geometry": {"type": "Point", "coordinates": [-65.649913, -44.667557]}}, {"type": "Feature", "id": 1998, "properties": {"Tier1Images": 2126, "Tier2Images": 130, "S2Images": 0, "TideRange": "4.51", "WaveHeight": "1.36", "RelativeTideRange": "3.32", "pk": "1998"}, "geometry": {"type": "Point", "coordinates": [-65.293002, -44.134082]}}, {"type": "Feature", "id": 1999, "properties": {"Tier1Images": 1732, "Tier2Images": 111, "S2Images": 0, "TideRange": "4.69", "WaveHeight": "1.21", "RelativeTideRange": "3.88", "pk": "1999"}, "geometry": {"type": "Point", "coordinates": [-65.187668, -43.519749]}}, {"type": "Feature", "id": 2000, "properties": {"Tier1Images": 927, "Tier2Images": 73, "S2Images": 0, "TideRange": "4.67", "WaveHeight": "1.02", "RelativeTideRange": "4.59", "pk": "2000"}, "geometry": {"type": "Point", "coordinates": [-64.546889, -43.090132]}}, {"type": "Feature", "id": 2001, "properties": {"Tier1Images": 1731, "Tier2Images": 112, "S2Images": 0, "TideRange": "4.79", "WaveHeight": "1.02", "RelativeTideRange": "4.71", "pk": "2001"}, "geometry": {"type": "Point", "coordinates": [-64.881739, -42.813716]}}, {"type": "Feature", "id": 2002, "properties": {"Tier1Images": 1596, "Tier2Images": 126, "S2Images": 0, "TideRange": "4.80", "WaveHeight": "0.79", "RelativeTideRange": "6.08", "pk": "2002"}, "geometry": {"type": "Point", "coordinates": [-64.437464, -42.531588]}}, {"type": "Feature", "id": 2003, "properties": {"Tier1Images": 1592, "Tier2Images": 185, "S2Images": 0, "TideRange": "4.09", "WaveHeight": "1.26", "RelativeTideRange": "3.25", "pk": "2003"}, "geometry": {"type": "Point", "coordinates": [-63.817612, -42.83306]}}, {"type": "Feature", "id": 2004, "properties": {"Tier1Images": 2429, "Tier2Images": 267, "S2Images": 0, "TideRange": "4.95", "WaveHeight": "1.32", "RelativeTideRange": "3.76", "pk": "2004"}, "geometry": {"type": "Point", "coordinates": [-63.644885, -42.257022]}}, {"type": "Feature", "id": 2005, "properties": {"Tier1Images": 897, "Tier2Images": 82, "S2Images": 0, "TideRange": "7.33", "WaveHeight": "0.98", "RelativeTideRange": "7.45", "pk": "2005"}, "geometry": {"type": "Point", "coordinates": [-64.11287, -42.261981]}}, {"type": "Feature", "id": 2006, "properties": {"Tier1Images": 1846, "Tier2Images": 124, "S2Images": 0, "TideRange": "7.25", "WaveHeight": "0.79", "RelativeTideRange": "9.18", "pk": "2006"}, "geometry": {"type": "Point", "coordinates": [-64.520769, -42.291215]}}, {"type": "Feature", "id": 2007, "properties": {"Tier1Images": 1735, "Tier2Images": 120, "S2Images": 0, "TideRange": "7.09", "WaveHeight": "0.91", "RelativeTideRange": "7.77", "pk": "2007"}, "geometry": {"type": "Point", "coordinates": [-65.036723, -41.873453]}}, {"type": "Feature", "id": 2008, "properties": {"Tier1Images": 1364, "Tier2Images": 85, "S2Images": 0, "TideRange": "7.36", "WaveHeight": "0.74", "RelativeTideRange": "9.94", "pk": "2008"}, "geometry": {"type": "Point", "coordinates": [-65.133498, -41.211202]}}, {"type": "Feature", "id": 2009, "properties": {"Tier1Images": 2039, "Tier2Images": 143, "S2Images": 0, "TideRange": "7.49", "WaveHeight": "0.74", "RelativeTideRange": "10.11", "pk": "2009"}, "geometry": {"type": "Point", "coordinates": [-64.816846, -40.786082]}}, {"type": "Feature", "id": 2010, "properties": {"Tier1Images": 1942, "Tier2Images": 148, "S2Images": 0, "TideRange": "7.21", "WaveHeight": "0.83", "RelativeTideRange": "8.72", "pk": "2010"}, "geometry": {"type": "Point", "coordinates": [-64.061367, -41.032938]}}, {"type": "Feature", "id": 2011, "properties": {"Tier1Images": 2590, "Tier2Images": 227, "S2Images": 0, "TideRange": "5.51", "WaveHeight": "1.36", "RelativeTideRange": "4.04", "pk": "2011"}, "geometry": {"type": "Point", "coordinates": [-63.202853, -41.150759]}}, {"type": "Feature", "id": 2012, "properties": {"Tier1Images": 1241, "Tier2Images": 123, "S2Images": 0, "TideRange": "2.99", "WaveHeight": "1.09", "RelativeTideRange": "2.74", "pk": "2012"}, "geometry": {"type": "Point", "coordinates": [-62.384929, -40.882575]}}, {"type": "Feature", "id": 2013, "properties": {"Tier1Images": 1729, "Tier2Images": 141, "S2Images": 0, "TideRange": "2.30", "WaveHeight": "0.67", "RelativeTideRange": "3.44", "pk": "2013"}, "geometry": {"type": "Point", "coordinates": [-62.41185, -40.259973]}}, {"type": "Feature", "id": 2014, "properties": {"Tier1Images": 1889, "Tier2Images": 174, "S2Images": 0, "TideRange": "3.03", "WaveHeight": "0.69", "RelativeTideRange": "4.42", "pk": "2014"}, "geometry": {"type": "Point", "coordinates": [-62.09894, -39.653703]}}, {"type": "Feature", "id": 2015, "properties": {"Tier1Images": 1896, "Tier2Images": 165, "S2Images": 0, "TideRange": "2.55", "WaveHeight": "0.69", "RelativeTideRange": "3.71", "pk": "2015"}, "geometry": {"type": "Point", "coordinates": [-62.319601, -39.190424]}}, {"type": "Feature", "id": 2016, "properties": {"Tier1Images": 1882, "Tier2Images": 160, "S2Images": 0, "TideRange": "2.58", "WaveHeight": "0.69", "RelativeTideRange": "3.77", "pk": "2016"}, "geometry": {"type": "Point", "coordinates": [-62.029705, -38.92639]}}, {"type": "Feature", "id": 2017, "properties": {"Tier1Images": 1808, "Tier2Images": 248, "S2Images": 0, "TideRange": "2.79", "WaveHeight": "1.24", "RelativeTideRange": "2.25", "pk": "2017"}, "geometry": {"type": "Point", "coordinates": [-61.143101, -38.991587]}}, {"type": "Feature", "id": 2018, "properties": {"Tier1Images": 964, "Tier2Images": 180, "S2Images": 0, "TideRange": "2.23", "WaveHeight": "1.21", "RelativeTideRange": "1.85", "pk": "2018"}, "geometry": {"type": "Point", "coordinates": [-60.254675, -38.89202]}}, {"type": "Feature", "id": 2019, "properties": {"Tier1Images": 1726, "Tier2Images": 357, "S2Images": 0, "TideRange": "1.95", "WaveHeight": "1.30", "RelativeTideRange": "1.50", "pk": "2019"}, "geometry": {"type": "Point", "coordinates": [-59.378998, -38.741903]}}, {"type": "Feature", "id": 2020, "properties": {"Tier1Images": 875, "Tier2Images": 201, "S2Images": 0, "TideRange": "1.74", "WaveHeight": "1.11", "RelativeTideRange": "1.57", "pk": "2020"}, "geometry": {"type": "Point", "coordinates": [-58.522187, -38.534314]}}, {"type": "Feature", "id": 2021, "properties": {"Tier1Images": 2224, "Tier2Images": 501, "S2Images": 0, "TideRange": "1.60", "WaveHeight": "1.18", "RelativeTideRange": "1.36", "pk": "2021"}, "geometry": {"type": "Point", "coordinates": [-57.728731, -38.211165]}}, {"type": "Feature", "id": 2022, "properties": {"Tier1Images": 1848, "Tier2Images": 295, "S2Images": 0, "TideRange": "1.50", "WaveHeight": "0.98", "RelativeTideRange": "1.53", "pk": "2022"}, "geometry": {"type": "Point", "coordinates": [-57.273281, -37.626204]}}, {"type": "Feature", "id": 2023, "properties": {"Tier1Images": 1670, "Tier2Images": 266, "S2Images": 0, "TideRange": "1.36", "WaveHeight": "0.82", "RelativeTideRange": "1.66", "pk": "2023"}, "geometry": {"type": "Point", "coordinates": [-56.779673, -37.029103]}}, {"type": "Feature", "id": 2024, "properties": {"Tier1Images": 1842, "Tier2Images": 327, "S2Images": 0, "TideRange": "1.24", "WaveHeight": "1.07", "RelativeTideRange": "1.16", "pk": "2024"}, "geometry": {"type": "Point", "coordinates": [-56.760761, -36.346849]}}, {"type": "Feature", "id": 2025, "properties": {"Tier1Images": 995, "Tier2Images": 139, "S2Images": 0, "TideRange": "1.52", "WaveHeight": "0.60", "RelativeTideRange": "2.52", "pk": "2025"}, "geometry": {"type": "Point", "coordinates": [-57.370107, -35.917302]}}, {"type": "Feature", "id": 2026, "properties": {"Tier1Images": 1569, "Tier2Images": 223, "S2Images": 0, "TideRange": "1.08", "WaveHeight": "0.69", "RelativeTideRange": "1.57", "pk": "2026"}, "geometry": {"type": "Point", "coordinates": [-57.251391, -35.256912]}}, {"type": "Feature", "id": 2027, "properties": {"Tier1Images": 1972, "Tier2Images": 270, "S2Images": 0, "TideRange": "0.72", "WaveHeight": "0.47", "RelativeTideRange": "1.52", "pk": "2027"}, "geometry": {"type": "Point", "coordinates": [-57.958129, -34.815603]}}, {"type": "Feature", "id": 2028, "properties": {"Tier1Images": 1009, "Tier2Images": 142, "S2Images": 0, "TideRange": "0.96", "WaveHeight": "0.47", "RelativeTideRange": "2.03", "pk": "2028"}, "geometry": {"type": "Point", "coordinates": [-58.523204, -34.294682]}}, {"type": "Feature", "id": 2029, "properties": {"Tier1Images": 1014, "Tier2Images": 133, "S2Images": 0, "TideRange": "1.05", "WaveHeight": "0.47", "RelativeTideRange": "2.22", "pk": "2029"}, "geometry": {"type": "Point", "coordinates": [-58.536456, -33.619585]}}, {"type": "Feature", "id": 2030, "properties": {"Tier1Images": 1016, "Tier2Images": 128, "S2Images": 0, "TideRange": "1.19", "WaveHeight": "0.47", "RelativeTideRange": "2.52", "pk": "2030"}, "geometry": {"type": "Point", "coordinates": [-58.202314, -33.016617]}}, {"type": "Feature", "id": 2031, "properties": {"Tier1Images": 1022, "Tier2Images": 126, "S2Images": 0, "TideRange": "1.19", "WaveHeight": "0.47", "RelativeTideRange": "2.52", "pk": "2031"}, "geometry": {"type": "Point", "coordinates": [-58.144464, -32.670302]}}, {"type": "Feature", "id": 2032, "properties": {"Tier1Images": 1017, "Tier2Images": 132, "S2Images": 0, "TideRange": "1.17", "WaveHeight": "0.47", "RelativeTideRange": "2.48", "pk": "2032"}, "geometry": {"type": "Point", "coordinates": [-58.363334, -33.302889]}}, {"type": "Feature", "id": 2033, "properties": {"Tier1Images": 1798, "Tier2Images": 232, "S2Images": 0, "TideRange": "0.79", "WaveHeight": "0.47", "RelativeTideRange": "1.66", "pk": "2033"}, "geometry": {"type": "Point", "coordinates": [-58.298448, -34.016059]}}, {"type": "Feature", "id": 2034, "properties": {"Tier1Images": 1920, "Tier2Images": 255, "S2Images": 0, "TideRange": "0.60", "WaveHeight": "0.46", "RelativeTideRange": "1.32", "pk": "2034"}, "geometry": {"type": "Point", "coordinates": [-57.66713, -34.460733]}}, {"type": "Feature", "id": 2035, "properties": {"Tier1Images": 1130, "Tier2Images": 178, "S2Images": 0, "TideRange": "0.68", "WaveHeight": "0.63", "RelativeTideRange": "1.07", "pk": "2035"}, "geometry": {"type": "Point", "coordinates": [-56.866648, -34.668515]}}, {"type": "Feature", "id": 2036, "properties": {"Tier1Images": 1058, "Tier2Images": 174, "S2Images": 0, "TideRange": "0.43", "WaveHeight": "0.77", "RelativeTideRange": "0.57", "pk": "2036"}, "geometry": {"type": "Point", "coordinates": [-56.057684, -34.885012]}}, {"type": "Feature", "id": 2037, "properties": {"Tier1Images": 1898, "Tier2Images": 280, "S2Images": 0, "TideRange": "0.24", "WaveHeight": "1.11", "RelativeTideRange": "0.21", "pk": "2037"}, "geometry": {"type": "Point", "coordinates": [-55.22406, -34.895735]}}, {"type": "Feature", "id": 2038, "properties": {"Tier1Images": 963, "Tier2Images": 131, "S2Images": 0, "TideRange": "0.39", "WaveHeight": "1.38", "RelativeTideRange": "0.28", "pk": "2038"}, "geometry": {"type": "Point", "coordinates": [-54.381791, -34.738856]}}, {"type": "Feature", "id": 2039, "properties": {"Tier1Images": 950, "Tier2Images": 131, "S2Images": 0, "TideRange": "0.58", "WaveHeight": "1.57", "RelativeTideRange": "0.37", "pk": "2039"}, "geometry": {"type": "Point", "coordinates": [-53.751338, -34.275519]}}, {"type": "Feature", "id": 2040, "properties": {"Tier1Images": 1998, "Tier2Images": 473, "S2Images": 0, "TideRange": "0.67", "WaveHeight": "1.32", "RelativeTideRange": "0.51", "pk": "2040"}, "geometry": {"type": "Point", "coordinates": [-53.265825, -33.663043]}}, {"type": "Feature", "id": 2041, "properties": {"Tier1Images": 1626, "Tier2Images": 268, "S2Images": 0, "TideRange": "0.66", "WaveHeight": "1.28", "RelativeTideRange": "0.51", "pk": "2041"}, "geometry": {"type": "Point", "coordinates": [-52.644434, -33.123547]}}, {"type": "Feature", "id": 2042, "properties": {"Tier1Images": 1898, "Tier2Images": 342, "S2Images": 0, "TideRange": "0.60", "WaveHeight": "1.37", "RelativeTideRange": "0.44", "pk": "2042"}, "geometry": {"type": "Point", "coordinates": [-52.327288, -32.414904]}}, {"type": "Feature", "id": 2043, "properties": {"Tier1Images": 1019, "Tier2Images": 153, "S2Images": 0, "TideRange": "0.56", "WaveHeight": "0.48", "RelativeTideRange": "1.17", "pk": "2043"}, "geometry": {"type": "Point", "coordinates": [-52.130505, -31.722562]}}, {"type": "Feature", "id": 2044, "properties": {"Tier1Images": 1240, "Tier2Images": 174, "S2Images": 0, "TideRange": "0.49", "WaveHeight": "0.74", "RelativeTideRange": "0.67", "pk": "2044"}, "geometry": {"type": "Point", "coordinates": [-51.594252, -31.162677]}}, {"type": "Feature", "id": 2045, "properties": {"Tier1Images": 995, "Tier2Images": 114, "S2Images": 0, "TideRange": "0.50", "WaveHeight": "0.48", "RelativeTideRange": "1.02", "pk": "2045"}, "geometry": {"type": "Point", "coordinates": [-51.285854, -30.654891]}}, {"type": "Feature", "id": 2046, "properties": {"Tier1Images": 993, "Tier2Images": 115, "S2Images": 0, "TideRange": "0.52", "WaveHeight": "0.48", "RelativeTideRange": "1.07", "pk": "2046"}, "geometry": {"type": "Point", "coordinates": [-51.240403, -30.095668]}}, {"type": "Feature", "id": 2047, "properties": {"Tier1Images": 1946, "Tier2Images": 225, "S2Images": 0, "TideRange": "0.57", "WaveHeight": "0.48", "RelativeTideRange": "1.17", "pk": "2047"}, "geometry": {"type": "Point", "coordinates": [-50.591927, -30.247843]}}, {"type": "Feature", "id": 2048, "properties": {"Tier1Images": 2365, "Tier2Images": 324, "S2Images": 0, "TideRange": "0.51", "WaveHeight": "1.75", "RelativeTideRange": "0.29", "pk": "2048"}, "geometry": {"type": "Point", "coordinates": [-50.784621, -30.821034]}}, {"type": "Feature", "id": 2049, "properties": {"Tier1Images": 1473, "Tier2Images": 330, "S2Images": 0, "TideRange": "0.49", "WaveHeight": "0.74", "RelativeTideRange": "0.66", "pk": "2049"}, "geometry": {"type": "Point", "coordinates": [-51.188861, -31.360153]}}, {"type": "Feature", "id": 2050, "properties": {"Tier1Images": 972, "Tier2Images": 147, "S2Images": 0, "TideRange": "0.55", "WaveHeight": "1.03", "RelativeTideRange": "0.54", "pk": "2050"}, "geometry": {"type": "Point", "coordinates": [-51.851909, -31.839392]}}, {"type": "Feature", "id": 2051, "properties": {"Tier1Images": 972, "Tier2Images": 148, "S2Images": 0, "TideRange": "0.55", "WaveHeight": "1.03", "RelativeTideRange": "0.54", "pk": "2051"}, "geometry": {"type": "Point", "coordinates": [-51.828547, -31.922531]}}, {"type": "Feature", "id": 2052, "properties": {"Tier1Images": 1697, "Tier2Images": 385, "S2Images": 0, "TideRange": "0.49", "WaveHeight": "0.74", "RelativeTideRange": "0.66", "pk": "2052"}, "geometry": {"type": "Point", "coordinates": [-51.121496, -31.451243]}}, {"type": "Feature", "id": 2053, "properties": {"Tier1Images": 2171, "Tier2Images": 276, "S2Images": 0, "TideRange": "0.51", "WaveHeight": "1.75", "RelativeTideRange": "0.29", "pk": "2053"}, "geometry": {"type": "Point", "coordinates": [-50.57914, -30.837663]}}, {"type": "Feature", "id": 2054, "properties": {"Tier1Images": 1035, "Tier2Images": 136, "S2Images": 0, "TideRange": "0.59", "WaveHeight": "1.73", "RelativeTideRange": "0.34", "pk": "2054"}, "geometry": {"type": "Point", "coordinates": [-50.179347, -30.144193]}}, {"type": "Feature", "id": 2055, "properties": {"Tier1Images": 1273, "Tier2Images": 132, "S2Images": 0, "TideRange": "0.70", "WaveHeight": "1.65", "RelativeTideRange": "0.42", "pk": "2055"}, "geometry": {"type": "Point", "coordinates": [-49.795511, -29.438758]}}, {"type": "Feature", "id": 2056, "properties": {"Tier1Images": 1000, "Tier2Images": 109, "S2Images": 0, "TideRange": "0.77", "WaveHeight": "1.70", "RelativeTideRange": "0.46", "pk": "2056"}, "geometry": {"type": "Point", "coordinates": [-49.221997, -28.836876]}}, {"type": "Feature", "id": 2057, "properties": {"Tier1Images": 2460, "Tier2Images": 404, "S2Images": 0, "TideRange": "0.86", "WaveHeight": "1.69", "RelativeTideRange": "0.51", "pk": "2057"}, "geometry": {"type": "Point", "coordinates": [-48.675672, -28.269845]}}, {"type": "Feature", "id": 2058, "properties": {"Tier1Images": 1352, "Tier2Images": 251, "S2Images": 0, "TideRange": "1.10", "WaveHeight": "1.10", "RelativeTideRange": "1.00", "pk": "2058"}, "geometry": {"type": "Point", "coordinates": [-48.6147, -27.484839]}}, {"type": "Feature", "id": 2059, "properties": {"Tier1Images": 1869, "Tier2Images": 307, "S2Images": 0, "TideRange": "1.27", "WaveHeight": "0.95", "RelativeTideRange": "1.33", "pk": "2059"}, "geometry": {"type": "Point", "coordinates": [-48.674269, -26.71272]}}, {"type": "Feature", "id": 2060, "properties": {"Tier1Images": 907, "Tier2Images": 188, "S2Images": 0, "TideRange": "1.50", "WaveHeight": "0.81", "RelativeTideRange": "1.86", "pk": "2060"}, "geometry": {"type": "Point", "coordinates": [-48.587471, -25.9986]}}, {"type": "Feature", "id": 2061, "properties": {"Tier1Images": 919, "Tier2Images": 188, "S2Images": 0, "TideRange": "1.96", "WaveHeight": "0.81", "RelativeTideRange": "2.42", "pk": "2061"}, "geometry": {"type": "Point", "coordinates": [-48.605702, -25.505417]}}, {"type": "Feature", "id": 2062, "properties": {"Tier1Images": 1834, "Tier2Images": 340, "S2Images": 0, "TideRange": "1.91", "WaveHeight": "1.11", "RelativeTideRange": "1.72", "pk": "2062"}, "geometry": {"type": "Point", "coordinates": [-48.26439, -25.306713]}}, {"type": "Feature", "id": 2063, "properties": {"Tier1Images": 1854, "Tier2Images": 375, "S2Images": 0, "TideRange": "1.56", "WaveHeight": "1.21", "RelativeTideRange": "1.29", "pk": "2063"}, "geometry": {"type": "Point", "coordinates": [-47.931228, -25.008005]}}, {"type": "Feature", "id": 2064, "properties": {"Tier1Images": 941, "Tier2Images": 152, "S2Images": 0, "TideRange": "1.55", "WaveHeight": "1.26", "RelativeTideRange": "1.23", "pk": "2064"}, "geometry": {"type": "Point", "coordinates": [-47.20545, -24.536388]}}, {"type": "Feature", "id": 2065, "properties": {"Tier1Images": 941, "Tier2Images": 150, "S2Images": 0, "TideRange": "1.54", "WaveHeight": "1.25", "RelativeTideRange": "1.23", "pk": "2065"}, "geometry": {"type": "Point", "coordinates": [-46.495352, -24.045691]}}, {"type": "Feature", "id": 2066, "properties": {"Tier1Images": 2207, "Tier2Images": 400, "S2Images": 0, "TideRange": "1.42", "WaveHeight": "1.54", "RelativeTideRange": "0.92", "pk": "2066"}, "geometry": {"type": "Point", "coordinates": [-45.668146, -23.764821]}}, {"type": "Feature", "id": 2067, "properties": {"Tier1Images": 1064, "Tier2Images": 84, "S2Images": 0, "TideRange": "1.30", "WaveHeight": "1.48", "RelativeTideRange": "0.88", "pk": "2067"}, "geometry": {"type": "Point", "coordinates": [-44.978867, -23.401483]}}, {"type": "Feature", "id": 2068, "properties": {"Tier1Images": 1094, "Tier2Images": 87, "S2Images": 0, "TideRange": "1.35", "WaveHeight": "0.46", "RelativeTideRange": "2.92", "pk": "2068"}, "geometry": {"type": "Point", "coordinates": [-44.493107, -23.02845]}}, {"type": "Feature", "id": 2069, "properties": {"Tier1Images": 977, "Tier2Images": 107, "S2Images": 0, "TideRange": "1.26", "WaveHeight": "1.21", "RelativeTideRange": "1.05", "pk": "2069"}, "geometry": {"type": "Point", "coordinates": [-43.689491, -23.013749]}}, {"type": "Feature", "id": 2070, "properties": {"Tier1Images": 972, "Tier2Images": 106, "S2Images": 0, "TideRange": "1.26", "WaveHeight": "1.21", "RelativeTideRange": "1.04", "pk": "2070"}, "geometry": {"type": "Point", "coordinates": [-43.396155, -23.005942]}}, {"type": "Feature", "id": 2071, "properties": {"Tier1Images": 972, "Tier2Images": 104, "S2Images": 0, "TideRange": "1.26", "WaveHeight": "1.35", "RelativeTideRange": "0.93", "pk": "2071"}, "geometry": {"type": "Point", "coordinates": [-43.005766, -22.947]}}, {"type": "Feature", "id": 2072, "properties": {"Tier1Images": 901, "Tier2Images": 144, "S2Images": 0, "TideRange": "1.27", "WaveHeight": "1.66", "RelativeTideRange": "0.76", "pk": "2072"}, "geometry": {"type": "Point", "coordinates": [-42.114819, -22.941417]}}, {"type": "Feature", "id": 2073, "properties": {"Tier1Images": 1894, "Tier2Images": 232, "S2Images": 0, "TideRange": "1.49", "WaveHeight": "1.41", "RelativeTideRange": "1.05", "pk": "2073"}, "geometry": {"type": "Point", "coordinates": [-41.717458, -22.32145]}}, {"type": "Feature", "id": 2074, "properties": {"Tier1Images": 1584, "Tier2Images": 314, "S2Images": 0, "TideRange": "1.60", "WaveHeight": "0.83", "RelativeTideRange": "1.93", "pk": "2074"}, "geometry": {"type": "Point", "coordinates": [-40.988869, -21.910902]}}, {"type": "Feature", "id": 2075, "properties": {"Tier1Images": 1963, "Tier2Images": 198, "S2Images": 0, "TideRange": "1.73", "WaveHeight": "1.17", "RelativeTideRange": "1.48", "pk": "2075"}, "geometry": {"type": "Point", "coordinates": [-40.875442, -21.108038]}}, {"type": "Feature", "id": 2076, "properties": {"Tier1Images": 1901, "Tier2Images": 172, "S2Images": 0, "TideRange": "1.59", "WaveHeight": "1.42", "RelativeTideRange": "1.12", "pk": "2076"}, "geometry": {"type": "Point", "coordinates": [-40.338848, -20.463461]}}, {"type": "Feature", "id": 2077, "properties": {"Tier1Images": 947, "Tier2Images": 121, "S2Images": 0, "TideRange": "1.62", "WaveHeight": "1.44", "RelativeTideRange": "1.13", "pk": "2077"}, "geometry": {"type": "Point", "coordinates": [-39.965946, -19.720996]}}, {"type": "Feature", "id": 2078, "properties": {"Tier1Images": 887, "Tier2Images": 168, "S2Images": 0, "TideRange": "2.43", "WaveHeight": "1.21", "RelativeTideRange": "2.02", "pk": "2078"}, "geometry": {"type": "Point", "coordinates": [-39.730331, -18.965247]}}, {"type": "Feature", "id": 2079, "properties": {"Tier1Images": 924, "Tier2Images": 172, "S2Images": 0, "TideRange": "2.96", "WaveHeight": "1.01", "RelativeTideRange": "2.94", "pk": "2079"}, "geometry": {"type": "Point", "coordinates": [-39.578706, -18.137167]}}, {"type": "Feature", "id": 2080, "properties": {"Tier1Images": 943, "Tier2Images": 123, "S2Images": 0, "TideRange": "2.45", "WaveHeight": "1.06", "RelativeTideRange": "2.32", "pk": "2080"}, "geometry": {"type": "Point", "coordinates": [-39.196495, -17.45289]}}, {"type": "Feature", "id": 2081, "properties": {"Tier1Images": 1932, "Tier2Images": 238, "S2Images": 0, "TideRange": "2.11", "WaveHeight": "1.03", "RelativeTideRange": "2.05", "pk": "2081"}, "geometry": {"type": "Point", "coordinates": [-39.086542, -16.602167]}}, {"type": "Feature", "id": 2082, "properties": {"Tier1Images": 999, "Tier2Images": 119, "S2Images": 0, "TideRange": "2.11", "WaveHeight": "0.88", "RelativeTideRange": "2.39", "pk": "2082"}, "geometry": {"type": "Point", "coordinates": [-38.901768, -15.762927]}}, {"type": "Feature", "id": 2083, "properties": {"Tier1Images": 1238, "Tier2Images": 162, "S2Images": 0, "TideRange": "2.09", "WaveHeight": "1.07", "RelativeTideRange": "1.96", "pk": "2083"}, "geometry": {"type": "Point", "coordinates": [-39.019195, -14.900298]}}, {"type": "Feature", "id": 2084, "properties": {"Tier1Images": 2266, "Tier2Images": 235, "S2Images": 0, "TideRange": "2.10", "WaveHeight": "0.92", "RelativeTideRange": "2.29", "pk": "2084"}, "geometry": {"type": "Point", "coordinates": [-38.943778, -14.038363]}}, {"type": "Feature", "id": 2085, "properties": {"Tier1Images": 1782, "Tier2Images": 190, "S2Images": 0, "TideRange": "2.12", "WaveHeight": "1.11", "RelativeTideRange": "1.91", "pk": "2085"}, "geometry": {"type": "Point", "coordinates": [-39.072317, -13.504664]}}, {"type": "Feature", "id": 2086, "properties": {"Tier1Images": 2053, "Tier2Images": 189, "S2Images": 0, "TideRange": "2.57", "WaveHeight": "1.07", "RelativeTideRange": "2.40", "pk": "2086"}, "geometry": {"type": "Point", "coordinates": [-38.816129, -12.78599]}}, {"type": "Feature", "id": 2087, "properties": {"Tier1Images": 1057, "Tier2Images": 93, "S2Images": 0, "TideRange": "2.10", "WaveHeight": "1.07", "RelativeTideRange": "1.96", "pk": "2087"}, "geometry": {"type": "Point", "coordinates": [-38.275193, -12.87093]}}, {"type": "Feature", "id": 2088, "properties": {"Tier1Images": 1296, "Tier2Images": 125, "S2Images": 0, "TideRange": "2.11", "WaveHeight": "1.34", "RelativeTideRange": "1.57", "pk": "2088"}, "geometry": {"type": "Point", "coordinates": [-37.73791, -12.168804]}}, {"type": "Feature", "id": 2089, "properties": {"Tier1Images": 1054, "Tier2Images": 112, "S2Images": 0, "TideRange": "2.12", "WaveHeight": "1.46", "RelativeTideRange": "1.46", "pk": "2089"}, "geometry": {"type": "Point", "coordinates": [-37.422808, -11.365836]}}, {"type": "Feature", "id": 2090, "properties": {"Tier1Images": 1363, "Tier2Images": 123, "S2Images": 0, "TideRange": "2.12", "WaveHeight": "1.41", "RelativeTideRange": "1.51", "pk": "2090"}, "geometry": {"type": "Point", "coordinates": [-37.089222, -11.048554]}}, {"type": "Feature", "id": 2091, "properties": {"Tier1Images": 876, "Tier2Images": 122, "S2Images": 0, "TideRange": "2.14", "WaveHeight": "1.49", "RelativeTideRange": "1.44", "pk": "2091"}, "geometry": {"type": "Point", "coordinates": [-36.417491, -10.492561]}}, {"type": "Feature", "id": 2092, "properties": {"Tier1Images": 870, "Tier2Images": 121, "S2Images": 0, "TideRange": "2.15", "WaveHeight": "1.48", "RelativeTideRange": "1.45", "pk": "2092"}, "geometry": {"type": "Point", "coordinates": [-35.862828, -9.802533]}}, {"type": "Feature", "id": 2093, "properties": {"Tier1Images": 897, "Tier2Images": 115, "S2Images": 0, "TideRange": "2.19", "WaveHeight": "1.40", "RelativeTideRange": "1.56", "pk": "2093"}, "geometry": {"type": "Point", "coordinates": [-35.344681, -9.235278]}}, {"type": "Feature", "id": 2094, "properties": {"Tier1Images": 895, "Tier2Images": 113, "S2Images": 0, "TideRange": "2.23", "WaveHeight": "1.18", "RelativeTideRange": "1.89", "pk": "2094"}, "geometry": {"type": "Point", "coordinates": [-34.973487, -8.426338]}}, {"type": "Feature", "id": 2095, "properties": {"Tier1Images": 920, "Tier2Images": 94, "S2Images": 0, "TideRange": "2.33", "WaveHeight": "0.76", "RelativeTideRange": "3.08", "pk": "2095"}, "geometry": {"type": "Point", "coordinates": [-34.859277, -7.563663]}}, {"type": "Feature", "id": 2096, "properties": {"Tier1Images": 927, "Tier2Images": 116, "S2Images": 0, "TideRange": "2.33", "WaveHeight": "1.66", "RelativeTideRange": "1.40", "pk": "2096"}, "geometry": {"type": "Point", "coordinates": [-34.940715, -6.710787]}}, {"type": "Feature", "id": 2097, "properties": {"Tier1Images": 876, "Tier2Images": 92, "S2Images": 0, "TideRange": "2.34", "WaveHeight": "1.24", "RelativeTideRange": "1.88", "pk": "2097"}, "geometry": {"type": "Point", "coordinates": [-35.160279, -5.847892]}}, {"type": "Feature", "id": 2098, "properties": {"Tier1Images": 2670, "Tier2Images": 317, "S2Images": 0, "TideRange": "2.57", "WaveHeight": "1.48", "RelativeTideRange": "1.74", "pk": "2098"}, "geometry": {"type": "Point", "coordinates": [-35.604312, -5.11983]}}, {"type": "Feature", "id": 2099, "properties": {"Tier1Images": 1841, "Tier2Images": 230, "S2Images": 0, "TideRange": "2.65", "WaveHeight": "1.08", "RelativeTideRange": "2.45", "pk": "2099"}, "geometry": {"type": "Point", "coordinates": [-36.492393, -5.091157]}}, {"type": "Feature", "id": 2100, "properties": {"Tier1Images": 973, "Tier2Images": 44, "S2Images": 0, "TideRange": "2.77", "WaveHeight": "1.55", "RelativeTideRange": "1.78", "pk": "2100"}, "geometry": {"type": "Point", "coordinates": [-37.269077, -4.764]}}, {"type": "Feature", "id": 2101, "properties": {"Tier1Images": 968, "Tier2Images": 39, "S2Images": 0, "TideRange": "2.93", "WaveHeight": "0.92", "RelativeTideRange": "3.17", "pk": "2101"}, "geometry": {"type": "Point", "coordinates": [-37.988025, -4.261535]}}, {"type": "Feature", "id": 2102, "properties": {"Tier1Images": 1933, "Tier2Images": 129, "S2Images": 0, "TideRange": "2.79", "WaveHeight": "1.35", "RelativeTideRange": "2.06", "pk": "2102"}, "geometry": {"type": "Point", "coordinates": [-38.633553, -3.669674]}}, {"type": "Feature", "id": 2103, "properties": {"Tier1Images": 906, "Tier2Images": 69, "S2Images": 0, "TideRange": "2.88", "WaveHeight": "1.45", "RelativeTideRange": "1.99", "pk": "2103"}, "geometry": {"type": "Point", "coordinates": [-39.383209, -3.183541]}}, {"type": "Feature", "id": 2104, "properties": {"Tier1Images": 959, "Tier2Images": 61, "S2Images": 0, "TideRange": "3.04", "WaveHeight": "0.94", "RelativeTideRange": "3.23", "pk": "2104"}, "geometry": {"type": "Point", "coordinates": [-40.193077, -2.820734]}}, {"type": "Feature", "id": 2105, "properties": {"Tier1Images": 1172, "Tier2Images": 71, "S2Images": 0, "TideRange": "3.24", "WaveHeight": "0.87", "RelativeTideRange": "3.72", "pk": "2105"}, "geometry": {"type": "Point", "coordinates": [-41.083117, -2.880368]}}, {"type": "Feature", "id": 2106, "properties": {"Tier1Images": 960, "Tier2Images": 42, "S2Images": 0, "TideRange": "3.10", "WaveHeight": "1.42", "RelativeTideRange": "2.19", "pk": "2106"}, "geometry": {"type": "Point", "coordinates": [-41.923503, -2.769342]}}, {"type": "Feature", "id": 2107, "properties": {"Tier1Images": 1961, "Tier2Images": 115, "S2Images": 0, "TideRange": "3.13", "WaveHeight": "0.88", "RelativeTideRange": "3.55", "pk": "2107"}, "geometry": {"type": "Point", "coordinates": [-42.757212, -2.558416]}}, {"type": "Feature", "id": 2108, "properties": {"Tier1Images": 1047, "Tier2Images": 79, "S2Images": 0, "TideRange": "3.65", "WaveHeight": "0.45", "RelativeTideRange": "8.09", "pk": "2108"}, "geometry": {"type": "Point", "coordinates": [-43.539978, -2.50705]}}, {"type": "Feature", "id": 2109, "properties": {"Tier1Images": 1635, "Tier2Images": 158, "S2Images": 0, "TideRange": "5.50", "WaveHeight": "0.45", "RelativeTideRange": "12.18", "pk": "2109"}, "geometry": {"type": "Point", "coordinates": [-44.184187, -2.690118]}}, {"type": "Feature", "id": 2110, "properties": {"Tier1Images": 1850, "Tier2Images": 211, "S2Images": 0, "TideRange": "5.83", "WaveHeight": "0.45", "RelativeTideRange": "12.92", "pk": "2110"}, "geometry": {"type": "Point", "coordinates": [-44.451957, -2.959493]}}, {"type": "Feature", "id": 2111, "properties": {"Tier1Images": 1003, "Tier2Images": 150, "S2Images": 0, "TideRange": "4.72", "WaveHeight": "0.45", "RelativeTideRange": "10.46", "pk": "2111"}, "geometry": {"type": "Point", "coordinates": [-44.61296, -2.68345]}}, {"type": "Feature", "id": 2112, "properties": {"Tier1Images": 1618, "Tier2Images": 294, "S2Images": 0, "TideRange": "4.76", "WaveHeight": "0.58", "RelativeTideRange": "8.19", "pk": "2112"}, "geometry": {"type": "Point", "coordinates": [-44.623105, -2.30597]}}, {"type": "Feature", "id": 2113, "properties": {"Tier1Images": 847, "Tier2Images": 191, "S2Images": 0, "TideRange": "4.55", "WaveHeight": "0.58", "RelativeTideRange": "7.84", "pk": "2113"}, "geometry": {"type": "Point", "coordinates": [-44.674534, -1.761321]}}, {"type": "Feature", "id": 2114, "properties": {"Tier1Images": 860, "Tier2Images": 191, "S2Images": 0, "TideRange": "4.96", "WaveHeight": "0.57", "RelativeTideRange": "8.71", "pk": "2114"}, "geometry": {"type": "Point", "coordinates": [-45.236234, -1.624419]}}, {"type": "Feature", "id": 2115, "properties": {"Tier1Images": 816, "Tier2Images": 244, "S2Images": 0, "TideRange": "5.19", "WaveHeight": "0.56", "RelativeTideRange": "9.27", "pk": "2115"}, "geometry": {"type": "Point", "coordinates": [-45.797728, -1.244583]}}, {"type": "Feature", "id": 2116, "properties": {"Tier1Images": 810, "Tier2Images": 241, "S2Images": 0, "TideRange": "5.24", "WaveHeight": "0.98", "RelativeTideRange": "5.35", "pk": "2116"}, "geometry": {"type": "Point", "coordinates": [-46.572965, -0.982128]}}, {"type": "Feature", "id": 2117, "properties": {"Tier1Images": 832, "Tier2Images": 151, "S2Images": 0, "TideRange": "5.03", "WaveHeight": "0.76", "RelativeTideRange": "6.59", "pk": "2117"}, "geometry": {"type": "Point", "coordinates": [-47.33963, -0.635126]}}, {"type": "Feature", "id": 2118, "properties": {"Tier1Images": 1785, "Tier2Images": 304, "S2Images": 0, "TideRange": "4.41", "WaveHeight": "0.53", "RelativeTideRange": "8.26", "pk": "2118"}, "geometry": {"type": "Point", "coordinates": [-47.974836, -0.757104]}}, {"type": "Feature", "id": 2119, "properties": {"Tier1Images": 1020, "Tier2Images": 164, "S2Images": 0, "TideRange": "3.74", "WaveHeight": "0.13", "RelativeTideRange": "27.95", "pk": "2119"}, "geometry": {"type": "Point", "coordinates": [-48.448236, -1.283455]}}, {"type": "Feature", "id": 2120, "properties": {"Tier1Images": 1849, "Tier2Images": 260, "S2Images": 0, "TideRange": "3.20", "WaveHeight": "0.13", "RelativeTideRange": "23.87", "pk": "2120"}, "geometry": {"type": "Point", "coordinates": [-48.791377, -1.586652]}}, {"type": "Feature", "id": 2121, "properties": {"Tier1Images": 1884, "Tier2Images": 353, "S2Images": 0, "TideRange": "4.15", "WaveHeight": "0.13", "RelativeTideRange": "30.94", "pk": "2121"}, "geometry": {"type": "Point", "coordinates": [-49.356438, -2.232886]}}, {"type": "Feature", "id": 2122, "properties": {"Tier1Images": 1206, "Tier2Images": 262, "S2Images": 0, "TideRange": "4.27", "WaveHeight": "0.13", "RelativeTideRange": "31.90", "pk": "2122"}, "geometry": {"type": "Point", "coordinates": [-49.51363, -2.314618]}}, {"type": "Feature", "id": 2123, "properties": {"Tier1Images": 1021, "Tier2Images": 126, "S2Images": 0, "TideRange": "1.43", "WaveHeight": "0.13", "RelativeTideRange": "10.65", "pk": "2123"}, "geometry": {"type": "Point", "coordinates": [-49.567693, -1.858384]}}, {"type": "Feature", "id": 2124, "properties": {"Tier1Images": 2698, "Tier2Images": 606, "S2Images": 0, "TideRange": "1.51", "WaveHeight": "0.13", "RelativeTideRange": "11.27", "pk": "2124"}, "geometry": {"type": "Point", "coordinates": [-50.392404, -2.008512]}}, {"type": "Feature", "id": 2125, "properties": {"Tier1Images": 884, "Tier2Images": 272, "S2Images": 0, "TideRange": "2.47", "WaveHeight": "0.16", "RelativeTideRange": "15.63", "pk": "2125"}, "geometry": {"type": "Point", "coordinates": [-50.82866, -1.297463]}}, {"type": "Feature", "id": 2126, "properties": {"Tier1Images": 875, "Tier2Images": 273, "S2Images": 0, "TideRange": "3.19", "WaveHeight": "0.16", "RelativeTideRange": "20.16", "pk": "2126"}, "geometry": {"type": "Point", "coordinates": [-51.270715, -1.199133]}}, {"type": "Feature", "id": 2127, "properties": {"Tier1Images": 804, "Tier2Images": 354, "S2Images": 0, "TideRange": "3.19", "WaveHeight": "0.16", "RelativeTideRange": "20.16", "pk": "2127"}, "geometry": {"type": "Point", "coordinates": [-52.061251, -1.611097]}}, {"type": "Feature", "id": 2128, "properties": {"Tier1Images": 795, "Tier2Images": 343, "S2Images": 0, "TideRange": "3.19", "WaveHeight": "0.16", "RelativeTideRange": "20.16", "pk": "2128"}, "geometry": {"type": "Point", "coordinates": [-52.417378, -1.450459]}}, {"type": "Feature", "id": 2129, "properties": {"Tier1Images": 1639, "Tier2Images": 602, "S2Images": 0, "TideRange": "3.19", "WaveHeight": "0.16", "RelativeTideRange": "20.16", "pk": "2129"}, "geometry": {"type": "Point", "coordinates": [-51.746229, -1.044284]}}, {"type": "Feature", "id": 2130, "properties": {"Tier1Images": 1024, "Tier2Images": 351, "S2Images": 0, "TideRange": "3.51", "WaveHeight": "0.16", "RelativeTideRange": "22.17", "pk": "2130"}, "geometry": {"type": "Point", "coordinates": [-51.347322, -0.276472]}}, {"type": "Feature", "id": 2131, "properties": {"Tier1Images": 899, "Tier2Images": 253, "S2Images": 0, "TideRange": "2.17", "WaveHeight": "0.17", "RelativeTideRange": "13.08", "pk": "2131"}, "geometry": {"type": "Point", "coordinates": [-50.715749, 0.267421]}}, {"type": "Feature", "id": 2132, "properties": {"Tier1Images": 825, "Tier2Images": 295, "S2Images": 0, "TideRange": "4.71", "WaveHeight": "0.46", "RelativeTideRange": "10.35", "pk": "2132"}, "geometry": {"type": "Point", "coordinates": [-50.147631, 0.953577]}}, {"type": "Feature", "id": 2133, "properties": {"Tier1Images": 824, "Tier2Images": 295, "S2Images": 0, "TideRange": "6.27", "WaveHeight": "1.22", "RelativeTideRange": "5.14", "pk": "2133"}, "geometry": {"type": "Point", "coordinates": [-50.008125, 1.696898]}}, {"type": "Feature", "id": 2134, "properties": {"Tier1Images": 1044, "Tier2Images": 407, "S2Images": 0, "TideRange": "8.76", "WaveHeight": "1.26", "RelativeTideRange": "6.97", "pk": "2134"}, "geometry": {"type": "Point", "coordinates": [-50.708946, 2.13373]}}, {"type": "Feature", "id": 2135, "properties": {"Tier1Images": 965, "Tier2Images": 754, "S2Images": 0, "TideRange": "6.48", "WaveHeight": "1.37", "RelativeTideRange": "4.72", "pk": "2135"}, "geometry": {"type": "Point", "coordinates": [-50.950748, 2.966908]}}, {"type": "Feature", "id": 2136, "properties": {"Tier1Images": 177, "Tier2Images": 781, "S2Images": 0, "TideRange": "3.51", "WaveHeight": "1.33", "RelativeTideRange": "2.64", "pk": "2136"}, "geometry": {"type": "Point", "coordinates": [-51.13448, 3.842677]}}, {"type": "Feature", "id": 2137, "properties": {"Tier1Images": 182, "Tier2Images": 783, "S2Images": 0, "TideRange": "2.65", "WaveHeight": "1.04", "RelativeTideRange": "2.55", "pk": "2137"}, "geometry": {"type": "Point", "coordinates": [-51.625946, 4.109713]}}, {"type": "Feature", "id": 2138, "properties": {"Tier1Images": 574, "Tier2Images": 930, "S2Images": 0, "TideRange": "2.63", "WaveHeight": "1.19", "RelativeTideRange": "2.20", "pk": "2138"}, "geometry": {"type": "Point", "coordinates": [-51.925702, 4.457719]}}, {"type": "Feature", "id": 2139, "properties": {"Tier1Images": 811, "Tier2Images": 294, "S2Images": 0, "TideRange": "2.61", "WaveHeight": "1.08", "RelativeTideRange": "2.41", "pk": "2139"}, "geometry": {"type": "Point", "coordinates": [-52.320188, 4.783932]}}, {"type": "Feature", "id": 2140, "properties": {"Tier1Images": 698, "Tier2Images": 305, "S2Images": 0, "TideRange": "2.52", "WaveHeight": "1.40", "RelativeTideRange": "1.81", "pk": "2140"}, "geometry": {"type": "Point", "coordinates": [-52.867183, 5.388795]}}, {"type": "Feature", "id": 2141, "properties": {"Tier1Images": 825, "Tier2Images": 187, "S2Images": 0, "TideRange": "2.73", "WaveHeight": "1.47", "RelativeTideRange": "1.86", "pk": "2141"}, "geometry": {"type": "Point", "coordinates": [-53.695136, 5.697554]}}, {"type": "Feature", "id": 2142, "properties": {"Tier1Images": 818, "Tier2Images": 185, "S2Images": 0, "TideRange": "2.72", "WaveHeight": "1.39", "RelativeTideRange": "1.95", "pk": "2142"}, "geometry": {"type": "Point", "coordinates": [-54.079226, 5.506084]}}, {"type": "Feature", "id": 2143, "properties": {"Tier1Images": 830, "Tier2Images": 186, "S2Images": 0, "TideRange": "2.60", "WaveHeight": "1.36", "RelativeTideRange": "1.92", "pk": "2143"}, "geometry": {"type": "Point", "coordinates": [-54.621504, 5.953466]}}, {"type": "Feature", "id": 2144, "properties": {"Tier1Images": 886, "Tier2Images": 171, "S2Images": 0, "TideRange": "2.57", "WaveHeight": "1.27", "RelativeTideRange": "2.03", "pk": "2144"}, "geometry": {"type": "Point", "coordinates": [-55.512359, 5.969083]}}, {"type": "Feature", "id": 2145, "properties": {"Tier1Images": 885, "Tier2Images": 177, "S2Images": 0, "TideRange": "2.80", "WaveHeight": "1.32", "RelativeTideRange": "2.11", "pk": "2145"}, "geometry": {"type": "Point", "coordinates": [-56.106118, 5.846038]}}, {"type": "Feature", "id": 2146, "properties": {"Tier1Images": 819, "Tier2Images": 229, "S2Images": 0, "TideRange": "2.82", "WaveHeight": "1.17", "RelativeTideRange": "2.42", "pk": "2146"}, "geometry": {"type": "Point", "coordinates": [-56.986729, 5.982318]}}, {"type": "Feature", "id": 2147, "properties": {"Tier1Images": 820, "Tier2Images": 230, "S2Images": 0, "TideRange": "2.80", "WaveHeight": "1.17", "RelativeTideRange": "2.40", "pk": "2147"}, "geometry": {"type": "Point", "coordinates": [-57.169348, 5.904505]}}, {"type": "Feature", "id": 2148, "properties": {"Tier1Images": 1452, "Tier2Images": 797, "S2Images": 0, "TideRange": "2.77", "WaveHeight": "0.73", "RelativeTideRange": "3.79", "pk": "2148"}, "geometry": {"type": "Point", "coordinates": [-57.704709, 6.528057]}}, {"type": "Feature", "id": 2149, "properties": {"Tier1Images": 673, "Tier2Images": 278, "S2Images": 0, "TideRange": "1.98", "WaveHeight": "0.76", "RelativeTideRange": "2.61", "pk": "2149"}, "geometry": {"type": "Point", "coordinates": [-58.454746, 6.797812]}}, {"type": "Feature", "id": 2150, "properties": {"Tier1Images": 675, "Tier2Images": 277, "S2Images": 0, "TideRange": "1.98", "WaveHeight": "0.76", "RelativeTideRange": "2.61", "pk": "2150"}, "geometry": {"type": "Point", "coordinates": [-58.592068, 6.790049]}}, {"type": "Feature", "id": 2151, "properties": {"Tier1Images": 677, "Tier2Images": 278, "S2Images": 0, "TideRange": "1.93", "WaveHeight": "0.98", "RelativeTideRange": "1.97", "pk": "2151"}, "geometry": {"type": "Point", "coordinates": [-58.679446, 7.588999]}}, {"type": "Feature", "id": 2152, "properties": {"Tier1Images": 424, "Tier2Images": 235, "S2Images": 0, "TideRange": "1.62", "WaveHeight": "0.98", "RelativeTideRange": "1.64", "pk": "2152"}, "geometry": {"type": "Point", "coordinates": [-59.354392, 8.174574]}}, {"type": "Feature", "id": 2153, "properties": {"Tier1Images": 434, "Tier2Images": 239, "S2Images": 0, "TideRange": "1.69", "WaveHeight": "0.75", "RelativeTideRange": "2.24", "pk": "2153"}, "geometry": {"type": "Point", "coordinates": [-60.070246, 8.57311]}}, {"type": "Feature", "id": 2154, "properties": {"Tier1Images": 643, "Tier2Images": 160, "S2Images": 0, "TideRange": "1.97", "WaveHeight": "0.51", "RelativeTideRange": "3.84", "pk": "2154"}, "geometry": {"type": "Point", "coordinates": [-60.921975, 8.550335]}}, {"type": "Feature", "id": 2155, "properties": {"Tier1Images": 646, "Tier2Images": 162, "S2Images": 0, "TideRange": "1.69", "WaveHeight": "0.51", "RelativeTideRange": "3.29", "pk": "2155"}, "geometry": {"type": "Point", "coordinates": [-61.508484, 8.598316]}}, {"type": "Feature", "id": 2156, "properties": {"Tier1Images": 640, "Tier2Images": 160, "S2Images": 0, "TideRange": "1.45", "WaveHeight": "0.51", "RelativeTideRange": "2.82", "pk": "2156"}, "geometry": {"type": "Point", "coordinates": [-61.00461, 9.176148]}}, {"type": "Feature", "id": 2157, "properties": {"Tier1Images": 622, "Tier2Images": 115, "S2Images": 0, "TideRange": "1.70", "WaveHeight": "1.30", "RelativeTideRange": "1.30", "pk": "2157"}, "geometry": {"type": "Point", "coordinates": [-61.303078, 9.630078]}}, {"type": "Feature", "id": 2158, "properties": {"Tier1Images": 1611, "Tier2Images": 276, "S2Images": 0, "TideRange": "1.68", "WaveHeight": "0.37", "RelativeTideRange": "4.50", "pk": "2158"}, "geometry": {"type": "Point", "coordinates": [-61.788455, 9.694997]}}, {"type": "Feature", "id": 2159, "properties": {"Tier1Images": 764, "Tier2Images": 131, "S2Images": 0, "TideRange": "1.27", "WaveHeight": "0.25", "RelativeTideRange": "5.08", "pk": "2159"}, "geometry": {"type": "Point", "coordinates": [-62.306258, 9.786578]}}, {"type": "Feature", "id": 2160, "properties": {"Tier1Images": 773, "Tier2Images": 129, "S2Images": 0, "TideRange": "1.43", "WaveHeight": "0.25", "RelativeTideRange": "5.71", "pk": "2160"}, "geometry": {"type": "Point", "coordinates": [-62.688469, 10.118599]}}, {"type": "Feature", "id": 2161, "properties": {"Tier1Images": 772, "Tier2Images": 130, "S2Images": 0, "TideRange": "1.50", "WaveHeight": "0.47", "RelativeTideRange": "3.22", "pk": "2161"}, "geometry": {"type": "Point", "coordinates": [-62.578482, 10.557075]}}, {"type": "Feature", "id": 2162, "properties": {"Tier1Images": 1321, "Tier2Images": 203, "S2Images": 0, "TideRange": "0.88", "WaveHeight": "0.56", "RelativeTideRange": "1.59", "pk": "2162"}, "geometry": {"type": "Point", "coordinates": [-62.016017, 10.725416]}}, {"type": "Feature", "id": 2163, "properties": {"Tier1Images": 1227, "Tier2Images": 202, "S2Images": 0, "TideRange": "0.70", "WaveHeight": "1.07", "RelativeTideRange": "0.66", "pk": "2163"}, "geometry": {"type": "Point", "coordinates": [-62.906858, 10.714051]}}, {"type": "Feature", "id": 2164, "properties": {"Tier1Images": 821, "Tier2Images": 100, "S2Images": 0, "TideRange": "0.58", "WaveHeight": "0.95", "RelativeTideRange": "0.61", "pk": "2164"}, "geometry": {"type": "Point", "coordinates": [-63.795581, 10.659531]}}, {"type": "Feature", "id": 2165, "properties": {"Tier1Images": 817, "Tier2Images": 100, "S2Images": 0, "TideRange": "0.50", "WaveHeight": "0.95", "RelativeTideRange": "0.53", "pk": "2165"}, "geometry": {"type": "Point", "coordinates": [-63.967734, 10.56566]}}, {"type": "Feature", "id": 2166, "properties": {"Tier1Images": 818, "Tier2Images": 100, "S2Images": 0, "TideRange": "0.49", "WaveHeight": "0.67", "RelativeTideRange": "0.74", "pk": "2166"}, "geometry": {"type": "Point", "coordinates": [-64.345961, 10.372217]}}, {"type": "Feature", "id": 2167, "properties": {"Tier1Images": 845, "Tier2Images": 94, "S2Images": 0, "TideRange": "0.50", "WaveHeight": "0.53", "RelativeTideRange": "0.95", "pk": "2167"}, "geometry": {"type": "Point", "coordinates": [-65.169408, 10.081264]}}, {"type": "Feature", "id": 2168, "properties": {"Tier1Images": 849, "Tier2Images": 92, "S2Images": 0, "TideRange": "0.49", "WaveHeight": "0.88", "RelativeTideRange": "0.55", "pk": "2168"}, "geometry": {"type": "Point", "coordinates": [-65.99227, 10.384441]}}, {"type": "Feature", "id": 2169, "properties": {"Tier1Images": 811, "Tier2Images": 87, "S2Images": 0, "TideRange": "0.46", "WaveHeight": "1.09", "RelativeTideRange": "0.43", "pk": "2169"}, "geometry": {"type": "Point", "coordinates": [-66.755256, 10.617447]}}, {"type": "Feature", "id": 2170, "properties": {"Tier1Images": 1547, "Tier2Images": 148, "S2Images": 0, "TideRange": "0.46", "WaveHeight": "1.14", "RelativeTideRange": "0.40", "pk": "2170"}, "geometry": {"type": "Point", "coordinates": [-67.64436, 10.512517]}}, {"type": "Feature", "id": 2171, "properties": {"Tier1Images": 1648, "Tier2Images": 171, "S2Images": 0, "TideRange": "0.46", "WaveHeight": "1.13", "RelativeTideRange": "0.40", "pk": "2171"}, "geometry": {"type": "Point", "coordinates": [-68.315294, 10.82149]}}, {"type": "Feature", "id": 2172, "properties": {"Tier1Images": 795, "Tier2Images": 87, "S2Images": 0, "TideRange": "0.44", "WaveHeight": "0.93", "RelativeTideRange": "0.47", "pk": "2172"}, "geometry": {"type": "Point", "coordinates": [-68.826504, 11.430886]}}, {"type": "Feature", "id": 2173, "properties": {"Tier1Images": 854, "Tier2Images": 68, "S2Images": 0, "TideRange": "0.44", "WaveHeight": "0.70", "RelativeTideRange": "0.63", "pk": "2173"}, "geometry": {"type": "Point", "coordinates": [-69.685454, 11.536449]}}, {"type": "Feature", "id": 2174, "properties": {"Tier1Images": 864, "Tier2Images": 73, "S2Images": 0, "TideRange": "0.38", "WaveHeight": "1.17", "RelativeTideRange": "0.33", "pk": "2174"}, "geometry": {"type": "Point", "coordinates": [-70.139121, 12.128527]}}, {"type": "Feature", "id": 2175, "properties": {"Tier1Images": 854, "Tier2Images": 66, "S2Images": 0, "TideRange": "0.82", "WaveHeight": "0.57", "RelativeTideRange": "1.45", "pk": "2175"}, "geometry": {"type": "Point", "coordinates": [-69.885584, 11.672106]}}, {"type": "Feature", "id": 2176, "properties": {"Tier1Images": 853, "Tier2Images": 71, "S2Images": 0, "TideRange": "0.86", "WaveHeight": "1.02", "RelativeTideRange": "0.85", "pk": "2176"}, "geometry": {"type": "Point", "coordinates": [-70.317602, 11.342669]}}, {"type": "Feature", "id": 2177, "properties": {"Tier1Images": 894, "Tier2Images": 79, "S2Images": 0, "TideRange": "1.19", "WaveHeight": "0.87", "RelativeTideRange": "1.36", "pk": "2177"}, "geometry": {"type": "Point", "coordinates": [-71.159753, 11.048766]}}, {"type": "Feature", "id": 2178, "properties": {"Tier1Images": 907, "Tier2Images": 83, "S2Images": 0, "TideRange": "0.14", "WaveHeight": "0.21", "RelativeTideRange": "0.69", "pk": "2178"}, "geometry": {"type": "Point", "coordinates": [-71.456917, 10.453394]}}, {"type": "Feature", "id": 2179, "properties": {"Tier1Images": 2023, "Tier2Images": 136, "S2Images": 0, "TideRange": "0.29", "WaveHeight": "0.14", "RelativeTideRange": "2.08", "pk": "2179"}, "geometry": {"type": "Point", "coordinates": [-71.056023, 9.680525]}}, {"type": "Feature", "id": 2180, "properties": {"Tier1Images": 875, "Tier2Images": 103, "S2Images": 0, "TideRange": "0.32", "WaveHeight": "0.21", "RelativeTideRange": "1.51", "pk": "2180"}, "geometry": {"type": "Point", "coordinates": [-71.534927, 9.04884]}}, {"type": "Feature", "id": 2181, "properties": {"Tier1Images": 903, "Tier2Images": 87, "S2Images": 0, "TideRange": "0.25", "WaveHeight": "0.23", "RelativeTideRange": "1.09", "pk": "2181"}, "geometry": {"type": "Point", "coordinates": [-72.019605, 9.67986]}}, {"type": "Feature", "id": 2182, "properties": {"Tier1Images": 904, "Tier2Images": 83, "S2Images": 0, "TideRange": "0.11", "WaveHeight": "0.21", "RelativeTideRange": "0.53", "pk": "2182"}, "geometry": {"type": "Point", "coordinates": [-71.701701, 10.40715]}}, {"type": "Feature", "id": 2183, "properties": {"Tier1Images": 885, "Tier2Images": 80, "S2Images": 0, "TideRange": "1.27", "WaveHeight": "0.84", "RelativeTideRange": "1.50", "pk": "2183"}, "geometry": {"type": "Point", "coordinates": [-71.754472, 11.10507]}}, {"type": "Feature", "id": 2184, "properties": {"Tier1Images": 883, "Tier2Images": 77, "S2Images": 0, "TideRange": "1.19", "WaveHeight": "1.07", "RelativeTideRange": "1.11", "pk": "2184"}, "geometry": {"type": "Point", "coordinates": [-71.614399, 11.688462]}}, {"type": "Feature", "id": 2185, "properties": {"Tier1Images": 1600, "Tier2Images": 156, "S2Images": 0, "TideRange": "0.44", "WaveHeight": "1.52", "RelativeTideRange": "0.29", "pk": "2185"}, "geometry": {"type": "Point", "coordinates": [-71.236919, 12.295052]}}, {"type": "Feature", "id": 2186, "properties": {"Tier1Images": 2509, "Tier2Images": 210, "S2Images": 0, "TideRange": "0.46", "WaveHeight": "1.31", "RelativeTideRange": "0.35", "pk": "2186"}, "geometry": {"type": "Point", "coordinates": [-72.02105, 12.238369]}}, {"type": "Feature", "id": 2187, "properties": {"Tier1Images": 906, "Tier2Images": 61, "S2Images": 0, "TideRange": "0.48", "WaveHeight": "0.98", "RelativeTideRange": "0.49", "pk": "2187"}, "geometry": {"type": "Point", "coordinates": [-72.671308, 11.728626]}}, {"type": "Feature", "id": 2188, "properties": {"Tier1Images": 894, "Tier2Images": 64, "S2Images": 0, "TideRange": "0.48", "WaveHeight": "1.19", "RelativeTideRange": "0.41", "pk": "2188"}, "geometry": {"type": "Point", "coordinates": [-73.431443, 11.287871]}}, {"type": "Feature", "id": 2189, "properties": {"Tier1Images": 850, "Tier2Images": 79, "S2Images": 0, "TideRange": "0.48", "WaveHeight": "1.41", "RelativeTideRange": "0.34", "pk": "2189"}, "geometry": {"type": "Point", "coordinates": [-74.211264, 11.172022]}}, {"type": "Feature", "id": 2190, "properties": {"Tier1Images": 867, "Tier2Images": 79, "S2Images": 0, "TideRange": "0.49", "WaveHeight": "1.66", "RelativeTideRange": "0.29", "pk": "2190"}, "geometry": {"type": "Point", "coordinates": [-74.353454, 10.995253]}}, {"type": "Feature", "id": 2191, "properties": {"Tier1Images": 1667, "Tier2Images": 135, "S2Images": 0, "TideRange": "0.48", "WaveHeight": "1.23", "RelativeTideRange": "0.39", "pk": "2191"}, "geometry": {"type": "Point", "coordinates": [-75.138118, 10.859895]}}, {"type": "Feature", "id": 2192, "properties": {"Tier1Images": 1195, "Tier2Images": 107, "S2Images": 0, "TideRange": "0.50", "WaveHeight": "0.46", "RelativeTideRange": "1.09", "pk": "2192"}, "geometry": {"type": "Point", "coordinates": [-75.67739, 10.187164]}}, {"type": "Feature", "id": 2193, "properties": {"Tier1Images": 1814, "Tier2Images": 135, "S2Images": 0, "TideRange": "0.50", "WaveHeight": "0.46", "RelativeTideRange": "1.09", "pk": "2193"}, "geometry": {"type": "Point", "coordinates": [-75.627374, 9.627821]}}, {"type": "Feature", "id": 2194, "properties": {"Tier1Images": 764, "Tier2Images": 96, "S2Images": 0, "TideRange": "0.51", "WaveHeight": "0.78", "RelativeTideRange": "0.66", "pk": "2194"}, "geometry": {"type": "Point", "coordinates": [-76.204042, 9.131572]}}, {"type": "Feature", "id": 2195, "properties": {"Tier1Images": 756, "Tier2Images": 94, "S2Images": 0, "TideRange": "0.52", "WaveHeight": "0.97", "RelativeTideRange": "0.53", "pk": "2195"}, "geometry": {"type": "Point", "coordinates": [-76.897355, 8.606562]}}, {"type": "Feature", "id": 2196, "properties": {"Tier1Images": 1405, "Tier2Images": 275, "S2Images": 0, "TideRange": "0.51", "WaveHeight": "0.97", "RelativeTideRange": "0.52", "pk": "2196"}, "geometry": {"type": "Point", "coordinates": [-76.91812, 7.965323]}}, {"type": "Feature", "id": 2197, "properties": {"Tier1Images": 1385, "Tier2Images": 166, "S2Images": 0, "TideRange": "0.51", "WaveHeight": "1.05", "RelativeTideRange": "0.49", "pk": "2197"}, "geometry": {"type": "Point", "coordinates": [-77.338584, 8.627095]}}, {"type": "Feature", "id": 2198, "properties": {"Tier1Images": 705, "Tier2Images": 95, "S2Images": 0, "TideRange": "0.49", "WaveHeight": "1.23", "RelativeTideRange": "0.40", "pk": "2198"}, "geometry": {"type": "Point", "coordinates": [-78.020308, 9.194601]}}, {"type": "Feature", "id": 2199, "properties": {"Tier1Images": 1538, "Tier2Images": 509, "S2Images": 0, "TideRange": "0.51", "WaveHeight": "1.19", "RelativeTideRange": "0.43", "pk": "2199"}, "geometry": {"type": "Point", "coordinates": [-78.870234, 9.430115]}}, {"type": "Feature", "id": 2200, "properties": {"Tier1Images": 1074, "Tier2Images": 197, "S2Images": 0, "TideRange": "0.53", "WaveHeight": "1.05", "RelativeTideRange": "0.50", "pk": "2200"}, "geometry": {"type": "Point", "coordinates": [-79.691969, 9.513966]}}, {"type": "Feature", "id": 2201, "properties": {"Tier1Images": 1452, "Tier2Images": 90, "S2Images": 0, "TideRange": "0.53", "WaveHeight": "1.10", "RelativeTideRange": "0.48", "pk": "2201"}, "geometry": {"type": "Point", "coordinates": [-80.467589, 9.106109]}}, {"type": "Feature", "id": 2202, "properties": {"Tier1Images": 738, "Tier2Images": 52, "S2Images": 0, "TideRange": "0.54", "WaveHeight": "0.84", "RelativeTideRange": "0.65", "pk": "2202"}, "geometry": {"type": "Point", "coordinates": [-81.285102, 8.783405]}}, {"type": "Feature", "id": 2203, "properties": {"Tier1Images": 931, "Tier2Images": 69, "S2Images": 0, "TideRange": "0.54", "WaveHeight": "0.51", "RelativeTideRange": "1.06", "pk": "2203"}, "geometry": {"type": "Point", "coordinates": [-81.81681, 9.020295]}}, {"type": "Feature", "id": 2204, "properties": {"Tier1Images": 970, "Tier2Images": 81, "S2Images": 0, "TideRange": "0.54", "WaveHeight": "0.90", "RelativeTideRange": "0.60", "pk": "2204"}, "geometry": {"type": "Point", "coordinates": [-82.316977, 9.202901]}}, {"type": "Feature", "id": 2205, "properties": {"Tier1Images": 568, "Tier2Images": 216, "S2Images": 0, "TideRange": "0.53", "WaveHeight": "1.11", "RelativeTideRange": "0.48", "pk": "2205"}, "geometry": {"type": "Point", "coordinates": [-82.881134, 9.791089]}}, {"type": "Feature", "id": 2206, "properties": {"Tier1Images": 696, "Tier2Images": 86, "S2Images": 0, "TideRange": "0.53", "WaveHeight": "0.96", "RelativeTideRange": "0.55", "pk": "2206"}, "geometry": {"type": "Point", "coordinates": [-83.449213, 10.467972]}}, {"type": "Feature", "id": 2207, "properties": {"Tier1Images": 442, "Tier2Images": 248, "S2Images": 0, "TideRange": "0.52", "WaveHeight": "1.05", "RelativeTideRange": "0.50", "pk": "2207"}, "geometry": {"type": "Point", "coordinates": [-83.851534, 11.223203]}}, {"type": "Feature", "id": 2208, "properties": {"Tier1Images": 442, "Tier2Images": 248, "S2Images": 0, "TideRange": "0.55", "WaveHeight": "0.84", "RelativeTideRange": "0.65", "pk": "2208"}, "geometry": {"type": "Point", "coordinates": [-83.790218, 11.914852]}}, {"type": "Feature", "id": 2209, "properties": {"Tier1Images": 598, "Tier2Images": 147, "S2Images": 0, "TideRange": "0.60", "WaveHeight": "0.75", "RelativeTideRange": "0.80", "pk": "2209"}, "geometry": {"type": "Point", "coordinates": [-83.664501, 12.581747]}}, {"type": "Feature", "id": 2210, "properties": {"Tier1Images": 598, "Tier2Images": 148, "S2Images": 0, "TideRange": "0.62", "WaveHeight": "0.75", "RelativeTideRange": "0.82", "pk": "2210"}, "geometry": {"type": "Point", "coordinates": [-83.532098, 12.714751]}}, {"type": "Feature", "id": 2211, "properties": {"Tier1Images": 605, "Tier2Images": 147, "S2Images": 0, "TideRange": "0.70", "WaveHeight": "0.77", "RelativeTideRange": "0.91", "pk": "2211"}, "geometry": {"type": "Point", "coordinates": [-83.520465, 13.586963]}}, {"type": "Feature", "id": 2212, "properties": {"Tier1Images": 681, "Tier2Images": 102, "S2Images": 0, "TideRange": "0.68", "WaveHeight": "0.60", "RelativeTideRange": "1.14", "pk": "2212"}, "geometry": {"type": "Point", "coordinates": [-83.198431, 14.379326]}}, {"type": "Feature", "id": 2213, "properties": {"Tier1Images": 681, "Tier2Images": 99, "S2Images": 0, "TideRange": "0.61", "WaveHeight": "0.72", "RelativeTideRange": "0.84", "pk": "2213"}, "geometry": {"type": "Point", "coordinates": [-83.237853, 14.891375]}}, {"type": "Feature", "id": 2214, "properties": {"Tier1Images": 1964, "Tier2Images": 439, "S2Images": 0, "TideRange": "0.45", "WaveHeight": "0.72", "RelativeTideRange": "0.62", "pk": "2214"}, "geometry": {"type": "Point", "coordinates": [-83.603798, 15.324116]}}, {"type": "Feature", "id": 2215, "properties": {"Tier1Images": 788, "Tier2Images": 91, "S2Images": 0, "TideRange": "0.40", "WaveHeight": "0.43", "RelativeTideRange": "0.94", "pk": "2215"}, "geometry": {"type": "Point", "coordinates": [-84.103081, 15.424076]}}, {"type": "Feature", "id": 2216, "properties": {"Tier1Images": 789, "Tier2Images": 91, "S2Images": 0, "TideRange": "0.38", "WaveHeight": "0.43", "RelativeTideRange": "0.90", "pk": "2216"}, "geometry": {"type": "Point", "coordinates": [-84.092678, 15.688737]}}, {"type": "Feature", "id": 2217, "properties": {"Tier1Images": 789, "Tier2Images": 95, "S2Images": 0, "TideRange": "0.34", "WaveHeight": "0.89", "RelativeTideRange": "0.38", "pk": "2217"}, "geometry": {"type": "Point", "coordinates": [-84.68761, 15.897067]}}, {"type": "Feature", "id": 2218, "properties": {"Tier1Images": 843, "Tier2Images": 94, "S2Images": 0, "TideRange": "0.32", "WaveHeight": "0.84", "RelativeTideRange": "0.38", "pk": "2218"}, "geometry": {"type": "Point", "coordinates": [-85.550201, 15.9224]}}, {"type": "Feature", "id": 2219, "properties": {"Tier1Images": 852, "Tier2Images": 98, "S2Images": 0, "TideRange": "0.31", "WaveHeight": "0.71", "RelativeTideRange": "0.43", "pk": "2219"}, "geometry": {"type": "Point", "coordinates": [-86.266127, 15.83581]}}, {"type": "Feature", "id": 2220, "properties": {"Tier1Images": 885, "Tier2Images": 92, "S2Images": 0, "TideRange": "0.30", "WaveHeight": "0.77", "RelativeTideRange": "0.39", "pk": "2220"}, "geometry": {"type": "Point", "coordinates": [-87.139912, 15.806643]}}, {"type": "Feature", "id": 2221, "properties": {"Tier1Images": 890, "Tier2Images": 96, "S2Images": 0, "TideRange": "0.27", "WaveHeight": "0.63", "RelativeTideRange": "0.43", "pk": "2221"}, "geometry": {"type": "Point", "coordinates": [-87.958382, 15.82464]}}, {"type": "Feature", "id": 2222, "properties": {"Tier1Images": 904, "Tier2Images": 91, "S2Images": 0, "TideRange": "0.29", "WaveHeight": "0.53", "RelativeTideRange": "0.55", "pk": "2222"}, "geometry": {"type": "Point", "coordinates": [-88.550818, 15.831046]}}, {"type": "Feature", "id": 2223, "properties": {"Tier1Images": 906, "Tier2Images": 94, "S2Images": 0, "TideRange": "0.30", "WaveHeight": "0.53", "RelativeTideRange": "0.56", "pk": "2223"}, "geometry": {"type": "Point", "coordinates": [-88.649599, 16.262327]}}, {"type": "Feature", "id": 2224, "properties": {"Tier1Images": 929, "Tier2Images": 89, "S2Images": 0, "TideRange": "0.27", "WaveHeight": "0.85", "RelativeTideRange": "0.31", "pk": "2224"}, "geometry": {"type": "Point", "coordinates": [-88.265116, 16.986541]}}, {"type": "Feature", "id": 2225, "properties": {"Tier1Images": 929, "Tier2Images": 87, "S2Images": 0, "TideRange": "0.27", "WaveHeight": "0.78", "RelativeTideRange": "0.34", "pk": "2225"}, "geometry": {"type": "Point", "coordinates": [-88.214128, 17.80094]}}, {"type": "Feature", "id": 2226, "properties": {"Tier1Images": 938, "Tier2Images": 96, "S2Images": 0, "TideRange": "0.56", "WaveHeight": "0.66", "RelativeTideRange": "0.85", "pk": "2226"}, "geometry": {"type": "Point", "coordinates": [-88.319722, 18.421436]}}, {"type": "Feature", "id": 2227, "properties": {"Tier1Images": 936, "Tier2Images": 96, "S2Images": 0, "TideRange": "0.56", "WaveHeight": "0.66", "RelativeTideRange": "0.85", "pk": "2227"}, "geometry": {"type": "Point", "coordinates": [-88.055719, 18.522768]}}, {"type": "Feature", "id": 2228, "properties": {"Tier1Images": 1621, "Tier2Images": 172, "S2Images": 0, "TideRange": "0.26", "WaveHeight": "0.93", "RelativeTideRange": "0.28", "pk": "2228"}, "geometry": {"type": "Point", "coordinates": [-87.679484, 18.751395]}}, {"type": "Feature", "id": 2229, "properties": {"Tier1Images": 1636, "Tier2Images": 151, "S2Images": 0, "TideRange": "0.26", "WaveHeight": "1.02", "RelativeTideRange": "0.25", "pk": "2229"}, "geometry": {"type": "Point", "coordinates": [-87.65851, 19.34648]}}, {"type": "Feature", "id": 2230, "properties": {"Tier1Images": 993, "Tier2Images": 69, "S2Images": 0, "TideRange": "0.26", "WaveHeight": "0.86", "RelativeTideRange": "0.30", "pk": "2230"}, "geometry": {"type": "Point", "coordinates": [-87.579354, 19.783408]}}, {"type": "Feature", "id": 2231, "properties": {"Tier1Images": 1766, "Tier2Images": 139, "S2Images": 0, "TideRange": "0.25", "WaveHeight": "0.73", "RelativeTideRange": "0.35", "pk": "2231"}, "geometry": {"type": "Point", "coordinates": [-87.240966, 20.480108]}}, {"type": "Feature", "id": 2232, "properties": {"Tier1Images": 1436, "Tier2Images": 149, "S2Images": 0, "TideRange": "0.29", "WaveHeight": "1.05", "RelativeTideRange": "0.28", "pk": "2232"}, "geometry": {"type": "Point", "coordinates": [-86.783857, 21.169183]}}, {"type": "Feature", "id": 2233, "properties": {"Tier1Images": 929, "Tier2Images": 70, "S2Images": 0, "TideRange": "0.67", "WaveHeight": "0.48", "RelativeTideRange": "1.38", "pk": "2233"}, "geometry": {"type": "Point", "coordinates": [-87.356814, 21.573466]}}, {"type": "Feature", "id": 2234, "properties": {"Tier1Images": 936, "Tier2Images": 67, "S2Images": 0, "TideRange": "0.69", "WaveHeight": "0.48", "RelativeTideRange": "1.44", "pk": "2234"}, "geometry": {"type": "Point", "coordinates": [-87.728118, 21.542168]}}, {"type": "Feature", "id": 2235, "properties": {"Tier1Images": 1685, "Tier2Images": 107, "S2Images": 0, "TideRange": "0.77", "WaveHeight": "0.54", "RelativeTideRange": "1.43", "pk": "2235"}, "geometry": {"type": "Point", "coordinates": [-88.590891, 21.535327]}}, {"type": "Feature", "id": 2236, "properties": {"Tier1Images": 910, "Tier2Images": 56, "S2Images": 0, "TideRange": "0.83", "WaveHeight": "0.71", "RelativeTideRange": "1.17", "pk": "2236"}, "geometry": {"type": "Point", "coordinates": [-89.451443, 21.329226]}}, {"type": "Feature", "id": 2237, "properties": {"Tier1Images": 1827, "Tier2Images": 228, "S2Images": 0, "TideRange": "0.97", "WaveHeight": "0.71", "RelativeTideRange": "1.36", "pk": "2237"}, "geometry": {"type": "Point", "coordinates": [-90.286755, 21.0529]}}, {"type": "Feature", "id": 2238, "properties": {"Tier1Images": 1371, "Tier2Images": 92, "S2Images": 0, "TideRange": "1.26", "WaveHeight": "0.64", "RelativeTideRange": "1.97", "pk": "2238"}, "geometry": {"type": "Point", "coordinates": [-90.484583, 20.258769]}}, {"type": "Feature", "id": 2239, "properties": {"Tier1Images": 1875, "Tier2Images": 132, "S2Images": 0, "TideRange": "1.34", "WaveHeight": "0.53", "RelativeTideRange": "2.52", "pk": "2239"}, "geometry": {"type": "Point", "coordinates": [-90.722722, 19.487823]}}, {"type": "Feature", "id": 2240, "properties": {"Tier1Images": 910, "Tier2Images": 56, "S2Images": 0, "TideRange": "1.23", "WaveHeight": "0.59", "RelativeTideRange": "2.08", "pk": "2240"}, "geometry": {"type": "Point", "coordinates": [-91.344183, 18.935234]}}, {"type": "Feature", "id": 2241, "properties": {"Tier1Images": 910, "Tier2Images": 56, "S2Images": 0, "TideRange": "0.79", "WaveHeight": "0.48", "RelativeTideRange": "1.63", "pk": "2241"}, "geometry": {"type": "Point", "coordinates": [-91.467544, 18.517159]}}, {"type": "Feature", "id": 2242, "properties": {"Tier1Images": 1686, "Tier2Images": 121, "S2Images": 0, "TideRange": "1.03", "WaveHeight": "0.72", "RelativeTideRange": "1.44", "pk": "2242"}, "geometry": {"type": "Point", "coordinates": [-92.098378, 18.704824]}}, {"type": "Feature", "id": 2243, "properties": {"Tier1Images": 826, "Tier2Images": 77, "S2Images": 0, "TideRange": "0.87", "WaveHeight": "0.89", "RelativeTideRange": "0.97", "pk": "2243"}, "geometry": {"type": "Point", "coordinates": [-92.921274, 18.461848]}}, {"type": "Feature", "id": 2244, "properties": {"Tier1Images": 1885, "Tier2Images": 169, "S2Images": 0, "TideRange": "0.84", "WaveHeight": "0.79", "RelativeTideRange": "1.07", "pk": "2244"}, "geometry": {"type": "Point", "coordinates": [-93.796007, 18.342373]}}, {"type": "Feature", "id": 2245, "properties": {"Tier1Images": 804, "Tier2Images": 98, "S2Images": 0, "TideRange": "0.84", "WaveHeight": "0.82", "RelativeTideRange": "1.02", "pk": "2245"}, "geometry": {"type": "Point", "coordinates": [-94.615361, 18.263544]}}, {"type": "Feature", "id": 2246, "properties": {"Tier1Images": 1611, "Tier2Images": 125, "S2Images": 0, "TideRange": "0.82", "WaveHeight": "0.91", "RelativeTideRange": "0.90", "pk": "2246"}, "geometry": {"type": "Point", "coordinates": [-95.319458, 18.707407]}}, {"type": "Feature", "id": 2247, "properties": {"Tier1Images": 868, "Tier2Images": 36, "S2Images": 0, "TideRange": "0.83", "WaveHeight": "0.87", "RelativeTideRange": "0.95", "pk": "2247"}, "geometry": {"type": "Point", "coordinates": [-95.875666, 18.790343]}}, {"type": "Feature", "id": 2248, "properties": {"Tier1Images": 859, "Tier2Images": 34, "S2Images": 0, "TideRange": "0.82", "WaveHeight": "0.94", "RelativeTideRange": "0.87", "pk": "2248"}, "geometry": {"type": "Point", "coordinates": [-96.191217, 19.257843]}}, {"type": "Feature", "id": 2249, "properties": {"Tier1Images": 1673, "Tier2Images": 125, "S2Images": 0, "TideRange": "0.81", "WaveHeight": "0.93", "RelativeTideRange": "0.87", "pk": "2249"}, "geometry": {"type": "Point", "coordinates": [-96.565295, 20.007578]}}, {"type": "Feature", "id": 2250, "properties": {"Tier1Images": 917, "Tier2Images": 23, "S2Images": 0, "TideRange": "0.82", "WaveHeight": "0.96", "RelativeTideRange": "0.86", "pk": "2250"}, "geometry": {"type": "Point", "coordinates": [-97.145428, 20.652728]}}, {"type": "Feature", "id": 2251, "properties": {"Tier1Images": 858, "Tier2Images": 119, "S2Images": 0, "TideRange": "0.81", "WaveHeight": "0.41", "RelativeTideRange": "1.95", "pk": "2251"}, "geometry": {"type": "Point", "coordinates": [-97.500897, 21.419723]}}, {"type": "Feature", "id": 2252, "properties": {"Tier1Images": 1627, "Tier2Images": 150, "S2Images": 0, "TideRange": "0.80", "WaveHeight": "0.84", "RelativeTideRange": "0.95", "pk": "2252"}, "geometry": {"type": "Point", "coordinates": [-97.664098, 21.881449]}}, {"type": "Feature", "id": 2253, "properties": {"Tier1Images": 743, "Tier2Images": 116, "S2Images": 0, "TideRange": "0.81", "WaveHeight": "0.41", "RelativeTideRange": "1.95", "pk": "2253"}, "geometry": {"type": "Point", "coordinates": [-97.37902, 21.384691]}}, {"type": "Feature", "id": 2254, "properties": {"Tier1Images": 1575, "Tier2Images": 138, "S2Images": 0, "TideRange": "0.81", "WaveHeight": "0.84", "RelativeTideRange": "0.95", "pk": "2254"}, "geometry": {"type": "Point", "coordinates": [-97.737752, 22.06338]}}, {"type": "Feature", "id": 2255, "properties": {"Tier1Images": 1097, "Tier2Images": 61, "S2Images": 0, "TideRange": "0.79", "WaveHeight": "1.03", "RelativeTideRange": "0.77", "pk": "2255"}, "geometry": {"type": "Point", "coordinates": [-97.768149, 22.867615]}}, {"type": "Feature", "id": 2256, "properties": {"Tier1Images": 1467, "Tier2Images": 71, "S2Images": 0, "TideRange": "0.79", "WaveHeight": "1.02", "RelativeTideRange": "0.77", "pk": "2256"}, "geometry": {"type": "Point", "coordinates": [-97.73101, 23.692233]}}, {"type": "Feature", "id": 2257, "properties": {"Tier1Images": 1115, "Tier2Images": 71, "S2Images": 0, "TideRange": "0.79", "WaveHeight": "0.90", "RelativeTideRange": "0.88", "pk": "2257"}, "geometry": {"type": "Point", "coordinates": [-97.638265, 24.504605]}}, {"type": "Feature", "id": 2258, "properties": {"Tier1Images": 2271, "Tier2Images": 161, "S2Images": 0, "TideRange": "0.79", "WaveHeight": "0.86", "RelativeTideRange": "0.92", "pk": "2258"}, "geometry": {"type": "Point", "coordinates": [-97.391812, 25.290246]}}, {"type": "Feature", "id": 2259, "properties": {"Tier1Images": 1171, "Tier2Images": 107, "S2Images": 0, "TideRange": "0.78", "WaveHeight": "1.08", "RelativeTideRange": "0.72", "pk": "2259"}, "geometry": {"type": "Point", "coordinates": [-97.148093, 26.057318]}}, {"type": "Feature", "id": 2260, "properties": {"Tier1Images": 2308, "Tier2Images": 243, "S2Images": 0, "TideRange": "0.80", "WaveHeight": "0.64", "RelativeTideRange": "1.26", "pk": "2260"}, "geometry": {"type": "Point", "coordinates": [-97.493511, 26.758922]}}, {"type": "Feature", "id": 2261, "properties": {"Tier1Images": 2239, "Tier2Images": 218, "S2Images": 0, "TideRange": "0.80", "WaveHeight": "0.96", "RelativeTideRange": "0.83", "pk": "2261"}, "geometry": {"type": "Point", "coordinates": [-97.737461, 27.388139]}}, {"type": "Feature", "id": 2262, "properties": {"Tier1Images": 1144, "Tier2Images": 222, "S2Images": 0, "TideRange": "0.80", "WaveHeight": "0.96", "RelativeTideRange": "0.83", "pk": "2262"}, "geometry": {"type": "Point", "coordinates": [-97.300826, 27.684741]}}, {"type": "Feature", "id": 2263, "properties": {"Tier1Images": 1440, "Tier2Images": 260, "S2Images": 0, "TideRange": "0.79", "WaveHeight": "0.96", "RelativeTideRange": "0.83", "pk": "2263"}, "geometry": {"type": "Point", "coordinates": [-97.143734, 28.068244]}}, {"type": "Feature", "id": 2264, "properties": {"Tier1Images": 1171, "Tier2Images": 158, "S2Images": 0, "TideRange": "0.79", "WaveHeight": "0.96", "RelativeTideRange": "0.82", "pk": "2264"}, "geometry": {"type": "Point", "coordinates": [-96.678268, 28.342881]}}, {"type": "Feature", "id": 2265, "properties": {"Tier1Images": 1167, "Tier2Images": 155, "S2Images": 0, "TideRange": "0.79", "WaveHeight": "0.79", "RelativeTideRange": "1.00", "pk": "2265"}, "geometry": {"type": "Point", "coordinates": [-96.481447, 28.617262]}}, {"type": "Feature", "id": 2266, "properties": {"Tier1Images": 2257, "Tier2Images": 308, "S2Images": 0, "TideRange": "0.79", "WaveHeight": "0.79", "RelativeTideRange": "1.00", "pk": "2266"}, "geometry": {"type": "Point", "coordinates": [-96.144181, 28.521143]}}, {"type": "Feature", "id": 2267, "properties": {"Tier1Images": 1137, "Tier2Images": 223, "S2Images": 0, "TideRange": "0.83", "WaveHeight": "0.89", "RelativeTideRange": "0.93", "pk": "2267"}, "geometry": {"type": "Point", "coordinates": [-95.366338, 28.910653]}}, {"type": "Feature", "id": 2268, "properties": {"Tier1Images": 2000, "Tier2Images": 305, "S2Images": 0, "TideRange": "0.61", "WaveHeight": "0.58", "RelativeTideRange": "1.05", "pk": "2268"}, "geometry": {"type": "Point", "coordinates": [-94.96623, 29.498031]}}, {"type": "Feature", "id": 2269, "properties": {"Tier1Images": 2291, "Tier2Images": 361, "S2Images": 0, "TideRange": "0.63", "WaveHeight": "0.58", "RelativeTideRange": "1.10", "pk": "2269"}, "geometry": {"type": "Point", "coordinates": [-94.712707, 29.540431]}}, {"type": "Feature", "id": 2270, "properties": {"Tier1Images": 3012, "Tier2Images": 736, "S2Images": 0, "TideRange": "1.08", "WaveHeight": "0.58", "RelativeTideRange": "1.88", "pk": "2270"}, "geometry": {"type": "Point", "coordinates": [-94.411867, 29.548218]}}, {"type": "Feature", "id": 2271, "properties": {"Tier1Images": 2095, "Tier2Images": 220, "S2Images": 0, "TideRange": "1.14", "WaveHeight": "0.69", "RelativeTideRange": "1.64", "pk": "2271"}, "geometry": {"type": "Point", "coordinates": [-93.856126, 29.956697]}}, {"type": "Feature", "id": 2272, "properties": {"Tier1Images": 1207, "Tier2Images": 139, "S2Images": 0, "TideRange": "1.13", "WaveHeight": "0.74", "RelativeTideRange": "1.53", "pk": "2272"}, "geometry": {"type": "Point", "coordinates": [-93.387812, 29.776644]}}, {"type": "Feature", "id": 2273, "properties": {"Tier1Images": 3062, "Tier2Images": 266, "S2Images": 0, "TideRange": "1.00", "WaveHeight": "0.65", "RelativeTideRange": "1.55", "pk": "2273"}, "geometry": {"type": "Point", "coordinates": [-92.535473, 29.583759]}}, {"type": "Feature", "id": 2274, "properties": {"Tier1Images": 1259, "Tier2Images": 67, "S2Images": 0, "TideRange": "0.66", "WaveHeight": "0.60", "RelativeTideRange": "1.09", "pk": "2274"}, "geometry": {"type": "Point", "coordinates": [-91.909214, 29.831416]}}, {"type": "Feature", "id": 2275, "properties": {"Tier1Images": 3612, "Tier2Images": 297, "S2Images": 0, "TideRange": "0.85", "WaveHeight": "0.47", "RelativeTideRange": "1.80", "pk": "2275"}, "geometry": {"type": "Point", "coordinates": [-91.256162, 29.526508]}}, {"type": "Feature", "id": 2276, "properties": {"Tier1Images": 1253, "Tier2Images": 112, "S2Images": 0, "TideRange": "0.70", "WaveHeight": "0.72", "RelativeTideRange": "0.97", "pk": "2276"}, "geometry": {"type": "Point", "coordinates": [-90.859162, 29.157778]}}, {"type": "Feature", "id": 2277, "properties": {"Tier1Images": 1235, "Tier2Images": 119, "S2Images": 0, "TideRange": "0.61", "WaveHeight": "0.75", "RelativeTideRange": "0.82", "pk": "2277"}, "geometry": {"type": "Point", "coordinates": [-90.173337, 29.120905]}}, {"type": "Feature", "id": 2278, "properties": {"Tier1Images": 3221, "Tier2Images": 352, "S2Images": 0, "TideRange": "0.62", "WaveHeight": "0.57", "RelativeTideRange": "1.10", "pk": "2278"}, "geometry": {"type": "Point", "coordinates": [-89.854746, 29.442029]}}, {"type": "Feature", "id": 2279, "properties": {"Tier1Images": 1202, "Tier2Images": 233, "S2Images": 0, "TideRange": "0.60", "WaveHeight": "0.82", "RelativeTideRange": "0.73", "pk": "2279"}, "geometry": {"type": "Point", "coordinates": [-89.307037, 29.019213]}}, {"type": "Feature", "id": 2280, "properties": {"Tier1Images": 2449, "Tier2Images": 328, "S2Images": 0, "TideRange": "0.59", "WaveHeight": "0.57", "RelativeTideRange": "1.05", "pk": "2280"}, "geometry": {"type": "Point", "coordinates": [-89.35465, 29.368529]}}, {"type": "Feature", "id": 2281, "properties": {"Tier1Images": 2875, "Tier2Images": 218, "S2Images": 0, "TideRange": "0.63", "WaveHeight": "0.49", "RelativeTideRange": "1.29", "pk": "2281"}, "geometry": {"type": "Point", "coordinates": [-89.454935, 29.784547]}}, {"type": "Feature", "id": 2282, "properties": {"Tier1Images": 1520, "Tier2Images": 112, "S2Images": 0, "TideRange": "0.60", "WaveHeight": "0.49", "RelativeTideRange": "1.23", "pk": "2282"}, "geometry": {"type": "Point", "coordinates": [-89.780762, 29.96994]}}, {"type": "Feature", "id": 2283, "properties": {"Tier1Images": 1265, "Tier2Images": 89, "S2Images": 0, "TideRange": "0.61", "WaveHeight": "0.49", "RelativeTideRange": "1.24", "pk": "2283"}, "geometry": {"type": "Point", "coordinates": [-90.221162, 30.044145]}}, {"type": "Feature", "id": 2284, "properties": {"Tier1Images": 1263, "Tier2Images": 98, "S2Images": 0, "TideRange": "0.61", "WaveHeight": "0.49", "RelativeTideRange": "1.24", "pk": "2284"}, "geometry": {"type": "Point", "coordinates": [-89.93104, 30.262232]}}, {"type": "Feature", "id": 2285, "properties": {"Tier1Images": 2379, "Tier2Images": 174, "S2Images": 0, "TideRange": "0.67", "WaveHeight": "0.59", "RelativeTideRange": "1.14", "pk": "2285"}, "geometry": {"type": "Point", "coordinates": [-89.133155, 30.351523]}}, {"type": "Feature", "id": 2286, "properties": {"Tier1Images": 1257, "Tier2Images": 201, "S2Images": 0, "TideRange": "0.68", "WaveHeight": "0.68", "RelativeTideRange": "1.01", "pk": "2286"}, "geometry": {"type": "Point", "coordinates": [-88.262093, 30.364501]}}, {"type": "Feature", "id": 2287, "properties": {"Tier1Images": 2421, "Tier2Images": 293, "S2Images": 0, "TideRange": "0.66", "WaveHeight": "0.75", "RelativeTideRange": "0.89", "pk": "2287"}, "geometry": {"type": "Point", "coordinates": [-87.888296, 30.41261]}}, {"type": "Feature", "id": 2288, "properties": {"Tier1Images": 1962, "Tier2Images": 268, "S2Images": 0, "TideRange": "0.64", "WaveHeight": "0.77", "RelativeTideRange": "0.83", "pk": "2288"}, "geometry": {"type": "Point", "coordinates": [-87.557653, 30.326043]}}, {"type": "Feature", "id": 2289, "properties": {"Tier1Images": 1223, "Tier2Images": 233, "S2Images": 0, "TideRange": "0.64", "WaveHeight": "0.79", "RelativeTideRange": "0.82", "pk": "2289"}, "geometry": {"type": "Point", "coordinates": [-87.057715, 30.520501]}}, {"type": "Feature", "id": 2290, "properties": {"Tier1Images": 1220, "Tier2Images": 231, "S2Images": 0, "TideRange": "0.65", "WaveHeight": "0.79", "RelativeTideRange": "0.82", "pk": "2290"}, "geometry": {"type": "Point", "coordinates": [-86.809607, 30.38911]}}, {"type": "Feature", "id": 2291, "properties": {"Tier1Images": 2423, "Tier2Images": 230, "S2Images": 0, "TideRange": "0.65", "WaveHeight": "0.78", "RelativeTideRange": "0.84", "pk": "2291"}, "geometry": {"type": "Point", "coordinates": [-86.259486, 30.426389]}}, {"type": "Feature", "id": 2292, "properties": {"Tier1Images": 1263, "Tier2Images": 134, "S2Images": 0, "TideRange": "0.65", "WaveHeight": "0.72", "RelativeTideRange": "0.91", "pk": "2292"}, "geometry": {"type": "Point", "coordinates": [-85.804599, 30.181016]}}, {"type": "Feature", "id": 2293, "properties": {"Tier1Images": 1257, "Tier2Images": 144, "S2Images": 0, "TideRange": "0.65", "WaveHeight": "0.53", "RelativeTideRange": "1.22", "pk": "2293"}, "geometry": {"type": "Point", "coordinates": [-85.444378, 29.936009]}}, {"type": "Feature", "id": 2294, "properties": {"Tier1Images": 3369, "Tier2Images": 501, "S2Images": 0, "TideRange": "0.67", "WaveHeight": "0.71", "RelativeTideRange": "0.94", "pk": "2294"}, "geometry": {"type": "Point", "coordinates": [-85.094844, 29.715581]}}, {"type": "Feature", "id": 2295, "properties": {"Tier1Images": 1282, "Tier2Images": 104, "S2Images": 0, "TideRange": "1.46", "WaveHeight": "0.45", "RelativeTideRange": "3.22", "pk": "2295"}, "geometry": {"type": "Point", "coordinates": [-84.363421, 30.010516]}}, {"type": "Feature", "id": 2296, "properties": {"Tier1Images": 1882, "Tier2Images": 181, "S2Images": 0, "TideRange": "1.58", "WaveHeight": "0.50", "RelativeTideRange": "3.16", "pk": "2296"}, "geometry": {"type": "Point", "coordinates": [-83.611012, 29.828305]}}, {"type": "Feature", "id": 2297, "properties": {"Tier1Images": 1325, "Tier2Images": 71, "S2Images": 0, "TideRange": "1.57", "WaveHeight": "0.52", "RelativeTideRange": "2.99", "pk": "2297"}, "geometry": {"type": "Point", "coordinates": [-83.018712, 29.243331]}}, {"type": "Feature", "id": 2298, "properties": {"Tier1Images": 1326, "Tier2Images": 68, "S2Images": 0, "TideRange": "1.50", "WaveHeight": "0.38", "RelativeTideRange": "3.95", "pk": "2298"}, "geometry": {"type": "Point", "coordinates": [-82.6572, 28.583209]}}, {"type": "Feature", "id": 2299, "properties": {"Tier1Images": 1315, "Tier2Images": 72, "S2Images": 0, "TideRange": "1.16", "WaveHeight": "0.60", "RelativeTideRange": "1.94", "pk": "2299"}, "geometry": {"type": "Point", "coordinates": [-82.825751, 27.811699]}}, {"type": "Feature", "id": 2300, "properties": {"Tier1Images": 2691, "Tier2Images": 105, "S2Images": 0, "TideRange": "0.73", "WaveHeight": "0.37", "RelativeTideRange": "1.96", "pk": "2300"}, "geometry": {"type": "Point", "coordinates": [-82.426105, 27.883235]}}, {"type": "Feature", "id": 2301, "properties": {"Tier1Images": 2621, "Tier2Images": 105, "S2Images": 0, "TideRange": "1.02", "WaveHeight": "0.37", "RelativeTideRange": "2.72", "pk": "2301"}, "geometry": {"type": "Point", "coordinates": [-82.543311, 27.254144]}}, {"type": "Feature", "id": 2302, "properties": {"Tier1Images": 1356, "Tier2Images": 48, "S2Images": 0, "TideRange": "1.02", "WaveHeight": "0.38", "RelativeTideRange": "2.65", "pk": "2302"}, "geometry": {"type": "Point", "coordinates": [-82.015122, 26.961614]}}, {"type": "Feature", "id": 2303, "properties": {"Tier1Images": 1651, "Tier2Images": 83, "S2Images": 0, "TideRange": "1.19", "WaveHeight": "0.38", "RelativeTideRange": "3.10", "pk": "2303"}, "geometry": {"type": "Point", "coordinates": [-81.900534, 26.588674]}}, {"type": "Feature", "id": 2304, "properties": {"Tier1Images": 1334, "Tier2Images": 71, "S2Images": 0, "TideRange": "1.50", "WaveHeight": "0.31", "RelativeTideRange": "4.81", "pk": "2304"}, "geometry": {"type": "Point", "coordinates": [-81.605893, 25.914974]}}, {"type": "Feature", "id": 2305, "properties": {"Tier1Images": 2677, "Tier2Images": 319, "S2Images": 0, "TideRange": "1.87", "WaveHeight": "0.57", "RelativeTideRange": "3.29", "pk": "2305"}, "geometry": {"type": "Point", "coordinates": [-81.05985, 25.339688]}}, {"type": "Feature", "id": 2306, "properties": {"Tier1Images": 1613, "Tier2Images": 489, "S2Images": 0, "TideRange": "0.67", "WaveHeight": "0.57", "RelativeTideRange": "1.18", "pk": "2306"}, "geometry": {"type": "Point", "coordinates": [-80.83965, 25.172614]}}, {"type": "Feature", "id": 2307, "properties": {"Tier1Images": 1331, "Tier2Images": 237, "S2Images": 0, "TideRange": "0.94", "WaveHeight": "0.73", "RelativeTideRange": "1.29", "pk": "2307"}, "geometry": {"type": "Point", "coordinates": [-80.282422, 25.64631]}}, {"type": "Feature", "id": 2308, "properties": {"Tier1Images": 1329, "Tier2Images": 237, "S2Images": 0, "TideRange": "1.09", "WaveHeight": "0.83", "RelativeTideRange": "1.31", "pk": "2308"}, "geometry": {"type": "Point", "coordinates": [-80.079966, 26.324985]}}, {"type": "Feature", "id": 2309, "properties": {"Tier1Images": 1310, "Tier2Images": 434, "S2Images": 0, "TideRange": "1.27", "WaveHeight": "0.99", "RelativeTideRange": "1.28", "pk": "2309"}, "geometry": {"type": "Point", "coordinates": [-80.14992, 27.112857]}}, {"type": "Feature", "id": 2310, "properties": {"Tier1Images": 2462, "Tier2Images": 290, "S2Images": 0, "TideRange": "1.44", "WaveHeight": "0.75", "RelativeTideRange": "1.91", "pk": "2310"}, "geometry": {"type": "Point", "coordinates": [-80.503746, 27.845729]}}, {"type": "Feature", "id": 2311, "properties": {"Tier1Images": 1968, "Tier2Images": 513, "S2Images": 0, "TideRange": "1.55", "WaveHeight": "0.76", "RelativeTideRange": "2.02", "pk": "2311"}, "geometry": {"type": "Point", "coordinates": [-80.800744, 28.593171]}}, {"type": "Feature", "id": 2312, "properties": {"Tier1Images": 2637, "Tier2Images": 582, "S2Images": 0, "TideRange": "1.49", "WaveHeight": "0.76", "RelativeTideRange": "1.95", "pk": "2312"}, "geometry": {"type": "Point", "coordinates": [-80.654102, 28.450891]}}, {"type": "Feature", "id": 2313, "properties": {"Tier1Images": 3039, "Tier2Images": 311, "S2Images": 0, "TideRange": "1.45", "WaveHeight": "0.75", "RelativeTideRange": "1.93", "pk": "2313"}, "geometry": {"type": "Point", "coordinates": [-80.475021, 27.940985]}}, {"type": "Feature", "id": 2314, "properties": {"Tier1Images": 2371, "Tier2Images": 577, "S2Images": 0, "TideRange": "1.53", "WaveHeight": "0.76", "RelativeTideRange": "2.00", "pk": "2314"}, "geometry": {"type": "Point", "coordinates": [-80.647296, 28.678607]}}, {"type": "Feature", "id": 2315, "properties": {"Tier1Images": 1314, "Tier2Images": 349, "S2Images": 0, "TideRange": "1.74", "WaveHeight": "0.62", "RelativeTideRange": "2.79", "pk": "2315"}, "geometry": {"type": "Point", "coordinates": [-81.06396, 29.376337]}}, {"type": "Feature", "id": 2316, "properties": {"Tier1Images": 1291, "Tier2Images": 390, "S2Images": 0, "TideRange": "2.03", "WaveHeight": "0.54", "RelativeTideRange": "3.76", "pk": "2316"}, "geometry": {"type": "Point", "coordinates": [-81.332239, 30.121928]}}, {"type": "Feature", "id": 2317, "properties": {"Tier1Images": 3706, "Tier2Images": 497, "S2Images": 0, "TideRange": "2.38", "WaveHeight": "0.60", "RelativeTideRange": "3.95", "pk": "2317"}, "geometry": {"type": "Point", "coordinates": [-81.518865, 30.877707]}}, {"type": "Feature", "id": 2318, "properties": {"Tier1Images": 2417, "Tier2Images": 720, "S2Images": 0, "TideRange": "2.54", "WaveHeight": "0.68", "RelativeTideRange": "3.71", "pk": "2318"}, "geometry": {"type": "Point", "coordinates": [-81.269591, 31.415603]}}, {"type": "Feature", "id": 2319, "properties": {"Tier1Images": 2409, "Tier2Images": 713, "S2Images": 0, "TideRange": "2.54", "WaveHeight": "0.68", "RelativeTideRange": "3.71", "pk": "2319"}, "geometry": {"type": "Point", "coordinates": [-81.02318, 31.901733]}}, {"type": "Feature", "id": 2320, "properties": {"Tier1Images": 2017, "Tier2Images": 662, "S2Images": 0, "TideRange": "2.48", "WaveHeight": "0.85", "RelativeTideRange": "2.92", "pk": "2320"}, "geometry": {"type": "Point", "coordinates": [-80.772842, 32.412702]}}, {"type": "Feature", "id": 2321, "properties": {"Tier1Images": 2438, "Tier2Images": 711, "S2Images": 0, "TideRange": "2.33", "WaveHeight": "0.92", "RelativeTideRange": "2.54", "pk": "2321"}, "geometry": {"type": "Point", "coordinates": [-80.514052, 32.527232]}}, {"type": "Feature", "id": 2322, "properties": {"Tier1Images": 1273, "Tier2Images": 381, "S2Images": 0, "TideRange": "2.04", "WaveHeight": "0.92", "RelativeTideRange": "2.22", "pk": "2322"}, "geometry": {"type": "Point", "coordinates": [-79.862406, 32.797558]}}, {"type": "Feature", "id": 2323, "properties": {"Tier1Images": 2339, "Tier2Images": 318, "S2Images": 0, "TideRange": "1.94", "WaveHeight": "1.11", "RelativeTideRange": "1.75", "pk": "2323"}, "geometry": {"type": "Point", "coordinates": [-79.2474, 33.230567]}}, {"type": "Feature", "id": 2324, "properties": {"Tier1Images": 2587, "Tier2Images": 331, "S2Images": 0, "TideRange": "2.04", "WaveHeight": "0.63", "RelativeTideRange": "3.24", "pk": "2324"}, "geometry": {"type": "Point", "coordinates": [-78.981714, 33.587526]}}, {"type": "Feature", "id": 2325, "properties": {"Tier1Images": 2325, "Tier2Images": 353, "S2Images": 0, "TideRange": "1.93", "WaveHeight": "0.95", "RelativeTideRange": "2.03", "pk": "2325"}, "geometry": {"type": "Point", "coordinates": [-78.222005, 33.914879]}}, {"type": "Feature", "id": 2326, "properties": {"Tier1Images": 1632, "Tier2Images": 498, "S2Images": 0, "TideRange": "1.70", "WaveHeight": "0.95", "RelativeTideRange": "1.79", "pk": "2326"}, "geometry": {"type": "Point", "coordinates": [-77.90138, 34.013145]}}, {"type": "Feature", "id": 2327, "properties": {"Tier1Images": 2332, "Tier2Images": 207, "S2Images": 0, "TideRange": "1.68", "WaveHeight": "0.82", "RelativeTideRange": "2.03", "pk": "2327"}, "geometry": {"type": "Point", "coordinates": [-77.406375, 34.569621]}}, {"type": "Feature", "id": 2328, "properties": {"Tier1Images": 1172, "Tier2Images": 127, "S2Images": 0, "TideRange": "1.62", "WaveHeight": "0.93", "RelativeTideRange": "1.75", "pk": "2328"}, "geometry": {"type": "Point", "coordinates": [-76.853054, 34.702625]}}, {"type": "Feature", "id": 2329, "properties": {"Tier1Images": 1170, "Tier2Images": 130, "S2Images": 0, "TideRange": "0.33", "WaveHeight": "0.66", "RelativeTideRange": "0.50", "pk": "2329"}, "geometry": {"type": "Point", "coordinates": [-76.615388, 34.962725]}}, {"type": "Feature", "id": 2330, "properties": {"Tier1Images": 1176, "Tier2Images": 127, "S2Images": 0, "TideRange": "0.33", "WaveHeight": "0.66", "RelativeTideRange": "0.50", "pk": "2330"}, "geometry": {"type": "Point", "coordinates": [-76.816559, 34.997024]}}, {"type": "Feature", "id": 2331, "properties": {"Tier1Images": 3383, "Tier2Images": 280, "S2Images": 0, "TideRange": "0.34", "WaveHeight": "0.66", "RelativeTideRange": "0.52", "pk": "2331"}, "geometry": {"type": "Point", "coordinates": [-76.868741, 35.422516]}}, {"type": "Feature", "id": 2332, "properties": {"Tier1Images": 1473, "Tier2Images": 153, "S2Images": 0, "TideRange": "0.34", "WaveHeight": "0.66", "RelativeTideRange": "0.51", "pk": "2332"}, "geometry": {"type": "Point", "coordinates": [-76.521159, 35.460126]}}, {"type": "Feature", "id": 2333, "properties": {"Tier1Images": 2241, "Tier2Images": 515, "S2Images": 0, "TideRange": "0.25", "WaveHeight": "1.11", "RelativeTideRange": "0.23", "pk": "2333"}, "geometry": {"type": "Point", "coordinates": [-75.814496, 35.617718]}}, {"type": "Feature", "id": 2334, "properties": {"Tier1Images": 1199, "Tier2Images": 180, "S2Images": 0, "TideRange": "0.83", "WaveHeight": "0.33", "RelativeTideRange": "2.50", "pk": "2334"}, "geometry": {"type": "Point", "coordinates": [-76.035124, 35.698529]}}, {"type": "Feature", "id": 2335, "properties": {"Tier1Images": 1213, "Tier2Images": 110, "S2Images": 0, "TideRange": "0.84", "WaveHeight": "0.33", "RelativeTideRange": "2.52", "pk": "2335"}, "geometry": {"type": "Point", "coordinates": [-76.559083, 35.949651]}}, {"type": "Feature", "id": 2336, "properties": {"Tier1Images": 1189, "Tier2Images": 143, "S2Images": 0, "TideRange": "0.84", "WaveHeight": "0.33", "RelativeTideRange": "2.52", "pk": "2336"}, "geometry": {"type": "Point", "coordinates": [-76.507328, 36.023628]}}, {"type": "Feature", "id": 2337, "properties": {"Tier1Images": 1178, "Tier2Images": 178, "S2Images": 0, "TideRange": "0.82", "WaveHeight": "0.33", "RelativeTideRange": "2.46", "pk": "2337"}, "geometry": {"type": "Point", "coordinates": [-76.01877, 36.225737]}}, {"type": "Feature", "id": 2338, "properties": {"Tier1Images": 1253, "Tier2Images": 197, "S2Images": 0, "TideRange": "0.81", "WaveHeight": "0.45", "RelativeTideRange": "1.79", "pk": "2338"}, "geometry": {"type": "Point", "coordinates": [-75.973027, 36.599084]}}, {"type": "Feature", "id": 2339, "properties": {"Tier1Images": 2028, "Tier2Images": 468, "S2Images": 0, "TideRange": "0.85", "WaveHeight": "1.08", "RelativeTideRange": "0.78", "pk": "2339"}, "geometry": {"type": "Point", "coordinates": [-75.686346, 36.038102]}}, {"type": "Feature", "id": 2340, "properties": {"Tier1Images": 1382, "Tier2Images": 267, "S2Images": 0, "TideRange": "1.40", "WaveHeight": "0.45", "RelativeTideRange": "3.11", "pk": "2340"}, "geometry": {"type": "Point", "coordinates": [-75.766551, 36.257347]}}, {"type": "Feature", "id": 2341, "properties": {"Tier1Images": 1401, "Tier2Images": 156, "S2Images": 0, "TideRange": "1.25", "WaveHeight": "0.55", "RelativeTideRange": "2.26", "pk": "2341"}, "geometry": {"type": "Point", "coordinates": [-76.049249, 36.918841]}}, {"type": "Feature", "id": 2342, "properties": {"Tier1Images": 2253, "Tier2Images": 174, "S2Images": 0, "TideRange": "1.02", "WaveHeight": "0.55", "RelativeTideRange": "1.85", "pk": "2342"}, "geometry": {"type": "Point", "coordinates": [-76.696447, 37.175886]}}, {"type": "Feature", "id": 2343, "properties": {"Tier1Images": 1895, "Tier2Images": 150, "S2Images": 0, "TideRange": "1.02", "WaveHeight": "0.24", "RelativeTideRange": "4.35", "pk": "2343"}, "geometry": {"type": "Point", "coordinates": [-76.956982, 37.301209]}}, {"type": "Feature", "id": 2344, "properties": {"Tier1Images": 1531, "Tier2Images": 159, "S2Images": 0, "TideRange": "0.90", "WaveHeight": "0.55", "RelativeTideRange": "1.63", "pk": "2344"}, "geometry": {"type": "Point", "coordinates": [-76.290252, 37.075837]}}, {"type": "Feature", "id": 2345, "properties": {"Tier1Images": 2253, "Tier2Images": 175, "S2Images": 0, "TideRange": "0.76", "WaveHeight": "0.24", "RelativeTideRange": "3.23", "pk": "2345"}, "geometry": {"type": "Point", "coordinates": [-76.651879, 37.410887]}}, {"type": "Feature", "id": 2346, "properties": {"Tier1Images": 2255, "Tier2Images": 187, "S2Images": 0, "TideRange": "0.31", "WaveHeight": "0.49", "RelativeTideRange": "0.63", "pk": "2346"}, "geometry": {"type": "Point", "coordinates": [-76.346469, 37.544326]}}, {"type": "Feature", "id": 2347, "properties": {"Tier1Images": 1452, "Tier2Images": 147, "S2Images": 0, "TideRange": "0.26", "WaveHeight": "0.24", "RelativeTideRange": "1.13", "pk": "2347"}, "geometry": {"type": "Point", "coordinates": [-76.909478, 38.013933]}}, {"type": "Feature", "id": 2348, "properties": {"Tier1Images": 2253, "Tier2Images": 178, "S2Images": 0, "TideRange": "0.32", "WaveHeight": "0.24", "RelativeTideRange": "1.37", "pk": "2348"}, "geometry": {"type": "Point", "coordinates": [-76.67676, 37.839285]}}, {"type": "Feature", "id": 2349, "properties": {"Tier1Images": 2784, "Tier2Images": 255, "S2Images": 0, "TideRange": "0.30", "WaveHeight": "0.24", "RelativeTideRange": "1.29", "pk": "2349"}, "geometry": {"type": "Point", "coordinates": [-76.405626, 37.984039]}}, {"type": "Feature", "id": 2350, "properties": {"Tier1Images": 1118, "Tier2Images": 146, "S2Images": 0, "TideRange": "0.51", "WaveHeight": "0.26", "RelativeTideRange": "1.92", "pk": "2350"}, "geometry": {"type": "Point", "coordinates": [-77.1099, 38.370115]}}, {"type": "Feature", "id": 2351, "properties": {"Tier1Images": 1110, "Tier2Images": 140, "S2Images": 0, "TideRange": "0.74", "WaveHeight": "0.29", "RelativeTideRange": "2.52", "pk": "2351"}, "geometry": {"type": "Point", "coordinates": [-77.037359, 38.837226]}}, {"type": "Feature", "id": 2352, "properties": {"Tier1Images": 1112, "Tier2Images": 142, "S2Images": 0, "TideRange": "0.51", "WaveHeight": "0.26", "RelativeTideRange": "1.92", "pk": "2352"}, "geometry": {"type": "Point", "coordinates": [-77.101212, 38.427943]}}, {"type": "Feature", "id": 2353, "properties": {"Tier1Images": 2799, "Tier2Images": 288, "S2Images": 0, "TideRange": "0.22", "WaveHeight": "0.24", "RelativeTideRange": "0.94", "pk": "2353"}, "geometry": {"type": "Point", "coordinates": [-76.536594, 38.205889]}}, {"type": "Feature", "id": 2354, "properties": {"Tier1Images": 1560, "Tier2Images": 184, "S2Images": 0, "TideRange": "0.41", "WaveHeight": "0.26", "RelativeTideRange": "1.54", "pk": "2354"}, "geometry": {"type": "Point", "coordinates": [-76.658818, 38.507029]}}, {"type": "Feature", "id": 2355, "properties": {"Tier1Images": 2192, "Tier2Images": 222, "S2Images": 0, "TideRange": "0.41", "WaveHeight": "0.26", "RelativeTideRange": "1.54", "pk": "2355"}, "geometry": {"type": "Point", "coordinates": [-76.510491, 38.586541]}}, {"type": "Feature", "id": 2356, "properties": {"Tier1Images": 1819, "Tier2Images": 204, "S2Images": 0, "TideRange": "0.19", "WaveHeight": "0.29", "RelativeTideRange": "0.65", "pk": "2356"}, "geometry": {"type": "Point", "coordinates": [-76.443468, 39.134425]}}, {"type": "Feature", "id": 2357, "properties": {"Tier1Images": 2454, "Tier2Images": 249, "S2Images": 0, "TideRange": "0.27", "WaveHeight": "0.29", "RelativeTideRange": "0.91", "pk": "2357"}, "geometry": {"type": "Point", "coordinates": [-76.249922, 39.417294]}}, {"type": "Feature", "id": 2358, "properties": {"Tier1Images": 3047, "Tier2Images": 367, "S2Images": 0, "TideRange": "0.38", "WaveHeight": "0.29", "RelativeTideRange": "1.29", "pk": "2358"}, "geometry": {"type": "Point", "coordinates": [-75.984674, 39.429444]}}, {"type": "Feature", "id": 2359, "properties": {"Tier1Images": 2216, "Tier2Images": 232, "S2Images": 0, "TideRange": "0.18", "WaveHeight": "0.29", "RelativeTideRange": "0.60", "pk": "2359"}, "geometry": {"type": "Point", "coordinates": [-76.154433, 39.107767]}}, {"type": "Feature", "id": 2360, "properties": {"Tier1Images": 2216, "Tier2Images": 228, "S2Images": 0, "TideRange": "0.38", "WaveHeight": "0.29", "RelativeTideRange": "1.28", "pk": "2360"}, "geometry": {"type": "Point", "coordinates": [-76.311822, 38.787703]}}, {"type": "Feature", "id": 2361, "properties": {"Tier1Images": 2216, "Tier2Images": 225, "S2Images": 0, "TideRange": "0.43", "WaveHeight": "0.26", "RelativeTideRange": "1.63", "pk": "2361"}, "geometry": {"type": "Point", "coordinates": [-76.272762, 38.57047]}}, {"type": "Feature", "id": 2362, "properties": {"Tier1Images": 2448, "Tier2Images": 287, "S2Images": 0, "TideRange": "0.46", "WaveHeight": "0.36", "RelativeTideRange": "1.28", "pk": "2362"}, "geometry": {"type": "Point", "coordinates": [-75.865879, 38.270028]}}, {"type": "Feature", "id": 2363, "properties": {"Tier1Images": 1142, "Tier2Images": 144, "S2Images": 0, "TideRange": "0.53", "WaveHeight": "0.36", "RelativeTideRange": "1.48", "pk": "2363"}, "geometry": {"type": "Point", "coordinates": [-75.751803, 37.792486]}}, {"type": "Feature", "id": 2364, "properties": {"Tier1Images": 1142, "Tier2Images": 137, "S2Images": 0, "TideRange": "1.43", "WaveHeight": "0.55", "RelativeTideRange": "2.60", "pk": "2364"}, "geometry": {"type": "Point", "coordinates": [-75.924983, 37.168832]}}, {"type": "Feature", "id": 2365, "properties": {"Tier1Images": 1146, "Tier2Images": 160, "S2Images": 0, "TideRange": "1.56", "WaveHeight": "0.80", "RelativeTideRange": "1.94", "pk": "2365"}, "geometry": {"type": "Point", "coordinates": [-75.523933, 37.760885]}}, {"type": "Feature", "id": 2366, "properties": {"Tier1Images": 1757, "Tier2Images": 934, "S2Images": 0, "TideRange": "1.47", "WaveHeight": "0.79", "RelativeTideRange": "1.88", "pk": "2366"}, "geometry": {"type": "Point", "coordinates": [-75.135314, 38.371475]}}, {"type": "Feature", "id": 2367, "properties": {"Tier1Images": 1187, "Tier2Images": 252, "S2Images": 0, "TideRange": "1.75", "WaveHeight": "0.63", "RelativeTideRange": "2.77", "pk": "2367"}, "geometry": {"type": "Point", "coordinates": [-75.129038, 38.795067]}}, {"type": "Feature", "id": 2368, "properties": {"Tier1Images": 1647, "Tier2Images": 306, "S2Images": 0, "TideRange": "2.15", "WaveHeight": "0.63", "RelativeTideRange": "3.41", "pk": "2368"}, "geometry": {"type": "Point", "coordinates": [-75.516368, 39.39892]}}, {"type": "Feature", "id": 2369, "properties": {"Tier1Images": 1113, "Tier2Images": 144, "S2Images": 0, "TideRange": "2.15", "WaveHeight": "0.63", "RelativeTideRange": "3.41", "pk": "2369"}, "geometry": {"type": "Point", "coordinates": [-75.165436, 39.901528]}}, {"type": "Feature", "id": 2370, "properties": {"Tier1Images": 2291, "Tier2Images": 364, "S2Images": 0, "TideRange": "2.15", "WaveHeight": "0.63", "RelativeTideRange": "3.41", "pk": "2370"}, "geometry": {"type": "Point", "coordinates": [-75.521906, 39.575328]}}, {"type": "Feature", "id": 2371, "properties": {"Tier1Images": 1690, "Tier2Images": 325, "S2Images": 0, "TideRange": "1.96", "WaveHeight": "0.63", "RelativeTideRange": "3.10", "pk": "2371"}, "geometry": {"type": "Point", "coordinates": [-74.905726, 39.150217]}}, {"type": "Feature", "id": 2372, "properties": {"Tier1Images": 2064, "Tier2Images": 400, "S2Images": 0, "TideRange": "1.70", "WaveHeight": "1.11", "RelativeTideRange": "1.53", "pk": "2372"}, "geometry": {"type": "Point", "coordinates": [-74.590464, 39.304716]}}, {"type": "Feature", "id": 2373, "properties": {"Tier1Images": 2481, "Tier2Images": 378, "S2Images": 0, "TideRange": "1.69", "WaveHeight": "1.10", "RelativeTideRange": "1.53", "pk": "2373"}, "geometry": {"type": "Point", "coordinates": [-74.154679, 39.804231]}}, {"type": "Feature", "id": 2374, "properties": {"Tier1Images": 2152, "Tier2Images": 253, "S2Images": 0, "TideRange": "1.72", "WaveHeight": "1.10", "RelativeTideRange": "1.57", "pk": "2374"}, "geometry": {"type": "Point", "coordinates": [-74.02964, 40.063405]}}, {"type": "Feature", "id": 2375, "properties": {"Tier1Images": 2152, "Tier2Images": 251, "S2Images": 0, "TideRange": "1.86", "WaveHeight": "1.10", "RelativeTideRange": "1.69", "pk": "2375"}, "geometry": {"type": "Point", "coordinates": [-74.255622, 40.546801]}}, {"type": "Feature", "id": 2376, "properties": {"Tier1Images": 3189, "Tier2Images": 368, "S2Images": 0, "TideRange": "3.42", "WaveHeight": "0.60", "RelativeTideRange": "5.73", "pk": "2376"}, "geometry": {"type": "Point", "coordinates": [-73.919537, 41.139853]}}, {"type": "Feature", "id": 2377, "properties": {"Tier1Images": 2407, "Tier2Images": 258, "S2Images": 0, "TideRange": "1.84", "WaveHeight": "1.10", "RelativeTideRange": "1.67", "pk": "2377"}, "geometry": {"type": "Point", "coordinates": [-73.95996, 40.768781]}}, {"type": "Feature", "id": 2378, "properties": {"Tier1Images": 1868, "Tier2Images": 282, "S2Images": 0, "TideRange": "3.16", "WaveHeight": "0.60", "RelativeTideRange": "5.29", "pk": "2378"}, "geometry": {"type": "Point", "coordinates": [-73.237383, 41.15468]}}, {"type": "Feature", "id": 2379, "properties": {"Tier1Images": 2355, "Tier2Images": 281, "S2Images": 0, "TideRange": "1.99", "WaveHeight": "0.76", "RelativeTideRange": "2.63", "pk": "2379"}, "geometry": {"type": "Point", "coordinates": [-72.401807, 41.301832]}}, {"type": "Feature", "id": 2380, "properties": {"Tier1Images": 1071, "Tier2Images": 261, "S2Images": 0, "TideRange": "1.41", "WaveHeight": "0.89", "RelativeTideRange": "1.58", "pk": "2380"}, "geometry": {"type": "Point", "coordinates": [-71.525189, 41.378499]}}, {"type": "Feature", "id": 2381, "properties": {"Tier1Images": 1094, "Tier2Images": 236, "S2Images": 0, "TideRange": "1.28", "WaveHeight": "1.07", "RelativeTideRange": "1.20", "pk": "2381"}, "geometry": {"type": "Point", "coordinates": [-71.204486, 41.726356]}}, {"type": "Feature", "id": 2382, "properties": {"Tier1Images": 2041, "Tier2Images": 332, "S2Images": 0, "TideRange": "1.09", "WaveHeight": "1.07", "RelativeTideRange": "1.02", "pk": "2382"}, "geometry": {"type": "Point", "coordinates": [-70.773171, 41.67101]}}, {"type": "Feature", "id": 2383, "properties": {"Tier1Images": 1472, "Tier2Images": 373, "S2Images": 0, "TideRange": "1.63", "WaveHeight": "1.14", "RelativeTideRange": "1.43", "pk": "2383"}, "geometry": {"type": "Point", "coordinates": [-70.160862, 41.662539]}}, {"type": "Feature", "id": 2384, "properties": {"Tier1Images": 2034, "Tier2Images": 405, "S2Images": 0, "TideRange": "3.33", "WaveHeight": "1.08", "RelativeTideRange": "3.09", "pk": "2384"}, "geometry": {"type": "Point", "coordinates": [-70.195215, 42.100283]}}, {"type": "Feature", "id": 2385, "properties": {"Tier1Images": 2034, "Tier2Images": 402, "S2Images": 0, "TideRange": "3.63", "WaveHeight": "1.04", "RelativeTideRange": "3.51", "pk": "2385"}, "geometry": {"type": "Point", "coordinates": [-70.312632, 41.732663]}}, {"type": "Feature", "id": 2386, "properties": {"Tier1Images": 2038, "Tier2Images": 473, "S2Images": 0, "TideRange": "3.53", "WaveHeight": "0.86", "RelativeTideRange": "4.10", "pk": "2386"}, "geometry": {"type": "Point", "coordinates": [-70.737128, 42.227058]}}, {"type": "Feature", "id": 2387, "properties": {"Tier1Images": 2960, "Tier2Images": 562, "S2Images": 0, "TideRange": "3.50", "WaveHeight": "0.95", "RelativeTideRange": "3.67", "pk": "2387"}, "geometry": {"type": "Point", "coordinates": [-70.669693, 42.61242]}}, {"type": "Feature", "id": 2388, "properties": {"Tier1Images": 1180, "Tier2Images": 253, "S2Images": 0, "TideRange": "3.51", "WaveHeight": "0.90", "RelativeTideRange": "3.87", "pk": "2388"}, "geometry": {"type": "Point", "coordinates": [-70.688209, 43.110844]}}, {"type": "Feature", "id": 2389, "properties": {"Tier1Images": 2022, "Tier2Images": 351, "S2Images": 0, "TideRange": "3.57", "WaveHeight": "1.07", "RelativeTideRange": "3.35", "pk": "2389"}, "geometry": {"type": "Point", "coordinates": [-70.220938, 43.64176]}}, {"type": "Feature", "id": 2390, "properties": {"Tier1Images": 2886, "Tier2Images": 434, "S2Images": 0, "TideRange": "3.58", "WaveHeight": "0.76", "RelativeTideRange": "4.71", "pk": "2390"}, "geometry": {"type": "Point", "coordinates": [-69.802219, 43.861526]}}, {"type": "Feature", "id": 2391, "properties": {"Tier1Images": 3013, "Tier2Images": 475, "S2Images": 0, "TideRange": "3.60", "WaveHeight": "0.76", "RelativeTideRange": "4.74", "pk": "2391"}, "geometry": {"type": "Point", "coordinates": [-69.481657, 43.904924]}}, {"type": "Feature", "id": 2392, "properties": {"Tier1Images": 1034, "Tier2Images": 160, "S2Images": 0, "TideRange": "3.68", "WaveHeight": "0.63", "RelativeTideRange": "5.81", "pk": "2392"}, "geometry": {"type": "Point", "coordinates": [-68.959865, 44.34203]}}, {"type": "Feature", "id": 2393, "properties": {"Tier1Images": 1108, "Tier2Images": 156, "S2Images": 0, "TideRange": "3.68", "WaveHeight": "0.63", "RelativeTideRange": "5.82", "pk": "2393"}, "geometry": {"type": "Point", "coordinates": [-68.7706, 44.340721]}}, {"type": "Feature", "id": 2394, "properties": {"Tier1Images": 1924, "Tier2Images": 329, "S2Images": 0, "TideRange": "3.97", "WaveHeight": "0.78", "RelativeTideRange": "5.09", "pk": "2394"}, "geometry": {"type": "Point", "coordinates": [-68.270666, 44.50896]}}, {"type": "Feature", "id": 2395, "properties": {"Tier1Images": 1892, "Tier2Images": 321, "S2Images": 0, "TideRange": "4.31", "WaveHeight": "1.46", "RelativeTideRange": "2.95", "pk": "2395"}, "geometry": {"type": "Point", "coordinates": [-67.666165, 44.563135]}}, {"type": "Feature", "id": 2396, "properties": {"Tier1Images": 1116, "Tier2Images": 243, "S2Images": 0, "TideRange": "5.83", "WaveHeight": "1.16", "RelativeTideRange": "5.03", "pk": "2396"}, "geometry": {"type": "Point", "coordinates": [-66.999488, 44.856078]}}, {"type": "Feature", "id": 2397, "properties": {"Tier1Images": 1445, "Tier2Images": 254, "S2Images": 0, "TideRange": "6.17", "WaveHeight": "0.80", "RelativeTideRange": "7.71", "pk": "2397"}, "geometry": {"type": "Point", "coordinates": [-66.857064, 45.068786]}}, {"type": "Feature", "id": 2398, "properties": {"Tier1Images": 2532, "Tier2Images": 275, "S2Images": 0, "TideRange": "7.15", "WaveHeight": "0.83", "RelativeTideRange": "8.59", "pk": "2398"}, "geometry": {"type": "Point", "coordinates": [-66.123818, 45.274067]}}, {"type": "Feature", "id": 2399, "properties": {"Tier1Images": 1770, "Tier2Images": 177, "S2Images": 0, "TideRange": "7.87", "WaveHeight": "0.83", "RelativeTideRange": "9.46", "pk": "2399"}, "geometry": {"type": "Point", "coordinates": [-65.74504, 45.269921]}}, {"type": "Feature", "id": 2400, "properties": {"Tier1Images": 1771, "Tier2Images": 158, "S2Images": 0, "TideRange": "10.13", "WaveHeight": "0.83", "RelativeTideRange": "12.18", "pk": "2400"}, "geometry": {"type": "Point", "coordinates": [-64.973222, 45.587362]}}, {"type": "Feature", "id": 2401, "properties": {"Tier1Images": 1538, "Tier2Images": 130, "S2Images": 0, "TideRange": "12.28", "WaveHeight": "0.63", "RelativeTideRange": "19.65", "pk": "2401"}, "geometry": {"type": "Point", "coordinates": [-64.523453, 45.852268]}}, {"type": "Feature", "id": 2402, "properties": {"Tier1Images": 2215, "Tier2Images": 213, "S2Images": 0, "TideRange": "10.55", "WaveHeight": "0.64", "RelativeTideRange": "16.49", "pk": "2402"}, "geometry": {"type": "Point", "coordinates": [-64.76002, 45.513365]}}, {"type": "Feature", "id": 2403, "properties": {"Tier1Images": 2231, "Tier2Images": 218, "S2Images": 0, "TideRange": "10.02", "WaveHeight": "0.63", "RelativeTideRange": "16.03", "pk": "2403"}, "geometry": {"type": "Point", "coordinates": [-64.335296, 45.389648]}}, {"type": "Feature", "id": 2404, "properties": {"Tier1Images": 1989, "Tier2Images": 214, "S2Images": 0, "TideRange": "11.94", "WaveHeight": "1.45", "RelativeTideRange": "8.26", "pk": "2404"}, "geometry": {"type": "Point", "coordinates": [-63.447915, 45.374311]}}, {"type": "Feature", "id": 2405, "properties": {"Tier1Images": 773, "Tier2Images": 108, "S2Images": 0, "TideRange": "10.88", "WaveHeight": "1.53", "RelativeTideRange": "7.13", "pk": "2405"}, "geometry": {"type": "Point", "coordinates": [-64.125481, 45.191814]}}, {"type": "Feature", "id": 2406, "properties": {"Tier1Images": 2233, "Tier2Images": 216, "S2Images": 0, "TideRange": "10.71", "WaveHeight": "1.31", "RelativeTideRange": "8.18", "pk": "2406"}, "geometry": {"type": "Point", "coordinates": [-64.422632, 45.33134]}}, {"type": "Feature", "id": 2407, "properties": {"Tier1Images": 1510, "Tier2Images": 155, "S2Images": 0, "TideRange": "9.17", "WaveHeight": "0.64", "RelativeTideRange": "14.34", "pk": "2407"}, "geometry": {"type": "Point", "coordinates": [-65.097165, 45.028128]}}, {"type": "Feature", "id": 2408, "properties": {"Tier1Images": 865, "Tier2Images": 90, "S2Images": 0, "TideRange": "7.52", "WaveHeight": "0.64", "RelativeTideRange": "11.75", "pk": "2408"}, "geometry": {"type": "Point", "coordinates": [-65.624499, 44.720206]}}, {"type": "Feature", "id": 2409, "properties": {"Tier1Images": 1652, "Tier2Images": 264, "S2Images": 0, "TideRange": "6.35", "WaveHeight": "0.99", "RelativeTideRange": "6.42", "pk": "2409"}, "geometry": {"type": "Point", "coordinates": [-66.117219, 44.477928]}}, {"type": "Feature", "id": 2410, "properties": {"Tier1Images": 1358, "Tier2Images": 223, "S2Images": 0, "TideRange": "5.44", "WaveHeight": "0.99", "RelativeTideRange": "5.49", "pk": "2410"}, "geometry": {"type": "Point", "coordinates": [-66.131596, 44.29096]}}, {"type": "Feature", "id": 2411, "properties": {"Tier1Images": 1006, "Tier2Images": 211, "S2Images": 0, "TideRange": "3.97", "WaveHeight": "1.45", "RelativeTideRange": "2.75", "pk": "2411"}, "geometry": {"type": "Point", "coordinates": [-65.990159, 43.796679]}}, {"type": "Feature", "id": 2412, "properties": {"Tier1Images": 1202, "Tier2Images": 289, "S2Images": 0, "TideRange": "2.24", "WaveHeight": "1.28", "RelativeTideRange": "1.75", "pk": "2412"}, "geometry": {"type": "Point", "coordinates": [-65.380492, 43.563186]}}, {"type": "Feature", "id": 2413, "properties": {"Tier1Images": 1983, "Tier2Images": 292, "S2Images": 0, "TideRange": "1.94", "WaveHeight": "1.31", "RelativeTideRange": "1.48", "pk": "2413"}, "geometry": {"type": "Point", "coordinates": [-64.802948, 43.944927]}}, {"type": "Feature", "id": 2414, "properties": {"Tier1Images": 709, "Tier2Images": 90, "S2Images": 0, "TideRange": "1.86", "WaveHeight": "1.31", "RelativeTideRange": "1.42", "pk": "2414"}, "geometry": {"type": "Point", "coordinates": [-64.306627, 44.402338]}}, {"type": "Feature", "id": 2415, "properties": {"Tier1Images": 1144, "Tier2Images": 139, "S2Images": 0, "TideRange": "1.83", "WaveHeight": "1.53", "RelativeTideRange": "1.20", "pk": "2415"}, "geometry": {"type": "Point", "coordinates": [-63.906571, 44.573463]}}, {"type": "Feature", "id": 2416, "properties": {"Tier1Images": 1345, "Tier2Images": 164, "S2Images": 0, "TideRange": "1.78", "WaveHeight": "1.45", "RelativeTideRange": "1.24", "pk": "2416"}, "geometry": {"type": "Point", "coordinates": [-63.386125, 44.651068]}}, {"type": "Feature", "id": 2417, "properties": {"Tier1Images": 681, "Tier2Images": 93, "S2Images": 0, "TideRange": "1.73", "WaveHeight": "1.61", "RelativeTideRange": "1.07", "pk": "2417"}, "geometry": {"type": "Point", "coordinates": [-62.547182, 44.836012]}}, {"type": "Feature", "id": 2418, "properties": {"Tier1Images": 1490, "Tier2Images": 243, "S2Images": 0, "TideRange": "1.68", "WaveHeight": "1.52", "RelativeTideRange": "1.11", "pk": "2418"}, "geometry": {"type": "Point", "coordinates": [-61.729801, 45.093059]}}, {"type": "Feature", "id": 2419, "properties": {"Tier1Images": 1751, "Tier2Images": 261, "S2Images": 0, "TideRange": "1.63", "WaveHeight": "1.03", "RelativeTideRange": "1.58", "pk": "2419"}, "geometry": {"type": "Point", "coordinates": [-61.095038, 45.342624]}}, {"type": "Feature", "id": 2420, "properties": {"Tier1Images": 1452, "Tier2Images": 144, "S2Images": 0, "TideRange": "1.64", "WaveHeight": "1.03", "RelativeTideRange": "1.59", "pk": "2420"}, "geometry": {"type": "Point", "coordinates": [-61.416692, 45.637713]}}, {"type": "Feature", "id": 2421, "properties": {"Tier1Images": 864, "Tier2Images": 104, "S2Images": 0, "TideRange": "1.56", "WaveHeight": "1.06", "RelativeTideRange": "1.47", "pk": "2421"}, "geometry": {"type": "Point", "coordinates": [-62.0551, 45.816058]}}, {"type": "Feature", "id": 2422, "properties": {"Tier1Images": 1460, "Tier2Images": 142, "S2Images": 0, "TideRange": "2.01", "WaveHeight": "0.92", "RelativeTideRange": "2.18", "pk": "2422"}, "geometry": {"type": "Point", "coordinates": [-62.709879, 45.712182]}}, {"type": "Feature", "id": 2423, "properties": {"Tier1Images": 1223, "Tier2Images": 111, "S2Images": 0, "TideRange": "2.37", "WaveHeight": "0.63", "RelativeTideRange": "3.79", "pk": "2423"}, "geometry": {"type": "Point", "coordinates": [-63.482094, 45.863331]}}, {"type": "Feature", "id": 2424, "properties": {"Tier1Images": 997, "Tier2Images": 90, "S2Images": 0, "TideRange": "2.16", "WaveHeight": "0.63", "RelativeTideRange": "3.46", "pk": "2424"}, "geometry": {"type": "Point", "coordinates": [-63.843712, 46.102677]}}, {"type": "Feature", "id": 2425, "properties": {"Tier1Images": 1546, "Tier2Images": 137, "S2Images": 0, "TideRange": "1.17", "WaveHeight": "0.87", "RelativeTideRange": "1.34", "pk": "2425"}, "geometry": {"type": "Point", "coordinates": [-64.572618, 46.31915]}}, {"type": "Feature", "id": 2426, "properties": {"Tier1Images": 1096, "Tier2Images": 97, "S2Images": 0, "TideRange": "1.30", "WaveHeight": "0.93", "RelativeTideRange": "1.39", "pk": "2426"}, "geometry": {"type": "Point", "coordinates": [-64.893438, 46.853437]}}, {"type": "Feature", "id": 2427, "properties": {"Tier1Images": 1644, "Tier2Images": 169, "S2Images": 0, "TideRange": "1.54", "WaveHeight": "0.93", "RelativeTideRange": "1.65", "pk": "2427"}, "geometry": {"type": "Point", "coordinates": [-65.275869, 47.125752]}}, {"type": "Feature", "id": 2428, "properties": {"Tier1Images": 1267, "Tier2Images": 125, "S2Images": 0, "TideRange": "1.45", "WaveHeight": "0.93", "RelativeTideRange": "1.56", "pk": "2428"}, "geometry": {"type": "Point", "coordinates": [-64.810803, 47.619805]}}, {"type": "Feature", "id": 2429, "properties": {"Tier1Images": 1645, "Tier2Images": 175, "S2Images": 0, "TideRange": "2.21", "WaveHeight": "0.52", "RelativeTideRange": "4.22", "pk": "2429"}, "geometry": {"type": "Point", "coordinates": [-65.236982, 47.807982]}}, {"type": "Feature", "id": 2430, "properties": {"Tier1Images": 1341, "Tier2Images": 149, "S2Images": 0, "TideRange": "2.57", "WaveHeight": "0.52", "RelativeTideRange": "4.90", "pk": "2430"}, "geometry": {"type": "Point", "coordinates": [-65.864195, 47.914214]}}, {"type": "Feature", "id": 2431, "properties": {"Tier1Images": 2593, "Tier2Images": 322, "S2Images": 0, "TideRange": "2.87", "WaveHeight": "0.52", "RelativeTideRange": "5.56", "pk": "2431"}, "geometry": {"type": "Point", "coordinates": [-66.691929, 48.020514]}}, {"type": "Feature", "id": 2432, "properties": {"Tier1Images": 1790, "Tier2Images": 237, "S2Images": 0, "TideRange": "2.62", "WaveHeight": "0.52", "RelativeTideRange": "4.99", "pk": "2432"}, "geometry": {"type": "Point", "coordinates": [-65.9167, 48.184379]}}, {"type": "Feature", "id": 2433, "properties": {"Tier1Images": 2487, "Tier2Images": 290, "S2Images": 0, "TideRange": "2.01", "WaveHeight": "0.52", "RelativeTideRange": "3.83", "pk": "2433"}, "geometry": {"type": "Point", "coordinates": [-65.104316, 48.080294]}}, {"type": "Feature", "id": 2434, "properties": {"Tier1Images": 957, "Tier2Images": 125, "S2Images": 0, "TideRange": "1.63", "WaveHeight": "0.90", "RelativeTideRange": "1.81", "pk": "2434"}, "geometry": {"type": "Point", "coordinates": [-64.400202, 48.411871]}}, {"type": "Feature", "id": 2435, "properties": {"Tier1Images": 1605, "Tier2Images": 196, "S2Images": 0, "TideRange": "1.80", "WaveHeight": "0.98", "RelativeTideRange": "1.83", "pk": "2435"}, "geometry": {"type": "Point", "coordinates": [-64.449283, 48.840145]}}, {"type": "Feature", "id": 2436, "properties": {"Tier1Images": 1605, "Tier2Images": 198, "S2Images": 0, "TideRange": "2.26", "WaveHeight": "0.96", "RelativeTideRange": "2.34", "pk": "2436"}, "geometry": {"type": "Point", "coordinates": [-64.611057, 49.118825]}}, {"type": "Feature", "id": 2437, "properties": {"Tier1Images": 959, "Tier2Images": 144, "S2Images": 0, "TideRange": "2.79", "WaveHeight": "0.88", "RelativeTideRange": "3.16", "pk": "2437"}, "geometry": {"type": "Point", "coordinates": [-65.473136, 49.264542]}}, {"type": "Feature", "id": 2438, "properties": {"Tier1Images": 1731, "Tier2Images": 206, "S2Images": 0, "TideRange": "3.17", "WaveHeight": "0.69", "RelativeTideRange": "4.60", "pk": "2438"}, "geometry": {"type": "Point", "coordinates": [-66.35683, 49.176238]}}, {"type": "Feature", "id": 2439, "properties": {"Tier1Images": 956, "Tier2Images": 113, "S2Images": 0, "TideRange": "3.56", "WaveHeight": "0.52", "RelativeTideRange": "6.89", "pk": "2439"}, "geometry": {"type": "Point", "coordinates": [-67.183439, 48.94808]}}, {"type": "Feature", "id": 2440, "properties": {"Tier1Images": 1775, "Tier2Images": 221, "S2Images": 0, "TideRange": "3.89", "WaveHeight": "0.45", "RelativeTideRange": "8.56", "pk": "2440"}, "geometry": {"type": "Point", "coordinates": [-67.99566, 48.699014]}}, {"type": "Feature", "id": 2441, "properties": {"Tier1Images": 2555, "Tier2Images": 290, "S2Images": 0, "TideRange": "3.52", "WaveHeight": "0.49", "RelativeTideRange": "7.18", "pk": "2441"}, "geometry": {"type": "Point", "coordinates": [-67.349749, 49.369236]}}, {"type": "Feature", "id": 2442, "properties": {"Tier1Images": 1564, "Tier2Images": 181, "S2Images": 0, "TideRange": "3.22", "WaveHeight": "0.47", "RelativeTideRange": "6.89", "pk": "2442"}, "geometry": {"type": "Point", "coordinates": [-67.011185, 49.90039]}}, {"type": "Feature", "id": 2443, "properties": {"Tier1Images": 1547, "Tier2Images": 196, "S2Images": 0, "TideRange": "3.15", "WaveHeight": "0.58", "RelativeTideRange": "5.48", "pk": "2443"}, "geometry": {"type": "Point", "coordinates": [-66.349554, 50.208731]}}, {"type": "Feature", "id": 2444, "properties": {"Tier1Images": 1549, "Tier2Images": 200, "S2Images": 0, "TideRange": "2.96", "WaveHeight": "0.82", "RelativeTideRange": "3.59", "pk": "2444"}, "geometry": {"type": "Point", "coordinates": [-65.522039, 50.288857]}}, {"type": "Feature", "id": 2445, "properties": {"Tier1Images": 1471, "Tier2Images": 149, "S2Images": 0, "TideRange": "2.71", "WaveHeight": "0.80", "RelativeTideRange": "3.37", "pk": "2445"}, "geometry": {"type": "Point", "coordinates": [-64.639262, 50.296794]}}, {"type": "Feature", "id": 2446, "properties": {"Tier1Images": 1456, "Tier2Images": 148, "S2Images": 0, "TideRange": "2.24", "WaveHeight": "0.80", "RelativeTideRange": "2.78", "pk": "2446"}, "geometry": {"type": "Point", "coordinates": [-63.758576, 50.306656]}}, {"type": "Feature", "id": 2447, "properties": {"Tier1Images": 1411, "Tier2Images": 108, "S2Images": 0, "TideRange": "1.88", "WaveHeight": "0.86", "RelativeTideRange": "2.18", "pk": "2447"}, "geometry": {"type": "Point", "coordinates": [-62.905999, 50.295058]}}, {"type": "Feature", "id": 2448, "properties": {"Tier1Images": 846, "Tier2Images": 75, "S2Images": 0, "TideRange": "1.79", "WaveHeight": "0.90", "RelativeTideRange": "1.98", "pk": "2448"}, "geometry": {"type": "Point", "coordinates": [-62.019761, 50.235331]}}, {"type": "Feature", "id": 2449, "properties": {"Tier1Images": 1358, "Tier2Images": 141, "S2Images": 0, "TideRange": "1.73", "WaveHeight": "1.15", "RelativeTideRange": "1.51", "pk": "2449"}, "geometry": {"type": "Point", "coordinates": [-61.236404, 50.196841]}}, {"type": "Feature", "id": 2450, "properties": {"Tier1Images": 1011, "Tier2Images": 119, "S2Images": 0, "TideRange": "1.79", "WaveHeight": "1.23", "RelativeTideRange": "1.45", "pk": "2450"}, "geometry": {"type": "Point", "coordinates": [-60.362386, 50.242193]}}, {"type": "Feature", "id": 2451, "properties": {"Tier1Images": 1327, "Tier2Images": 157, "S2Images": 0, "TideRange": "1.97", "WaveHeight": "0.95", "RelativeTideRange": "2.06", "pk": "2451"}, "geometry": {"type": "Point", "coordinates": [-59.620114, 50.489116]}}, {"type": "Feature", "id": 2452, "properties": {"Tier1Images": 1953, "Tier2Images": 209, "S2Images": 0, "TideRange": "2.06", "WaveHeight": "1.11", "RelativeTideRange": "1.86", "pk": "2452"}, "geometry": {"type": "Point", "coordinates": [-59.016591, 50.906058]}}, {"type": "Feature", "id": 2453, "properties": {"Tier1Images": 875, "Tier2Images": 117, "S2Images": 0, "TideRange": "2.08", "WaveHeight": "0.89", "RelativeTideRange": "2.34", "pk": "2453"}, "geometry": {"type": "Point", "coordinates": [-58.428664, 51.305061]}}, {"type": "Feature", "id": 2454, "properties": {"Tier1Images": 1273, "Tier2Images": 155, "S2Images": 0, "TideRange": "2.00", "WaveHeight": "0.99", "RelativeTideRange": "2.02", "pk": "2454"}, "geometry": {"type": "Point", "coordinates": [-57.590088, 51.451095]}}, {"type": "Feature", "id": 2455, "properties": {"Tier1Images": 932, "Tier2Images": 114, "S2Images": 0, "TideRange": "1.36", "WaveHeight": "0.95", "RelativeTideRange": "1.43", "pk": "2455"}, "geometry": {"type": "Point", "coordinates": [-56.770074, 51.565401]}}, {"type": "Feature", "id": 2456, "properties": {"Tier1Images": 1173, "Tier2Images": 142, "S2Images": 0, "TideRange": "1.28", "WaveHeight": "0.95", "RelativeTideRange": "1.35", "pk": "2456"}, "geometry": {"type": "Point", "coordinates": [-56.061316, 51.907459]}}, {"type": "Feature", "id": 2457, "properties": {"Tier1Images": 1687, "Tier2Images": 220, "S2Images": 0, "TideRange": "1.42", "WaveHeight": "0.95", "RelativeTideRange": "1.49", "pk": "2457"}, "geometry": {"type": "Point", "coordinates": [-55.850171, 52.316204]}}, {"type": "Feature", "id": 2458, "properties": {"Tier1Images": 1165, "Tier2Images": 177, "S2Images": 0, "TideRange": "1.42", "WaveHeight": "1.47", "RelativeTideRange": "0.97", "pk": "2458"}, "geometry": {"type": "Point", "coordinates": [-55.945283, 52.522357]}}, {"type": "Feature", "id": 2459, "properties": {"Tier1Images": 1146, "Tier2Images": 171, "S2Images": 0, "TideRange": "1.42", "WaveHeight": "1.47", "RelativeTideRange": "0.97", "pk": "2459"}, "geometry": {"type": "Point", "coordinates": [-55.845914, 52.624437]}}, {"type": "Feature", "id": 2460, "properties": {"Tier1Images": 633, "Tier2Images": 106, "S2Images": 0, "TideRange": "1.44", "WaveHeight": "1.83", "RelativeTideRange": "0.79", "pk": "2460"}, "geometry": {"type": "Point", "coordinates": [-55.812874, 53.127227]}}, {"type": "Feature", "id": 2461, "properties": {"Tier1Images": 1526, "Tier2Images": 214, "S2Images": 0, "TideRange": "1.60", "WaveHeight": "0.69", "RelativeTideRange": "2.30", "pk": "2461"}, "geometry": {"type": "Point", "coordinates": [-56.149567, 53.590676]}}, {"type": "Feature", "id": 2462, "properties": {"Tier1Images": 1544, "Tier2Images": 218, "S2Images": 0, "TideRange": "1.78", "WaveHeight": "0.40", "RelativeTideRange": "4.41", "pk": "2462"}, "geometry": {"type": "Point", "coordinates": [-56.874323, 53.726406]}}, {"type": "Feature", "id": 2463, "properties": {"Tier1Images": 1731, "Tier2Images": 223, "S2Images": 0, "TideRange": "1.87", "WaveHeight": "0.40", "RelativeTideRange": "4.62", "pk": "2463"}, "geometry": {"type": "Point", "coordinates": [-57.469173, 53.590862]}}, {"type": "Feature", "id": 2464, "properties": {"Tier1Images": 1167, "Tier2Images": 212, "S2Images": 0, "TideRange": "1.81", "WaveHeight": "1.06", "RelativeTideRange": "1.70", "pk": "2464"}, "geometry": {"type": "Point", "coordinates": [-57.235387, 53.964534]}}, {"type": "Feature", "id": 2465, "properties": {"Tier1Images": 982, "Tier2Images": 159, "S2Images": 0, "TideRange": "2.00", "WaveHeight": "0.43", "RelativeTideRange": "4.62", "pk": "2465"}, "geometry": {"type": "Point", "coordinates": [-57.924399, 54.210989]}}, {"type": "Feature", "id": 2466, "properties": {"Tier1Images": 985, "Tier2Images": 159, "S2Images": 0, "TideRange": "2.00", "WaveHeight": "0.43", "RelativeTideRange": "4.63", "pk": "2466"}, "geometry": {"type": "Point", "coordinates": [-57.999967, 54.115742]}}, {"type": "Feature", "id": 2467, "properties": {"Tier1Images": 1544, "Tier2Images": 210, "S2Images": 0, "TideRange": "2.01", "WaveHeight": "0.17", "RelativeTideRange": "12.10", "pk": "2467"}, "geometry": {"type": "Point", "coordinates": [-58.696742, 53.960761]}}, {"type": "Feature", "id": 2468, "properties": {"Tier1Images": 1833, "Tier2Images": 241, "S2Images": 0, "TideRange": "2.00", "WaveHeight": "0.17", "RelativeTideRange": "12.03", "pk": "2468"}, "geometry": {"type": "Point", "coordinates": [-59.381405, 53.620563]}}, {"type": "Feature", "id": 2469, "properties": {"Tier1Images": 1226, "Tier2Images": 175, "S2Images": 0, "TideRange": "2.06", "WaveHeight": "0.17", "RelativeTideRange": "12.40", "pk": "2469"}, "geometry": {"type": "Point", "coordinates": [-60.105006, 53.329749]}}, {"type": "Feature", "id": 2470, "properties": {"Tier1Images": 1227, "Tier2Images": 180, "S2Images": 0, "TideRange": "2.06", "WaveHeight": "0.17", "RelativeTideRange": "12.40", "pk": "2470"}, "geometry": {"type": "Point", "coordinates": [-60.169011, 53.533226]}}, {"type": "Feature", "id": 2471, "properties": {"Tier1Images": 1847, "Tier2Images": 241, "S2Images": 0, "TideRange": "2.06", "WaveHeight": "0.17", "RelativeTideRange": "12.40", "pk": "2471"}, "geometry": {"type": "Point", "coordinates": [-60.01987, 53.757771]}}, {"type": "Feature", "id": 2472, "properties": {"Tier1Images": 1757, "Tier2Images": 234, "S2Images": 0, "TideRange": "2.00", "WaveHeight": "0.17", "RelativeTideRange": "12.03", "pk": "2472"}, "geometry": {"type": "Point", "coordinates": [-59.20524, 53.927873]}}, {"type": "Feature", "id": 2473, "properties": {"Tier1Images": 1002, "Tier2Images": 162, "S2Images": 0, "TideRange": "2.01", "WaveHeight": "0.17", "RelativeTideRange": "12.10", "pk": "2473"}, "geometry": {"type": "Point", "coordinates": [-58.487743, 54.174801]}}, {"type": "Feature", "id": 2474, "properties": {"Tier1Images": 981, "Tier2Images": 159, "S2Images": 0, "TideRange": "1.97", "WaveHeight": "0.84", "RelativeTideRange": "2.36", "pk": "2474"}, "geometry": {"type": "Point", "coordinates": [-57.736821, 54.38608]}}, {"type": "Feature", "id": 2475, "properties": {"Tier1Images": 983, "Tier2Images": 162, "S2Images": 0, "TideRange": "1.84", "WaveHeight": "0.84", "RelativeTideRange": "2.20", "pk": "2475"}, "geometry": {"type": "Point", "coordinates": [-57.74008, 54.680421]}}, {"type": "Feature", "id": 2476, "properties": {"Tier1Images": 1317, "Tier2Images": 185, "S2Images": 0, "TideRange": "1.97", "WaveHeight": "1.46", "RelativeTideRange": "1.35", "pk": "2476"}, "geometry": {"type": "Point", "coordinates": [-58.350653, 54.784576]}}, {"type": "Feature", "id": 2477, "properties": {"Tier1Images": 1692, "Tier2Images": 256, "S2Images": 0, "TideRange": "2.00", "WaveHeight": "0.69", "RelativeTideRange": "2.90", "pk": "2477"}, "geometry": {"type": "Point", "coordinates": [-58.963662, 55.073034]}}, {"type": "Feature", "id": 2478, "properties": {"Tier1Images": 1186, "Tier2Images": 150, "S2Images": 0, "TideRange": "1.99", "WaveHeight": "1.35", "RelativeTideRange": "1.48", "pk": "2478"}, "geometry": {"type": "Point", "coordinates": [-59.557005, 54.98825]}}, {"type": "Feature", "id": 2479, "properties": {"Tier1Images": 1553, "Tier2Images": 202, "S2Images": 0, "TideRange": "2.05", "WaveHeight": "1.35", "RelativeTideRange": "1.52", "pk": "2479"}, "geometry": {"type": "Point", "coordinates": [-59.595032, 55.050223]}}, {"type": "Feature", "id": 2480, "properties": {"Tier1Images": 1789, "Tier2Images": 253, "S2Images": 0, "TideRange": "2.07", "WaveHeight": "1.35", "RelativeTideRange": "1.54", "pk": "2480"}, "geometry": {"type": "Point", "coordinates": [-59.877504, 55.286876]}}, {"type": "Feature", "id": 2481, "properties": {"Tier1Images": 1848, "Tier2Images": 215, "S2Images": 0, "TideRange": "2.07", "WaveHeight": "1.03", "RelativeTideRange": "2.01", "pk": "2481"}, "geometry": {"type": "Point", "coordinates": [-60.602688, 55.070501]}}, {"type": "Feature", "id": 2482, "properties": {"Tier1Images": 1143, "Tier2Images": 178, "S2Images": 0, "TideRange": "2.06", "WaveHeight": "1.35", "RelativeTideRange": "1.53", "pk": "2482"}, "geometry": {"type": "Point", "coordinates": [-60.227837, 55.504191]}}, {"type": "Feature", "id": 2483, "properties": {"Tier1Images": 1138, "Tier2Images": 178, "S2Images": 0, "TideRange": "2.14", "WaveHeight": "1.03", "RelativeTideRange": "2.07", "pk": "2483"}, "geometry": {"type": "Point", "coordinates": [-60.56725, 55.741836]}}, {"type": "Feature", "id": 2484, "properties": {"Tier1Images": 1266, "Tier2Images": 181, "S2Images": 0, "TideRange": "2.36", "WaveHeight": "0.46", "RelativeTideRange": "5.14", "pk": "2484"}, "geometry": {"type": "Point", "coordinates": [-61.121626, 55.887668]}}, {"type": "Feature", "id": 2485, "properties": {"Tier1Images": 1244, "Tier2Images": 175, "S2Images": 0, "TideRange": "2.41", "WaveHeight": "0.36", "RelativeTideRange": "6.73", "pk": "2485"}, "geometry": {"type": "Point", "coordinates": [-61.359328, 56.197411]}}, {"type": "Feature", "id": 2486, "properties": {"Tier1Images": 1469, "Tier2Images": 214, "S2Images": 0, "TideRange": "2.38", "WaveHeight": "0.36", "RelativeTideRange": "6.65", "pk": "2486"}, "geometry": {"type": "Point", "coordinates": [-61.501714, 56.38605]}}, {"type": "Feature", "id": 2487, "properties": {"Tier1Images": 1852, "Tier2Images": 263, "S2Images": 0, "TideRange": "2.21", "WaveHeight": "0.14", "RelativeTideRange": "15.78", "pk": "2487"}, "geometry": {"type": "Point", "coordinates": [-61.768348, 56.54403]}}, {"type": "Feature", "id": 2488, "properties": {"Tier1Images": 1416, "Tier2Images": 273, "S2Images": 0, "TideRange": "2.17", "WaveHeight": "0.14", "RelativeTideRange": "15.44", "pk": "2488"}, "geometry": {"type": "Point", "coordinates": [-62.493324, 56.798935]}}, {"type": "Feature", "id": 2489, "properties": {"Tier1Images": 2275, "Tier2Images": 359, "S2Images": 0, "TideRange": "2.21", "WaveHeight": "0.14", "RelativeTideRange": "15.78", "pk": "2489"}, "geometry": {"type": "Point", "coordinates": [-61.878695, 56.683675]}}, {"type": "Feature", "id": 2490, "properties": {"Tier1Images": 1150, "Tier2Images": 204, "S2Images": 0, "TideRange": "2.17", "WaveHeight": "0.50", "RelativeTideRange": "4.30", "pk": "2490"}, "geometry": {"type": "Point", "coordinates": [-61.368398, 56.886863]}}, {"type": "Feature", "id": 2491, "properties": {"Tier1Images": 1238, "Tier2Images": 259, "S2Images": 0, "TideRange": "2.17", "WaveHeight": "0.65", "RelativeTideRange": "3.35", "pk": "2491"}, "geometry": {"type": "Point", "coordinates": [-61.854838, 57.196471]}}, {"type": "Feature", "id": 2492, "properties": {"Tier1Images": 1180, "Tier2Images": 239, "S2Images": 0, "TideRange": "2.14", "WaveHeight": "0.65", "RelativeTideRange": "3.31", "pk": "2492"}, "geometry": {"type": "Point", "coordinates": [-62.266156, 57.445407]}}, {"type": "Feature", "id": 2493, "properties": {"Tier1Images": 1180, "Tier2Images": 236, "S2Images": 0, "TideRange": "2.14", "WaveHeight": "0.65", "RelativeTideRange": "3.31", "pk": "2493"}, "geometry": {"type": "Point", "coordinates": [-61.959326, 57.625253]}}, {"type": "Feature", "id": 2494, "properties": {"Tier1Images": 1693, "Tier2Images": 407, "S2Images": 0, "TideRange": "2.06", "WaveHeight": "0.89", "RelativeTideRange": "2.31", "pk": "2494"}, "geometry": {"type": "Point", "coordinates": [-62.223531, 57.958366]}}, {"type": "Feature", "id": 2495, "properties": {"Tier1Images": 2012, "Tier2Images": 508, "S2Images": 0, "TideRange": "2.03", "WaveHeight": "0.77", "RelativeTideRange": "2.65", "pk": "2495"}, "geometry": {"type": "Point", "coordinates": [-62.897404, 58.111683]}}, {"type": "Feature", "id": 2496, "properties": {"Tier1Images": 1609, "Tier2Images": 426, "S2Images": 0, "TideRange": "2.03", "WaveHeight": "0.77", "RelativeTideRange": "2.65", "pk": "2496"}, "geometry": {"type": "Point", "coordinates": [-62.910266, 58.171702]}}, {"type": "Feature", "id": 2497, "properties": {"Tier1Images": 1168, "Tier2Images": 340, "S2Images": 0, "TideRange": "1.93", "WaveHeight": "0.77", "RelativeTideRange": "2.51", "pk": "2497"}, "geometry": {"type": "Point", "coordinates": [-62.777712, 58.487024]}}, {"type": "Feature", "id": 2498, "properties": {"Tier1Images": 1160, "Tier2Images": 318, "S2Images": 0, "TideRange": "1.92", "WaveHeight": "0.77", "RelativeTideRange": "2.50", "pk": "2498"}, "geometry": {"type": "Point", "coordinates": [-63.452416, 58.343923]}}, {"type": "Feature", "id": 2499, "properties": {"Tier1Images": 1148, "Tier2Images": 320, "S2Images": 0, "TideRange": "1.90", "WaveHeight": "0.77", "RelativeTideRange": "2.48", "pk": "2499"}, "geometry": {"type": "Point", "coordinates": [-62.976234, 58.61575]}}, {"type": "Feature", "id": 2500, "properties": {"Tier1Images": 1235, "Tier2Images": 240, "S2Images": 0, "TideRange": "1.81", "WaveHeight": "1.61", "RelativeTideRange": "1.13", "pk": "2500"}, "geometry": {"type": "Point", "coordinates": [-56.243262, 46.767187]}}, {"type": "Feature", "id": 2501, "properties": {"Tier1Images": 811, "Tier2Images": 110, "S2Images": 0, "TideRange": "1.28", "WaveHeight": "1.82", "RelativeTideRange": "0.70", "pk": "2501"}, "geometry": {"type": "Point", "coordinates": [-52.672168, 47.621777]}}, {"type": "Feature", "id": 2502, "properties": {"Tier1Images": 811, "Tier2Images": 109, "S2Images": 0, "TideRange": "1.26", "WaveHeight": "1.02", "RelativeTideRange": "1.23", "pk": "2502"}, "geometry": {"type": "Point", "coordinates": [-53.141552, 47.472843]}}, {"type": "Feature", "id": 2503, "properties": {"Tier1Images": 1258, "Tier2Images": 162, "S2Images": 0, "TideRange": "1.24", "WaveHeight": "1.02", "RelativeTideRange": "1.21", "pk": "2503"}, "geometry": {"type": "Point", "coordinates": [-52.941689, 48.03966]}}, {"type": "Feature", "id": 2504, "properties": {"Tier1Images": 806, "Tier2Images": 109, "S2Images": 0, "TideRange": "1.26", "WaveHeight": "0.58", "RelativeTideRange": "2.17", "pk": "2504"}, "geometry": {"type": "Point", "coordinates": [-53.414116, 47.847009]}}, {"type": "Feature", "id": 2505, "properties": {"Tier1Images": 497, "Tier2Images": 52, "S2Images": 0, "TideRange": "1.27", "WaveHeight": "0.58", "RelativeTideRange": "2.17", "pk": "2505"}, "geometry": {"type": "Point", "coordinates": [-53.758455, 47.874815]}}, {"type": "Feature", "id": 2506, "properties": {"Tier1Images": 931, "Tier2Images": 99, "S2Images": 0, "TideRange": "1.24", "WaveHeight": "0.58", "RelativeTideRange": "2.13", "pk": "2506"}, "geometry": {"type": "Point", "coordinates": [-53.550241, 48.138356]}}, {"type": "Feature", "id": 2507, "properties": {"Tier1Images": 521, "Tier2Images": 80, "S2Images": 0, "TideRange": "1.18", "WaveHeight": "1.34", "RelativeTideRange": "0.88", "pk": "2507"}, "geometry": {"type": "Point", "coordinates": [-53.039877, 48.511878]}}, {"type": "Feature", "id": 2508, "properties": {"Tier1Images": 640, "Tier2Images": 70, "S2Images": 0, "TideRange": "1.16", "WaveHeight": "0.61", "RelativeTideRange": "1.90", "pk": "2508"}, "geometry": {"type": "Point", "coordinates": [-53.615303, 48.501948]}}, {"type": "Feature", "id": 2509, "properties": {"Tier1Images": 922, "Tier2Images": 92, "S2Images": 0, "TideRange": "1.15", "WaveHeight": "0.30", "RelativeTideRange": "3.86", "pk": "2509"}, "geometry": {"type": "Point", "coordinates": [-53.824688, 48.512552]}}, {"type": "Feature", "id": 2510, "properties": {"Tier1Images": 923, "Tier2Images": 92, "S2Images": 0, "TideRange": "1.15", "WaveHeight": "0.30", "RelativeTideRange": "3.84", "pk": "2510"}, "geometry": {"type": "Point", "coordinates": [-53.96366, 48.804867]}}, {"type": "Feature", "id": 2511, "properties": {"Tier1Images": 922, "Tier2Images": 89, "S2Images": 0, "TideRange": "1.15", "WaveHeight": "0.94", "RelativeTideRange": "1.23", "pk": "2511"}, "geometry": {"type": "Point", "coordinates": [-53.659122, 49.085377]}}, {"type": "Feature", "id": 2512, "properties": {"Tier1Images": 1297, "Tier2Images": 161, "S2Images": 0, "TideRange": "1.23", "WaveHeight": "0.91", "RelativeTideRange": "1.35", "pk": "2512"}, "geometry": {"type": "Point", "coordinates": [-54.05484, 49.434849]}}, {"type": "Feature", "id": 2513, "properties": {"Tier1Images": 870, "Tier2Images": 118, "S2Images": 0, "TideRange": "1.31", "WaveHeight": "0.91", "RelativeTideRange": "1.44", "pk": "2513"}, "geometry": {"type": "Point", "coordinates": [-54.570253, 49.495004]}}, {"type": "Feature", "id": 2514, "properties": {"Tier1Images": 1073, "Tier2Images": 103, "S2Images": 0, "TideRange": "1.34", "WaveHeight": "0.88", "RelativeTideRange": "1.52", "pk": "2514"}, "geometry": {"type": "Point", "coordinates": [-55.219138, 49.216376]}}, {"type": "Feature", "id": 2515, "properties": {"Tier1Images": 1693, "Tier2Images": 152, "S2Images": 0, "TideRange": "1.32", "WaveHeight": "0.88", "RelativeTideRange": "1.50", "pk": "2515"}, "geometry": {"type": "Point", "coordinates": [-55.205063, 49.460558]}}, {"type": "Feature", "id": 2516, "properties": {"Tier1Images": 1692, "Tier2Images": 162, "S2Images": 0, "TideRange": "1.32", "WaveHeight": "1.33", "RelativeTideRange": "0.99", "pk": "2516"}, "geometry": {"type": "Point", "coordinates": [-55.677169, 49.434761]}}, {"type": "Feature", "id": 2517, "properties": {"Tier1Images": 1399, "Tier2Images": 150, "S2Images": 0, "TideRange": "1.32", "WaveHeight": "0.76", "RelativeTideRange": "1.75", "pk": "2517"}, "geometry": {"type": "Point", "coordinates": [-55.873789, 49.67149]}}, {"type": "Feature", "id": 2518, "properties": {"Tier1Images": 1214, "Tier2Images": 151, "S2Images": 0, "TideRange": "1.32", "WaveHeight": "1.33", "RelativeTideRange": "1.00", "pk": "2518"}, "geometry": {"type": "Point", "coordinates": [-55.668346, 49.852334]}}, {"type": "Feature", "id": 2519, "properties": {"Tier1Images": 1085, "Tier2Images": 115, "S2Images": 0, "TideRange": "1.34", "WaveHeight": "0.76", "RelativeTideRange": "1.77", "pk": "2519"}, "geometry": {"type": "Point", "coordinates": [-56.077505, 49.981385]}}, {"type": "Feature", "id": 2520, "properties": {"Tier1Images": 1276, "Tier2Images": 140, "S2Images": 0, "TideRange": "1.36", "WaveHeight": "0.49", "RelativeTideRange": "2.74", "pk": "2520"}, "geometry": {"type": "Point", "coordinates": [-56.481834, 49.876864]}}, {"type": "Feature", "id": 2521, "properties": {"Tier1Images": 1474, "Tier2Images": 163, "S2Images": 0, "TideRange": "1.36", "WaveHeight": "0.49", "RelativeTideRange": "2.74", "pk": "2521"}, "geometry": {"type": "Point", "coordinates": [-56.791539, 49.831843]}}, {"type": "Feature", "id": 2522, "properties": {"Tier1Images": 1277, "Tier2Images": 141, "S2Images": 0, "TideRange": "1.34", "WaveHeight": "0.68", "RelativeTideRange": "1.98", "pk": "2522"}, "geometry": {"type": "Point", "coordinates": [-56.454718, 50.354992]}}, {"type": "Feature", "id": 2523, "properties": {"Tier1Images": 1902, "Tier2Images": 207, "S2Images": 0, "TideRange": "1.34", "WaveHeight": "1.10", "RelativeTideRange": "1.22", "pk": "2523"}, "geometry": {"type": "Point", "coordinates": [-55.994381, 50.821885]}}, {"type": "Feature", "id": 2524, "properties": {"Tier1Images": 1377, "Tier2Images": 161, "S2Images": 0, "TideRange": "1.31", "WaveHeight": "1.33", "RelativeTideRange": "0.98", "pk": "2524"}, "geometry": {"type": "Point", "coordinates": [-56.026408, 51.223082]}}, {"type": "Feature", "id": 2525, "properties": {"Tier1Images": 1152, "Tier2Images": 137, "S2Images": 0, "TideRange": "1.22", "WaveHeight": "1.51", "RelativeTideRange": "0.81", "pk": "2525"}, "geometry": {"type": "Point", "coordinates": [-55.459786, 51.535112]}}, {"type": "Feature", "id": 2526, "properties": {"Tier1Images": 1169, "Tier2Images": 142, "S2Images": 0, "TideRange": "0.76", "WaveHeight": "0.95", "RelativeTideRange": "0.80", "pk": "2526"}, "geometry": {"type": "Point", "coordinates": [-56.031817, 51.565629]}}, {"type": "Feature", "id": 2527, "properties": {"Tier1Images": 1650, "Tier2Images": 183, "S2Images": 0, "TideRange": "1.61", "WaveHeight": "0.68", "RelativeTideRange": "2.38", "pk": "2527"}, "geometry": {"type": "Point", "coordinates": [-56.758209, 51.256018]}}, {"type": "Feature", "id": 2528, "properties": {"Tier1Images": 913, "Tier2Images": 122, "S2Images": 0, "TideRange": "2.02", "WaveHeight": "0.96", "RelativeTideRange": "2.12", "pk": "2528"}, "geometry": {"type": "Point", "coordinates": [-57.134231, 50.786407]}}, {"type": "Feature", "id": 2529, "properties": {"Tier1Images": 1296, "Tier2Images": 157, "S2Images": 0, "TideRange": "2.03", "WaveHeight": "0.96", "RelativeTideRange": "2.13", "pk": "2529"}, "geometry": {"type": "Point", "coordinates": [-57.490457, 50.417415]}}, {"type": "Feature", "id": 2530, "properties": {"Tier1Images": 1322, "Tier2Images": 159, "S2Images": 0, "TideRange": "2.02", "WaveHeight": "1.11", "RelativeTideRange": "1.82", "pk": "2530"}, "geometry": {"type": "Point", "coordinates": [-57.809489, 49.878071]}}, {"type": "Feature", "id": 2531, "properties": {"Tier1Images": 1850, "Tier2Images": 226, "S2Images": 0, "TideRange": "1.95", "WaveHeight": "1.11", "RelativeTideRange": "1.76", "pk": "2531"}, "geometry": {"type": "Point", "coordinates": [-57.992506, 49.53781]}}, {"type": "Feature", "id": 2532, "properties": {"Tier1Images": 1215, "Tier2Images": 254, "S2Images": 0, "TideRange": "1.89", "WaveHeight": "0.98", "RelativeTideRange": "1.93", "pk": "2532"}, "geometry": {"type": "Point", "coordinates": [-58.057696, 49.162258]}}, {"type": "Feature", "id": 2533, "properties": {"Tier1Images": 1244, "Tier2Images": 262, "S2Images": 0, "TideRange": "1.83", "WaveHeight": "0.98", "RelativeTideRange": "1.87", "pk": "2533"}, "geometry": {"type": "Point", "coordinates": [-58.469421, 49.025138]}}, {"type": "Feature", "id": 2534, "properties": {"Tier1Images": 1239, "Tier2Images": 265, "S2Images": 0, "TideRange": "1.78", "WaveHeight": "1.13", "RelativeTideRange": "1.58", "pk": "2534"}, "geometry": {"type": "Point", "coordinates": [-58.894514, 48.638964]}}, {"type": "Feature", "id": 2535, "properties": {"Tier1Images": 1239, "Tier2Images": 265, "S2Images": 0, "TideRange": "1.48", "WaveHeight": "1.13", "RelativeTideRange": "1.32", "pk": "2535"}, "geometry": {"type": "Point", "coordinates": [-58.972732, 48.521777]}}, {"type": "Feature", "id": 2536, "properties": {"Tier1Images": 1246, "Tier2Images": 260, "S2Images": 0, "TideRange": "1.50", "WaveHeight": "0.88", "RelativeTideRange": "1.70", "pk": "2536"}, "geometry": {"type": "Point", "coordinates": [-58.535783, 48.432096]}}, {"type": "Feature", "id": 2537, "properties": {"Tier1Images": 1857, "Tier2Images": 419, "S2Images": 0, "TideRange": "1.42", "WaveHeight": "1.44", "RelativeTideRange": "0.99", "pk": "2537"}, "geometry": {"type": "Point", "coordinates": [-59.199108, 48.034008]}}, {"type": "Feature", "id": 2538, "properties": {"Tier1Images": 1289, "Tier2Images": 235, "S2Images": 0, "TideRange": "1.46", "WaveHeight": "1.45", "RelativeTideRange": "1.01", "pk": "2538"}, "geometry": {"type": "Point", "coordinates": [-59.064991, 47.57359]}}, {"type": "Feature", "id": 2539, "properties": {"Tier1Images": 785, "Tier2Images": 132, "S2Images": 0, "TideRange": "1.58", "WaveHeight": "1.46", "RelativeTideRange": "1.08", "pk": "2539"}, "geometry": {"type": "Point", "coordinates": [-58.296718, 47.673744]}}, {"type": "Feature", "id": 2540, "properties": {"Tier1Images": 1206, "Tier2Images": 176, "S2Images": 0, "TideRange": "1.70", "WaveHeight": "1.48", "RelativeTideRange": "1.15", "pk": "2540"}, "geometry": {"type": "Point", "coordinates": [-57.411251, 47.624345]}}, {"type": "Feature", "id": 2541, "properties": {"Tier1Images": 1017, "Tier2Images": 115, "S2Images": 0, "TideRange": "1.79", "WaveHeight": "1.34", "RelativeTideRange": "1.34", "pk": "2541"}, "geometry": {"type": "Point", "coordinates": [-56.535021, 47.609864]}}, {"type": "Feature", "id": 2542, "properties": {"Tier1Images": 1010, "Tier2Images": 112, "S2Images": 0, "TideRange": "1.82", "WaveHeight": "1.34", "RelativeTideRange": "1.36", "pk": "2542"}, "geometry": {"type": "Point", "coordinates": [-55.846021, 47.773779]}}, {"type": "Feature", "id": 2543, "properties": {"Tier1Images": 1008, "Tier2Images": 112, "S2Images": 0, "TideRange": "1.91", "WaveHeight": "1.61", "RelativeTideRange": "1.19", "pk": "2543"}, "geometry": {"type": "Point", "coordinates": [-55.801938, 47.511708]}}, {"type": "Feature", "id": 2544, "properties": {"Tier1Images": 706, "Tier2Images": 80, "S2Images": 0, "TideRange": "1.96", "WaveHeight": "1.45", "RelativeTideRange": "1.35", "pk": "2544"}, "geometry": {"type": "Point", "coordinates": [-55.11296, 47.655202]}}, {"type": "Feature", "id": 2545, "properties": {"Tier1Images": 699, "Tier2Images": 79, "S2Images": 0, "TideRange": "1.96", "WaveHeight": "1.45", "RelativeTideRange": "1.35", "pk": "2545"}, "geometry": {"type": "Point", "coordinates": [-55.194056, 47.445359]}}, {"type": "Feature", "id": 2546, "properties": {"Tier1Images": 970, "Tier2Images": 107, "S2Images": 0, "TideRange": "1.90", "WaveHeight": "1.61", "RelativeTideRange": "1.18", "pk": "2546"}, "geometry": {"type": "Point", "coordinates": [-55.845093, 47.067088]}}, {"type": "Feature", "id": 2547, "properties": {"Tier1Images": 1107, "Tier2Images": 225, "S2Images": 0, "TideRange": "1.94", "WaveHeight": "1.45", "RelativeTideRange": "1.34", "pk": "2547"}, "geometry": {"type": "Point", "coordinates": [-55.339408, 46.903928]}}, {"type": "Feature", "id": 2548, "properties": {"Tier1Images": 914, "Tier2Images": 98, "S2Images": 0, "TideRange": "2.01", "WaveHeight": "1.45", "RelativeTideRange": "1.39", "pk": "2548"}, "geometry": {"type": "Point", "coordinates": [-54.840044, 47.389112]}}, {"type": "Feature", "id": 2549, "properties": {"Tier1Images": 915, "Tier2Images": 94, "S2Images": 0, "TideRange": "2.07", "WaveHeight": "1.66", "RelativeTideRange": "1.25", "pk": "2549"}, "geometry": {"type": "Point", "coordinates": [-54.447164, 47.441753]}}, {"type": "Feature", "id": 2550, "properties": {"Tier1Images": 910, "Tier2Images": 97, "S2Images": 0, "TideRange": "2.18", "WaveHeight": "0.58", "RelativeTideRange": "3.74", "pk": "2550"}, "geometry": {"type": "Point", "coordinates": [-54.0155, 47.778675]}}, {"type": "Feature", "id": 2551, "properties": {"Tier1Images": 481, "Tier2Images": 50, "S2Images": 0, "TideRange": "2.04", "WaveHeight": "1.66", "RelativeTideRange": "1.23", "pk": "2551"}, "geometry": {"type": "Point", "coordinates": [-54.001699, 47.217152]}}, {"type": "Feature", "id": 2552, "properties": {"Tier1Images": 606, "Tier2Images": 83, "S2Images": 0, "TideRange": "1.92", "WaveHeight": "2.05", "RelativeTideRange": "0.94", "pk": "2552"}, "geometry": {"type": "Point", "coordinates": [-53.893106, 46.917373]}}, {"type": "Feature", "id": 2553, "properties": {"Tier1Images": 1083, "Tier2Images": 219, "S2Images": 0, "TideRange": "1.93", "WaveHeight": "2.12", "RelativeTideRange": "0.91", "pk": "2553"}, "geometry": {"type": "Point", "coordinates": [-53.598593, 46.854864]}}, {"type": "Feature", "id": 2554, "properties": {"Tier1Images": 1058, "Tier2Images": 309, "S2Images": 0, "TideRange": "1.64", "WaveHeight": "2.12", "RelativeTideRange": "0.77", "pk": "2554"}, "geometry": {"type": "Point", "coordinates": [-53.102214, 46.662941]}}, {"type": "Feature", "id": 2555, "properties": {"Tier1Images": 811, "Tier2Images": 107, "S2Images": 0, "TideRange": "1.39", "WaveHeight": "2.09", "RelativeTideRange": "0.66", "pk": "2555"}, "geometry": {"type": "Point", "coordinates": [-52.826544, 47.224721]}}, {"type": "Feature", "id": 2556, "properties": {"Tier1Images": 875, "Tier2Images": 86, "S2Images": 0, "TideRange": "1.32", "WaveHeight": "1.33", "RelativeTideRange": "0.99", "pk": "2556"}, "geometry": {"type": "Point", "coordinates": [-55.604492, 50.780713]}}, {"type": "Feature", "id": 2557, "properties": {"Tier1Images": 1354, "Tier2Images": 145, "S2Images": 0, "TideRange": "1.32", "WaveHeight": "0.88", "RelativeTideRange": "1.51", "pk": "2557"}, "geometry": {"type": "Point", "coordinates": [-54.818506, 49.514453]}}, {"type": "Feature", "id": 2558, "properties": {"Tier1Images": 1161, "Tier2Images": 141, "S2Images": 0, "TideRange": "1.33", "WaveHeight": "1.39", "RelativeTideRange": "0.96", "pk": "2558"}, "geometry": {"type": "Point", "coordinates": [-55.274072, 51.995166]}}, {"type": "Feature", "id": 2559, "properties": {"Tier1Images": 1037, "Tier2Images": 212, "S2Images": 0, "TideRange": "1.22", "WaveHeight": "1.90", "RelativeTideRange": "0.64", "pk": "2559"}, "geometry": {"type": "Point", "coordinates": [-53.980664, 49.661963]}}, {"type": "Feature", "id": 2560, "properties": {"Tier1Images": 1037, "Tier2Images": 210, "S2Images": 0, "TideRange": "1.22", "WaveHeight": "1.90", "RelativeTideRange": "0.64", "pk": "2560"}, "geometry": {"type": "Point", "coordinates": [-54.020787, 49.651023]}}, {"type": "Feature", "id": 2561, "properties": {"Tier1Images": 1151, "Tier2Images": 197, "S2Images": 0, "TideRange": "1.80", "WaveHeight": "1.78", "RelativeTideRange": "1.02", "pk": "2561"}, "geometry": {"type": "Point", "coordinates": [-56.314893, 46.953857]}}, {"type": "Feature", "id": 2562, "properties": {"Tier1Images": 1235, "Tier2Images": 244, "S2Images": 0, "TideRange": "1.78", "WaveHeight": "1.78", "RelativeTideRange": "1.00", "pk": "2562"}, "geometry": {"type": "Point", "coordinates": [-56.261792, 46.868157]}}, {"type": "Feature", "id": 2563, "properties": {"Tier1Images": 915, "Tier2Images": 97, "S2Images": 0, "TideRange": "2.18", "WaveHeight": "1.66", "RelativeTideRange": "1.31", "pk": "2563"}, "geometry": {"type": "Point", "coordinates": [-54.168359, 47.60708]}}, {"type": "Feature", "id": 2564, "properties": {"Tier1Images": 1256, "Tier2Images": 177, "S2Images": 0, "TideRange": "2.33", "WaveHeight": "0.46", "RelativeTideRange": "5.08", "pk": "2564"}, "geometry": {"type": "Point", "coordinates": [-61.048535, 56.129248]}}, {"type": "Feature", "id": 2565, "properties": {"Tier1Images": 1179, "Tier2Images": 236, "S2Images": 0, "TideRange": "2.14", "WaveHeight": "0.65", "RelativeTideRange": "3.31", "pk": "2565"}, "geometry": {"type": "Point", "coordinates": [-61.9375, 57.554102]}}, {"type": "Feature", "id": 2566, "properties": {"Tier1Images": 1189, "Tier2Images": 244, "S2Images": 0, "TideRange": "2.14", "WaveHeight": "0.65", "RelativeTideRange": "3.32", "pk": "2566"}, "geometry": {"type": "Point", "coordinates": [-61.750625, 57.55625]}}, {"type": "Feature", "id": 2567, "properties": {"Tier1Images": 844, "Tier2Images": 100, "S2Images": 0, "TideRange": "0.31", "WaveHeight": "1.03", "RelativeTideRange": "0.30", "pk": "2567"}, "geometry": {"type": "Point", "coordinates": [-85.960986, 16.429688]}}, {"type": "Feature", "id": 2568, "properties": {"Tier1Images": 577, "Tier2Images": 55, "S2Images": 0, "TideRange": "0.76", "WaveHeight": "1.12", "RelativeTideRange": "0.68", "pk": "2568"}, "geometry": {"type": "Point", "coordinates": [-72.851465, 20.093652]}}, {"type": "Feature", "id": 2569, "properties": {"Tier1Images": 1866, "Tier2Images": 197, "S2Images": 0, "TideRange": "0.81", "WaveHeight": "0.82", "RelativeTideRange": "0.99", "pk": "2569"}, "geometry": {"type": "Point", "coordinates": [-81.783838, 24.54458]}}, {"type": "Feature", "id": 2570, "properties": {"Tier1Images": 976, "Tier2Images": 121, "S2Images": 0, "TideRange": "0.30", "WaveHeight": "1.04", "RelativeTideRange": "0.29", "pk": "2570"}, "geometry": {"type": "Point", "coordinates": [-86.726904, 21.264307]}}, {"type": "Feature", "id": 2571, "properties": {"Tier1Images": 2020, "Tier2Images": 237, "S2Images": 0, "TideRange": "1.67", "WaveHeight": "2.06", "RelativeTideRange": "0.81", "pk": "2571"}, "geometry": {"type": "Point", "coordinates": [129.568848, -31.627246]}}, {"type": "Feature", "id": 2572, "properties": {"Tier1Images": 1022, "Tier2Images": 136, "S2Images": 0, "TideRange": "1.58", "WaveHeight": "1.78", "RelativeTideRange": "0.89", "pk": "2572"}, "geometry": {"type": "Point", "coordinates": [128.709965, -31.811944]}}, {"type": "Feature", "id": 2573, "properties": {"Tier1Images": 2035, "Tier2Images": 213, "S2Images": 0, "TideRange": "1.42", "WaveHeight": "1.62", "RelativeTideRange": "0.88", "pk": "2573"}, "geometry": {"type": "Point", "coordinates": [127.884013, -32.106468]}}, {"type": "Feature", "id": 2574, "properties": {"Tier1Images": 1294, "Tier2Images": 133, "S2Images": 0, "TideRange": "1.31", "WaveHeight": "1.97", "RelativeTideRange": "0.67", "pk": "2574"}, "geometry": {"type": "Point", "coordinates": [127.019337, -32.299862]}}, {"type": "Feature", "id": 2575, "properties": {"Tier1Images": 1131, "Tier2Images": 97, "S2Images": 0, "TideRange": "1.31", "WaveHeight": "1.66", "RelativeTideRange": "0.79", "pk": "2575"}, "geometry": {"type": "Point", "coordinates": [126.124792, -32.258983]}}, {"type": "Feature", "id": 2576, "properties": {"Tier1Images": 1063, "Tier2Images": 166, "S2Images": 0, "TideRange": "1.29", "WaveHeight": "1.93", "RelativeTideRange": "0.67", "pk": "2576"}, "geometry": {"type": "Point", "coordinates": [125.332883, -32.59498]}}, {"type": "Feature", "id": 2577, "properties": {"Tier1Images": 1875, "Tier2Images": 206, "S2Images": 0, "TideRange": "1.28", "WaveHeight": "1.54", "RelativeTideRange": "0.83", "pk": "2577"}, "geometry": {"type": "Point", "coordinates": [124.53862, -32.936702]}}, {"type": "Feature", "id": 2578, "properties": {"Tier1Images": 1047, "Tier2Images": 75, "S2Images": 0, "TideRange": "1.25", "WaveHeight": "1.15", "RelativeTideRange": "1.08", "pk": "2578"}, "geometry": {"type": "Point", "coordinates": [123.968789, -33.443101]}}, {"type": "Feature", "id": 2579, "properties": {"Tier1Images": 2126, "Tier2Images": 270, "S2Images": 0, "TideRange": "1.14", "WaveHeight": "2.13", "RelativeTideRange": "0.54", "pk": "2579"}, "geometry": {"type": "Point", "coordinates": [123.353177, -33.911811]}}, {"type": "Feature", "id": 2580, "properties": {"Tier1Images": 2008, "Tier2Images": 215, "S2Images": 0, "TideRange": "1.12", "WaveHeight": "1.73", "RelativeTideRange": "0.65", "pk": "2580"}, "geometry": {"type": "Point", "coordinates": [122.523205, -33.931823]}}, {"type": "Feature", "id": 2581, "properties": {"Tier1Images": 3045, "Tier2Images": 250, "S2Images": 0, "TideRange": "1.08", "WaveHeight": "2.14", "RelativeTideRange": "0.51", "pk": "2581"}, "geometry": {"type": "Point", "coordinates": [121.711194, -33.860464]}}, {"type": "Feature", "id": 2582, "properties": {"Tier1Images": 2012, "Tier2Images": 219, "S2Images": 0, "TideRange": "1.06", "WaveHeight": "2.09", "RelativeTideRange": "0.50", "pk": "2582"}, "geometry": {"type": "Point", "coordinates": [120.817926, -33.871035]}}, {"type": "Feature", "id": 2583, "properties": {"Tier1Images": 3017, "Tier2Images": 341, "S2Images": 0, "TideRange": "1.03", "WaveHeight": "1.97", "RelativeTideRange": "0.52", "pk": "2583"}, "geometry": {"type": "Point", "coordinates": [119.941933, -33.965003]}}, {"type": "Feature", "id": 2584, "properties": {"Tier1Images": 1049, "Tier2Images": 127, "S2Images": 0, "TideRange": "1.00", "WaveHeight": "1.94", "RelativeTideRange": "0.52", "pk": "2584"}, "geometry": {"type": "Point", "coordinates": [119.298054, -34.434554]}}, {"type": "Feature", "id": 2585, "properties": {"Tier1Images": 1152, "Tier2Images": 133, "S2Images": 0, "TideRange": "0.99", "WaveHeight": "2.36", "RelativeTideRange": "0.42", "pk": "2585"}, "geometry": {"type": "Point", "coordinates": [118.520127, -34.737103]}}, {"type": "Feature", "id": 2586, "properties": {"Tier1Images": 2114, "Tier2Images": 284, "S2Images": 0, "TideRange": "0.94", "WaveHeight": "3.08", "RelativeTideRange": "0.31", "pk": "2586"}, "geometry": {"type": "Point", "coordinates": [117.740383, -35.068005]}}, {"type": "Feature", "id": 2587, "properties": {"Tier1Images": 1368, "Tier2Images": 161, "S2Images": 0, "TideRange": "0.89", "WaveHeight": "2.63", "RelativeTideRange": "0.34", "pk": "2587"}, "geometry": {"type": "Point", "coordinates": [116.853772, -35.025268]}}, {"type": "Feature", "id": 2588, "properties": {"Tier1Images": 1054, "Tier2Images": 113, "S2Images": 0, "TideRange": "0.87", "WaveHeight": "2.88", "RelativeTideRange": "0.30", "pk": "2588"}, "geometry": {"type": "Point", "coordinates": [116.007218, -34.801322]}}, {"type": "Feature", "id": 2589, "properties": {"Tier1Images": 1908, "Tier2Images": 314, "S2Images": 0, "TideRange": "0.92", "WaveHeight": "2.77", "RelativeTideRange": "0.33", "pk": "2589"}, "geometry": {"type": "Point", "coordinates": [115.335397, -34.328414]}}, {"type": "Feature", "id": 2590, "properties": {"Tier1Images": 2167, "Tier2Images": 198, "S2Images": 0, "TideRange": "0.83", "WaveHeight": "2.40", "RelativeTideRange": "0.35", "pk": "2590"}, "geometry": {"type": "Point", "coordinates": [114.975438, -33.831292]}}, {"type": "Feature", "id": 2591, "properties": {"Tier1Images": 2218, "Tier2Images": 143, "S2Images": 0, "TideRange": "0.82", "WaveHeight": "2.40", "RelativeTideRange": "0.34", "pk": "2591"}, "geometry": {"type": "Point", "coordinates": [115.435887, -33.586476]}}, {"type": "Feature", "id": 2592, "properties": {"Tier1Images": 2217, "Tier2Images": 142, "S2Images": 0, "TideRange": "0.79", "WaveHeight": "1.88", "RelativeTideRange": "0.42", "pk": "2592"}, "geometry": {"type": "Point", "coordinates": [115.653777, -32.892663]}}, {"type": "Feature", "id": 2593, "properties": {"Tier1Images": 2292, "Tier2Images": 116, "S2Images": 0, "TideRange": "0.77", "WaveHeight": "2.30", "RelativeTideRange": "0.33", "pk": "2593"}, "geometry": {"type": "Point", "coordinates": [115.731225, -32.165612]}}, {"type": "Feature", "id": 2594, "properties": {"Tier1Images": 1172, "Tier2Images": 68, "S2Images": 0, "TideRange": "0.77", "WaveHeight": "2.28", "RelativeTideRange": "0.34", "pk": "2594"}, "geometry": {"type": "Point", "coordinates": [115.537379, -31.435811]}}, {"type": "Feature", "id": 2595, "properties": {"Tier1Images": 1188, "Tier2Images": 52, "S2Images": 0, "TideRange": "0.76", "WaveHeight": "2.49", "RelativeTideRange": "0.31", "pk": "2595"}, "geometry": {"type": "Point", "coordinates": [115.150262, -30.741521]}}, {"type": "Feature", "id": 2596, "properties": {"Tier1Images": 1927, "Tier2Images": 378, "S2Images": 0, "TideRange": "0.77", "WaveHeight": "2.27", "RelativeTideRange": "0.34", "pk": "2596"}, "geometry": {"type": "Point", "coordinates": [114.963824, -29.982151]}}, {"type": "Feature", "id": 2597, "properties": {"Tier1Images": 2324, "Tier2Images": 90, "S2Images": 0, "TideRange": "0.80", "WaveHeight": "1.56", "RelativeTideRange": "0.51", "pk": "2597"}, "geometry": {"type": "Point", "coordinates": [114.880521, -29.210431]}}, {"type": "Feature", "id": 2598, "properties": {"Tier1Images": 1159, "Tier2Images": 57, "S2Images": 0, "TideRange": "0.83", "WaveHeight": "1.74", "RelativeTideRange": "0.47", "pk": "2598"}, "geometry": {"type": "Point", "coordinates": [114.512938, -28.509918]}}, {"type": "Feature", "id": 2599, "properties": {"Tier1Images": 1276, "Tier2Images": 42, "S2Images": 0, "TideRange": "0.86", "WaveHeight": "1.97", "RelativeTideRange": "0.44", "pk": "2599"}, "geometry": {"type": "Point", "coordinates": [114.120584, -27.817481]}}, {"type": "Feature", "id": 2600, "properties": {"Tier1Images": 2235, "Tier2Images": 119, "S2Images": 0, "TideRange": "0.88", "WaveHeight": "2.16", "RelativeTideRange": "0.41", "pk": "2600"}, "geometry": {"type": "Point", "coordinates": [113.850149, -27.068638]}}, {"type": "Feature", "id": 2601, "properties": {"Tier1Images": 1162, "Tier2Images": 46, "S2Images": 0, "TideRange": "0.91", "WaveHeight": "2.03", "RelativeTideRange": "0.45", "pk": "2601"}, "geometry": {"type": "Point", "coordinates": [113.330518, -26.413089]}}, {"type": "Feature", "id": 2602, "properties": {"Tier1Images": 1166, "Tier2Images": 46, "S2Images": 0, "TideRange": "1.21", "WaveHeight": "2.03", "RelativeTideRange": "0.60", "pk": "2602"}, "geometry": {"type": "Point", "coordinates": [113.466299, -26.275943]}}, {"type": "Feature", "id": 2603, "properties": {"Tier1Images": 1186, "Tier2Images": 47, "S2Images": 0, "TideRange": "1.35", "WaveHeight": "0.66", "RelativeTideRange": "2.04", "pk": "2603"}, "geometry": {"type": "Point", "coordinates": [113.80575, -26.285589]}}, {"type": "Feature", "id": 2604, "properties": {"Tier1Images": 1156, "Tier2Images": 46, "S2Images": 0, "TideRange": "1.34", "WaveHeight": "1.11", "RelativeTideRange": "1.21", "pk": "2604"}, "geometry": {"type": "Point", "coordinates": [113.433724, -25.61482]}}, {"type": "Feature", "id": 2605, "properties": {"Tier1Images": 1176, "Tier2Images": 46, "S2Images": 0, "TideRange": "1.33", "WaveHeight": "0.66", "RelativeTideRange": "2.01", "pk": "2605"}, "geometry": {"type": "Point", "coordinates": [113.822153, -26.090935]}}, {"type": "Feature", "id": 2606, "properties": {"Tier1Images": 2308, "Tier2Images": 79, "S2Images": 0, "TideRange": "1.53", "WaveHeight": "0.66", "RelativeTideRange": "2.31", "pk": "2606"}, "geometry": {"type": "Point", "coordinates": [114.20684, -26.172669]}}, {"type": "Feature", "id": 2607, "properties": {"Tier1Images": 1508, "Tier2Images": 53, "S2Images": 0, "TideRange": "1.36", "WaveHeight": "1.11", "RelativeTideRange": "1.23", "pk": "2607"}, "geometry": {"type": "Point", "coordinates": [113.934036, -25.433828]}}, {"type": "Feature", "id": 2608, "properties": {"Tier1Images": 1160, "Tier2Images": 46, "S2Images": 0, "TideRange": "1.52", "WaveHeight": "1.26", "RelativeTideRange": "1.21", "pk": "2608"}, "geometry": {"type": "Point", "coordinates": [113.56742, -24.690249]}}, {"type": "Feature", "id": 2609, "properties": {"Tier1Images": 1167, "Tier2Images": 47, "S2Images": 0, "TideRange": "1.41", "WaveHeight": "1.58", "RelativeTideRange": "0.89", "pk": "2609"}, "geometry": {"type": "Point", "coordinates": [113.479733, -23.908407]}}, {"type": "Feature", "id": 2610, "properties": {"Tier1Images": 1140, "Tier2Images": 52, "S2Images": 0, "TideRange": "1.48", "WaveHeight": "2.08", "RelativeTideRange": "0.71", "pk": "2610"}, "geometry": {"type": "Point", "coordinates": [113.77148, -23.145879]}}, {"type": "Feature", "id": 2611, "properties": {"Tier1Images": 2307, "Tier2Images": 109, "S2Images": 0, "TideRange": "1.55", "WaveHeight": "2.07", "RelativeTideRange": "0.75", "pk": "2611"}, "geometry": {"type": "Point", "coordinates": [113.788148, -22.350868]}}, {"type": "Feature", "id": 2612, "properties": {"Tier1Images": 1138, "Tier2Images": 47, "S2Images": 0, "TideRange": "2.44", "WaveHeight": "1.49", "RelativeTideRange": "1.64", "pk": "2612"}, "geometry": {"type": "Point", "coordinates": [114.120568, -22.029849]}}, {"type": "Feature", "id": 2613, "properties": {"Tier1Images": 1264, "Tier2Images": 52, "S2Images": 0, "TideRange": "2.72", "WaveHeight": "0.73", "RelativeTideRange": "3.73", "pk": "2613"}, "geometry": {"type": "Point", "coordinates": [114.42004, -22.255812]}}, {"type": "Feature", "id": 2614, "properties": {"Tier1Images": 1320, "Tier2Images": 68, "S2Images": 0, "TideRange": "2.33", "WaveHeight": "0.66", "RelativeTideRange": "3.54", "pk": "2614"}, "geometry": {"type": "Point", "coordinates": [115.020974, -21.67958]}}, {"type": "Feature", "id": 2615, "properties": {"Tier1Images": 1206, "Tier2Images": 41, "S2Images": 0, "TideRange": "3.69", "WaveHeight": "0.72", "RelativeTideRange": "5.10", "pk": "2615"}, "geometry": {"type": "Point", "coordinates": [115.774159, -21.239535]}}, {"type": "Feature", "id": 2616, "properties": {"Tier1Images": 1192, "Tier2Images": 54, "S2Images": 0, "TideRange": "3.96", "WaveHeight": "0.82", "RelativeTideRange": "4.84", "pk": "2616"}, "geometry": {"type": "Point", "coordinates": [116.508511, -20.765295]}}, {"type": "Feature", "id": 2617, "properties": {"Tier1Images": 1520, "Tier2Images": 62, "S2Images": 0, "TideRange": "5.32", "WaveHeight": "0.54", "RelativeTideRange": "9.87", "pk": "2617"}, "geometry": {"type": "Point", "coordinates": [117.354129, -20.717469]}}, {"type": "Feature", "id": 2618, "properties": {"Tier1Images": 1205, "Tier2Images": 39, "S2Images": 0, "TideRange": "5.65", "WaveHeight": "0.42", "RelativeTideRange": "13.30", "pk": "2618"}, "geometry": {"type": "Point", "coordinates": [118.168074, -20.387399]}}, {"type": "Feature", "id": 2619, "properties": {"Tier1Images": 1373, "Tier2Images": 49, "S2Images": 0, "TideRange": "6.80", "WaveHeight": "0.69", "RelativeTideRange": "9.88", "pk": "2619"}, "geometry": {"type": "Point", "coordinates": [118.985273, -20.085397]}}, {"type": "Feature", "id": 2620, "properties": {"Tier1Images": 1210, "Tier2Images": 45, "S2Images": 0, "TideRange": "7.78", "WaveHeight": "0.69", "RelativeTideRange": "11.30", "pk": "2620"}, "geometry": {"type": "Point", "coordinates": [119.828753, -19.951437]}}, {"type": "Feature", "id": 2621, "properties": {"Tier1Images": 1225, "Tier2Images": 47, "S2Images": 0, "TideRange": "8.69", "WaveHeight": "0.79", "RelativeTideRange": "11.02", "pk": "2621"}, "geometry": {"type": "Point", "coordinates": [120.692029, -19.739226]}}, {"type": "Feature", "id": 2622, "properties": {"Tier1Images": 1181, "Tier2Images": 62, "S2Images": 0, "TideRange": "9.04", "WaveHeight": "0.72", "RelativeTideRange": "12.62", "pk": "2622"}, "geometry": {"type": "Point", "coordinates": [121.397844, -19.237571]}}, {"type": "Feature", "id": 2623, "properties": {"Tier1Images": 1179, "Tier2Images": 61, "S2Images": 0, "TideRange": "8.28", "WaveHeight": "0.61", "RelativeTideRange": "13.53", "pk": "2623"}, "geometry": {"type": "Point", "coordinates": [121.824371, -18.488388]}}, {"type": "Feature", "id": 2624, "properties": {"Tier1Images": 3467, "Tier2Images": 148, "S2Images": 0, "TideRange": "8.34", "WaveHeight": "0.75", "RelativeTideRange": "11.12", "pk": "2624"}, "geometry": {"type": "Point", "coordinates": [122.234909, -17.955133]}}, {"type": "Feature", "id": 2625, "properties": {"Tier1Images": 1226, "Tier2Images": 73, "S2Images": 0, "TideRange": "6.82", "WaveHeight": "0.51", "RelativeTideRange": "13.29", "pk": "2625"}, "geometry": {"type": "Point", "coordinates": [122.266386, -17.129946]}}, {"type": "Feature", "id": 2626, "properties": {"Tier1Images": 2528, "Tier2Images": 90, "S2Images": 0, "TideRange": "7.25", "WaveHeight": "0.45", "RelativeTideRange": "16.10", "pk": "2626"}, "geometry": {"type": "Point", "coordinates": [122.865361, -16.522272]}}, {"type": "Feature", "id": 2627, "properties": {"Tier1Images": 1193, "Tier2Images": 34, "S2Images": 0, "TideRange": "8.18", "WaveHeight": "0.35", "RelativeTideRange": "23.31", "pk": "2627"}, "geometry": {"type": "Point", "coordinates": [123.283905, -17.076093]}}, {"type": "Feature", "id": 2628, "properties": {"Tier1Images": 1186, "Tier2Images": 34, "S2Images": 0, "TideRange": "8.72", "WaveHeight": "0.35", "RelativeTideRange": "24.86", "pk": "2628"}, "geometry": {"type": "Point", "coordinates": [123.60303, -17.188908]}}, {"type": "Feature", "id": 2629, "properties": {"Tier1Images": 1513, "Tier2Images": 39, "S2Images": 0, "TideRange": "8.38", "WaveHeight": "0.35", "RelativeTideRange": "23.88", "pk": "2629"}, "geometry": {"type": "Point", "coordinates": [123.740161, -16.795157]}}, {"type": "Feature", "id": 2630, "properties": {"Tier1Images": 1192, "Tier2Images": 31, "S2Images": 0, "TideRange": "9.11", "WaveHeight": "0.39", "RelativeTideRange": "23.24", "pk": "2630"}, "geometry": {"type": "Point", "coordinates": [123.698957, -16.187848]}}, {"type": "Feature", "id": 2631, "properties": {"Tier1Images": 2021, "Tier2Images": 44, "S2Images": 0, "TideRange": "10.38", "WaveHeight": "0.23", "RelativeTideRange": "46.03", "pk": "2631"}, "geometry": {"type": "Point", "coordinates": [124.401132, -16.384148]}}, {"type": "Feature", "id": 2632, "properties": {"Tier1Images": 2276, "Tier2Images": 54, "S2Images": 0, "TideRange": "10.25", "WaveHeight": "0.23", "RelativeTideRange": "45.45", "pk": "2632"}, "geometry": {"type": "Point", "coordinates": [124.394663, -16.187253]}}, {"type": "Feature", "id": 2633, "properties": {"Tier1Images": 2208, "Tier2Images": 50, "S2Images": 0, "TideRange": "10.06", "WaveHeight": "0.23", "RelativeTideRange": "44.60", "pk": "2633"}, "geometry": {"type": "Point", "coordinates": [124.46954, -15.886061]}}, {"type": "Feature", "id": 2634, "properties": {"Tier1Images": 1289, "Tier2Images": 31, "S2Images": 0, "TideRange": "8.70", "WaveHeight": "0.31", "RelativeTideRange": "27.83", "pk": "2634"}, "geometry": {"type": "Point", "coordinates": [124.737443, -15.282636]}}, {"type": "Feature", "id": 2635, "properties": {"Tier1Images": 2390, "Tier2Images": 52, "S2Images": 0, "TideRange": "8.67", "WaveHeight": "0.32", "RelativeTideRange": "27.15", "pk": "2635"}, "geometry": {"type": "Point", "coordinates": [124.851373, -15.152419]}}, {"type": "Feature", "id": 2636, "properties": {"Tier1Images": 1186, "Tier2Images": 28, "S2Images": 0, "TideRange": "8.68", "WaveHeight": "0.32", "RelativeTideRange": "27.21", "pk": "2636"}, "geometry": {"type": "Point", "coordinates": [125.242864, -14.937232]}}, {"type": "Feature", "id": 2637, "properties": {"Tier1Images": 1185, "Tier2Images": 27, "S2Images": 0, "TideRange": "6.67", "WaveHeight": "0.37", "RelativeTideRange": "17.96", "pk": "2637"}, "geometry": {"type": "Point", "coordinates": [125.598039, -14.341823]}}, {"type": "Feature", "id": 2638, "properties": {"Tier1Images": 1207, "Tier2Images": 27, "S2Images": 0, "TideRange": "6.67", "WaveHeight": "0.28", "RelativeTideRange": "23.50", "pk": "2638"}, "geometry": {"type": "Point", "coordinates": [125.923585, -14.560003]}}, {"type": "Feature", "id": 2639, "properties": {"Tier1Images": 2335, "Tier2Images": 49, "S2Images": 0, "TideRange": "4.39", "WaveHeight": "0.40", "RelativeTideRange": "11.08", "pk": "2639"}, "geometry": {"type": "Point", "coordinates": [126.202103, -14.047215]}}, {"type": "Feature", "id": 2640, "properties": {"Tier1Images": 1193, "Tier2Images": 25, "S2Images": 0, "TideRange": "3.22", "WaveHeight": "0.29", "RelativeTideRange": "11.07", "pk": "2640"}, "geometry": {"type": "Point", "coordinates": [126.77657, -13.934437]}}, {"type": "Feature", "id": 2641, "properties": {"Tier1Images": 1193, "Tier2Images": 22, "S2Images": 0, "TideRange": "3.51", "WaveHeight": "0.59", "RelativeTideRange": "5.95", "pk": "2641"}, "geometry": {"type": "Point", "coordinates": [127.435546, -14.01848]}}, {"type": "Feature", "id": 2642, "properties": {"Tier1Images": 1180, "Tier2Images": 23, "S2Images": 0, "TideRange": "6.24", "WaveHeight": "0.54", "RelativeTideRange": "11.61", "pk": "2642"}, "geometry": {"type": "Point", "coordinates": [128.069161, -14.625579]}}, {"type": "Feature", "id": 2643, "properties": {"Tier1Images": 1533, "Tier2Images": 30, "S2Images": 0, "TideRange": "6.99", "WaveHeight": "0.27", "RelativeTideRange": "26.00", "pk": "2643"}, "geometry": {"type": "Point", "coordinates": [128.133387, -15.269211]}}, {"type": "Feature", "id": 2644, "properties": {"Tier1Images": 1177, "Tier2Images": 24, "S2Images": 0, "TideRange": "7.16", "WaveHeight": "0.56", "RelativeTideRange": "12.86", "pk": "2644"}, "geometry": {"type": "Point", "coordinates": [128.495815, -14.78547]}}, {"type": "Feature", "id": 2645, "properties": {"Tier1Images": 3484, "Tier2Images": 79, "S2Images": 0, "TideRange": "8.83", "WaveHeight": "0.55", "RelativeTideRange": "16.18", "pk": "2645"}, "geometry": {"type": "Point", "coordinates": [129.201098, -15.143869]}}, {"type": "Feature", "id": 2646, "properties": {"Tier1Images": 2329, "Tier2Images": 54, "S2Images": 0, "TideRange": "9.17", "WaveHeight": "0.55", "RelativeTideRange": "16.82", "pk": "2646"}, "geometry": {"type": "Point", "coordinates": [129.644233, -15.066225]}}, {"type": "Feature", "id": 2647, "properties": {"Tier1Images": 1182, "Tier2Images": 24, "S2Images": 0, "TideRange": "9.00", "WaveHeight": "0.46", "RelativeTideRange": "19.51", "pk": "2647"}, "geometry": {"type": "Point", "coordinates": [129.696124, -14.557467]}}, {"type": "Feature", "id": 2648, "properties": {"Tier1Images": 1188, "Tier2Images": 24, "S2Images": 0, "TideRange": "7.18", "WaveHeight": "0.46", "RelativeTideRange": "15.56", "pk": "2648"}, "geometry": {"type": "Point", "coordinates": [129.686854, -13.994873]}}, {"type": "Feature", "id": 2649, "properties": {"Tier1Images": 1157, "Tier2Images": 50, "S2Images": 0, "TideRange": "6.74", "WaveHeight": "0.52", "RelativeTideRange": "13.05", "pk": "2649"}, "geometry": {"type": "Point", "coordinates": [130.204489, -13.375741]}}, {"type": "Feature", "id": 2650, "properties": {"Tier1Images": 1156, "Tier2Images": 49, "S2Images": 0, "TideRange": "6.69", "WaveHeight": "0.39", "RelativeTideRange": "17.10", "pk": "2650"}, "geometry": {"type": "Point", "coordinates": [130.42125, -12.676372]}}, {"type": "Feature", "id": 2651, "properties": {"Tier1Images": 2270, "Tier2Images": 79, "S2Images": 0, "TideRange": "7.41", "WaveHeight": "0.39", "RelativeTideRange": "18.95", "pk": "2651"}, "geometry": {"type": "Point", "coordinates": [130.878721, -12.414538]}}, {"type": "Feature", "id": 2652, "properties": {"Tier1Images": 3458, "Tier2Images": 83, "S2Images": 0, "TideRange": "5.76", "WaveHeight": "0.42", "RelativeTideRange": "13.59", "pk": "2652"}, "geometry": {"type": "Point", "coordinates": [131.395931, -12.247503]}}, {"type": "Feature", "id": 2653, "properties": {"Tier1Images": 1516, "Tier2Images": 30, "S2Images": 0, "TideRange": "6.44", "WaveHeight": "0.42", "RelativeTideRange": "15.42", "pk": "2653"}, "geometry": {"type": "Point", "coordinates": [132.247934, -12.189087]}}, {"type": "Feature", "id": 2654, "properties": {"Tier1Images": 1188, "Tier2Images": 20, "S2Images": 0, "TideRange": "6.56", "WaveHeight": "0.30", "RelativeTideRange": "22.12", "pk": "2654"}, "geometry": {"type": "Point", "coordinates": [132.631942, -11.881401]}}, {"type": "Feature", "id": 2655, "properties": {"Tier1Images": 1184, "Tier2Images": 22, "S2Images": 0, "TideRange": "5.54", "WaveHeight": "0.38", "RelativeTideRange": "14.69", "pk": "2655"}, "geometry": {"type": "Point", "coordinates": [132.084039, -11.479491]}}, {"type": "Feature", "id": 2656, "properties": {"Tier1Images": 1185, "Tier2Images": 22, "S2Images": 0, "TideRange": "2.52", "WaveHeight": "0.64", "RelativeTideRange": "3.91", "pk": "2656"}, "geometry": {"type": "Point", "coordinates": [132.232685, -11.231682]}}, {"type": "Feature", "id": 2657, "properties": {"Tier1Images": 2303, "Tier2Images": 52, "S2Images": 0, "TideRange": "2.36", "WaveHeight": "0.75", "RelativeTideRange": "3.14", "pk": "2657"}, "geometry": {"type": "Point", "coordinates": [132.972049, -11.415172]}}, {"type": "Feature", "id": 2658, "properties": {"Tier1Images": 1152, "Tier2Images": 34, "S2Images": 0, "TideRange": "3.00", "WaveHeight": "0.46", "RelativeTideRange": "6.50", "pk": "2658"}, "geometry": {"type": "Point", "coordinates": [133.690308, -11.814298]}}, {"type": "Feature", "id": 2659, "properties": {"Tier1Images": 2550, "Tier2Images": 66, "S2Images": 0, "TideRange": "4.21", "WaveHeight": "0.59", "RelativeTideRange": "7.15", "pk": "2659"}, "geometry": {"type": "Point", "coordinates": [134.534639, -12.060608]}}, {"type": "Feature", "id": 2660, "properties": {"Tier1Images": 1152, "Tier2Images": 33, "S2Images": 0, "TideRange": "4.98", "WaveHeight": "0.52", "RelativeTideRange": "9.50", "pk": "2660"}, "geometry": {"type": "Point", "coordinates": [135.320673, -12.150999]}}, {"type": "Feature", "id": 2661, "properties": {"Tier1Images": 1789, "Tier2Images": 66, "S2Images": 0, "TideRange": "4.09", "WaveHeight": "0.45", "RelativeTideRange": "9.16", "pk": "2661"}, "geometry": {"type": "Point", "coordinates": [135.868837, -11.96131]}}, {"type": "Feature", "id": 2662, "properties": {"Tier1Images": 3027, "Tier2Images": 64, "S2Images": 0, "TideRange": "4.09", "WaveHeight": "0.45", "RelativeTideRange": "9.17", "pk": "2662"}, "geometry": {"type": "Point", "coordinates": [136.053344, -12.370672]}}, {"type": "Feature", "id": 2663, "properties": {"Tier1Images": 1087, "Tier2Images": 58, "S2Images": 0, "TideRange": "3.13", "WaveHeight": "0.52", "RelativeTideRange": "6.01", "pk": "2663"}, "geometry": {"type": "Point", "coordinates": [136.491228, -11.954505]}}, {"type": "Feature", "id": 2664, "properties": {"Tier1Images": 1156, "Tier2Images": 19, "S2Images": 0, "TideRange": "1.84", "WaveHeight": "0.51", "RelativeTideRange": "3.64", "pk": "2664"}, "geometry": {"type": "Point", "coordinates": [136.804319, -12.501472]}}, {"type": "Feature", "id": 2665, "properties": {"Tier1Images": 1155, "Tier2Images": 16, "S2Images": 0, "TideRange": "1.46", "WaveHeight": "0.31", "RelativeTideRange": "4.66", "pk": "2665"}, "geometry": {"type": "Point", "coordinates": [136.462981, -13.221965]}}, {"type": "Feature", "id": 2666, "properties": {"Tier1Images": 2257, "Tier2Images": 42, "S2Images": 0, "TideRange": "1.51", "WaveHeight": "0.29", "RelativeTideRange": "5.14", "pk": "2666"}, "geometry": {"type": "Point", "coordinates": [135.928949, -13.578896]}}, {"type": "Feature", "id": 2667, "properties": {"Tier1Images": 1376, "Tier2Images": 32, "S2Images": 0, "TideRange": "2.59", "WaveHeight": "0.63", "RelativeTideRange": "4.13", "pk": "2667"}, "geometry": {"type": "Point", "coordinates": [135.694141, -14.359756]}}, {"type": "Feature", "id": 2668, "properties": {"Tier1Images": 2323, "Tier2Images": 52, "S2Images": 0, "TideRange": "2.84", "WaveHeight": "0.64", "RelativeTideRange": "4.44", "pk": "2668"}, "geometry": {"type": "Point", "coordinates": [135.626583, -15.05112]}}, {"type": "Feature", "id": 2669, "properties": {"Tier1Images": 1192, "Tier2Images": 25, "S2Images": 0, "TideRange": "2.51", "WaveHeight": "0.54", "RelativeTideRange": "4.64", "pk": "2669"}, "geometry": {"type": "Point", "coordinates": [136.309614, -15.579212]}}, {"type": "Feature", "id": 2670, "properties": {"Tier1Images": 1203, "Tier2Images": 37, "S2Images": 0, "TideRange": "2.36", "WaveHeight": "0.43", "RelativeTideRange": "5.44", "pk": "2670"}, "geometry": {"type": "Point", "coordinates": [136.982124, -15.881863]}}, {"type": "Feature", "id": 2671, "properties": {"Tier1Images": 1193, "Tier2Images": 35, "S2Images": 0, "TideRange": "2.18", "WaveHeight": "0.49", "RelativeTideRange": "4.43", "pk": "2671"}, "geometry": {"type": "Point", "coordinates": [137.756361, -16.294339]}}, {"type": "Feature", "id": 2672, "properties": {"Tier1Images": 1174, "Tier2Images": 40, "S2Images": 0, "TideRange": "2.28", "WaveHeight": "0.58", "RelativeTideRange": "3.93", "pk": "2672"}, "geometry": {"type": "Point", "coordinates": [138.471014, -16.780088]}}, {"type": "Feature", "id": 2673, "properties": {"Tier1Images": 1181, "Tier2Images": 37, "S2Images": 0, "TideRange": "3.08", "WaveHeight": "0.36", "RelativeTideRange": "8.59", "pk": "2673"}, "geometry": {"type": "Point", "coordinates": [139.160228, -17.178223]}}, {"type": "Feature", "id": 2674, "properties": {"Tier1Images": 1189, "Tier2Images": 30, "S2Images": 0, "TideRange": "3.41", "WaveHeight": "0.48", "RelativeTideRange": "7.08", "pk": "2674"}, "geometry": {"type": "Point", "coordinates": [139.895703, -17.612291]}}, {"type": "Feature", "id": 2675, "properties": {"Tier1Images": 1236, "Tier2Images": 33, "S2Images": 0, "TideRange": "3.37", "WaveHeight": "0.51", "RelativeTideRange": "6.61", "pk": "2675"}, "geometry": {"type": "Point", "coordinates": [140.713568, -17.497499]}}, {"type": "Feature", "id": 2676, "properties": {"Tier1Images": 3430, "Tier2Images": 111, "S2Images": 0, "TideRange": "2.95", "WaveHeight": "0.45", "RelativeTideRange": "6.53", "pk": "2676"}, "geometry": {"type": "Point", "coordinates": [141.139764, -16.761781]}}, {"type": "Feature", "id": 2677, "properties": {"Tier1Images": 2245, "Tier2Images": 105, "S2Images": 0, "TideRange": "2.54", "WaveHeight": "0.35", "RelativeTideRange": "7.25", "pk": "2677"}, "geometry": {"type": "Point", "coordinates": [141.398133, -15.948384]}}, {"type": "Feature", "id": 2678, "properties": {"Tier1Images": 3362, "Tier2Images": 154, "S2Images": 0, "TideRange": "2.11", "WaveHeight": "0.48", "RelativeTideRange": "4.38", "pk": "2678"}, "geometry": {"type": "Point", "coordinates": [141.609802, -15.106074]}}, {"type": "Feature", "id": 2679, "properties": {"Tier1Images": 2132, "Tier2Images": 96, "S2Images": 0, "TideRange": "1.79", "WaveHeight": "0.58", "RelativeTideRange": "3.09", "pk": "2679"}, "geometry": {"type": "Point", "coordinates": [141.575953, -14.249082]}}, {"type": "Feature", "id": 2680, "properties": {"Tier1Images": 1106, "Tier2Images": 85, "S2Images": 0, "TideRange": "1.90", "WaveHeight": "0.55", "RelativeTideRange": "3.47", "pk": "2680"}, "geometry": {"type": "Point", "coordinates": [141.591259, -13.417803]}}, {"type": "Feature", "id": 2681, "properties": {"Tier1Images": 2213, "Tier2Images": 113, "S2Images": 0, "TideRange": "2.25", "WaveHeight": "0.54", "RelativeTideRange": "4.14", "pk": "2681"}, "geometry": {"type": "Point", "coordinates": [141.923346, -12.782728]}}, {"type": "Feature", "id": 2682, "properties": {"Tier1Images": 1075, "Tier2Images": 80, "S2Images": 0, "TideRange": "2.90", "WaveHeight": "0.52", "RelativeTideRange": "5.59", "pk": "2682"}, "geometry": {"type": "Point", "coordinates": [141.82024, -12.056716]}}, {"type": "Feature", "id": 2683, "properties": {"Tier1Images": 1034, "Tier2Images": 301, "S2Images": 0, "TideRange": "1.17", "WaveHeight": "2.44", "RelativeTideRange": "0.48", "pk": "2683"}, "geometry": {"type": "Point", "coordinates": [142.223107, -38.393263]}}, {"type": "Feature", "id": 2684, "properties": {"Tier1Images": 1701, "Tier2Images": 520, "S2Images": 0, "TideRange": "1.15", "WaveHeight": "2.71", "RelativeTideRange": "0.42", "pk": "2684"}, "geometry": {"type": "Point", "coordinates": [141.434086, -38.365858]}}, {"type": "Feature", "id": 2685, "properties": {"Tier1Images": 1979, "Tier2Images": 400, "S2Images": 0, "TideRange": "1.15", "WaveHeight": "2.65", "RelativeTideRange": "0.43", "pk": "2685"}, "geometry": {"type": "Point", "coordinates": [140.684323, -38.03564]}}, {"type": "Feature", "id": 2686, "properties": {"Tier1Images": 1369, "Tier2Images": 305, "S2Images": 0, "TideRange": "1.16", "WaveHeight": "2.95", "RelativeTideRange": "0.39", "pk": "2686"}, "geometry": {"type": "Point", "coordinates": [140.086916, -37.534633]}}, {"type": "Feature", "id": 2687, "properties": {"Tier1Images": 857, "Tier2Images": 229, "S2Images": 0, "TideRange": "1.16", "WaveHeight": "2.59", "RelativeTideRange": "0.45", "pk": "2687"}, "geometry": {"type": "Point", "coordinates": [139.780527, -36.914259]}}, {"type": "Feature", "id": 2688, "properties": {"Tier1Images": 1851, "Tier2Images": 246, "S2Images": 0, "TideRange": "1.26", "WaveHeight": "1.72", "RelativeTideRange": "0.73", "pk": "2688"}, "geometry": {"type": "Point", "coordinates": [139.639068, -36.234461]}}, {"type": "Feature", "id": 2689, "properties": {"Tier1Images": 1095, "Tier2Images": 164, "S2Images": 0, "TideRange": "1.26", "WaveHeight": "1.51", "RelativeTideRange": "0.83", "pk": "2689"}, "geometry": {"type": "Point", "coordinates": [139.046921, -35.69541]}}, {"type": "Feature", "id": 2690, "properties": {"Tier1Images": 2932, "Tier2Images": 338, "S2Images": 0, "TideRange": "1.26", "WaveHeight": "1.51", "RelativeTideRange": "0.83", "pk": "2690"}, "geometry": {"type": "Point", "coordinates": [139.274704, -35.372942]}}, {"type": "Feature", "id": 2691, "properties": {"Tier1Images": 990, "Tier2Images": 137, "S2Images": 0, "TideRange": "1.20", "WaveHeight": "1.40", "RelativeTideRange": "0.86", "pk": "2691"}, "geometry": {"type": "Point", "coordinates": [138.495468, -35.64285]}}, {"type": "Feature", "id": 2692, "properties": {"Tier1Images": 2230, "Tier2Images": 228, "S2Images": 0, "TideRange": "2.47", "WaveHeight": "0.80", "RelativeTideRange": "3.10", "pk": "2692"}, "geometry": {"type": "Point", "coordinates": [138.4487, -35.19356]}}, {"type": "Feature", "id": 2693, "properties": {"Tier1Images": 2048, "Tier2Images": 234, "S2Images": 0, "TideRange": "3.11", "WaveHeight": "0.59", "RelativeTideRange": "5.23", "pk": "2693"}, "geometry": {"type": "Point", "coordinates": [138.312303, -34.500622]}}, {"type": "Feature", "id": 2694, "properties": {"Tier1Images": 1547, "Tier2Images": 204, "S2Images": 0, "TideRange": "3.22", "WaveHeight": "0.59", "RelativeTideRange": "5.43", "pk": "2694"}, "geometry": {"type": "Point", "coordinates": [137.911939, -34.50002]}}, {"type": "Feature", "id": 2695, "properties": {"Tier1Images": 1052, "Tier2Images": 162, "S2Images": 0, "TideRange": "1.95", "WaveHeight": "1.16", "RelativeTideRange": "1.68", "pk": "2695"}, "geometry": {"type": "Point", "coordinates": [137.607694, -35.146374]}}, {"type": "Feature", "id": 2696, "properties": {"Tier1Images": 1539, "Tier2Images": 205, "S2Images": 0, "TideRange": "1.23", "WaveHeight": "1.49", "RelativeTideRange": "0.82", "pk": "2696"}, "geometry": {"type": "Point", "coordinates": [136.927547, -35.130927]}}, {"type": "Feature", "id": 2697, "properties": {"Tier1Images": 1011, "Tier2Images": 158, "S2Images": 0, "TideRange": "1.47", "WaveHeight": "1.30", "RelativeTideRange": "1.13", "pk": "2697"}, "geometry": {"type": "Point", "coordinates": [137.464222, -34.721704]}}, {"type": "Feature", "id": 2698, "properties": {"Tier1Images": 1341, "Tier2Images": 203, "S2Images": 0, "TideRange": "1.65", "WaveHeight": "0.84", "RelativeTideRange": "1.96", "pk": "2698"}, "geometry": {"type": "Point", "coordinates": [137.578608, -33.997722]}}, {"type": "Feature", "id": 2699, "properties": {"Tier1Images": 1099, "Tier2Images": 96, "S2Images": 0, "TideRange": "2.54", "WaveHeight": "0.39", "RelativeTideRange": "6.57", "pk": "2699"}, "geometry": {"type": "Point", "coordinates": [137.878134, -33.351304]}}, {"type": "Feature", "id": 2700, "properties": {"Tier1Images": 1105, "Tier2Images": 98, "S2Images": 0, "TideRange": "3.33", "WaveHeight": "0.39", "RelativeTideRange": "8.61", "pk": "2700"}, "geometry": {"type": "Point", "coordinates": [137.858546, -32.6683]}}, {"type": "Feature", "id": 2701, "properties": {"Tier1Images": 1210, "Tier2Images": 98, "S2Images": 0, "TideRange": "2.78", "WaveHeight": "0.39", "RelativeTideRange": "7.13", "pk": "2701"}, "geometry": {"type": "Point", "coordinates": [137.495158, -33.134816]}}, {"type": "Feature", "id": 2702, "properties": {"Tier1Images": 3069, "Tier2Images": 278, "S2Images": 0, "TideRange": "2.03", "WaveHeight": "0.92", "RelativeTideRange": "2.20", "pk": "2702"}, "geometry": {"type": "Point", "coordinates": [137.021394, -33.723626]}}, {"type": "Feature", "id": 2703, "properties": {"Tier1Images": 985, "Tier2Images": 147, "S2Images": 0, "TideRange": "1.87", "WaveHeight": "0.79", "RelativeTideRange": "2.36", "pk": "2703"}, "geometry": {"type": "Point", "coordinates": [136.323726, -34.167933]}}, {"type": "Feature", "id": 2704, "properties": {"Tier1Images": 982, "Tier2Images": 139, "S2Images": 0, "TideRange": "1.65", "WaveHeight": "2.18", "RelativeTideRange": "0.76", "pk": "2704"}, "geometry": {"type": "Point", "coordinates": [135.952826, -34.775072]}}, {"type": "Feature", "id": 2705, "properties": {"Tier1Images": 1071, "Tier2Images": 149, "S2Images": 0, "TideRange": "1.28", "WaveHeight": "2.59", "RelativeTideRange": "0.49", "pk": "2705"}, "geometry": {"type": "Point", "coordinates": [135.507925, -34.787691]}}, {"type": "Feature", "id": 2706, "properties": {"Tier1Images": 1884, "Tier2Images": 246, "S2Images": 0, "TideRange": "1.47", "WaveHeight": "1.61", "RelativeTideRange": "0.91", "pk": "2706"}, "geometry": {"type": "Point", "coordinates": [135.411261, -34.600532]}}, {"type": "Feature", "id": 2707, "properties": {"Tier1Images": 2984, "Tier2Images": 331, "S2Images": 0, "TideRange": "1.48", "WaveHeight": "2.25", "RelativeTideRange": "0.66", "pk": "2707"}, "geometry": {"type": "Point", "coordinates": [135.188924, -33.91224]}}, {"type": "Feature", "id": 2708, "properties": {"Tier1Images": 1110, "Tier2Images": 69, "S2Images": 0, "TideRange": "1.62", "WaveHeight": "2.27", "RelativeTideRange": "0.71", "pk": "2708"}, "geometry": {"type": "Point", "coordinates": [134.744978, -33.28154]}}, {"type": "Feature", "id": 2709, "properties": {"Tier1Images": 2054, "Tier2Images": 193, "S2Images": 0, "TideRange": "1.76", "WaveHeight": "2.29", "RelativeTideRange": "0.77", "pk": "2709"}, "geometry": {"type": "Point", "coordinates": [134.132396, -32.849552]}}, {"type": "Feature", "id": 2710, "properties": {"Tier1Images": 1924, "Tier2Images": 112, "S2Images": 0, "TideRange": "1.89", "WaveHeight": "1.38", "RelativeTideRange": "1.37", "pk": "2710"}, "geometry": {"type": "Point", "coordinates": [133.876972, -32.358758]}}, {"type": "Feature", "id": 2711, "properties": {"Tier1Images": 1484, "Tier2Images": 93, "S2Images": 0, "TideRange": "1.81", "WaveHeight": "1.90", "RelativeTideRange": "0.95", "pk": "2711"}, "geometry": {"type": "Point", "coordinates": [133.073459, -32.114465]}}, {"type": "Feature", "id": 2712, "properties": {"Tier1Images": 1081, "Tier2Images": 76, "S2Images": 0, "TideRange": "1.76", "WaveHeight": "2.16", "RelativeTideRange": "0.82", "pk": "2712"}, "geometry": {"type": "Point", "coordinates": [132.237234, -32.0098]}}, {"type": "Feature", "id": 2713, "properties": {"Tier1Images": 2080, "Tier2Images": 178, "S2Images": 0, "TideRange": "1.79", "WaveHeight": "2.24", "RelativeTideRange": "0.80", "pk": "2713"}, "geometry": {"type": "Point", "coordinates": [131.489152, -31.591796]}}, {"type": "Feature", "id": 2714, "properties": {"Tier1Images": 1048, "Tier2Images": 111, "S2Images": 0, "TideRange": "1.75", "WaveHeight": "1.89", "RelativeTideRange": "0.93", "pk": "2714"}, "geometry": {"type": "Point", "coordinates": [130.633831, -31.598318]}}, {"type": "Feature", "id": 2715, "properties": {"Tier1Images": 2030, "Tier2Images": 238, "S2Images": 0, "TideRange": "1.69", "WaveHeight": "1.81", "RelativeTideRange": "0.93", "pk": "2715"}, "geometry": {"type": "Point", "coordinates": [129.73798, -31.612732]}}, {"type": "Feature", "id": 2716, "properties": {"Tier1Images": 1183, "Tier2Images": 37, "S2Images": 0, "TideRange": "2.14", "WaveHeight": "0.64", "RelativeTideRange": "3.32", "pk": "2716"}, "geometry": {"type": "Point", "coordinates": [137.064551, -15.662891]}}, {"type": "Feature", "id": 2717, "properties": {"Tier1Images": 2345, "Tier2Images": 58, "S2Images": 0, "TideRange": "2.25", "WaveHeight": "0.64", "RelativeTideRange": "3.49", "pk": "2717"}, "geometry": {"type": "Point", "coordinates": [136.876855, -15.502539]}}, {"type": "Feature", "id": 2718, "properties": {"Tier1Images": 1231, "Tier2Images": 28, "S2Images": 0, "TideRange": "2.50", "WaveHeight": "0.54", "RelativeTideRange": "4.62", "pk": "2718"}, "geometry": {"type": "Point", "coordinates": [136.522559, -15.543164]}}, {"type": "Feature", "id": 2719, "properties": {"Tier1Images": 1182, "Tier2Images": 21, "S2Images": 0, "TideRange": "2.22", "WaveHeight": "0.26", "RelativeTideRange": "8.52", "pk": "2719"}, "geometry": {"type": "Point", "coordinates": [132.573633, -11.318359]}}, {"type": "Feature", "id": 2720, "properties": {"Tier1Images": 2507, "Tier2Images": 141, "S2Images": 0, "TideRange": "2.08", "WaveHeight": "0.52", "RelativeTideRange": "4.01", "pk": "2720"}, "geometry": {"type": "Point", "coordinates": [139.587891, -16.395215]}}, {"type": "Feature", "id": 2721, "properties": {"Tier1Images": 2402, "Tier2Images": 123, "S2Images": 0, "TideRange": "2.68", "WaveHeight": "0.52", "RelativeTideRange": "5.17", "pk": "2721"}, "geometry": {"type": "Point", "coordinates": [139.387974, -16.653183]}}, {"type": "Feature", "id": 2722, "properties": {"Tier1Images": 2322, "Tier2Images": 64, "S2Images": 0, "TideRange": "2.97", "WaveHeight": "0.46", "RelativeTideRange": "6.44", "pk": "2722"}, "geometry": {"type": "Point", "coordinates": [139.492773, -16.99043]}}, {"type": "Feature", "id": 2723, "properties": {"Tier1Images": 1572, "Tier2Images": 111, "S2Images": 0, "TideRange": "1.13", "WaveHeight": "0.62", "RelativeTideRange": "1.83", "pk": "2723"}, "geometry": {"type": "Point", "coordinates": [136.885449, -14.197266]}}, {"type": "Feature", "id": 2724, "properties": {"Tier1Images": 2301, "Tier2Images": 45, "S2Images": 0, "TideRange": "1.37", "WaveHeight": "0.39", "RelativeTideRange": "3.50", "pk": "2724"}, "geometry": {"type": "Point", "coordinates": [136.698965, -13.738547]}}, {"type": "Feature", "id": 2725, "properties": {"Tier1Images": 1166, "Tier2Images": 28, "S2Images": 0, "TideRange": "2.00", "WaveHeight": "0.66", "RelativeTideRange": "3.04", "pk": "2725"}, "geometry": {"type": "Point", "coordinates": [136.417457, -14.232061]}}, {"type": "Feature", "id": 2726, "properties": {"Tier1Images": 2308, "Tier2Images": 43, "S2Images": 0, "TideRange": "1.45", "WaveHeight": "0.29", "RelativeTideRange": "4.92", "pk": "2726"}, "geometry": {"type": "Point", "coordinates": [136.15957, -13.736719]}}, {"type": "Feature", "id": 2727, "properties": {"Tier1Images": 1086, "Tier2Images": 59, "S2Images": 0, "TideRange": "3.80", "WaveHeight": "0.89", "RelativeTideRange": "4.27", "pk": "2727"}, "geometry": {"type": "Point", "coordinates": [136.687988, -11.177637]}}, {"type": "Feature", "id": 2728, "properties": {"Tier1Images": 1086, "Tier2Images": 63, "S2Images": 0, "TideRange": "3.43", "WaveHeight": "0.89", "RelativeTideRange": "3.85", "pk": "2728"}, "geometry": {"type": "Point", "coordinates": [136.731365, -11.031422]}}, {"type": "Feature", "id": 2729, "properties": {"Tier1Images": 1113, "Tier2Images": 58, "S2Images": 0, "TideRange": "3.72", "WaveHeight": "0.67", "RelativeTideRange": "5.59", "pk": "2729"}, "geometry": {"type": "Point", "coordinates": [136.338672, -11.602344]}}, {"type": "Feature", "id": 2730, "properties": {"Tier1Images": 1145, "Tier2Images": 40, "S2Images": 0, "TideRange": "6.59", "WaveHeight": "0.48", "RelativeTideRange": "13.87", "pk": "2730"}, "geometry": {"type": "Point", "coordinates": [130.459277, -11.679297]}}, {"type": "Feature", "id": 2731, "properties": {"Tier1Images": 1164, "Tier2Images": 84, "S2Images": 0, "TideRange": "4.55", "WaveHeight": "0.61", "RelativeTideRange": "7.44", "pk": "2731"}, "geometry": {"type": "Point", "coordinates": [130.124029, -11.693411]}}, {"type": "Feature", "id": 2732, "properties": {"Tier1Images": 1148, "Tier2Images": 41, "S2Images": 0, "TideRange": "7.26", "WaveHeight": "0.48", "RelativeTideRange": "15.28", "pk": "2732"}, "geometry": {"type": "Point", "coordinates": [130.546972, -11.707743]}}, {"type": "Feature", "id": 2733, "properties": {"Tier1Images": 2286, "Tier2Images": 58, "S2Images": 0, "TideRange": "2.66", "WaveHeight": "0.41", "RelativeTideRange": "6.42", "pk": "2733"}, "geometry": {"type": "Point", "coordinates": [131.436914, -11.313184]}}, {"type": "Feature", "id": 2734, "properties": {"Tier1Images": 1147, "Tier2Images": 41, "S2Images": 0, "TideRange": "2.94", "WaveHeight": "0.71", "RelativeTideRange": "4.13", "pk": "2734"}, "geometry": {"type": "Point", "coordinates": [130.652172, -11.378148]}}, {"type": "Feature", "id": 2735, "properties": {"Tier1Images": 1147, "Tier2Images": 41, "S2Images": 0, "TideRange": "7.26", "WaveHeight": "0.48", "RelativeTideRange": "15.28", "pk": "2735"}, "geometry": {"type": "Point", "coordinates": [130.568191, -11.67056]}}, {"type": "Feature", "id": 2736, "properties": {"Tier1Images": 1953, "Tier2Images": 56, "S2Images": 0, "TideRange": "5.49", "WaveHeight": "0.41", "RelativeTideRange": "13.24", "pk": "2736"}, "geometry": {"type": "Point", "coordinates": [131.308462, -11.687767]}}, {"type": "Feature", "id": 2737, "properties": {"Tier1Images": 1193, "Tier2Images": 28, "S2Images": 0, "TideRange": "7.29", "WaveHeight": "0.47", "RelativeTideRange": "15.63", "pk": "2737"}, "geometry": {"type": "Point", "coordinates": [125.117383, -14.491992]}}, {"type": "Feature", "id": 2738, "properties": {"Tier1Images": 3432, "Tier2Images": 149, "S2Images": 0, "TideRange": "8.78", "WaveHeight": "0.31", "RelativeTideRange": "28.05", "pk": "2738"}, "geometry": {"type": "Point", "coordinates": [124.504102, -15.29248]}}, {"type": "Feature", "id": 2739, "properties": {"Tier1Images": 2571, "Tier2Images": 124, "S2Images": 0, "TideRange": "2.66", "WaveHeight": "1.19", "RelativeTideRange": "2.24", "pk": "2739"}, "geometry": {"type": "Point", "coordinates": [115.43457, -20.667969]}}, {"type": "Feature", "id": 2740, "properties": {"Tier1Images": 1149, "Tier2Images": 46, "S2Images": 0, "TideRange": "1.23", "WaveHeight": "2.33", "RelativeTideRange": "0.53", "pk": "2740"}, "geometry": {"type": "Point", "coordinates": [113.131543, -25.882617]}}, {"type": "Feature", "id": 2741, "properties": {"Tier1Images": 1148, "Tier2Images": 46, "S2Images": 0, "TideRange": "0.99", "WaveHeight": "2.33", "RelativeTideRange": "0.42", "pk": "2741"}, "geometry": {"type": "Point", "coordinates": [113.029672, -25.889197]}}, {"type": "Feature", "id": 2742, "properties": {"Tier1Images": 1877, "Tier2Images": 251, "S2Images": 0, "TideRange": "1.39", "WaveHeight": "1.90", "RelativeTideRange": "0.73", "pk": "2742"}, "geometry": {"type": "Point", "coordinates": [138.046582, -35.755176]}}, {"type": "Feature", "id": 2743, "properties": {"Tier1Images": 946, "Tier2Images": 126, "S2Images": 0, "TideRange": "1.39", "WaveHeight": "1.16", "RelativeTideRange": "1.20", "pk": "2743"}, "geometry": {"type": "Point", "coordinates": [137.333725, -35.592586]}}, {"type": "Feature", "id": 2744, "properties": {"Tier1Images": 1197, "Tier2Images": 299, "S2Images": 0, "TideRange": "1.01", "WaveHeight": "2.65", "RelativeTideRange": "0.38", "pk": "2744"}, "geometry": {"type": "Point", "coordinates": [136.549812, -35.870698]}}, {"type": "Feature", "id": 2745, "properties": {"Tier1Images": 947, "Tier2Images": 132, "S2Images": 0, "TideRange": "1.24", "WaveHeight": "1.85", "RelativeTideRange": "0.67", "pk": "2745"}, "geometry": {"type": "Point", "coordinates": [137.308379, -36.004444]}}, {"type": "Feature", "id": 2746, "properties": {"Tier1Images": 1878, "Tier2Images": 251, "S2Images": 0, "TideRange": "1.42", "WaveHeight": "1.90", "RelativeTideRange": "0.75", "pk": "2746"}, "geometry": {"type": "Point", "coordinates": [138.0507, -35.902622]}}]}